         w __cxa_pure_virtual
         w __deregister_frame_info
         w __gnu_Unwind_Find_exidx
         w __register_frame_info
         w __syscall_tls_create
         w __syscall_tls_delete
         w __syscall_tls_get
         w __syscall_tls_set
         w userAppExit
         w userAppInit
00000000 b _TLS_MODULE_BASE_
00000000 00000802 B __ctru_dev_utf16_buf
00000000 A __sync_synchronize
00000000 a shift
00000000 a shift
00000804 00000401 B __ctru_dev_path_buf
0005e8b2 N 
0005e8b2 N 
0005e8b2 N 
0005e8b2 N 
0005e8b2 N 
0005e8b2 N 
0005e8b2 N 
0005e8b2 N 
0005e8b2 N 
0005e8b2 N 
0005e8b2 N 
0005e8b2 N 
0005e8b2 N 
0005e8b2 N 
0005e8b2 N 
0005e8b2 N 
0005e8b2 N 
0005e8b2 N 
0005e8b2 N 
0005e8b2 N 
0005e8b2 N 
0005e8b2 N 
0005e8b2 N 
0005e8b2 N 
0005e8b2 N 
0005e8b2 N 
0005e8b2 N 
0005e8b2 N 
0005e8b2 N 
0005e8b2 N 
0005e8b2 N 
0005e8b2 N 
0005e8b2 N 
0005e8b2 N 
0005e8b2 N 
0005e8b2 N 
0005e8b2 N 
0005e8b2 N 
0005e8b2 N 
0005e8b2 N 
0005e8b2 N 
0005e8b2 N 
0005e8b2 N 
0005e8b2 N 
0005e8b2 N 
0005e8b2 N 
0005e8b2 N 
0005e8b2 N 
0005e8b2 N 
0005e8b2 N 
0005e8b2 N 
0005e8b2 N 
0005e8b2 N 
0005e8b2 N 
0005e8b2 N 
0005e8b2 N 
0005e8b2 N 
0005e8b2 N 
0005e8b2 N 
0005e8b2 N 
0005e8b2 N 
0005e8b2 N 
0005e8b2 N 
0005e8b2 N 
0005e8b2 N 
0005e8b2 N 
0005e8b2 N 
0005e8b2 N 
0005e8b2 N 
0005e8b2 N 
0005e8b2 N 
0005e8b2 N 
0005e8b2 N 
0005e8b2 N 
0005e8b2 N 
0005e8b2 N 
0005e8b2 N 
0005e8b2 N 
0005e8b2 W main.cpp.6a2cd255
0007b183 N 
0007b183 N 
0007b183 N 
0007b183 N 
0007b183 N 
0007b183 N 
0007b183 N 
0007b183 N 
0007b183 N 
0007b183 N 
0007b183 N 
0007b183 N 
0007b183 N 
0007b183 N 
0007b183 N 
0007b183 N 
0007b183 N 
0007b183 N 
0007b183 N 
0007b183 N 
0007b183 N 
0007b183 N 
0007b183 N 
0007b183 N 
0007b183 N 
0007b183 N 
0007b183 N 
0007b183 N 
0007b183 N 
0007b183 N 
0007b183 N 
0007b183 N 
0007b183 N 
0007b183 N 
0007b183 N 
0007b183 N 
0007b183 W Audio.cpp.99ee1eec
00085d2d N 
00085d2d N 
00085d2d N 
00085d2d N 
00085d2d N 
00085d2d N 
00085d2d N 
00085d2d N 
00085d2d N 
00085d2d N 
00085d2d N 
00085d2d N 
00085d2d N 
00085d2d N 
00085d2d N 
00085d2d N 
00085d2d N 
00085d2d N 
00085d2d N 
00085d2d N 
00085d2d N 
00085d2d N 
00085d2d N 
00085d2d N 
00085d2d N 
00085d2d N 
00085d2d N 
00085d2d N 
00085d2d N 
00085d2d N 
00085d2d N 
00085d2d W BootromMemoryRule.cpp.c848bf95
000963fd N 
000963fd N 
000963fd N 
000963fd N 
000963fd N 
000963fd N 
000963fd N 
000963fd N 
000963fd N 
000963fd N 
000963fd N 
000963fd N 
000963fd N 
000963fd N 
000963fd N 
000963fd N 
000963fd N 
000963fd N 
000963fd N 
000963fd N 
000963fd N 
000963fd N 
000963fd N 
000963fd N 
000963fd N 
000963fd N 
000963fd N 
000963fd N 
000963fd N 
000963fd N 
000963fd N 
000963fd N 
000963fd N 
000963fd N 
000963fd N 
000963fd N 
000963fd N 
000963fd N 
000963fd N 
000963fd N 
000963fd N 
000963fd N 
000963fd N 
000963fd N 
000963fd N 
000963fd N 
000963fd N 
000963fd N 
000963fd N 
000963fd N 
000963fd N 
000963fd N 
000963fd N 
000963fd N 
000963fd N 
000963fd N 
000963fd N 
000963fd N 
000963fd N 
000963fd N 
000963fd N 
000963fd N 
000963fd N 
000963fd N 
000963fd N 
000963fd N 
000963fd N 
000963fd N 
000963fd N 
000963fd N 
000963fd N 
000963fd N 
000963fd N 
000963fd N 
000963fd N 
000963fd N 
000963fd N 
000963fd N 
000963fd N 
000963fd N 
000963fd N 
000963fd N 
000963fd W Cartridge.cpp.c8ee002b
000a2396 N 
000a2396 N 
000a2396 N 
000a2396 N 
000a2396 N 
000a2396 N 
000a2396 N 
000a2396 N 
000a2396 N 
000a2396 N 
000a2396 N 
000a2396 N 
000a2396 N 
000a2396 N 
000a2396 N 
000a2396 N 
000a2396 N 
000a2396 N 
000a2396 N 
000a2396 N 
000a2396 N 
000a2396 N 
000a2396 N 
000a2396 N 
000a2396 N 
000a2396 N 
000a2396 N 
000a2396 N 
000a2396 N 
000a2396 N 
000a2396 N 
000a2396 N 
000a2396 N 
000a2396 W CodemastersMemoryRule.cpp.416d936a
000b2b10 N 
000b2b10 N 
000b2b10 N 
000b2b10 N 
000b2b10 N 
000b2b10 N 
000b2b10 N 
000b2b10 N 
000b2b10 N 
000b2b10 N 
000b2b10 N 
000b2b10 N 
000b2b10 N 
000b2b10 N 
000b2b10 N 
000b2b10 N 
000b2b10 N 
000b2b10 N 
000b2b10 N 
000b2b10 N 
000b2b10 N 
000b2b10 N 
000b2b10 N 
000b2b10 N 
000b2b10 N 
000b2b10 N 
000b2b10 N 
000b2b10 N 
000b2b10 N 
000b2b10 N 
000b2b10 N 
000b2b10 N 
000b2b10 N 
000b2b10 N 
000b2b10 N 
000b2b10 N 
000b2b10 N 
000b2b10 N 
000b2b10 N 
000b2b10 N 
000b2b10 N 
000b2b10 N 
000b2b10 N 
000b2b10 N 
000b2b10 N 
000b2b10 N 
000b2b10 N 
000b2b10 N 
000b2b10 N 
000b2b10 W Eeprom93C46MemoryRule.cpp.0a1a9c7c
000c377f N 
000c377f N 
000c377f N 
000c377f N 
000c377f N 
000c377f N 
000c377f N 
000c377f N 
000c377f N 
000c377f N 
000c377f N 
000c377f N 
000c377f N 
000c377f N 
000c377f N 
000c377f N 
000c377f N 
000c377f N 
000c377f N 
000c377f N 
000c377f N 
000c377f N 
000c377f N 
000c377f N 
000c377f N 
000c377f N 
000c377f N 
000c377f N 
000c377f N 
000c377f N 
000c377f N 
000c377f N 
000c377f N 
000c377f N 
000c377f N 
000c377f W GameGearIOPorts.cpp.aea85676
000da6fb N 
000da6fb N 
000da6fb N 
000da6fb N 
000da6fb N 
000da6fb N 
000da6fb N 
000da6fb N 
000da6fb N 
000da6fb N 
000da6fb N 
000da6fb N 
000da6fb N 
000da6fb N 
000da6fb N 
000da6fb N 
000da6fb N 
000da6fb N 
000da6fb N 
000da6fb N 
000da6fb N 
000da6fb N 
000da6fb N 
000da6fb N 
000da6fb N 
000da6fb N 
000da6fb N 
000da6fb N 
000da6fb N 
000da6fb N 
000da6fb N 
000da6fb N 
000da6fb N 
000da6fb N 
000da6fb N 
000da6fb N 
000da6fb N 
000da6fb N 
000da6fb N 
000da6fb N 
000da6fb N 
000da6fb N 
000da6fb N 
000da6fb N 
000da6fb N 
000da6fb N 
000da6fb N 
000da6fb N 
000da6fb N 
000da6fb N 
000da6fb N 
000da6fb N 
000da6fb N 
000da6fb N 
000da6fb N 
000da6fb N 
000da6fb N 
000da6fb N 
000da6fb N 
000da6fb N 
000da6fb N 
000da6fb N 
000da6fb N 
000da6fb N 
000da6fb N 
000da6fb N 
000da6fb N 
000da6fb N 
000da6fb N 
000da6fb N 
000da6fb N 
000da6fb N 
000da6fb N 
000da6fb N 
000da6fb N 
000da6fb N 
000da6fb N 
000da6fb N 
000da6fb N 
000da6fb N 
000da6fb N 
000da6fb N 
000da6fb N 
000da6fb N 
000da6fb N 
000da6fb N 
000da6fb N 
000da6fb N 
000da6fb N 
000da6fb N 
000da6fb N 
000da6fb N 
000da6fb N 
000da6fb N 
000da6fb N 
000da6fb N 
000da6fb N 
000da6fb N 
000da6fb N 
000da6fb N 
000da6fb N 
000da6fb N 
000da6fb N 
000da6fb N 
000da6fb N 
000da6fb N 
000da6fb N 
000da6fb N 
000da6fb N 
000da6fb N 
000da6fb N 
000da6fb N 
000da6fb N 
000da6fb N 
000da6fb N 
000da6fb N 
000da6fb N 
000da6fb N 
000da6fb N 
000da6fb N 
000da6fb N 
000da6fb N 
000da6fb N 
000da6fb N 
000da6fb N 
000da6fb N 
000da6fb N 
000da6fb N 
000da6fb N 
000da6fb N 
000da6fb N 
000da6fb N 
000da6fb N 
000da6fb N 
000da6fb N 
000da6fb N 
000da6fb N 
000da6fb N 
000da6fb N 
000da6fb N 
000da6fb N 
000da6fb N 
000da6fb N 
000da6fb N 
000da6fb N 
000da6fb N 
000da6fb N 
000da6fb N 
000da6fb N 
000da6fb N 
000da6fb N 
000da6fb N 
000da6fb N 
000da6fb N 
000da6fb N 
000da6fb N 
000da6fb N 
000da6fb N 
000da6fb N 
000da6fb N 
000da6fb N 
000da6fb N 
000da6fb N 
000da6fb N 
000da6fb N 
000da6fb N 
000da6fb N 
000da6fb N 
000da6fb N 
000da6fb N 
000da6fb N 
000da6fb W GearsystemCore.cpp.bbd97f0b
000f83af N 
000f83af N 
000f83af N 
000f83af N 
000f83af N 
000f83af N 
000f83af N 
000f83af N 
000f83af N 
000f83af N 
000f83af N 
000f83af N 
000f83af N 
000f83af N 
000f83af N 
000f83af N 
000f83af N 
000f83af N 
000f83af N 
000f83af N 
000f83af N 
000f83af N 
000f83af N 
000f83af N 
000f83af N 
000f83af N 
000f83af N 
000f83af N 
000f83af N 
000f83af N 
000f83af N 
000f83af N 
000f83af N 
000f83af N 
000f83af N 
000f83af N 
000f83af N 
000f83af N 
000f83af W Input.cpp.faebd65e
00100000 A __start__
00100000 T _start
00100008 T __service_ptr
0010000c T __apt_appid
00100010 T __heap_size
00100014 T __linear_heap_size
00100018 T __system_arglist
0010001c T __system_runflags
00100020 t startup
00100058 t ClearMem
0010006c t ClrLoop
00100094 T _init
001000b0 00000098 t BootromMemoryRule::Reset()
00100148 00000004 t BootromMemoryRule::~BootromMemoryRule()
00100148 00000004 t BootromMemoryRule::~BootromMemoryRule()
0010014c 00000090 t BootromMemoryRule::PerformRead(unsigned short)
001001dc 000000cc t BootromMemoryRule::PerformWrite(unsigned short, unsigned char)
001002a8 0000001c t BootromMemoryRule::GetPage(int)
001002c4 00000014 t BootromMemoryRule::GetBank(int)
001002d8 000000a0 t CodemastersMemoryRule::PerformRead(unsigned short)
00100378 000000ec t CodemastersMemoryRule::PerformWrite(unsigned short, unsigned char)
00100464 00000014 t CodemastersMemoryRule::GetRamBanks()
00100478 00000058 t CodemastersMemoryRule::GetPage(int)
001004d0 00000014 t CodemastersMemoryRule::GetBank(int)
001004e4 00000004 t Eeprom93C46MemoryRule::~Eeprom93C46MemoryRule()
001004e4 00000004 t Eeprom93C46MemoryRule::~Eeprom93C46MemoryRule()
001004e8 000000f8 t Eeprom93C46MemoryRule::PerformRead(unsigned short)
001005e0 00000008 t MSXMemoryRule::Has8kBanks()
001005e0 00000008 t JanggunMemoryRule::Has8kBanks()
001005e0 00000008 t IratahackMemoryRule::PersistedRAM()
001005e0 00000008 t KoreanBFFCMemoryRule::Has8kBanks()
001005e0 00000008 t KoreanFFFEMemoryRule::Has8kBanks()
001005e0 00000008 t Eeprom93C46MemoryRule::PersistedRAM()
001005e0 00000008 t KoreanMDFFF0MemoryRule::Has8kBanks()
001005e0 00000008 t KoreanMDFFF5MemoryRule::Has8kBanks()
001005e0 00000008 t KoreanFFF3FFFCMemoryRule::Has8kBanks()
001005e0 00000008 t Korean0000XORFFMemoryRule::Has8kBanks()
001005e0 00000008 t Korean2000XOR1FMemoryRule::Has8kBanks()
001005e0 00000008 t KoreanMSX8KB0300MemoryRule::Has8kBanks()
001005e0 00000008 t KoreanMSXSMS8000MemoryRule::Has8kBanks()
001005e8 00000008 t Eeprom93C46MemoryRule::GetRamSize()
001005f0 00000008 t Eeprom93C46MemoryRule::GetRamBanks()
001005f8 00000020 t Eeprom93C46MemoryRule::GetPage(int)
00100618 00000014 t Eeprom93C46MemoryRule::GetBank(int)
0010062c 0000028c T GameGearIOPorts::DoInput(unsigned char)
001008b8 00000004 t GameGearIOPorts::~GameGearIOPorts()
001008b8 00000004 t GameGearIOPorts::~GameGearIOPorts()
001008bc 00000020 t GameGearIOPorts::Reset()
001008dc 0000001c t BootromMemoryRule::~BootromMemoryRule()
001008f8 0000001c t Eeprom93C46MemoryRule::~Eeprom93C46MemoryRule()
00100914 0000001c t GameGearIOPorts::~GameGearIOPorts()
00100930 0000022c t parentPath(std::__cxx11::basic_string<char, std::char_traits<char>, std::allocator<char> > const&)
00100b5c 00000258 t joinPath(std::__cxx11::basic_string<char, std::char_traits<char>, std::allocator<char> > const&, std::__cxx11::basic_string<char, std::char_traits<char>, std::allocator<char> > const&) [clone .isra.0]
00100db4 000004ac t void std::__insertion_sort<__gnu_cxx::__normal_iterator<std::__cxx11::basic_string<char, std::char_traits<char>, std::allocator<char> >*, std::vector<std::__cxx11::basic_string<char, std::char_traits<char>, std::allocator<char> >, std::allocator<std::__cxx11::basic_string<char, std::char_traits<char>, std::allocator<char> > > > >, listEntries(std::__cxx11::basic_string<char, std::char_traits<char>, std::allocator<char> > const&)::{lambda(std::__cxx11::basic_string<char, std::char_traits<char>, std::allocator<char> > const&, std::__cxx11::basic_string<char, std::char_traits<char>, std::allocator<char> > const&)#1}>(__gnu_cxx::__normal_iterator<std::__cxx11::basic_string<char, std::char_traits<char>, std::allocator<char> >*, std::vector<std::__cxx11::basic_string<char, std::char_traits<char>, std::allocator<char> >, std::allocator<std::__cxx11::basic_string<char, std::char_traits<char>, std::allocator<char> > > > >, __gnu_cxx::__normal_iterator<std::__cxx11::basic_string<char, std::char_traits<char>, std::allocator<char> >*, std::vector<std::__cxx11::basic_string<char, std::char_traits<char>, std::allocator<char> >, std::allocator<std::__cxx11::basic_string<char, std::char_traits<char>, std::allocator<char> > > > >, listEntries(std::__cxx11::basic_string<char, std::char_traits<char>, std::allocator<char> > const&)::{lambda(std::__cxx11::basic_string<char, std::char_traits<char>, std::allocator<char> > const&, std::__cxx11::basic_string<char, std::char_traits<char>, std::allocator<char> > const&)#1}) [clone .isra.0]
00101260 00000580 t void std::__adjust_heap<__gnu_cxx::__normal_iterator<std::__cxx11::basic_string<char, std::char_traits<char>, std::allocator<char> >*, std::vector<std::__cxx11::basic_string<char, std::char_traits<char>, std::allocator<char> >, std::allocator<std::__cxx11::basic_string<char, std::char_traits<char>, std::allocator<char> > > > >, int, std::__cxx11::basic_string<char, std::char_traits<char>, std::allocator<char> >, listEntries(std::__cxx11::basic_string<char, std::char_traits<char>, std::allocator<char> > const&)::{lambda(std::__cxx11::basic_string<char, std::char_traits<char>, std::allocator<char> > const&, std::__cxx11::basic_string<char, std::char_traits<char>, std::allocator<char> > const&)#1}>(__gnu_cxx::__normal_iterator<std::__cxx11::basic_string<char, std::char_traits<char>, std::allocator<char> >*, std::vector<std::__cxx11::basic_string<char, std::char_traits<char>, std::allocator<char> >, std::allocator<std::__cxx11::basic_string<char, std::char_traits<char>, std::allocator<char> > > > >, int, int, std::__cxx11::basic_string<char, std::char_traits<char>, std::allocator<char> >, listEntries(std::__cxx11::basic_string<char, std::char_traits<char>, std::allocator<char> > const&)::{lambda(std::__cxx11::basic_string<char, std::char_traits<char>, std::allocator<char> > const&, std::__cxx11::basic_string<char, std::char_traits<char>, std::allocator<char> > const&)#1})
001017e0 000000a8 t updateTexture(C3D_Tex&)
00101888 00000070 t Eeprom93C46MemoryRule::Reset()
001018f8 00000058 t CodemastersMemoryRule::Reset()
00101950 0000046c t Eeprom93C46MemoryRule::PerformWrite(unsigned short, unsigned char)
00101dbc 00000174 t void std::vector<std::__cxx11::basic_string<char, std::char_traits<char>, std::allocator<char> >, std::allocator<std::__cxx11::basic_string<char, std::char_traits<char>, std::allocator<char> > > >::_M_realloc_append<std::__cxx11::basic_string<char, std::char_traits<char>, std::allocator<char> > >(std::__cxx11::basic_string<char, std::char_traits<char>, std::allocator<char> >&&)
00101f30 00000034 t CodemastersMemoryRule::~CodemastersMemoryRule()
00101f30 00000034 t CodemastersMemoryRule::~CodemastersMemoryRule()
00101f64 00000028 t CodemastersMemoryRule::~CodemastersMemoryRule()
00101f8c 0000044c t void std::__introsort_loop<__gnu_cxx::__normal_iterator<std::__cxx11::basic_string<char, std::char_traits<char>, std::allocator<char> >*, std::vector<std::__cxx11::basic_string<char, std::char_traits<char>, std::allocator<char> >, std::allocator<std::__cxx11::basic_string<char, std::char_traits<char>, std::allocator<char> > > > >, int, listEntries(std::__cxx11::basic_string<char, std::char_traits<char>, std::allocator<char> > const&)::{lambda(std::__cxx11::basic_string<char, std::char_traits<char>, std::allocator<char> > const&, std::__cxx11::basic_string<char, std::char_traits<char>, std::allocator<char> > const&)#1}>(__gnu_cxx::__normal_iterator<std::__cxx11::basic_string<char, std::char_traits<char>, std::allocator<char> >*, std::vector<std::__cxx11::basic_string<char, std::char_traits<char>, std::allocator<char> >, std::allocator<std::__cxx11::basic_string<char, std::char_traits<char>, std::allocator<char> > > > >, __gnu_cxx::__normal_iterator<std::__cxx11::basic_string<char, std::char_traits<char>, std::allocator<char> >*, std::vector<std::__cxx11::basic_string<char, std::char_traits<char>, std::allocator<char> >, std::allocator<std::__cxx11::basic_string<char, std::char_traits<char>, std::allocator<char> > > > >, int, listEntries(std::__cxx11::basic_string<char, std::char_traits<char>, std::allocator<char> > const&)::{lambda(std::__cxx11::basic_string<char, std::char_traits<char>, std::allocator<char> > const&, std::__cxx11::basic_string<char, std::char_traits<char>, std::allocator<char> > const&)#1}) [clone .isra.0]
001023d8 00000668 t listEntries(std::__cxx11::basic_string<char, std::char_traits<char>, std::allocator<char> > const&)
00102a40 000009a8 t chooseRom(std::__cxx11::basic_string<char, std::char_traits<char>, std::allocator<char> >&)
001033e8 00000904 t Audio::Init()
00103cec 00000030 t BootromMemoryRule::SaveState(std::ostream&)
00103d1c 00000050 t CodemastersMemoryRule::SaveState(std::ostream&)
00103d6c 00000070 t Eeprom93C46MemoryRule::SaveRam(std::ostream&)
00103ddc 00000040 t Eeprom93C46MemoryRule::SaveState(std::ostream&)
00103e1c 00000030 t GameGearIOPorts::SaveState(std::ostream&)
00103e4c 00000030 t BootromMemoryRule::LoadState(std::istream&, int)
00103e7c 00000050 t CodemastersMemoryRule::LoadState(std::istream&, int)
00103ecc 00000040 t Eeprom93C46MemoryRule::LoadState(std::istream&, int)
00103f0c 00000030 t GameGearIOPorts::LoadState(std::istream&)
00103f3c 000004d4 t GameGearIOPorts::DoOutput(unsigned char, unsigned char)
00104410 00000a78 t GearsystemCore::~GearsystemCore() [clone .isra.0]
00104e88 00001030 t GearsystemCore::Reset()
00105eb8 00000094 T void std::__cxx11::basic_string<char, std::char_traits<char>, std::allocator<char> >::_M_construct<char const*>(char const*, char const*, std::forward_iterator_tag)
00105f4c 000000a8 T void std::__cxx11::basic_string<char, std::char_traits<char>, std::allocator<char> >::_M_construct<true>(char const*, unsigned int)
00105ff4 00000048 T Log_func(char const*, ...)
0010603c 00000c88 t Cartridge::LoadFromBuffer(unsigned char const*, int, char const*) [clone .part.0] [clone .constprop.0]
00106cc4 00002f20 t Cartridge::LoadFromZipFile(unsigned char const*, int)
00109be4 00000a1c t Cartridge::LoadFromFile(char const*)
0010a600 000000a0 t Eeprom93C46MemoryRule::LoadRam(std::istream&, long)
0010a6a0 000001f0 t GearsystemCore::AddMemoryRules()
0010a890 0000004c T Memory::Write(unsigned short, unsigned char)
0010a8dc 000000d4 T Processor::StackPush(SixteenBitRegister*)
0010a9b0 00000098 T IratahackMemoryRule::PerformRead(unsigned short)
0010aa48 00000008 T IratahackMemoryRule::GetRamSize()
0010aa50 00000008 T IratahackMemoryRule::GetRamBanks()
0010aa58 0000001c T IratahackMemoryRule::GetPage(int)
0010aa74 00000030 T IratahackMemoryRule::GetBank(int)
0010aaa4 000000f4 T JanggunMemoryRule::PerformRead(unsigned short)
0010ab98 0000018c T JanggunMemoryRule::PerformWrite(unsigned short, unsigned char)
0010ad24 00000060 T JanggunMemoryRule::Reset()
0010ad84 0000005c T JanggunMemoryRule::GetPage(int)
0010ade0 00000050 T JanggunMemoryRule::GetBank(int)
0010ae30 00000048 T JumboDahjeeMemoryRule::PerformRead(unsigned short)
0010ae78 0000004c T JumboDahjeeMemoryRule::PerformWrite(unsigned short, unsigned char)
0010aea6 N 
0010aea6 N 
0010aea6 N 
0010aea6 N 
0010aea6 N 
0010aea6 N 
0010aea6 N 
0010aea6 N 
0010aea6 N 
0010aea6 N 
0010aea6 N 
0010aea6 N 
0010aea6 N 
0010aea6 N 
0010aea6 N 
0010aea6 N 
0010aea6 N 
0010aea6 N 
0010aea6 N 
0010aea6 N 
0010aea6 N 
0010aea6 N 
0010aea6 N 
0010aea6 N 
0010aea6 N 
0010aea6 N 
0010aea6 N 
0010aea6 N 
0010aea6 N 
0010aea6 N 
0010aea6 N 
0010aea6 N 
0010aea6 N 
0010aea6 N 
0010aea6 N 
0010aea6 N 
0010aea6 N 
0010aea6 N 
0010aea6 N 
0010aea6 N 
0010aea6 N 
0010aea6 N 
0010aea6 W IratahackMemoryRule.cpp.35ba82b2
0010aec4 00000020 T JumboDahjeeMemoryRule::Reset()
0010aee4 00000018 T JumboDahjeeMemoryRule::GetPage(int)
0010aefc 00000010 T SG1000MemoryRule::GetBank(int)
0010aefc 00000010 T RomOnlyMemoryRule::GetBank(int)
0010aefc 00000010 T JumboDahjeeMemoryRule::GetBank(int)
0010af0c 0000003c T Korean0000XORFFMemoryRule::PerformRead(unsigned short)
0010af48 000000c8 T Korean0000XORFFMemoryRule::PerformWrite(unsigned short, unsigned char)
0010b010 00000064 T Korean0000XORFFMemoryRule::Reset()
0010b074 00000018 T Korean0000XORFFMemoryRule::GetPage(int)
0010b08c 0000000c T Korean0000XORFFMemoryRule::GetBank(int)
0010b098 0000003c T Korean2000XOR1FMemoryRule::PerformRead(unsigned short)
0010b0d4 000000a0 T Korean2000XOR1FMemoryRule::PerformWrite(unsigned short, unsigned char)
0010b174 0000006c T Korean2000XOR1FMemoryRule::Reset()
0010b1e0 00000018 T Korean2000XOR1FMemoryRule::GetPage(int)
0010b1f8 0000000c T Korean2000XOR1FMemoryRule::GetBank(int)
0010b204 0000003c T KoreanBFFCMemoryRule::PerformRead(unsigned short)
0010b240 00000138 T KoreanBFFCMemoryRule::PerformWrite(unsigned short, unsigned char)
0010b378 0000007c T KoreanBFFCMemoryRule::Reset()
0010b3f4 00000018 T KoreanBFFCMemoryRule::GetPage(int)
0010b40c 0000000c T KoreanBFFCMemoryRule::GetBank(int)
0010b418 0000003c T KoreanFFF3FFFCMemoryRule::PerformRead(unsigned short)
0010b454 00000234 T KoreanFFF3FFFCMemoryRule::PerformWrite(unsigned short, unsigned char)
0010b688 00000060 T KoreanFFF3FFFCMemoryRule::Reset()
0010b6e8 00000018 T KoreanFFF3FFFCMemoryRule::GetPage(int)
0010b700 0000000c T KoreanFFF3FFFCMemoryRule::GetBank(int)
0010b70c 0000003c T KoreanFFFEMemoryRule::PerformRead(unsigned short)
0010b748 00000128 T KoreanFFFEMemoryRule::PerformWrite(unsigned short, unsigned char)
0010b870 0000006c T KoreanFFFEMemoryRule::Reset()
0010b8dc 00000018 T KoreanFFFEMemoryRule::GetPage(int)
0010b8f4 0000000c T KoreanFFFEMemoryRule::GetBank(int)
0010b900 0000003c T KoreanFFFFHiComMemoryRule::PerformRead(unsigned short)
0010b93c 00000090 T KoreanFFFFHiComMemoryRule::PerformWrite(unsigned short, unsigned char)
0010b9cc 00000040 T KoreanFFFFHiComMemoryRule::Reset()
0010ba0c 00000018 T KoreanFFFFHiComMemoryRule::GetPage(int)
0010ba24 0000000c T KoreanFFFFHiComMemoryRule::GetBank(int)
0010ba30 0000003c T KoreanMDFFF0MemoryRule::PerformRead(unsigned short)
0010ba6c 000001d0 T KoreanMDFFF0MemoryRule::PerformWrite(unsigned short, unsigned char)
0010bc3c 00000074 T KoreanMDFFF0MemoryRule::Reset()
0010bcb0 00000018 T KoreanMDFFF0MemoryRule::GetPage(int)
0010bcc8 0000000c T KoreanMDFFF0MemoryRule::GetBank(int)
0010bcd4 0000003c T KoreanMDFFF5MemoryRule::PerformRead(unsigned short)
0010bd10 000001cc T KoreanMDFFF5MemoryRule::PerformWrite(unsigned short, unsigned char)
0010bedc 00000068 T KoreanMDFFF5MemoryRule::Reset()
0010bf44 00000018 T KoreanMDFFF5MemoryRule::GetPage(int)
0010bf5c 0000000c T KoreanMDFFF5MemoryRule::GetBank(int)
0010bf68 0000003c T KoreanMSX32KB2000MemoryRule::PerformRead(unsigned short)
0010bfa4 00000080 T KoreanMSX32KB2000MemoryRule::PerformWrite(unsigned short, unsigned char)
0010c024 00000040 T KoreanMSX32KB2000MemoryRule::Reset()
0010c064 00000020 T KoreanMSX32KB2000MemoryRule::GetPage(int)
0010c084 00000014 T KoreanMSX32KB2000MemoryRule::GetBank(int)
0010c098 0000003c T KoreanMSX8KB0300MemoryRule::PerformRead(unsigned short)
0010c0d4 000000bc T KoreanMSX8KB0300MemoryRule::PerformWrite(unsigned short, unsigned char)
0010c190 00000078 T KoreanMSX8KB0300MemoryRule::Reset()
0010c208 00000018 T KoreanMSX8KB0300MemoryRule::GetPage(int)
0010c220 0000000c T KoreanMSX8KB0300MemoryRule::GetBank(int)
0010c22c 0000003c T KoreanMSXSMS8000MemoryRule::PerformRead(unsigned short)
0010c268 00000138 T KoreanMSXSMS8000MemoryRule::PerformWrite(unsigned short, unsigned char)
0010c3a0 00000070 T KoreanMSXSMS8000MemoryRule::Reset()
0010c410 00000018 T KoreanMSXSMS8000MemoryRule::GetPage(int)
0010c428 0000000c T KoreanMSXSMS8000MemoryRule::GetBank(int)
0010c434 0000005c T KoreanMemoryRule::PerformRead(unsigned short)
0010c490 00000054 T KoreanMemoryRule::PerformWrite(unsigned short, unsigned char)
0010c4e4 0000002c T KoreanMemoryRule::Reset()
0010c510 00000050 T KoreanMemoryRule::GetPage(int)
0010c560 00000034 T KoreanMemoryRule::GetBank(int)
0010c594 0000003c T KoreanSMS32KB2000MemoryRule::PerformRead(unsigned short)
0010c5d0 000000a0 T KoreanSMS32KB2000MemoryRule::PerformWrite(unsigned short, unsigned char)
0010c670 0000003c T KoreanSMS32KB2000MemoryRule::Reset()
0010c6ac 00000020 T KoreanSMS32KB2000MemoryRule::GetPage(int)
0010c6cc 00000014 T KoreanSMS32KB2000MemoryRule::GetBank(int)
0010c6e0 00000108 T MSXMemoryRule::PerformRead(unsigned short)
0010c7e8 00000060 T MSXMemoryRule::PerformWrite(unsigned short, unsigned char)
0010c848 00000028 T MSXMemoryRule::Reset()
0010c870 00000090 T MSXMemoryRule::GetPage(int)
0010c900 00000050 T MSXMemoryRule::GetBank(int)
0010c950 00000004 T SG1000MemoryRule::Reset()
0010c950 00000004 T RomOnlyMemoryRule::Reset()
0010c950 00000004 T Memory::ResetDisassemblerRecords()
0010c954 00000004 T MemoryRule::SaveRam(std::ostream&)
0010c954 00000004 T MemoryRule::SaveState(std::ostream&)
0010c958 00000008 T MemoryRule::LoadRam(std::istream&, long)
0010c960 00000008 T MemoryRule::SetRamChangedCallback(void (*)())
0010c968 00000008 T MemoryRule::Has8kBanks()
0010c968 00000008 T MemoryRule::PersistedRAM()
0010c970 00000008 T MemoryRule::GetRamSize()
0010c978 00000008 T MemoryRule::GetRamBanks()
0010c980 00000008 T MemoryRule::GetRamBank()
0010c988 00000008 T MemoryRule::GetPage(int)
0010c990 00000008 T MemoryRule::GetBank(int)
0010c998 00000004 T MemoryRule::LoadState(std::istream&, int)
0010c99c 0000003c T Multi4PAKAllActionMemoryRule::PerformRead(unsigned short)
0010c9d8 000000ec T Multi4PAKAllActionMemoryRule::PerformWrite(unsigned short, unsigned char)
0010cac4 00000040 T Multi4PAKAllActionMemoryRule::Reset()
0010cb04 00000020 T Multi4PAKAllActionMemoryRule::GetPage(int)
0010cb24 00000030 T Multi4PAKAllActionMemoryRule::GetBank(int)
0010cb54 000002d4 T IratahackMemoryRule::PerformWrite(unsigned short, unsigned char)
0010ce28 00000028 T IratahackMemoryRule::~IratahackMemoryRule()
0010ce50 0000001c T JanggunMemoryRule::~JanggunMemoryRule()
0010ce6c 00000028 T JumboDahjeeMemoryRule::~JumboDahjeeMemoryRule()
0010ce94 0000001c T Korean0000XORFFMemoryRule::~Korean0000XORFFMemoryRule()
0010ceb0 0000001c T Korean2000XOR1FMemoryRule::~Korean2000XOR1FMemoryRule()
0010cecc 0000001c T KoreanBFFCMemoryRule::~KoreanBFFCMemoryRule()
0010cee8 0000001c T KoreanFFF3FFFCMemoryRule::~KoreanFFF3FFFCMemoryRule()
0010cf04 0000001c T KoreanFFFEMemoryRule::~KoreanFFFEMemoryRule()
0010cf20 0000001c T KoreanFFFFHiComMemoryRule::~KoreanFFFFHiComMemoryRule()
0010cf3c 0000001c T KoreanMDFFF0MemoryRule::~KoreanMDFFF0MemoryRule()
0010cf58 0000001c T KoreanMDFFF5MemoryRule::~KoreanMDFFF5MemoryRule()
0010cf74 0000001c T KoreanMSX32KB2000MemoryRule::~KoreanMSX32KB2000MemoryRule()
0010cf90 0000001c T KoreanMSX8KB0300MemoryRule::~KoreanMSX8KB0300MemoryRule()
0010cfac 0000001c T KoreanMSXSMS8000MemoryRule::~KoreanMSXSMS8000MemoryRule()
0010cfc8 0000001c T KoreanMemoryRule::~KoreanMemoryRule()
0010cfe4 0000001c T KoreanSMS32KB2000MemoryRule::~KoreanSMS32KB2000MemoryRule()
0010d000 0000001c T MSXMemoryRule::~MSXMemoryRule()
0010d01c 0000001c T Multi4PAKAllActionMemoryRule::~Multi4PAKAllActionMemoryRule()
0010d038 00000084 T IratahackMemoryRule::Reset()
0010d0bc 00000044 T IratahackMemoryRule::SaveRam(std::ostream&)
0010d100 00000070 T IratahackMemoryRule::SaveState(std::ostream&)
0010d170 00000078 T JanggunMemoryRule::SaveState(std::ostream&)
0010d1e8 00000014 T JumboDahjeeMemoryRule::SaveState(std::ostream&)
0010d1fc 00000030 T Korean0000XORFFMemoryRule::SaveState(std::ostream&)
0010d22c 00000030 T KoreanBFFCMemoryRule::SaveState(std::ostream&)
0010d22c 00000030 T KoreanFFFEMemoryRule::SaveState(std::ostream&)
0010d22c 00000030 T Korean2000XOR1FMemoryRule::SaveState(std::ostream&)
0010d25c 00000040 T KoreanFFF3FFFCMemoryRule::SaveState(std::ostream&)
0010d29c 00000030 T KoreanFFFFHiComMemoryRule::SaveState(std::ostream&)
0010d2cc 00000040 T KoreanMDFFF0MemoryRule::SaveState(std::ostream&)
0010d30c 00000040 T KoreanMDFFF5MemoryRule::SaveState(std::ostream&)
0010d34c 00000030 T KoreanMSX32KB2000MemoryRule::SaveState(std::ostream&)
0010d34c 00000030 T KoreanSMS32KB2000MemoryRule::SaveState(std::ostream&)
0010d34c 00000030 T Multi4PAKAllActionMemoryRule::SaveState(std::ostream&)
0010d37c 00000030 T KoreanMSX8KB0300MemoryRule::SaveState(std::ostream&)
0010d3ac 00000040 T KoreanMSXSMS8000MemoryRule::SaveState(std::ostream&)
0010d3ec 00000030 T KoreanMemoryRule::SaveState(std::ostream&)
0010d41c 00000030 T MSXMemoryRule::SaveState(std::ostream&)
0010d44c 00000070 T IratahackMemoryRule::LoadState(std::istream&, int)
0010d4bc 0000008c T JanggunMemoryRule::LoadState(std::istream&, int)
0010d548 0000001c T JumboDahjeeMemoryRule::LoadState(std::istream&, int)
0010d564 00000030 T Korean0000XORFFMemoryRule::LoadState(std::istream&, int)
0010d594 00000030 T KoreanBFFCMemoryRule::LoadState(std::istream&, int)
0010d594 00000030 T KoreanFFFEMemoryRule::LoadState(std::istream&, int)
0010d594 00000030 T Korean2000XOR1FMemoryRule::LoadState(std::istream&, int)
0010d5c4 00000040 T KoreanFFF3FFFCMemoryRule::LoadState(std::istream&, int)
0010d604 00000030 T KoreanFFFFHiComMemoryRule::LoadState(std::istream&, int)
0010d634 00000040 T KoreanMDFFF0MemoryRule::LoadState(std::istream&, int)
0010d674 00000040 T KoreanMDFFF5MemoryRule::LoadState(std::istream&, int)
0010d6b4 00000030 T KoreanMSX32KB2000MemoryRule::LoadState(std::istream&, int)
0010d6b4 00000030 T KoreanSMS32KB2000MemoryRule::LoadState(std::istream&, int)
0010d6b4 00000030 T Multi4PAKAllActionMemoryRule::LoadState(std::istream&, int)
0010d6e4 00000030 T KoreanMSX8KB0300MemoryRule::LoadState(std::istream&, int)
0010d714 00000040 T KoreanMSXSMS8000MemoryRule::LoadState(std::istream&, int)
0010d754 00000030 T KoreanMemoryRule::LoadState(std::istream&, int)
0010d784 00000030 T MSXMemoryRule::LoadState(std::istream&, int)
0010d7b4 0000007c T IratahackMemoryRule::LoadRam(std::istream&, long)
0010d830 000000e4 T Memory::Read(unsigned short)
0010d914 00002964 t Processor::DispatchOpcode(unsigned char)
00110278 00001788 t Processor::DispatchOpcodeCB(unsigned char)
00111a00 00000b88 t Processor::DispatchOpcodeED(unsigned char)
00112588 00003a50 T GearsystemCore::RunToVBlank(unsigned char*, short*, int*, GearsystemCore::GS_Debug_Run*) [clone .part.0] [clone .constprop.0]
00115fd8 00000034 T IratahackMemoryRule::~IratahackMemoryRule()
00115fd8 00000034 T IratahackMemoryRule::~IratahackMemoryRule()
0011600c 00000004 T JanggunMemoryRule::~JanggunMemoryRule()
0011600c 00000004 T JanggunMemoryRule::~JanggunMemoryRule()
00116010 00000034 T JumboDahjeeMemoryRule::~JumboDahjeeMemoryRule()
00116010 00000034 T JumboDahjeeMemoryRule::~JumboDahjeeMemoryRule()
00116044 00000004 T Korean0000XORFFMemoryRule::~Korean0000XORFFMemoryRule()
00116044 00000004 T Korean0000XORFFMemoryRule::~Korean0000XORFFMemoryRule()
00116048 00000004 T Korean2000XOR1FMemoryRule::~Korean2000XOR1FMemoryRule()
00116048 00000004 T Korean2000XOR1FMemoryRule::~Korean2000XOR1FMemoryRule()
0011604c 00000004 T KoreanBFFCMemoryRule::~KoreanBFFCMemoryRule()
0011604c 00000004 T KoreanBFFCMemoryRule::~KoreanBFFCMemoryRule()
00116050 00000004 T KoreanFFF3FFFCMemoryRule::~KoreanFFF3FFFCMemoryRule()
00116050 00000004 T KoreanFFF3FFFCMemoryRule::~KoreanFFF3FFFCMemoryRule()
00116054 00000004 T KoreanFFFEMemoryRule::~KoreanFFFEMemoryRule()
00116054 00000004 T KoreanFFFEMemoryRule::~KoreanFFFEMemoryRule()
00116058 00000004 T KoreanFFFFHiComMemoryRule::~KoreanFFFFHiComMemoryRule()
00116058 00000004 T KoreanFFFFHiComMemoryRule::~KoreanFFFFHiComMemoryRule()
0011605c 00000004 T KoreanMDFFF0MemoryRule::~KoreanMDFFF0MemoryRule()
0011605c 00000004 T KoreanMDFFF0MemoryRule::~KoreanMDFFF0MemoryRule()
00116060 00000004 T KoreanMDFFF5MemoryRule::~KoreanMDFFF5MemoryRule()
00116060 00000004 T KoreanMDFFF5MemoryRule::~KoreanMDFFF5MemoryRule()
00116064 00000004 T KoreanMSX32KB2000MemoryRule::~KoreanMSX32KB2000MemoryRule()
00116064 00000004 T KoreanMSX32KB2000MemoryRule::~KoreanMSX32KB2000MemoryRule()
00116068 00000004 T KoreanMSX8KB0300MemoryRule::~KoreanMSX8KB0300MemoryRule()
00116068 00000004 T KoreanMSX8KB0300MemoryRule::~KoreanMSX8KB0300MemoryRule()
0011606c 00000004 T KoreanMSXSMS8000MemoryRule::~KoreanMSXSMS8000MemoryRule()
0011606c 00000004 T KoreanMSXSMS8000MemoryRule::~KoreanMSXSMS8000MemoryRule()
00116070 00000004 T KoreanMemoryRule::~KoreanMemoryRule()
00116070 00000004 T KoreanMemoryRule::~KoreanMemoryRule()
00116074 00000004 T KoreanSMS32KB2000MemoryRule::~KoreanSMS32KB2000MemoryRule()
00116074 00000004 T KoreanSMS32KB2000MemoryRule::~KoreanSMS32KB2000MemoryRule()
00116078 00000004 T MSXMemoryRule::~MSXMemoryRule()
00116078 00000004 T MSXMemoryRule::~MSXMemoryRule()
0011607c 000002a0 T Memory::Reset(bool)
0011631c 00000004 T Multi4PAKAllActionMemoryRule::~Multi4PAKAllActionMemoryRule()
0011631c 00000004 T Multi4PAKAllActionMemoryRule::~Multi4PAKAllActionMemoryRule()
00116320 00000120 T Processor::Reset(bool)
00116440 00000010 T RomOnlyMemoryRule::PerformRead(unsigned short)
00116450 00000034 T RomOnlyMemoryRule::PerformWrite(unsigned short, unsigned char)
00116484 00000018 T RomOnlyMemoryRule::GetPage(int)
0011649c 000000c0 T SG1000MemoryRule::PerformRead(unsigned short)
0011655c 0000005c T SG1000MemoryRule::PerformWrite(unsigned short, unsigned char)
001165b8 00000018 T SG1000MemoryRule::GetPage(int)
001165d0 00000094 T SegaMemoryRule::PerformRead(unsigned short)
00116664 00000154 T SegaMemoryRule::PerformWrite(unsigned short, unsigned char)
001167b8 00000014 T SegaMemoryRule::PersistedRAM()
001167cc 00000014 T SegaMemoryRule::GetRamSize()
001167e0 00000014 T SegaMemoryRule::GetRamBanks()
001167f4 00000014 T SegaMemoryRule::GetRamBank()
00116808 0000005c T SegaMemoryRule::GetPage(int)
00116864 00000014 T SegaMemoryRule::GetBank(int)
00116878 000002cc T SmsIOPorts::DoInput(unsigned char)
00116b44 0000000c T SmsIOPorts::Reset()
00116b50 0000001c T RomOnlyMemoryRule::~RomOnlyMemoryRule()
00116b6c 0000001c T SG1000MemoryRule::~SG1000MemoryRule()
00116b88 0000001c T SmsIOPorts::~SmsIOPorts()
00116ba4 00000028 T SegaMemoryRule::~SegaMemoryRule()
00116bcc 00000074 T SegaMemoryRule::Reset()
00116c40 00000044 T SegaMemoryRule::SaveRam(std::ostream&)
00116c84 00000070 T SegaMemoryRule::SaveState(std::ostream&)
00116cf4 00000014 T SmsIOPorts::SaveState(std::ostream&)
00116d08 00000070 T SegaMemoryRule::LoadState(std::istream&, int)
00116d78 00000014 T SmsIOPorts::LoadState(std::istream&)
00116d8c 0000007c T SegaMemoryRule::LoadRam(std::istream&, long)
00116e08 00000004 T RomOnlyMemoryRule::~RomOnlyMemoryRule()
00116e08 00000004 T RomOnlyMemoryRule::~RomOnlyMemoryRule()
00116e0c 00000004 T SG1000MemoryRule::~SG1000MemoryRule()
00116e0c 00000004 T SG1000MemoryRule::~SG1000MemoryRule()
00116e10 00000034 T SegaMemoryRule::~SegaMemoryRule()
00116e10 00000034 T SegaMemoryRule::~SegaMemoryRule()
00116e44 00000004 T SmsIOPorts::~SmsIOPorts()
00116e44 00000004 T SmsIOPorts::~SmsIOPorts()
00116e48 000000a4 T void std::vector<unsigned char, std::allocator<unsigned char> >::_M_realloc_append<unsigned char const&>(unsigned char const&) [clone .isra.0]
00116eec 00000414 T VgmRecorder::WriteWait(int) [clone .part.0]
00117300 000002e4 T VgmRecorder::Stop() [clone .part.0]
001175e4 00000224 T Video::Reset(bool, bool, int, bool)
00117808 000000b4 T Video::InitPalettes(unsigned char const*, unsigned short*, unsigned short*, unsigned short*, unsigned short*) [clone .isra.0]
001178bc 00000264 T Video::WriteControl(unsigned char) [clone .part.0]
00117b20 00001384 T YM2413::Sync()
00118ea4 00000fdc T SmsIOPorts::DoOutput(unsigned char, unsigned char)
00119e80 00000114 T YM2413::EndFrame(short*) [clone .part.0]
00119f94 00000240 T Processor::FetchArg16()
0011a1d4 00000208 T Processor::StackPop(SixteenBitRegister*)
0011a3dc 000001c8 T Processor::GetEffectiveAddress()
0011a5a4 000004bc T Processor::OPCodes_LD_dd_nn(SixteenBitRegister*)
0011aa60 0000031c T Processor::OPCodes_LD_nn_dd(SixteenBitRegister*)
0011ad7c 000002a4 T Processor::OPCodes_JP_nn_Conditional(bool)
0011b020 00000038 T Processor::OPCodes_OR(unsigned char)
0011b058 0000005c T Processor::OPCodes_XOR(unsigned char)
0011b0b4 00000060 T Processor::OPCodes_AND(unsigned char)
0011b114 00000088 T Processor::OPCodes_CP(unsigned char)
0011b19c 000000a0 T Processor::OPCodes_INC(unsigned char*)
0011b23c 000000a4 T Processor::OPCodes_DEC(unsigned char*)
0011b2e0 00000058 T Processor::OPCodes_ADD(unsigned char)
0011b338 00000064 T Processor::OPCodes_ADC(unsigned char)
0011b39c 00000080 T Processor::OPCodes_SUB(unsigned char)
0011b41c 0000008c T Processor::OPCodes_SBC(unsigned char)
0011b4a8 0000008c T Processor::OPCodes_ADD_HL(unsigned short)
0011b534 000002d8 T Processor::OPCodes_RLC(unsigned char*, bool) [clone .constprop.0]
0011b80c 000002cc T Processor::OPCodes_RL(unsigned char*, bool) [clone .constprop.0]
0011b981 N 
0011b981 N 
0011b981 N 
0011b981 N 
0011b981 N 
0011b981 N 
0011b981 N 
0011b981 N 
0011b981 N 
0011b981 N 
0011b981 N 
0011b981 N 
0011b981 N 
0011b981 N 
0011b981 N 
0011b981 N 
0011b981 N 
0011b981 N 
0011b981 N 
0011b981 N 
0011b981 N 
0011b981 N 
0011b981 N 
0011b981 N 
0011b981 N 
0011b981 N 
0011b981 N 
0011b981 N 
0011b981 N 
0011b981 N 
0011b981 N 
0011b981 N 
0011b981 W JanggunMemoryRule.cpp.ba6726fe
0011bad8 000002c4 T Processor::OPCodes_RRC(unsigned char*, bool) [clone .constprop.0]
0011bd9c 000002cc T Processor::OPCodes_RR(unsigned char*, bool) [clone .constprop.0]
0011c068 0000009c T Processor::OPCode0x29()
0011c104 000004a0 T Processor::OPCode0x36()
0011c5a4 00000324 T Processor::OPCode0xC4()
0011c8c8 00000324 T Processor::OPCode0xCC()
0011cbec 00000328 T Processor::OPCode0xD4()
0011cf14 00000324 T Processor::OPCode0xE4()
0011d238 00000324 T Processor::OPCode0xEC()
0011d55c 00000320 T Processor::OPCode0xF4()
0011d87c 00000320 T Processor::OPCode0xFC()
0011db9c 0000025c T Processor::OPCodes_SLL(unsigned char*)
0011ddf8 00000284 T Processor::OPCodes_SLA(unsigned char*)
0011e07c 000002ec T Processor::OPCodes_SRA(unsigned char*)
0011e368 0000000c T miniz_def_realloc_func
0011e374 00000008 T miniz_def_alloc_func
0011e37c 00000008 T miniz_def_free_func
0011e384 0000005c T mz_zip_mem_read_func.lto_priv.0
0011e3e0 00000290 T Processor::OPCodes_SRL(unsigned char*)
0011e670 00000250 T Processor::OPCodes_BIT(unsigned char*, int)
0011e8c0 00000240 T Processor::OPCodes_BIT(unsigned char*, int) [clone .constprop.6]
0011eb00 00000240 T Processor::OPCodes_BIT(unsigned char*, int) [clone .constprop.5]
0011ed40 00000240 T Processor::OPCodes_BIT(unsigned char*, int) [clone .constprop.4]
0011ef80 00000240 T Processor::OPCodes_BIT(unsigned char*, int) [clone .constprop.3]
0011f1c0 00000240 T Processor::OPCodes_BIT(unsigned char*, int) [clone .constprop.2]
0011f400 00000240 T Processor::OPCodes_BIT(unsigned char*, int) [clone .constprop.1]
0011f640 00000240 T Processor::OPCodes_BIT(unsigned char*, int) [clone .constprop.0]
0011f880 000001e4 T Processor::OPCodes_BIT_HL(int)
0011fa64 000001f8 T Processor::OPCodes_SET(unsigned char*, int) [clone .constprop.7]
0011fc5c 000001f4 T Processor::OPCodes_SET(unsigned char*, int) [clone .constprop.6]
0011fe50 000001f4 T Processor::OPCodes_SET(unsigned char*, int) [clone .constprop.5]
00120044 000001f4 T Processor::OPCodes_SET(unsigned char*, int) [clone .constprop.4]
00120238 000001f4 T Processor::OPCodes_SET(unsigned char*, int) [clone .constprop.3]
0012042c 000001f4 T Processor::OPCodes_SET(unsigned char*, int) [clone .constprop.2]
00120620 000001f4 T Processor::OPCodes_SET(unsigned char*, int) [clone .constprop.1]
00120814 000001f4 T Processor::OPCodes_SET(unsigned char*, int) [clone .constprop.0]
00120a08 000001f0 T Processor::OPCodes_RES(unsigned char*, int) [clone .constprop.7]
00120bf8 000001f0 T Processor::OPCodes_RES(unsigned char*, int) [clone .constprop.6]
00120de8 000001f0 T Processor::OPCodes_RES(unsigned char*, int) [clone .constprop.5]
00120fd8 000001f0 T Processor::OPCodes_RES(unsigned char*, int) [clone .constprop.4]
001211c8 000001f0 T Processor::OPCodes_RES(unsigned char*, int) [clone .constprop.3]
001213b8 000001f0 T Processor::OPCodes_RES(unsigned char*, int) [clone .constprop.2]
001215a8 000001f0 T Processor::OPCodes_RES(unsigned char*, int) [clone .constprop.1]
00121798 000001f0 T Processor::OPCodes_RES(unsigned char*, int) [clone .constprop.0]
00121988 00000434 T Processor::OPCodes_IN_C(unsigned char*)
00121dbc 00000164 T Processor::OPCodes_INI()
00121f20 00000164 T Processor::OPCodes_IND()
00122084 00000218 T Processor::OPCodes_OUTI()
0012229c 00000218 T Processor::OPCodes_OUTD()
001224b4 000000b4 T Processor::OPCodes_BlockIORepeat(unsigned char)
00122568 000001d8 T Processor::OPCodes_CPI()
00122740 000001d8 T Processor::OPCodes_CPD()
00122918 00000080 T Processor::OPCodes_ADC_HL(unsigned short)
00122998 000000a0 T Processor::OPCodes_SBC_HL(unsigned short)
00122a38 0000007c T Processor::OPCodeED0x4C()
00122a38 0000007c T Processor::OPCodeED0x54()
00122a38 0000007c T Processor::OPCodeED0x5C()
00122a38 0000007c T Processor::OPCodeED0x64()
00122a38 0000007c T Processor::OPCodeED0x6C()
00122a38 0000007c T Processor::OPCodeED0x74()
00122a38 0000007c T Processor::OPCodeED0x7C()
00122ab4 00000260 T Processor::OPCodeED0x55()
00122ab4 00000260 T Processor::OPCodeED0x5D()
00122ab4 00000260 T Processor::OPCodeED0x65()
00122ab4 00000260 T Processor::OPCodeED0x6D()
00122ab4 00000260 T Processor::OPCodeED0x75()
00122ab4 00000260 T Processor::OPCodeED0x7D()
00122d14 000001fc T Blip_Buffer::set_sample_rate(long, int) [clone .constprop.0]
00122f10 00000048 T Blip_Buffer::clock_rate_factor(long) const [clone .isra.0]
00122f58 000001d8 T Blip_Synth_::volume_unit(double) [clone .part.0]
00123130 000004c8 t Blip_Synth_::treble_eq(blip_eq_t const&) [clone .constprop.0]
001235f8 00000020 T Blip_Synth_::volume_unit(double) [clone .constprop.0]
00123618 00000130 T Blip_Synth<12, 1>::offset_resampled(unsigned long, int, Blip_Buffer*) const [clone .isra.0]
00123748 00000c90 T Sms_Apu::run_until(long) [clone .part.0]
001243d8 000005a0 T load_instrument.lto_priv.0
00124978 00002a30 T update_instrument_zero.lto_priv.0
001273a8 0000051c T YM2413ResetChip
001278c4 00000118 T mz_crc32.constprop.0
001279dc 000001b0 T mz_zip_reader_end_internal.isra.0
00127b8c 000003e0 T mz_zip_file_stat_internal.part.0.constprop.0
00127f6c t .udivsi3_skip_div0_test
00127f6c T __aeabi_uidiv
00127f6c 000001ec T __udivsi3
00128158 00000020 T __aeabi_uidivmod
00128178 T __aeabi_idiv
00128178 00000220 T __divsi3
00128180 t .divsi3_skip_div0_test
00128398 00000020 T __aeabi_idivmod
001283b8 00000004 W __aeabi_idiv0
001283b8 00000004 W __aeabi_ldiv0
001283bc T __aeabi_drsub
001283c4 000002b0 T __aeabi_dsub
001283c4 000002b0 T __subdf3
001283c8 000002ac T __adddf3
001283c8 000002ac T __aeabi_dadd
00128674 00000024 T __aeabi_ui2d
00128674 00000024 T __floatunsidf
00128698 00000028 T __aeabi_i2d
00128698 00000028 T __floatsidf
001286c0 00000048 T __aeabi_f2d
001286c0 00000048 T __extendsfdf2
00128708 00000074 T __aeabi_ul2d
00128708 00000074 T __floatundidf
0012871c 00000060 T __aeabi_l2d
0012871c 00000060 T __floatdidf
0012877c T __aeabi_ldivmod
00128850 T __aeabi_uldivmod
0012888c 00000014 T __restore_core_regs
0012888c 00000014 T restore_core_regs
001288a0 T __gnu_Unwind_Restore_VFP
001288a8 T __gnu_Unwind_Save_VFP
001288b0 T __gnu_Unwind_Restore_VFP_D
001288b8 T __gnu_Unwind_Save_VFP_D
001288c0 T __gnu_Unwind_Restore_VFP_D_16_to_31
001288c8 T __gnu_Unwind_Save_VFP_D_16_to_31
001288d0 T __gnu_Unwind_Restore_WMMXD
00128914 T __gnu_Unwind_Save_WMMXD
00128958 T __gnu_Unwind_Restore_WMMXC
0012896c T __gnu_Unwind_Save_WMMXC
00128980 00000024 T _Unwind_RaiseException
00128980 00000024 T ___Unwind_RaiseException
001289a4 00000024 T _Unwind_Resume
001289a4 00000024 T ___Unwind_Resume
001289c8 00000024 T _Unwind_Resume_or_Rethrow
001289c8 00000024 T ___Unwind_Resume_or_Rethrow
001289ec 00000024 T _Unwind_ForcedUnwind
001289ec 00000024 T ___Unwind_ForcedUnwind
00128a10 00000024 T _Unwind_Backtrace
00128a10 00000024 T ___Unwind_Backtrace
00128a48 00000390 T strcmp
00128dd0 t __do_global_dtors_aux
00128e20 t frame_dummy
00128e50 00002c00 T main
0012ba50 00000044 t C2Di_FrameEndHook
0012ba94 00000368 T C2D_Init
0012bdfc 0000004c T C2D_Fini
0012be48 000000bc T C2D_Prepare
0012bf04 00000048 T C2D_Flush
0012bf4c 000000fc T C2D_SceneSize
0012c048 00000060 T C2D_CreateScreenTarget
0012c0a8 00000060 T C2D_TargetClear
0012c108 0000014c T C2Di_CalcQuad
0012c254 00000054 T C2Di_AppendQuad
0012c2a8 00000738 T C2Di_Update
0012c9e0 000002e8 T C2D_DrawImage
0012ccc8 00000028 T AttrInfo_Init
0012ccf0 00000094 T AttrInfo_AddLoader
0012cd84 00000054 T C3D_SetAttrInfo
0012cdd8 00000080 T C3Di_AttrInfoBind
0012ce58 00000004 W C3Di_LightEnvUpdate
0012ce5c 00000004 W C3Di_LightEnvDirty
0012ce60 000000b4 t C3Di_AptEventHook
0012cf14 00000004 W C3Di_GasUpdate
0012cf18 000001d0 T C3D_Init
0012d0e8 00000098 T C3D_SetViewport
0012d180 000004e8 T C3Di_UpdateContext
0012d32f N 
0012d32f N 
0012d32f N 
0012d32f N 
0012d32f N 
0012d32f N 
0012d32f N 
0012d32f N 
0012d32f N 
0012d32f N 
0012d32f N 
0012d32f N 
0012d32f N 
0012d32f N 
0012d32f N 
0012d32f N 
0012d32f N 
0012d32f N 
0012d32f N 
0012d32f N 
0012d32f N 
0012d32f N 
0012d32f N 
0012d32f N 
0012d32f N 
0012d32f N 
0012d32f N 
0012d32f N 
0012d32f N 
0012d32f N 
0012d32f N 
0012d32f N 
0012d32f W JumboDahjeeMemoryRule.cpp.1f22dac8
0012d668 000000e0 T C3Di_SplitFrame
0012d748 00000044 T C3D_Fini
0012d78c 00000194 T C3D_BindProgram
0012d920 00000024 T BufInfo_Init
0012d944 00000080 T BufInfo_Add
0012d9c4 0000003c T C3D_SetBufInfo
0012da00 00000048 T C3Di_BufInfoBind
0012da48 0000021c T C3D_DrawElements
0012dc64 00000040 T C3D_DepthMap
0012dca4 0000001c T C3D_CullFace
0012dcc0 00000040 T C3D_StencilTest
0012dd00 00000024 T C3D_StencilOp
0012dd24 0000001c T C3D_BlendingColor
0012dd40 00000024 T C3D_EarlyDepthTest
0012dd64 0000002c T C3D_DepthTest
0012dd90 0000002c T C3D_AlphaTest
0012ddbc 00000050 T C3D_AlphaBlend
0012de0c 00000030 T C3D_FragOpMode
0012de3c 00000044 T C3D_FragOpShadow
0012de80 000001ac T C3Di_EffectBind
0012e02c 0000001c T C3D_CalcColorBufSize
0012e048 0000001c T C3D_CalcDepthBufSize
0012e064 00000044 T C3D_SetFrameBuf
0012e0a8 0000016c T C3Di_FrameBufBind
0012e214 000000c8 T C3D_FrameBufClear
0012e2dc 00000044 T C3D_FrameBufTransfer
0012e320 000000a8 T C3D_ImmSendAttrib
0012e3c8 00000070 T C3D_ProcTexInit
0012e438 00000054 T C3D_ProcTexBind
0012e48c 0000005c T C3D_ProcTexLutBind
0012e4e8 000000a4 T ProcTexLut_FromArray
0012e58c 00000178 T C3Di_ProcTexUpdate
0012e704 00000068 T C3Di_ProcTexDirty
0012e76c 0000004c t onVBlank0
0012e7b8 0000004c t onVBlank1
0012e804 00000080 t C3Di_RenderTargetDestroy
0012e884 000000f4 t onQueueFinish
0012e978 00000038 T C3Di_RenderQueueEnableVBlank
0012e9b0 00000030 T C3Di_RenderQueueDisableVBlank
0012e9e0 00000060 T C3Di_RenderQueueInit
0012ea40 000000b4 T C3Di_RenderQueueExit
0012eaf4 00000034 T C3Di_RenderQueueWaitDone
0012eb28 000000e8 T C3D_FrameBegin
0012ec10 00000048 T C3D_FrameDrawOn
0012ec58 00000058 T C3D_FrameSplit
0012ecb0 000001d0 T C3D_FrameEnd
0012ee80 0000001c T C3D_FrameEndHook
0012ee9c 00000170 T C3D_RenderTargetCreate
0012f00c 000000a8 T C3D_RenderTargetSetOutput
0012f0b4 000000fc T C3D_SyncTextureCopy
0012f1b0 00000034 T C3D_GetTexEnv
0012f1e4 00000024 T C3Di_TexEnvBind
0012f208 00000290 T C3D_TexInitWithParams
0012f498 000000c8 T C3D_TexLoadImage
0012f560 00000044 T C3D_TexBind
0012f5a4 00000044 T C3D_TexFlush
0012f5e8 00000074 T C3D_TexDelete
0012f65c 0000014c T C3Di_SetTex
0012f7a8 00000290 T C3D_UpdateUniforms
0012fa38 000000c0 T C3Di_DirtyUniforms
0012faf8 000000d8 T C3Di_LoadShaderUniforms
0012fbd0 00000028 T C3Di_ClearShaderUniforms
0012fbf8 000000cc T Mtx_Ortho
0012fcc4 000000cc T Mtx_OrthoTilt
0012fd90 00000024 t addrMapNodeComparator(rbtree_node const*, rbtree_node const*)
0012fdb4 00000004 t addrMapNodeDestructor(rbtree_node*)
0012fdb8 0000012c T linearMemAlign
0012fee4 00000008 T linearAlloc
0012feec 0000005c T linearFree
0012ff48 00000088 T MemPool::CoalesceRight(MemBlock*)
0012ffd0 00000178 T MemPool::Allocate(MemChunk&, unsigned long, int)
00130148 00000118 T MemPool::Deallocate(MemChunk const&)
00130260 00000030 T MemPool::GetFreeSpace()
00130290 00000024 t addrMapNodeComparator(rbtree_node const*, rbtree_node const*)
001302b4 00000004 t addrMapNodeDestructor(rbtree_node*)
001302b8 00000248 T vramMemAlignAt
00130500 0000000c T vramAlloc
0013050c 0000000c T vramAllocAt
00130518 00000094 T vramFree
001305ac 000001c8 T consoleDrawChar
00130774 00000170 T consolePrintChar
001308e4 00000cc8 T con_write
001315ac 000000fc t newRow
001316a8 00000180 T consoleInit
00131828 000000b8 T consoleClear
001318e0 000000cc t gfxPresentFramebuffer
001319ac 00000010 T gfxSet3D
001319bc 0000001c T gfxIsWide
001319d8 000000f8 T gfxSetScreenFormat
00131ad0 00000010 T gfxSetDoubleBuffering
00131ae0 000000d8 T gfxInit
00131bb8 00000010 T gfxInitDefault
00131bc8 000000b8 T gfxExit
00131c80 000000a0 T gfxGetFramebuffer
00131d20 00000100 T gfxFlushBuffers
00131e20 00000028 T gfxScreenSwapBuffers
00131e48 00000050 T gfxSwapBuffersGpu
00131e98 00000074 T osConvertVirtToPhys
00131f0c 00000054 T osGetTimeRef
00131f60 000000ec T osGetTime
0013204c 00000034 T __ctru_speedup_config
00132080 00000038 T osSetSpeedupEnable
001320b8 00000008 t romfs_close
001320c0 000000ac t romfs_seek
0013216c 00000024 t romfs_dirreset
00132190 000000c0 t fill_dir
00132250 000002ac t romfs_dirnext
001324fc 00000074 t romfs_free
00132570 000000d0 t searchForFile.constprop.0
00132640 000000d4 t searchForDir.constprop.0
00132714 000001c0 t navigateToDir.constprop.0
001328d4 00000114 t romfs_open
001329e8 0000004c t romfs_chdir
00132a34 00000068 t romfs_diropen
00132a9c 00000178 t romfs_stat
00132c14 00000008 t romfs_dirclose
00132c20 0000007c t romfs_fstat
00132c9c 000000d0 t romfs_read
00132d6c 00000294 T romfsMountFromFile
00133000 00000098 T romfsMountFromCurrentProcess
00133098 00000258 T romfsMountSelf
001332f0 000000a0 T romfsUnmount
00133390 0000013c T GPUCMD_Add
001334cc 000000b0 T GPUCMD_Split
0013357c 00000034 T f32tof16
001335b0 00000034 T f32tof24
001335e4 00000038 T f32tof31
0013361c 00000010 T GX_BindQueue
0013362c 0000007c T GX_ProcessCommandList
001336a8 00000074 T GX_MemoryFill
0013371c 00000074 T GX_DisplayTransfer
00133790 00000078 T GX_TextureCopy
00133808 00000064 t gxCmdQueueDoCommands.part.0
0013386c 000000e4 T gxCmdQueueInterrupt
00133950 00000068 T gxCmdQueueClear
001339b8 00000108 T gxCmdQueueAdd
00133ac0 00000080 T gxCmdQueueRun
00133b40 00000064 T gxCmdQueueStop
00133ba4 000000ac T gxCmdQueueWait
00133c50 000001e0 T shaderInstanceInit
00133e30 00000018 T shaderInstanceGetUniformLocation
00133e48 0000001c T shaderProgramInit
00133e64 00000074 T shaderProgramFree
00133ed8 00000094 T shaderProgramSetVsh
00133f6c 000008d0 T shaderProgramConfigure
0013483c 000001dc t DVLE_GenerateOutmap.part.0
00134a18 000001ac T DVLB_ParseFile
00134bc4 00000050 T DVLB_Free
00134c14 00000074 T DVLE_GetUniformRegister
00134c88 00000158 t ndspUpdateMaster
00134de0 00000108 t ndspFinalize
00134ee8 0000025c t ndspInitialize.part.0
00135144 00000108 t ndspHookCallback
00135250 00000318 t ndspThreadMain
00135568 000003f0 T ndspInit
00135958 000000d8 T ndspExit
00135a30 000000e0 T ndspChnReset
00135b10 00000018 T ndspChnSetFormat
00135b28 00000050 T ndspChnSetInterp
00135b78 00000060 T ndspChnSetRate
00135bd8 00000080 T ndspChnSetMix
00135c58 000000c8 T ndspChnWaveBufAdd
00135d20 00000040 T ndspiInitChn
00135d60 0000002c T ndspiDirtyChn
00135d8c 0000043c T ndspiUpdateChn
001361c8 00000180 T ndspiReadChnState
00136348 00000180 t aptConvertScreenForCapture
001364c8 00000138 T aptSendCommand
00136600 00000044 t aptExitProcess
00136644 00000394 T aptExit
001369d8 000000d8 T aptHandleSleep
00136ab0 00000034 T aptHook
00136ae4 00000030 T aptUnhook
00136b14 00000084 T APT_SleepIfShellClosed
00136b98 00000078 T aptSetSleepAllowed
00136c10 00000084 T APT_UnlockTransition
00136c98 00000470 t aptEventHandler
00137108 000000bc T APT_ReceiveParameter
001371c4 000000b0 t aptReceiveParameter.constprop.0
00137278 00000294 t aptScreenTransfer
0013750c 000002d0 t aptWaitForWakeUp.isra.0
001377dc 000000f4 T aptJumpToHomeMenu
001378d0 00000058 T aptMainLoop
00137928 00000240 T aptInit
00137b68 0000002c T APT_SetAppCpuTimeLimit
00137b94 00000090 T APT_CheckNew3DS
00137c24 000000a8 T cfguInit
00137ccc 0000003c T cfguExit
00137d08 0000004c T CFGU_GetConfigInfoBlk2
00137d54 000000a4 t DSP_LoadComponent.part.0
00137df8 000000fc T dspInit
00137ef4 0000008c T dspExit
00137f80 00000024 T dspHook
00137fa4 00000030 T dspUnhook
00137fd4 000000b4 T aptDspSleep
00138088 000000b4 T aptDspWakeup
0013813c 00000044 T aptDspCancel
00138180 00000050 T DSP_FlushDataCache
001381d0 00000034 T DSP_SetSemaphore
00138204 00000034 T DSP_SetSemaphoreMask
00138238 00000038 T DSP_GetSemaphoreHandle
00138270 0000003c T DSP_LoadComponent
001382ac 00000044 T DSP_RegisterInterruptEvents
001382f0 00000078 T DSP_ReadPipeIfPossible
00138368 0000004c T DSP_WriteProcessPipe
001383b4 00000044 T DSP_ConvertProcessAddressFromDspDram
001383f8 00000044 T DSP_RecvData
0013843c 00000050 T DSP_RecvDataIsReady
0013848c 00000104 T fsInit
00138590 0000003c T fsExit
001385cc 00000068 T fsExemptFromSession
00138634 00000050 T fsUnexemptFromSession
00138684 000000cc T FSUSER_OpenFile
00138750 000000cc T FSUSER_OpenFileDirectly
0013881c 000000b8 T FSUSER_DeleteFile
001388d4 000000f4 T FSUSER_RenameFile
001389c8 000000b8 T FSUSER_DeleteDirectory
00138a80 000000d0 T FSUSER_CreateFile
00138b50 000000c0 T FSUSER_CreateDirectory
00138c10 000000f4 T FSUSER_RenameDirectory
00138d04 000000b4 T FSUSER_OpenDirectory
00138db8 00000090 T FSUSER_OpenArchive
00138e48 0000008c T FSUSER_CloseArchive
00138ed4 00000074 T FSUSER_GetSdmcArchiveResource
00138f48 00000064 T FSUSER_IsSdmcWritable
00138fac 00000064 T FSFILE_Read
00139010 0000006c T FSFILE_Write
0013907c 00000044 T FSFILE_GetSize
001390c0 00000028 T FSFILE_SetSize
001390e8 0000003c T FSFILE_Close
00139124 00000024 T FSFILE_Flush
00139148 00000060 T FSDIR_Read
001391a8 0000003c T FSDIR_Close
001391e4 00000c70 t gspHardwareInit
00139e54 00000288 T gspInit
0013a0dc 00000104 T gspExit
0013a1e0 00000010 T gspHasGpuRight
0013a1f0 000000a4 T gspPresentBuffer
0013a294 00000030 T gspSetEventCallback
0013a2c4 00000050 T gspWaitForEvent
0013a314 0000004c T gspWaitForAnyEvent
0013a360 00000154 t gspEventThreadMain
0013a4b4 0000012c T gspSubmitGxCommand
0013a5e0 00000050 T GSPGPU_FlushDataCache
0013a630 00000034 T GSPGPU_SetLcdForceBlack
0013a664 00000084 T GSPGPU_AcquireRight
0013a6e8 00000064 T GSPGPU_ReleaseRight
0013a74c 0000007c T GSPGPU_ImportDisplayCaptureInfo
0013a7c8 0000002c T GSPGPU_SaveVramSysArea
0013a7f4 0000002c T GSPGPU_RestoreVramSysArea
0013a820 00000024 W hidShouldUseIrrst
0013a844 000001cc T hidInit
0013aa10 000000e8 T hidExit
0013aaf8 000002a0 T hidScanInput
0013ad98 00000010 T hidKeysHeld
0013ada8 00000010 T hidKeysDown
0013adb8 000001a4 T irrstInit
0013af5c 000000dc T irrstExit
0013b038 000000b4 T irrstScanInput
0013b0ec 00000024 T irrstKeysHeld
0013b110 00000078 T ptmSysmInit
0013b188 0000003c T ptmSysmExit
0013b1c4 00000034 T PTMSYSM_ConfigureNew3DSCPU
0013b1f8 00000074 T rbtree_find
0013b26c 00000010 T rbtree_init
0013b27c 00000198 t do_insert
0013b414 00000008 T rbtree_insert
0013b41c 00000310 T rbtree_remove
0013b72c 00000090 T rbtree_rotate
0013b7bc 000000e8 T utf16_to_utf8
0013b8a4 000000c0 T utf8_to_utf16
0013b968 000001e8 W __system_allocateHeaps
0013bb50 00000038 W __libctru_init
0013bb88 0000016c W __system_initArgv
0013bcf4 00000030 T __syscall_getreent
0013bd24 00000064 T __syscall_gettod_r
0013bd88 00000004 T __syscall_lock_acquire
0013bd8c 00000004 T __syscall_lock_release
0013bd90 00000004 T __syscall_lock_acquire_recursive
0013bd94 00000004 T __syscall_lock_release_recursive
0013bd98 00000004 T __syscall_exit
0013bd9c 00000014 T __syscall_cond_broadcast
0013bdb0 00000014 T __syscall_cond_wait
0013bdc4 00000044 T __syscall_cond_wait_recursive
0013be08 00000054 T initThreadVars
0013be5c 00000080 T __system_initSyscalls
0013bedc T svcControlMemory
0013befc T svcQueryMemory
0013bf2c T svcExitProcess
0013bf34 T svcCreateThread
0013bf54 T svcExitThread
0013bf5c T svcSleepThread
0013bf64 T svcReleaseMutex
0013bf6c T svcCreateEvent
0013bf80 T svcSignalEvent
0013bf88 T svcClearEvent
0013bf90 T svcMapMemoryBlock
0013bf98 T svcUnmapMemoryBlock
0013bfa0 T svcCreateAddressArbiter
0013bfb4 T svcArbitrateAddress
0013bfcc T svcArbitrateAddressNoTimeout
0013bfd4 T svcCloseHandle
0013bfdc T svcWaitSynchronization
0013bfe4 T svcWaitSynchronizationN
0013c00c T svcDuplicateHandle
0013c020 T svcGetSystemTick
0013c028 T svcConnectToPort
0013c03c T svcSendSyncRequest
0013c044 T svcGetResourceLimit
0013c058 T svcGetResourceLimitLimitValues
0013c060 T svcGetResourceLimitCurrentValues
0013c068 T svcBreak
0013c070 T __aeabi_read_tp
0013c07c W initSystem
0013c0cc W __ctru_exit
0013c0e0 0000008c W envGetHandle
0013c16c 00000050 W envDestroyHandles
0013c1bc 00000164 T srvInit
0013c320 00000064 T srvExit
0013c384 00000060 T srvEnableNotification
0013c3e4 000000a0 T srvGetServiceHandleDirect
0013c484 00000048 T srvGetServiceHandle
0013c4cc 00000034 T srvSubscribe
0013c500 00000060 T srvReceiveNotification
0013c560 00000038 T srvPublishToSubscriber
0013c598 0000000c T __sync_init
0013c5a4 00000018 T __sync_fini
0013c5bc 00000028 T syncArbitrateAddress
0013c5e4 0000001c T LightLock_Init
0013c600 000000ac T LightLock_Lock
0013c6ac 00000040 T LightLock_Unlock
0013c6ec 00000054 T RecursiveLock_Lock
0013c740 00000054 T RecursiveLock_Unlock
0013c794 000000ec T CondVar_WaitTimeout
0013c880 00000124 T CondVar_WakeUp
0013c9a4 00000044 T LightEvent_Init
0013c9e8 000000b8 T LightEvent_Clear
0013caa0 000000dc T LightEvent_Signal
0013cb7c 00000050 T LightEvent_TryWait
0013cbcc 000000ac T LightEvent_Wait
0013cc78 000001fc T threadCreate
0013ce74 00000038 T threadFree
0013ceac 00000024 T threadJoin
0013ced0 00000030 T threadGetCurrent
0013cf00 00000040 T threadExit
0013cf40 00000020 t _thread_begin
0013cf60 00000090 t mappableFindAddressWithin
0013cff0 00000028 T mappableInit
0013d018 0000007c T mappableAlloc
0013d094 00000004 T mappableFree
0013d098 0000000c T srvPmGetSessionHandle
0013d0a4 00000060 T rbtree_node_next
0013d104 00000054 T decode_utf16
0013d158 00000140 T decode_utf8
0013d298 00000054 T encode_utf16
0013d2ec 000000e0 T encode_utf8
0013d3cc 00000030 W __appExit
0013d3fc 00000030 W __appInit
0013d42c 00000090 W __libctru_exit
0013d4bc 00000024 t error_cmp
0013d4e0 00000050 t archive_translate_error
0013d530 000000c0 t archive_seek
0013d5f0 00000078 t _archiveInit.part.0
0013d668 00000110 t archiveFindDevice.part.0
0013d778 00000298 t archive_utf16path
0013d9a3 N 
0013d9a3 N 
0013d9a3 N 
0013d9a3 N 
0013d9a3 N 
0013d9a3 N 
0013d9a3 N 
0013d9a3 N 
0013d9a3 N 
0013d9a3 N 
0013d9a3 N 
0013d9a3 N 
0013d9a3 N 
0013d9a3 N 
0013d9a3 N 
0013d9a3 N 
0013d9a3 N 
0013d9a3 N 
0013d9a3 N 
0013d9a3 N 
0013d9a3 N 
0013d9a3 N 
0013d9a3 N 
0013d9a3 N 
0013d9a3 N 
0013d9a3 N 
0013d9a3 N 
0013d9a3 N 
0013d9a3 N 
0013d9a3 N 
0013d9a3 N 
0013d9a3 N 
0013d9a3 W Korean0000XORFFMemoryRule.cpp.8e375c0f
0013da10 00000098 t _archiveUnmountDeviceStruct.part.0
0013daa8 00000178 t _archiveMountDevice
0013dc20 000000f8 t archive_diropen
0013dd18 000000ac t archive_fstat
0013ddc4 00000074 t archive_fsync
0013de38 00000074 t archive_close
0013deac 00000078 t archive_dirclose
0013df24 000000ec t sdmc_statvfs
0013e010 000000f8 t archive_chdir
0013e108 0000008c t archive_ftruncate
0013e194 000000bc t archive_read
0013e250 000000a8 t archive_unlink
0013e2f8 000000c0 t archive_rmdir
0013e3b8 000000d8 t archive_mkdir
0013e490 000001a0 t archive_stat
0013e630 00000164 t archive_dirnext
0013e794 0000013c t archive_write
0013e8d0 00000254 t archive_open
0013eb24 00000270 t archive_rename
0013ed94 000001c8 T archiveMountSdmc
0013ef5c 00000054 T archiveUnmountAll
0013efb0 00000004 T operator delete(void*)
0013efb4 00000004 T operator delete[](void*)
0013efb8 0000005c T operator new(unsigned int)
0013f014 00000004 T operator new[](unsigned int)
0013f018 0000000c W __gnu_cxx::__concurrence_lock_error::what() const
0013f024 0000000c W __gnu_cxx::__concurrence_unlock_error::what() const
0013f030 00000004 T std::locale::facet::~facet()
0013f030 00000004 T std::locale::facet::~facet()
0013f034 0000001c T std::locale::facet::~facet()
0013f050 00000020 W __gnu_cxx::__concurrence_lock_error::~__concurrence_lock_error()
0013f050 00000020 W __gnu_cxx::__concurrence_lock_error::~__concurrence_lock_error()
0013f070 00000028 W __gnu_cxx::__concurrence_lock_error::~__concurrence_lock_error()
0013f098 00000020 W __gnu_cxx::__concurrence_unlock_error::~__concurrence_unlock_error()
0013f098 00000020 W __gnu_cxx::__concurrence_unlock_error::~__concurrence_unlock_error()
0013f0b8 00000028 W __gnu_cxx::__concurrence_unlock_error::~__concurrence_unlock_error()
0013f0e0 00000020 T std::locale::facet::_S_initialize_once()
0013f100 0000002c W __gnu_cxx::__throw_concurrence_unlock_error()
0013f12c 0000003c T std::locale::locale(std::locale const&)
0013f12c 0000003c T std::locale::locale(std::locale const&)
0013f168 00000008 T std::locale::locale(std::locale::_Impl*)
0013f168 00000008 T std::locale::locale(std::locale::_Impl*)
0013f170 0000004c T std::locale::facet::_S_get_c_locale()
0013f1bc 0000000c T std::locale::facet::_S_get_c_name()
0013f1c8 000001dc T std::locale::_Impl::~_Impl()
0013f1c8 000001dc T std::locale::_Impl::~_Impl()
0013f3a4 000000b0 T std::locale::operator=(std::locale const&)
0013f454 00000078 T std::locale::~locale()
0013f454 00000078 T std::locale::~locale()
0013f4cc 000005ac T std::locale::_Impl::_M_install_facet(std::locale::id const*, std::locale::facet const*)
0013fa78 00000388 T std::locale::_Impl::_M_install_cache(std::locale::facet const*, unsigned int)
0013fe00 00000064 T std::locale::id::_M_id() const
0013fe64 00000010 T std::__basic_file<char>::__basic_file(pthread_mutex_t*)
0013fe64 00000010 T std::__basic_file<char>::__basic_file(pthread_mutex_t*)
0013fe74 00000044 T std::__basic_file<char>::~__basic_file()
0013fe74 00000044 T std::__basic_file<char>::~__basic_file()
0013feb8 00000078 T std::__basic_file<char>::open(char const*, std::_Ios_Openmode, int)
0013ff30 00000010 T std::__basic_file<char>::is_open() const
0013ff40 00000058 T std::__basic_file<char>::close()
0013ff98 00000060 T std::__basic_file<char>::xsgetn(char*, int)
0013fff8 00000074 T std::__basic_file<char>::xsputn(char const*, int)
0014006c 000000d8 T std::__basic_file<char>::xsputn_2(char const*, int, char const*, int)
00140144 00000048 T std::__basic_file<char>::seekoff(long long, std::_Ios_Seekdir)
0014018c 00000094 T std::__basic_file<char>::showmanyc()
00140220 00000034 t std::__facet_shims::(anonymous namespace)::collate_shim<char>::do_compare(char const*, char const*, char const*, char const*) const
00140254 00000060 t std::__facet_shims::(anonymous namespace)::time_get_shim<char>::do_get_year(std::istreambuf_iterator<char, std::char_traits<char> >, std::istreambuf_iterator<char, std::char_traits<char> >, std::ios_base&, std::_Ios_Iostate&, tm*) const
001402b4 00000060 t std::__facet_shims::(anonymous namespace)::time_get_shim<char>::do_get_monthname(std::istreambuf_iterator<char, std::char_traits<char> >, std::istreambuf_iterator<char, std::char_traits<char> >, std::ios_base&, std::_Ios_Iostate&, tm*) const
00140314 00000060 t std::__facet_shims::(anonymous namespace)::time_get_shim<char>::do_get_weekday(std::istreambuf_iterator<char, std::char_traits<char> >, std::istreambuf_iterator<char, std::char_traits<char> >, std::ios_base&, std::_Ios_Iostate&, tm*) const
00140374 00000060 t std::__facet_shims::(anonymous namespace)::time_get_shim<char>::do_get_date(std::istreambuf_iterator<char, std::char_traits<char> >, std::istreambuf_iterator<char, std::char_traits<char> >, std::ios_base&, std::_Ios_Iostate&, tm*) const
001403d4 00000060 t std::__facet_shims::(anonymous namespace)::time_get_shim<char>::do_get_time(std::istreambuf_iterator<char, std::char_traits<char> >, std::istreambuf_iterator<char, std::char_traits<char> >, std::ios_base&, std::_Ios_Iostate&, tm*) const
00140434 0000000c t std::__facet_shims::(anonymous namespace)::time_get_shim<char>::do_date_order() const
00140440 00000098 t std::__facet_shims::(anonymous namespace)::money_get_shim<char>::do_get(std::istreambuf_iterator<char, std::char_traits<char> >, std::istreambuf_iterator<char, std::char_traits<char> >, bool, std::ios_base&, std::_Ios_Iostate&, long double&) const
001404d8 00000054 t std::__facet_shims::(anonymous namespace)::money_put_shim<char>::do_put(std::ostreambuf_iterator<char, std::char_traits<char> >, bool, std::ios_base&, char, long double) const
0014052c 00000010 t std::__facet_shims::(anonymous namespace)::messages_shim<char>::do_close(int) const
0014053c 00000030 t std::__facet_shims::(anonymous namespace)::messages_shim<char>::do_open(std::string const&, std::locale const&) const
0014056c 00000034 t std::__facet_shims::(anonymous namespace)::collate_shim<wchar_t>::do_compare(wchar_t const*, wchar_t const*, wchar_t const*, wchar_t const*) const
001405a0 00000060 t std::__facet_shims::(anonymous namespace)::time_get_shim<wchar_t>::do_get_year(std::istreambuf_iterator<wchar_t, std::char_traits<wchar_t> >, std::istreambuf_iterator<wchar_t, std::char_traits<wchar_t> >, std::ios_base&, std::_Ios_Iostate&, tm*) const
00140600 00000060 t std::__facet_shims::(anonymous namespace)::time_get_shim<wchar_t>::do_get_monthname(std::istreambuf_iterator<wchar_t, std::char_traits<wchar_t> >, std::istreambuf_iterator<wchar_t, std::char_traits<wchar_t> >, std::ios_base&, std::_Ios_Iostate&, tm*) const
00140660 00000060 t std::__facet_shims::(anonymous namespace)::time_get_shim<wchar_t>::do_get_weekday(std::istreambuf_iterator<wchar_t, std::char_traits<wchar_t> >, std::istreambuf_iterator<wchar_t, std::char_traits<wchar_t> >, std::ios_base&, std::_Ios_Iostate&, tm*) const
001406c0 00000060 t std::__facet_shims::(anonymous namespace)::time_get_shim<wchar_t>::do_get_date(std::istreambuf_iterator<wchar_t, std::char_traits<wchar_t> >, std::istreambuf_iterator<wchar_t, std::char_traits<wchar_t> >, std::ios_base&, std::_Ios_Iostate&, tm*) const
00140720 00000060 t std::__facet_shims::(anonymous namespace)::time_get_shim<wchar_t>::do_get_time(std::istreambuf_iterator<wchar_t, std::char_traits<wchar_t> >, std::istreambuf_iterator<wchar_t, std::char_traits<wchar_t> >, std::ios_base&, std::_Ios_Iostate&, tm*) const
00140780 0000000c t std::__facet_shims::(anonymous namespace)::time_get_shim<wchar_t>::do_date_order() const
0014078c 00000098 t std::__facet_shims::(anonymous namespace)::money_get_shim<wchar_t>::do_get(std::istreambuf_iterator<wchar_t, std::char_traits<wchar_t> >, std::istreambuf_iterator<wchar_t, std::char_traits<wchar_t> >, bool, std::ios_base&, std::_Ios_Iostate&, long double&) const
00140824 00000054 t std::__facet_shims::(anonymous namespace)::money_put_shim<wchar_t>::do_put(std::ostreambuf_iterator<wchar_t, std::char_traits<wchar_t> >, bool, std::ios_base&, wchar_t, long double) const
00140878 00000010 t std::__facet_shims::(anonymous namespace)::messages_shim<wchar_t>::do_close(int) const
00140888 00000030 t std::__facet_shims::(anonymous namespace)::messages_shim<wchar_t>::do_open(std::string const&, std::locale const&) const
001408b8 000000c0 t wchar_t* std::basic_string<wchar_t, std::char_traits<wchar_t>, std::allocator<wchar_t> >::_S_construct<wchar_t const*>(wchar_t const*, wchar_t const*, std::allocator<wchar_t> const&, std::forward_iterator_tag) [clone .isra.0]
00140978 000000b8 t char* std::string::_S_construct<char const*>(char const*, char const*, std::allocator<char> const&, std::forward_iterator_tag) [clone .isra.0]
00140a30 00000058 t std::basic_string<wchar_t, std::char_traits<wchar_t>, std::allocator<wchar_t> >::~basic_string() [clone .isra.0]
00140a88 00000058 t std::basic_string<char, std::char_traits<char>, std::allocator<char> >::~basic_string() [clone .isra.0]
00140ae0 00000090 t std::__facet_shims::(anonymous namespace)::collate_shim<wchar_t>::do_transform(wchar_t const*, wchar_t const*) const
00140b70 000000ac t std::__facet_shims::(anonymous namespace)::messages_shim<wchar_t>::do_get(int, int, int, std::basic_string<wchar_t, std::char_traits<wchar_t>, std::allocator<wchar_t> > const&) const
00140c20 00000118 t std::__facet_shims::(anonymous namespace)::money_put_shim<wchar_t>::do_put(std::ostreambuf_iterator<wchar_t, std::char_traits<wchar_t> >, bool, std::ios_base&, wchar_t, std::basic_string<wchar_t, std::char_traits<wchar_t>, std::allocator<wchar_t> > const&) const
00140d38 00000118 t std::__facet_shims::(anonymous namespace)::money_put_shim<char>::do_put(std::ostreambuf_iterator<char, std::char_traits<char> >, bool, std::ios_base&, char, std::string const&) const
00140e50 00000090 t std::__facet_shims::(anonymous namespace)::collate_shim<char>::do_transform(char const*, char const*) const
00140ee0 000000ac t std::__facet_shims::(anonymous namespace)::messages_shim<char>::do_get(int, int, int, std::string const&) const
00140f8c 00000058 t void std::__facet_shims::(anonymous namespace)::__destroy_string<wchar_t>(void*)
00140fe4 00000058 t void std::__facet_shims::(anonymous namespace)::__destroy_string<char>(void*)
0014103c 0000005c t std::__facet_shims::(anonymous namespace)::messages_shim<char>::~messages_shim()
0014103c 0000005c t std::__facet_shims::(anonymous namespace)::messages_shim<char>::~messages_shim()
00141098 0000005c t std::__facet_shims::(anonymous namespace)::messages_shim<wchar_t>::~messages_shim()
00141098 0000005c t std::__facet_shims::(anonymous namespace)::messages_shim<wchar_t>::~messages_shim()
001410f4 00000068 t std::__facet_shims::(anonymous namespace)::money_get_shim<char>::~money_get_shim()
001410f4 00000068 t std::__facet_shims::(anonymous namespace)::money_get_shim<char>::~money_get_shim()
0014115c 00000068 t std::__facet_shims::(anonymous namespace)::money_put_shim<char>::~money_put_shim()
0014115c 00000068 t std::__facet_shims::(anonymous namespace)::money_put_shim<char>::~money_put_shim()
001411c4 00000068 t std::__facet_shims::(anonymous namespace)::money_get_shim<wchar_t>::~money_get_shim()
001411c4 00000068 t std::__facet_shims::(anonymous namespace)::money_get_shim<wchar_t>::~money_get_shim()
0014122c 00000068 t std::__facet_shims::(anonymous namespace)::money_put_shim<wchar_t>::~money_put_shim()
0014122c 00000068 t std::__facet_shims::(anonymous namespace)::money_put_shim<wchar_t>::~money_put_shim()
00141294 00000068 t std::__facet_shims::(anonymous namespace)::time_get_shim<char>::~time_get_shim()
00141294 00000068 t std::__facet_shims::(anonymous namespace)::time_get_shim<char>::~time_get_shim()
001412fc 00000068 t std::__facet_shims::(anonymous namespace)::time_get_shim<wchar_t>::~time_get_shim()
001412fc 00000068 t std::__facet_shims::(anonymous namespace)::time_get_shim<wchar_t>::~time_get_shim()
00141364 00000064 t std::__facet_shims::(anonymous namespace)::messages_shim<char>::~messages_shim()
001413c8 00000064 t std::__facet_shims::(anonymous namespace)::messages_shim<wchar_t>::~messages_shim()
0014142c 00000068 t std::__facet_shims::(anonymous namespace)::numpunct_shim<char>::~numpunct_shim()
0014142c 00000068 t std::__facet_shims::(anonymous namespace)::numpunct_shim<char>::~numpunct_shim()
00141494 00000068 t std::__facet_shims::(anonymous namespace)::numpunct_shim<wchar_t>::~numpunct_shim()
00141494 00000068 t std::__facet_shims::(anonymous namespace)::numpunct_shim<wchar_t>::~numpunct_shim()
001414fc 00000070 t std::__facet_shims::(anonymous namespace)::money_get_shim<char>::~money_get_shim()
0014156c 00000070 t std::__facet_shims::(anonymous namespace)::money_put_shim<char>::~money_put_shim()
001415dc 00000070 t std::__facet_shims::(anonymous namespace)::money_get_shim<wchar_t>::~money_get_shim()
0014164c 00000070 t std::__facet_shims::(anonymous namespace)::money_put_shim<wchar_t>::~money_put_shim()
001416bc 00000070 t std::__facet_shims::(anonymous namespace)::time_get_shim<char>::~time_get_shim()
0014172c 00000070 t std::__facet_shims::(anonymous namespace)::time_get_shim<wchar_t>::~time_get_shim()
0014179c 00000070 t std::__facet_shims::(anonymous namespace)::collate_shim<char>::~collate_shim()
0014179c 00000070 t std::__facet_shims::(anonymous namespace)::collate_shim<char>::~collate_shim()
0014180c 00000070 t std::__facet_shims::(anonymous namespace)::collate_shim<wchar_t>::~collate_shim()
0014180c 00000070 t std::__facet_shims::(anonymous namespace)::collate_shim<wchar_t>::~collate_shim()
0014187c 00000070 t std::__facet_shims::(anonymous namespace)::numpunct_shim<char>::~numpunct_shim()
001418ec 00000070 t std::__facet_shims::(anonymous namespace)::numpunct_shim<wchar_t>::~numpunct_shim()
0014195c 00000078 t std::__facet_shims::(anonymous namespace)::collate_shim<char>::~collate_shim()
001419d4 00000078 t std::__facet_shims::(anonymous namespace)::collate_shim<wchar_t>::~collate_shim()
00141a4c 00000074 t std::__facet_shims::(anonymous namespace)::moneypunct_shim<char, true>::~moneypunct_shim()
00141a4c 00000074 t std::__facet_shims::(anonymous namespace)::moneypunct_shim<char, true>::~moneypunct_shim()
00141ac0 00000074 t std::__facet_shims::(anonymous namespace)::moneypunct_shim<char, false>::~moneypunct_shim()
00141ac0 00000074 t std::__facet_shims::(anonymous namespace)::moneypunct_shim<char, false>::~moneypunct_shim()
00141b34 00000074 t std::__facet_shims::(anonymous namespace)::moneypunct_shim<wchar_t, true>::~moneypunct_shim()
00141b34 00000074 t std::__facet_shims::(anonymous namespace)::moneypunct_shim<wchar_t, true>::~moneypunct_shim()
00141ba8 00000074 t std::__facet_shims::(anonymous namespace)::moneypunct_shim<wchar_t, false>::~moneypunct_shim()
00141ba8 00000074 t std::__facet_shims::(anonymous namespace)::moneypunct_shim<wchar_t, false>::~moneypunct_shim()
00141c1c 0000007c t std::__facet_shims::(anonymous namespace)::moneypunct_shim<char, true>::~moneypunct_shim()
00141c98 0000007c t std::__facet_shims::(anonymous namespace)::moneypunct_shim<char, false>::~moneypunct_shim()
00141d14 0000007c t std::__facet_shims::(anonymous namespace)::moneypunct_shim<wchar_t, true>::~moneypunct_shim()
00141d90 0000007c t std::__facet_shims::(anonymous namespace)::moneypunct_shim<wchar_t, false>::~moneypunct_shim()
00141e0c 00000148 t std::__facet_shims::(anonymous namespace)::money_get_shim<wchar_t>::do_get(std::istreambuf_iterator<wchar_t, std::char_traits<wchar_t> >, std::istreambuf_iterator<wchar_t, std::char_traits<wchar_t> >, bool, std::ios_base&, std::_Ios_Iostate&, std::basic_string<wchar_t, std::char_traits<wchar_t>, std::allocator<wchar_t> >&) const
00141f54 00000148 t std::__facet_shims::(anonymous namespace)::money_get_shim<char>::do_get(std::istreambuf_iterator<char, std::char_traits<char> >, std::istreambuf_iterator<char, std::char_traits<char> >, bool, std::ios_base&, std::_Ios_Iostate&, std::string&) const
0014209c 00000034 W std::locale::facet::_M_remove_reference() const
001420d0 0000022c W void std::__facet_shims::__numpunct_fill_cache<char>(std::integral_constant<bool, false>, std::locale::facet const*, std::__numpunct_cache<char>*)
001422fc 00000258 W void std::__facet_shims::__numpunct_fill_cache<wchar_t>(std::integral_constant<bool, false>, std::locale::facet const*, std::__numpunct_cache<wchar_t>*)
00142554 00000060 W int std::__facet_shims::__collate_compare<char>(std::integral_constant<bool, false>, std::locale::facet const*, char const*, char const*, char const*, char const*)
001425b4 00000060 W int std::__facet_shims::__collate_compare<wchar_t>(std::integral_constant<bool, false>, std::locale::facet const*, wchar_t const*, wchar_t const*, wchar_t const*, wchar_t const*)
00142614 00000194 W void std::__facet_shims::__collate_transform<char>(std::integral_constant<bool, false>, std::locale::facet const*, std::__facet_shims::__any_string&, char const*, char const*)
001427a8 00000194 W void std::__facet_shims::__collate_transform<wchar_t>(std::integral_constant<bool, false>, std::locale::facet const*, std::__facet_shims::__any_string&, wchar_t const*, wchar_t const*)
0014293c 00000314 W void std::__facet_shims::__moneypunct_fill_cache<char, true>(std::integral_constant<bool, false>, std::locale::facet const*, std::__moneypunct_cache<char, true>*)
00142c50 00000314 W void std::__facet_shims::__moneypunct_fill_cache<char, false>(std::integral_constant<bool, false>, std::locale::facet const*, std::__moneypunct_cache<char, false>*)
00142f64 00000350 W void std::__facet_shims::__moneypunct_fill_cache<wchar_t, true>(std::integral_constant<bool, false>, std::locale::facet const*, std::__moneypunct_cache<wchar_t, true>*)
001432b4 00000350 W void std::__facet_shims::__moneypunct_fill_cache<wchar_t, false>(std::integral_constant<bool, false>, std::locale::facet const*, std::__moneypunct_cache<wchar_t, false>*)
00143604 000000d0 W int std::__facet_shims::__messages_open<char>(std::integral_constant<bool, false>, std::locale::facet const*, char const*, unsigned int, std::locale const&)
001436d4 000000d0 W int std::__facet_shims::__messages_open<wchar_t>(std::integral_constant<bool, false>, std::locale::facet const*, char const*, unsigned int, std::locale const&)
001437a4 00000230 W void std::__facet_shims::__messages_get<char>(std::integral_constant<bool, false>, std::locale::facet const*, std::__facet_shims::__any_string&, int, int, int, char const*, unsigned int)
001439d4 00000230 W void std::__facet_shims::__messages_get<wchar_t>(std::integral_constant<bool, false>, std::locale::facet const*, std::__facet_shims::__any_string&, int, int, int, wchar_t const*, unsigned int)
00143c04 00000044 W void std::__facet_shims::__messages_close<char>(std::integral_constant<bool, false>, std::locale::facet const*, int)
00143c48 00000044 W void std::__facet_shims::__messages_close<wchar_t>(std::integral_constant<bool, false>, std::locale::facet const*, int)
00143c8c 0000002c W std::time_base::dateorder std::__facet_shims::__time_get_dateorder<char>(std::integral_constant<bool, false>, std::locale::facet const*)
00143cb8 0000002c W std::time_base::dateorder std::__facet_shims::__time_get_dateorder<wchar_t>(std::integral_constant<bool, false>, std::locale::facet const*)
00143ce4 0000023c W std::istreambuf_iterator<char, std::char_traits<char> > std::__facet_shims::__time_get<char>(std::integral_constant<bool, false>, std::locale::facet const*, std::istreambuf_iterator<char, std::char_traits<char> >, std::istreambuf_iterator<char, std::char_traits<char> >, std::ios_base&, std::_Ios_Iostate&, tm*, char)
00143f20 0000023c W std::istreambuf_iterator<wchar_t, std::char_traits<wchar_t> > std::__facet_shims::__time_get<wchar_t>(std::integral_constant<bool, false>, std::locale::facet const*, std::istreambuf_iterator<wchar_t, std::char_traits<wchar_t> >, std::istreambuf_iterator<wchar_t, std::char_traits<wchar_t> >, std::ios_base&, std::_Ios_Iostate&, tm*, char)
0014415c 000003c4 W std::istreambuf_iterator<char, std::char_traits<char> > std::__facet_shims::__money_get<char>(std::integral_constant<bool, false>, std::locale::facet const*, std::istreambuf_iterator<char, std::char_traits<char> >, std::istreambuf_iterator<char, std::char_traits<char> >, bool, std::ios_base&, std::_Ios_Iostate&, long double*, std::__facet_shims::__any_string*)
00144520 000003c4 W std::istreambuf_iterator<wchar_t, std::char_traits<wchar_t> > std::__facet_shims::__money_get<wchar_t>(std::integral_constant<bool, false>, std::locale::facet const*, std::istreambuf_iterator<wchar_t, std::char_traits<wchar_t> >, std::istreambuf_iterator<wchar_t, std::char_traits<wchar_t> >, bool, std::ios_base&, std::_Ios_Iostate&, long double*, std::__facet_shims::__any_string*)
001448e8 00000264 W std::ostreambuf_iterator<char, std::char_traits<char> > std::__facet_shims::__money_put<char>(std::integral_constant<bool, false>, std::locale::facet const*, std::ostreambuf_iterator<char, std::char_traits<char> >, bool, std::ios_base&, char, long double, std::__facet_shims::__any_string const*)
00144b50 00000274 W std::ostreambuf_iterator<wchar_t, std::char_traits<wchar_t> > std::__facet_shims::__money_put<wchar_t>(std::integral_constant<bool, false>, std::locale::facet const*, std::ostreambuf_iterator<wchar_t, std::char_traits<wchar_t> >, bool, std::ios_base&, wchar_t, long double, std::__facet_shims::__any_string const*)
00144dc4 00000a0c T std::locale::facet::_M_cow_shim(std::locale::id const*) const
001457d0 00000088 W std::string::copy(char*, unsigned int, unsigned int) const
00145858 00000034 W std::string::swap(std::string&)
0014588c 0000005c W std::string::find_first_not_of(char, unsigned int) const
001458e8 00000088 W std::string::_Rep::_S_create(unsigned int, unsigned int, std::allocator<char> const&)
00145970 00000084 W std::string::_S_construct(unsigned int, char, std::allocator<char> const&)
001459f4 00000004 W std::string::_Rep::_M_destroy(std::allocator<char> const&)
001459f8 000001a8 W std::string::_M_mutate(unsigned int, unsigned int, unsigned int)
00145ba0 00000048 W std::string::_M_leak_hard()
00145be8 0000001c W std::string::_M_leak()
00145c04 0000006c W std::string::_M_replace_aux(unsigned int, unsigned int, unsigned int, char)
00145c70 0000005c W std::string::_M_replace_safe(unsigned int, unsigned int, char const*, unsigned int)
00145ccc 000000f4 W std::string::assign(char const*, unsigned int)
00145dc0 00000090 W std::string::_Rep::_M_clone(std::allocator<char> const&, unsigned int)
00145e50 000000b4 W std::string::reserve(unsigned int)
00145f04 000000c8 W std::string::append(std::string const&)
00145fcc 0000012c W std::string::append(char const*, unsigned int)
001460f8 000000d4 W std::string::append(unsigned int, char)
001461cc 00000048 W std::string::resize(unsigned int, char)
00146214 00000080 W std::string::push_back(char)
00146294 00000088 W std::basic_string<wchar_t, std::char_traits<wchar_t>, std::allocator<wchar_t> >::copy(wchar_t*, unsigned int, unsigned int) const
0014631c 00000034 W std::basic_string<wchar_t, std::char_traits<wchar_t>, std::allocator<wchar_t> >::swap(std::basic_string<wchar_t, std::char_traits<wchar_t>, std::allocator<wchar_t> >&)
00146350 000000a0 W std::basic_string<wchar_t, std::char_traits<wchar_t>, std::allocator<wchar_t> >::_Rep::_S_create(unsigned int, unsigned int, std::allocator<wchar_t> const&)
001463f0 00000090 W std::basic_string<wchar_t, std::char_traits<wchar_t>, std::allocator<wchar_t> >::_S_construct(unsigned int, wchar_t, std::allocator<wchar_t> const&)
00146480 00000004 W std::basic_string<wchar_t, std::char_traits<wchar_t>, std::allocator<wchar_t> >::_Rep::_M_destroy(std::allocator<wchar_t> const&)
00146484 000001b8 W std::basic_string<wchar_t, std::char_traits<wchar_t>, std::allocator<wchar_t> >::_M_mutate(unsigned int, unsigned int, unsigned int)
0014663c 00000048 W std::basic_string<wchar_t, std::char_traits<wchar_t>, std::allocator<wchar_t> >::_M_leak_hard()
00146684 00000074 W std::basic_string<wchar_t, std::char_traits<wchar_t>, std::allocator<wchar_t> >::_M_replace_aux(unsigned int, unsigned int, unsigned int, wchar_t)
001466f8 0000005c W std::basic_string<wchar_t, std::char_traits<wchar_t>, std::allocator<wchar_t> >::_M_replace_safe(unsigned int, unsigned int, wchar_t const*, unsigned int)
00146754 000000f4 W std::basic_string<wchar_t, std::char_traits<wchar_t>, std::allocator<wchar_t> >::assign(wchar_t const*, unsigned int)
00146848 00000090 W std::basic_string<wchar_t, std::char_traits<wchar_t>, std::allocator<wchar_t> >::_Rep::_M_clone(std::allocator<wchar_t> const&, unsigned int)
001468d8 000000b4 W std::basic_string<wchar_t, std::char_traits<wchar_t>, std::allocator<wchar_t> >::reserve(unsigned int)
0014698c 000000c8 W std::basic_string<wchar_t, std::char_traits<wchar_t>, std::allocator<wchar_t> >::append(std::basic_string<wchar_t, std::char_traits<wchar_t>, std::allocator<wchar_t> > const&)
00146a54 0000011c W std::basic_string<wchar_t, std::char_traits<wchar_t>, std::allocator<wchar_t> >::append(wchar_t const*, unsigned int)
00146b70 000000d4 W std::basic_string<wchar_t, std::char_traits<wchar_t>, std::allocator<wchar_t> >::append(unsigned int, wchar_t)
00146c44 00000048 W std::basic_string<wchar_t, std::char_traits<wchar_t>, std::allocator<wchar_t> >::resize(unsigned int, wchar_t)
00146c8c 00000074 W std::basic_string<wchar_t, std::char_traits<wchar_t>, std::allocator<wchar_t> >::push_back(wchar_t)
00146d00 00000034 t std::__facet_shims::(anonymous namespace)::collate_shim<char>::do_compare(char const*, char const*, char const*, char const*) const
00146d34 00000060 t std::__facet_shims::(anonymous namespace)::time_get_shim<char>::do_get_year(std::istreambuf_iterator<char, std::char_traits<char> >, std::istreambuf_iterator<char, std::char_traits<char> >, std::ios_base&, std::_Ios_Iostate&, tm*) const
00146d94 00000060 t std::__facet_shims::(anonymous namespace)::time_get_shim<char>::do_get_monthname(std::istreambuf_iterator<char, std::char_traits<char> >, std::istreambuf_iterator<char, std::char_traits<char> >, std::ios_base&, std::_Ios_Iostate&, tm*) const
00146df4 00000060 t std::__facet_shims::(anonymous namespace)::time_get_shim<char>::do_get_weekday(std::istreambuf_iterator<char, std::char_traits<char> >, std::istreambuf_iterator<char, std::char_traits<char> >, std::ios_base&, std::_Ios_Iostate&, tm*) const
00146e54 00000060 t std::__facet_shims::(anonymous namespace)::time_get_shim<char>::do_get_date(std::istreambuf_iterator<char, std::char_traits<char> >, std::istreambuf_iterator<char, std::char_traits<char> >, std::ios_base&, std::_Ios_Iostate&, tm*) const
00146eb4 00000060 t std::__facet_shims::(anonymous namespace)::time_get_shim<char>::do_get_time(std::istreambuf_iterator<char, std::char_traits<char> >, std::istreambuf_iterator<char, std::char_traits<char> >, std::ios_base&, std::_Ios_Iostate&, tm*) const
00146f14 0000000c t std::__facet_shims::(anonymous namespace)::time_get_shim<char>::do_date_order() const
00146f20 00000098 t std::__facet_shims::(anonymous namespace)::money_get_shim<char>::do_get(std::istreambuf_iterator<char, std::char_traits<char> >, std::istreambuf_iterator<char, std::char_traits<char> >, bool, std::ios_base&, std::_Ios_Iostate&, long double&) const
00146fb8 00000054 t std::__facet_shims::(anonymous namespace)::money_put_shim<char>::do_put(std::ostreambuf_iterator<char, std::char_traits<char> >, bool, std::ios_base&, char, long double) const
0014700c 00000010 t std::__facet_shims::(anonymous namespace)::messages_shim<char>::do_close(int) const
0014701c 0000002c t std::__facet_shims::(anonymous namespace)::messages_shim<char>::do_open(std::__cxx11::basic_string<char, std::char_traits<char>, std::allocator<char> > const&, std::locale const&) const
00147048 00000034 t std::__facet_shims::(anonymous namespace)::collate_shim<wchar_t>::do_compare(wchar_t const*, wchar_t const*, wchar_t const*, wchar_t const*) const
0014707c 00000060 t std::__facet_shims::(anonymous namespace)::time_get_shim<wchar_t>::do_get_year(std::istreambuf_iterator<wchar_t, std::char_traits<wchar_t> >, std::istreambuf_iterator<wchar_t, std::char_traits<wchar_t> >, std::ios_base&, std::_Ios_Iostate&, tm*) const
001470dc 00000060 t std::__facet_shims::(anonymous namespace)::time_get_shim<wchar_t>::do_get_monthname(std::istreambuf_iterator<wchar_t, std::char_traits<wchar_t> >, std::istreambuf_iterator<wchar_t, std::char_traits<wchar_t> >, std::ios_base&, std::_Ios_Iostate&, tm*) const
0014713c 00000060 t std::__facet_shims::(anonymous namespace)::time_get_shim<wchar_t>::do_get_weekday(std::istreambuf_iterator<wchar_t, std::char_traits<wchar_t> >, std::istreambuf_iterator<wchar_t, std::char_traits<wchar_t> >, std::ios_base&, std::_Ios_Iostate&, tm*) const
0014719c 00000060 t std::__facet_shims::(anonymous namespace)::time_get_shim<wchar_t>::do_get_date(std::istreambuf_iterator<wchar_t, std::char_traits<wchar_t> >, std::istreambuf_iterator<wchar_t, std::char_traits<wchar_t> >, std::ios_base&, std::_Ios_Iostate&, tm*) const
001471fc 00000060 t std::__facet_shims::(anonymous namespace)::time_get_shim<wchar_t>::do_get_time(std::istreambuf_iterator<wchar_t, std::char_traits<wchar_t> >, std::istreambuf_iterator<wchar_t, std::char_traits<wchar_t> >, std::ios_base&, std::_Ios_Iostate&, tm*) const
0014725c 0000000c t std::__facet_shims::(anonymous namespace)::time_get_shim<wchar_t>::do_date_order() const
00147268 00000098 t std::__facet_shims::(anonymous namespace)::money_get_shim<wchar_t>::do_get(std::istreambuf_iterator<wchar_t, std::char_traits<wchar_t> >, std::istreambuf_iterator<wchar_t, std::char_traits<wchar_t> >, bool, std::ios_base&, std::_Ios_Iostate&, long double&) const
00147300 00000054 t std::__facet_shims::(anonymous namespace)::money_put_shim<wchar_t>::do_put(std::ostreambuf_iterator<wchar_t, std::char_traits<wchar_t> >, bool, std::ios_base&, wchar_t, long double) const
00147354 00000010 t std::__facet_shims::(anonymous namespace)::messages_shim<wchar_t>::do_close(int) const
00147364 0000002c t std::__facet_shims::(anonymous namespace)::messages_shim<wchar_t>::do_open(std::__cxx11::basic_string<char, std::char_traits<char>, std::allocator<char> > const&, std::locale const&) const
00147390 00000094 t void std::__cxx11::basic_string<char, std::char_traits<char>, std::allocator<char> >::_M_construct<char const*>(char const*, char const*, std::forward_iterator_tag) [clone .isra.0]
00147424 00000098 t void std::__cxx11::basic_string<wchar_t, std::char_traits<wchar_t>, std::allocator<wchar_t> >::_M_construct<wchar_t const*>(wchar_t const*, wchar_t const*, std::forward_iterator_tag) [clone .isra.0]
001474bc 000000bc t std::__facet_shims::(anonymous namespace)::collate_shim<wchar_t>::do_transform(wchar_t const*, wchar_t const*) const
00147578 000000d4 t std::__facet_shims::(anonymous namespace)::messages_shim<wchar_t>::do_get(int, int, int, std::__cxx11::basic_string<wchar_t, std::char_traits<wchar_t>, std::allocator<wchar_t> > const&) const
00147650 000000bc t std::__facet_shims::(anonymous namespace)::money_put_shim<char>::do_put(std::ostreambuf_iterator<char, std::char_traits<char> >, bool, std::ios_base&, char, std::__cxx11::basic_string<char, std::char_traits<char>, std::allocator<char> > const&) const
00147710 000000bc t std::__facet_shims::(anonymous namespace)::money_put_shim<wchar_t>::do_put(std::ostreambuf_iterator<wchar_t, std::char_traits<wchar_t> >, bool, std::ios_base&, wchar_t, std::__cxx11::basic_string<wchar_t, std::char_traits<wchar_t>, std::allocator<wchar_t> > const&) const
001477cc 000000bc t std::__facet_shims::(anonymous namespace)::collate_shim<char>::do_transform(char const*, char const*) const
00147888 000000d4 t std::__facet_shims::(anonymous namespace)::messages_shim<char>::do_get(int, int, int, std::__cxx11::basic_string<char, std::char_traits<char>, std::allocator<char> > const&) const
0014795c 00000014 t void std::__facet_shims::(anonymous namespace)::__destroy_string<wchar_t>(void*)
00147970 00000014 t void std::__facet_shims::(anonymous namespace)::__destroy_string<char>(void*)
00147984 0000005c t std::__facet_shims::(anonymous namespace)::messages_shim<char>::~messages_shim()
00147984 0000005c t std::__facet_shims::(anonymous namespace)::messages_shim<char>::~messages_shim()
001479e0 0000005c t std::__facet_shims::(anonymous namespace)::messages_shim<wchar_t>::~messages_shim()
001479e0 0000005c t std::__facet_shims::(anonymous namespace)::messages_shim<wchar_t>::~messages_shim()
00147a3c 00000068 t std::__facet_shims::(anonymous namespace)::money_get_shim<char>::~money_get_shim()
00147a3c 00000068 t std::__facet_shims::(anonymous namespace)::money_get_shim<char>::~money_get_shim()
00147aa4 00000068 t std::__facet_shims::(anonymous namespace)::money_put_shim<char>::~money_put_shim()
00147aa4 00000068 t std::__facet_shims::(anonymous namespace)::money_put_shim<char>::~money_put_shim()
00147b0c 00000068 t std::__facet_shims::(anonymous namespace)::money_get_shim<wchar_t>::~money_get_shim()
00147b0c 00000068 t std::__facet_shims::(anonymous namespace)::money_get_shim<wchar_t>::~money_get_shim()
00147b74 00000068 t std::__facet_shims::(anonymous namespace)::money_put_shim<wchar_t>::~money_put_shim()
00147b74 00000068 t std::__facet_shims::(anonymous namespace)::money_put_shim<wchar_t>::~money_put_shim()
00147bdc 00000068 t std::__facet_shims::(anonymous namespace)::time_get_shim<char>::~time_get_shim()
00147bdc 00000068 t std::__facet_shims::(anonymous namespace)::time_get_shim<char>::~time_get_shim()
00147c44 00000068 t std::__facet_shims::(anonymous namespace)::time_get_shim<wchar_t>::~time_get_shim()
00147c44 00000068 t std::__facet_shims::(anonymous namespace)::time_get_shim<wchar_t>::~time_get_shim()
00147cac 00000064 t std::__facet_shims::(anonymous namespace)::messages_shim<char>::~messages_shim()
00147d10 00000064 t std::__facet_shims::(anonymous namespace)::messages_shim<wchar_t>::~messages_shim()
00147d74 00000068 t std::__facet_shims::(anonymous namespace)::numpunct_shim<char>::~numpunct_shim()
00147d74 00000068 t std::__facet_shims::(anonymous namespace)::numpunct_shim<char>::~numpunct_shim()
00147ddc 00000068 t std::__facet_shims::(anonymous namespace)::numpunct_shim<wchar_t>::~numpunct_shim()
00147ddc 00000068 t std::__facet_shims::(anonymous namespace)::numpunct_shim<wchar_t>::~numpunct_shim()
00147e44 00000070 t std::__facet_shims::(anonymous namespace)::money_get_shim<char>::~money_get_shim()
00147eb4 00000070 t std::__facet_shims::(anonymous namespace)::money_put_shim<char>::~money_put_shim()
00147f24 00000070 t std::__facet_shims::(anonymous namespace)::money_get_shim<wchar_t>::~money_get_shim()
00147f94 00000070 t std::__facet_shims::(anonymous namespace)::money_put_shim<wchar_t>::~money_put_shim()
00148004 00000070 t std::__facet_shims::(anonymous namespace)::time_get_shim<char>::~time_get_shim()
00148074 00000070 t std::__facet_shims::(anonymous namespace)::time_get_shim<wchar_t>::~time_get_shim()
001480e4 00000070 t std::__facet_shims::(anonymous namespace)::collate_shim<char>::~collate_shim()
001480e4 00000070 t std::__facet_shims::(anonymous namespace)::collate_shim<char>::~collate_shim()
00148154 00000070 t std::__facet_shims::(anonymous namespace)::collate_shim<wchar_t>::~collate_shim()
00148154 00000070 t std::__facet_shims::(anonymous namespace)::collate_shim<wchar_t>::~collate_shim()
001481c4 00000070 t std::__facet_shims::(anonymous namespace)::numpunct_shim<char>::~numpunct_shim()
00148234 00000070 t std::__facet_shims::(anonymous namespace)::numpunct_shim<wchar_t>::~numpunct_shim()
001482a4 00000078 t std::__facet_shims::(anonymous namespace)::collate_shim<char>::~collate_shim()
0014831c 00000078 t std::__facet_shims::(anonymous namespace)::collate_shim<wchar_t>::~collate_shim()
00148394 00000074 t std::__facet_shims::(anonymous namespace)::moneypunct_shim<char, true>::~moneypunct_shim()
00148394 00000074 t std::__facet_shims::(anonymous namespace)::moneypunct_shim<char, true>::~moneypunct_shim()
00148408 00000074 t std::__facet_shims::(anonymous namespace)::moneypunct_shim<char, false>::~moneypunct_shim()
00148408 00000074 t std::__facet_shims::(anonymous namespace)::moneypunct_shim<char, false>::~moneypunct_shim()
0014847c 00000074 t std::__facet_shims::(anonymous namespace)::moneypunct_shim<wchar_t, true>::~moneypunct_shim()
0014847c 00000074 t std::__facet_shims::(anonymous namespace)::moneypunct_shim<wchar_t, true>::~moneypunct_shim()
001484f0 00000074 t std::__facet_shims::(anonymous namespace)::moneypunct_shim<wchar_t, false>::~moneypunct_shim()
001484f0 00000074 t std::__facet_shims::(anonymous namespace)::moneypunct_shim<wchar_t, false>::~moneypunct_shim()
00148564 0000007c t std::__facet_shims::(anonymous namespace)::moneypunct_shim<char, true>::~moneypunct_shim()
001485e0 0000007c t std::__facet_shims::(anonymous namespace)::moneypunct_shim<char, false>::~moneypunct_shim()
0014865c 0000007c t std::__facet_shims::(anonymous namespace)::moneypunct_shim<wchar_t, true>::~moneypunct_shim()
001486d8 0000007c t std::__facet_shims::(anonymous namespace)::moneypunct_shim<wchar_t, false>::~moneypunct_shim()
00148754 000001e0 t std::__facet_shims::(anonymous namespace)::money_get_shim<wchar_t>::do_get(std::istreambuf_iterator<wchar_t, std::char_traits<wchar_t> >, std::istreambuf_iterator<wchar_t, std::char_traits<wchar_t> >, bool, std::ios_base&, std::_Ios_Iostate&, std::__cxx11::basic_string<wchar_t, std::char_traits<wchar_t>, std::allocator<wchar_t> >&) const
00148934 00000264 t std::__facet_shims::(anonymous namespace)::money_get_shim<char>::do_get(std::istreambuf_iterator<char, std::char_traits<char> >, std::istreambuf_iterator<char, std::char_traits<char> >, bool, std::ios_base&, std::_Ios_Iostate&, std::__cxx11::basic_string<char, std::char_traits<char>, std::allocator<char> >&) const
00148b98 00000180 W void std::__facet_shims::__numpunct_fill_cache<char>(std::integral_constant<bool, true>, std::locale::facet const*, std::__numpunct_cache<char>*)
00148d18 000001a8 W void std::__facet_shims::__numpunct_fill_cache<wchar_t>(std::integral_constant<bool, true>, std::locale::facet const*, std::__numpunct_cache<wchar_t>*)
00148ec0 00000060 W int std::__facet_shims::__collate_compare<char>(std::integral_constant<bool, true>, std::locale::facet const*, char const*, char const*, char const*, char const*)
00148f20 00000060 W int std::__facet_shims::__collate_compare<wchar_t>(std::integral_constant<bool, true>, std::locale::facet const*, wchar_t const*, wchar_t const*, wchar_t const*, wchar_t const*)
00148f80 00000144 W void std::__facet_shims::__collate_transform<char>(std::integral_constant<bool, true>, std::locale::facet const*, std::__facet_shims::__any_string&, char const*, char const*)
001490c4 00000144 W void std::__facet_shims::__collate_transform<wchar_t>(std::integral_constant<bool, true>, std::locale::facet const*, std::__facet_shims::__any_string&, wchar_t const*, wchar_t const*)
00149208 00000230 W void std::__facet_shims::__moneypunct_fill_cache<char, true>(std::integral_constant<bool, true>, std::locale::facet const*, std::__moneypunct_cache<char, true>*)
00149438 00000230 W void std::__facet_shims::__moneypunct_fill_cache<char, false>(std::integral_constant<bool, true>, std::locale::facet const*, std::__moneypunct_cache<char, false>*)
00149668 00000268 W void std::__facet_shims::__moneypunct_fill_cache<wchar_t, true>(std::integral_constant<bool, true>, std::locale::facet const*, std::__moneypunct_cache<wchar_t, true>*)
001498d0 00000268 W void std::__facet_shims::__moneypunct_fill_cache<wchar_t, false>(std::integral_constant<bool, true>, std::locale::facet const*, std::__moneypunct_cache<wchar_t, false>*)
00149b38 000000bc W int std::__facet_shims::__messages_open<char>(std::integral_constant<bool, true>, std::locale::facet const*, char const*, unsigned int, std::locale const&)
00149bf4 000000bc W int std::__facet_shims::__messages_open<wchar_t>(std::integral_constant<bool, true>, std::locale::facet const*, char const*, unsigned int, std::locale const&)
00149cb0 000001d0 W void std::__facet_shims::__messages_get<char>(std::integral_constant<bool, true>, std::locale::facet const*, std::__facet_shims::__any_string&, int, int, int, char const*, unsigned int)
00149e80 000001d0 W void std::__facet_shims::__messages_get<wchar_t>(std::integral_constant<bool, true>, std::locale::facet const*, std::__facet_shims::__any_string&, int, int, int, wchar_t const*, unsigned int)
0014a050 00000044 W void std::__facet_shims::__messages_close<char>(std::integral_constant<bool, true>, std::locale::facet const*, int)
0014a094 00000044 W void std::__facet_shims::__messages_close<wchar_t>(std::integral_constant<bool, true>, std::locale::facet const*, int)
0014a0d8 0000002c W std::time_base::dateorder std::__facet_shims::__time_get_dateorder<char>(std::integral_constant<bool, true>, std::locale::facet const*)
0014a104 0000002c W std::time_base::dateorder std::__facet_shims::__time_get_dateorder<wchar_t>(std::integral_constant<bool, true>, std::locale::facet const*)
0014a130 0000023c W std::istreambuf_iterator<char, std::char_traits<char> > std::__facet_shims::__time_get<char>(std::integral_constant<bool, true>, std::locale::facet const*, std::istreambuf_iterator<char, std::char_traits<char> >, std::istreambuf_iterator<char, std::char_traits<char> >, std::ios_base&, std::_Ios_Iostate&, tm*, char)
0014a36c 0000023c W std::istreambuf_iterator<wchar_t, std::char_traits<wchar_t> > std::__facet_shims::__time_get<wchar_t>(std::integral_constant<bool, true>, std::locale::facet const*, std::istreambuf_iterator<wchar_t, std::char_traits<wchar_t> >, std::istreambuf_iterator<wchar_t, std::char_traits<wchar_t> >, std::ios_base&, std::_Ios_Iostate&, tm*, char)
0014a5a8 00000210 W std::istreambuf_iterator<char, std::char_traits<char> > std::__facet_shims::__money_get<char>(std::integral_constant<bool, true>, std::locale::facet const*, std::istreambuf_iterator<char, std::char_traits<char> >, std::istreambuf_iterator<char, std::char_traits<char> >, bool, std::ios_base&, std::_Ios_Iostate&, long double*, std::__facet_shims::__any_string*)
0014a7b8 0000020c W std::istreambuf_iterator<wchar_t, std::char_traits<wchar_t> > std::__facet_shims::__money_get<wchar_t>(std::integral_constant<bool, true>, std::locale::facet const*, std::istreambuf_iterator<wchar_t, std::char_traits<wchar_t> >, std::istreambuf_iterator<wchar_t, std::char_traits<wchar_t> >, bool, std::ios_base&, std::_Ios_Iostate&, long double*, std::__facet_shims::__any_string*)
0014a9c8 0000026c W std::ostreambuf_iterator<char, std::char_traits<char> > std::__facet_shims::__money_put<char>(std::integral_constant<bool, true>, std::locale::facet const*, std::ostreambuf_iterator<char, std::char_traits<char> >, bool, std::ios_base&, char, long double, std::__facet_shims::__any_string const*)
0014ac38 00000214 W std::ostreambuf_iterator<wchar_t, std::char_traits<wchar_t> > std::__facet_shims::__money_put<wchar_t>(std::integral_constant<bool, true>, std::locale::facet const*, std::ostreambuf_iterator<wchar_t, std::char_traits<wchar_t> >, bool, std::ios_base&, wchar_t, long double, std::__facet_shims::__any_string const*)
0014ae4c 00000a0c T std::locale::facet::_M_sso_shim(std::locale::id const*) const
0014b858 0000000c W std::__cxx11::moneypunct<wchar_t, false>::do_decimal_point() const
0014b864 0000000c W std::__cxx11::moneypunct<wchar_t, false>::do_thousands_sep() const
0014b870 0000000c W std::__cxx11::moneypunct<wchar_t, false>::do_frac_digits() const
0014b87c 00000014 W std::__cxx11::moneypunct<wchar_t, false>::do_pos_format() const
0014b890 00000014 W std::__cxx11::moneypunct<wchar_t, false>::do_neg_format() const
0014b8a4 0000000c W std::__cxx11::moneypunct<wchar_t, true>::do_decimal_point() const
0014b8b0 0000000c W std::__cxx11::moneypunct<wchar_t, true>::do_thousands_sep() const
0014b8bc 0000000c W std::__cxx11::moneypunct<wchar_t, true>::do_frac_digits() const
0014b8c8 00000014 W std::__cxx11::moneypunct<wchar_t, true>::do_pos_format() const
0014b8dc 00000014 W std::__cxx11::moneypunct<wchar_t, true>::do_neg_format() const
0014b8f0 0000000c W std::__cxx11::numpunct<wchar_t>::do_decimal_point() const
0014b8fc 0000000c W std::__cxx11::numpunct<wchar_t>::do_thousands_sep() const
0014b908 00000008 W std::__cxx11::time_get<wchar_t, std::istreambuf_iterator<wchar_t, std::char_traits<wchar_t> > >::do_date_order() const
0014b910 00000008 W std::__cxx11::messages<wchar_t>::do_open(std::__cxx11::basic_string<char, std::char_traits<char>, std::allocator<char> > const&, std::locale const&) const
0014b918 00000004 W std::__cxx11::messages<wchar_t>::do_close(int) const
0014b91c 00000020 W std::__cxx11::collate<wchar_t>::do_hash(wchar_t const*, wchar_t const*) const
0014b93c 00000020 W std::__cxx11::money_get<wchar_t, std::istreambuf_iterator<wchar_t, std::char_traits<wchar_t> > >::~money_get()
0014b93c 00000020 W std::__cxx11::money_get<wchar_t, std::istreambuf_iterator<wchar_t, std::char_traits<wchar_t> > >::~money_get()
0014b95c 00000028 W std::__cxx11::money_get<wchar_t, std::istreambuf_iterator<wchar_t, std::char_traits<wchar_t> > >::~money_get()
0014b984 00000020 W std::__cxx11::money_put<wchar_t, std::ostreambuf_iterator<wchar_t, std::char_traits<wchar_t> > >::~money_put()
0014b984 00000020 W std::__cxx11::money_put<wchar_t, std::ostreambuf_iterator<wchar_t, std::char_traits<wchar_t> > >::~money_put()
0014b9a4 00000028 W std::__cxx11::money_put<wchar_t, std::ostreambuf_iterator<wchar_t, std::char_traits<wchar_t> > >::~money_put()
0014b9cc 00000020 W std::__cxx11::time_get<wchar_t, std::istreambuf_iterator<wchar_t, std::char_traits<wchar_t> > >::~time_get()
0014b9cc 00000020 W std::__cxx11::time_get<wchar_t, std::istreambuf_iterator<wchar_t, std::char_traits<wchar_t> > >::~time_get()
0014b9ec 00000028 W std::__cxx11::time_get<wchar_t, std::istreambuf_iterator<wchar_t, std::char_traits<wchar_t> > >::~time_get()
0014ba14 00000028 W std::__cxx11::messages<wchar_t>::~messages()
0014ba14 00000028 W std::__cxx11::messages<wchar_t>::~messages()
0014ba3c 0000001c W std::__cxx11::messages<wchar_t>::~messages()
0014ba58 00000028 W std::__cxx11::collate<wchar_t>::~collate()
0014ba58 00000028 W std::__cxx11::collate<wchar_t>::~collate()
0014ba80 00000098 t void std::__cxx11::basic_string<wchar_t, std::char_traits<wchar_t>, std::allocator<wchar_t> >::_M_construct<wchar_t const*>(wchar_t const*, wchar_t const*, std::forward_iterator_tag) [clone .isra.0]
0014bb18 00000030 W std::__cxx11::collate<wchar_t>::~collate()
0014bb48 000000c0 W std::__cxx11::moneypunct<wchar_t, false>::do_grouping() const
0014bc08 000000c0 W std::__cxx11::moneypunct<wchar_t, true>::do_grouping() const
0014bcc8 000000c0 W std::__cxx11::numpunct<wchar_t>::do_grouping() const
0014bd88 00000058 W std::__cxx11::moneypunct<wchar_t, false>::do_curr_symbol() const
0014bde0 00000058 W std::__cxx11::moneypunct<wchar_t, false>::do_positive_sign() const
0014be38 00000058 W std::__cxx11::moneypunct<wchar_t, false>::do_negative_sign() const
0014be90 00000058 W std::__cxx11::moneypunct<wchar_t, true>::do_curr_symbol() const
0014bee8 00000058 W std::__cxx11::moneypunct<wchar_t, true>::do_positive_sign() const
0014bf40 00000058 W std::__cxx11::moneypunct<wchar_t, true>::do_negative_sign() const
0014bf98 00000058 W std::__cxx11::numpunct<wchar_t>::do_truename() const
0014bff0 00000058 W std::__cxx11::numpunct<wchar_t>::do_falsename() const
0014c048 000000f8 W std::__cxx11::collate<wchar_t>::do_compare(wchar_t const*, wchar_t const*, wchar_t const*, wchar_t const*) const
0014c140 000002dc W std::__cxx11::collate<wchar_t>::do_transform(wchar_t const*, wchar_t const*) const
0014c41c 000000d4 W std::__convert_from_v(int* const&, char*, int, char const*, ...)
0014c4f0 000012e4 W std::istreambuf_iterator<wchar_t, std::char_traits<wchar_t> > std::__cxx11::money_get<wchar_t, std::istreambuf_iterator<wchar_t, std::char_traits<wchar_t> > >::_M_extract<true>(std::istreambuf_iterator<wchar_t, std::char_traits<wchar_t> >, std::istreambuf_iterator<wchar_t, std::char_traits<wchar_t> >, std::ios_base&, std::_Ios_Iostate&, std::__cxx11::basic_string<char, std::char_traits<char>, std::allocator<char> >&) const
0014d7d4 000012e4 W std::istreambuf_iterator<wchar_t, std::char_traits<wchar_t> > std::__cxx11::money_get<wchar_t, std::istreambuf_iterator<wchar_t, std::char_traits<wchar_t> > >::_M_extract<false>(std::istreambuf_iterator<wchar_t, std::char_traits<wchar_t> >, std::istreambuf_iterator<wchar_t, std::char_traits<wchar_t> >, std::ios_base&, std::_Ios_Iostate&, std::__cxx11::basic_string<char, std::char_traits<char>, std::allocator<char> >&) const
0014e0af N 
0014e0af N 
0014e0af N 
0014e0af N 
0014e0af N 
0014e0af N 
0014e0af N 
0014e0af N 
0014e0af N 
0014e0af N 
0014e0af N 
0014e0af N 
0014e0af N 
0014e0af N 
0014e0af N 
0014e0af N 
0014e0af N 
0014e0af N 
0014e0af N 
0014e0af N 
0014e0af N 
0014e0af N 
0014e0af N 
0014e0af N 
0014e0af N 
0014e0af N 
0014e0af N 
0014e0af N 
0014e0af N 
0014e0af N 
0014e0af N 
0014e0af N 
0014e0af W Korean2000XOR1FMemoryRule.cpp.58a55384
0014eab8 000000cc W std::__cxx11::money_get<wchar_t, std::istreambuf_iterator<wchar_t, std::char_traits<wchar_t> > >::do_get(std::istreambuf_iterator<wchar_t, std::char_traits<wchar_t> >, std::istreambuf_iterator<wchar_t, std::char_traits<wchar_t> >, bool, std::ios_base&, std::_Ios_Iostate&, long double&) const
0014eb84 0000013c W std::__cxx11::money_get<wchar_t, std::istreambuf_iterator<wchar_t, std::char_traits<wchar_t> > >::do_get(std::istreambuf_iterator<wchar_t, std::char_traits<wchar_t> >, std::istreambuf_iterator<wchar_t, std::char_traits<wchar_t> >, bool, std::ios_base&, std::_Ios_Iostate&, std::__cxx11::basic_string<wchar_t, std::char_traits<wchar_t>, std::allocator<wchar_t> >&) const
0014ecc0 00000740 W std::ostreambuf_iterator<wchar_t, std::char_traits<wchar_t> > std::__cxx11::money_put<wchar_t, std::ostreambuf_iterator<wchar_t, std::char_traits<wchar_t> > >::_M_insert<true>(std::ostreambuf_iterator<wchar_t, std::char_traits<wchar_t> >, std::ios_base&, wchar_t, std::__cxx11::basic_string<wchar_t, std::char_traits<wchar_t>, std::allocator<wchar_t> > const&) const
0014f400 00000740 W std::ostreambuf_iterator<wchar_t, std::char_traits<wchar_t> > std::__cxx11::money_put<wchar_t, std::ostreambuf_iterator<wchar_t, std::char_traits<wchar_t> > >::_M_insert<false>(std::ostreambuf_iterator<wchar_t, std::char_traits<wchar_t> >, std::ios_base&, wchar_t, std::__cxx11::basic_string<wchar_t, std::char_traits<wchar_t>, std::allocator<wchar_t> > const&) const
0014fb40 00000188 W std::__cxx11::money_put<wchar_t, std::ostreambuf_iterator<wchar_t, std::char_traits<wchar_t> > >::do_put(std::ostreambuf_iterator<wchar_t, std::char_traits<wchar_t> >, bool, std::ios_base&, wchar_t, long double) const
0014fcc8 00000054 W std::__cxx11::money_put<wchar_t, std::ostreambuf_iterator<wchar_t, std::char_traits<wchar_t> > >::do_put(std::ostreambuf_iterator<wchar_t, std::char_traits<wchar_t> >, bool, std::ios_base&, wchar_t, std::__cxx11::basic_string<wchar_t, std::char_traits<wchar_t>, std::allocator<wchar_t> > const&) const
0014fd1c 0000026c W std::__cxx11::time_get<wchar_t, std::istreambuf_iterator<wchar_t, std::char_traits<wchar_t> > >::_M_extract_num(std::istreambuf_iterator<wchar_t, std::char_traits<wchar_t> >, std::istreambuf_iterator<wchar_t, std::char_traits<wchar_t> >, int&, int, int, unsigned int, std::ios_base&, std::_Ios_Iostate&) const
0014ff88 00000680 W std::__cxx11::time_get<wchar_t, std::istreambuf_iterator<wchar_t, std::char_traits<wchar_t> > >::do_get_year(std::istreambuf_iterator<wchar_t, std::char_traits<wchar_t> >, std::istreambuf_iterator<wchar_t, std::char_traits<wchar_t> >, std::ios_base&, std::_Ios_Iostate&, tm*) const
00150608 00000dac W std::__cxx11::time_get<wchar_t, std::istreambuf_iterator<wchar_t, std::char_traits<wchar_t> > >::_M_extract_name(std::istreambuf_iterator<wchar_t, std::char_traits<wchar_t> >, std::istreambuf_iterator<wchar_t, std::char_traits<wchar_t> >, int&, wchar_t const**, unsigned int, std::ios_base&, std::_Ios_Iostate&) const
001513b4 00000698 W std::__cxx11::time_get<wchar_t, std::istreambuf_iterator<wchar_t, std::char_traits<wchar_t> > >::_M_extract_wday_or_month(std::istreambuf_iterator<wchar_t, std::char_traits<wchar_t> >, std::istreambuf_iterator<wchar_t, std::char_traits<wchar_t> >, int&, wchar_t const**, unsigned int, std::ios_base&, std::_Ios_Iostate&) const
00151a4c 00000258 W std::__cxx11::time_get<wchar_t, std::istreambuf_iterator<wchar_t, std::char_traits<wchar_t> > >::do_get_weekday(std::istreambuf_iterator<wchar_t, std::char_traits<wchar_t> >, std::istreambuf_iterator<wchar_t, std::char_traits<wchar_t> >, std::ios_base&, std::_Ios_Iostate&, tm*) const
00151ca4 000002d0 W std::__cxx11::time_get<wchar_t, std::istreambuf_iterator<wchar_t, std::char_traits<wchar_t> > >::do_get_monthname(std::istreambuf_iterator<wchar_t, std::char_traits<wchar_t> >, std::istreambuf_iterator<wchar_t, std::char_traits<wchar_t> >, std::ios_base&, std::_Ios_Iostate&, tm*) const
00151f74 00001f6c W std::__cxx11::time_get<wchar_t, std::istreambuf_iterator<wchar_t, std::char_traits<wchar_t> > >::_M_extract_via_format(std::istreambuf_iterator<wchar_t, std::char_traits<wchar_t> >, std::istreambuf_iterator<wchar_t, std::char_traits<wchar_t> >, std::ios_base&, std::_Ios_Iostate&, tm*, wchar_t const*, std::__time_get_state&) const
00151f74 00001f6c t std::__cxx11::time_get<wchar_t, std::istreambuf_iterator<wchar_t, std::char_traits<wchar_t> > >::_M_extract_via_format(std::istreambuf_iterator<wchar_t, std::char_traits<wchar_t> >, std::istreambuf_iterator<wchar_t, std::char_traits<wchar_t> >, std::ios_base&, std::_Ios_Iostate&, tm*, wchar_t const*, std::__time_get_state&) const [clone .localalias]
00153ee0 000001d0 W std::__cxx11::time_get<wchar_t, std::istreambuf_iterator<wchar_t, std::char_traits<wchar_t> > >::do_get_time(std::istreambuf_iterator<wchar_t, std::char_traits<wchar_t> >, std::istreambuf_iterator<wchar_t, std::char_traits<wchar_t> >, std::ios_base&, std::_Ios_Iostate&, tm*) const
001540b0 000001d0 W std::__cxx11::time_get<wchar_t, std::istreambuf_iterator<wchar_t, std::char_traits<wchar_t> > >::do_get_date(std::istreambuf_iterator<wchar_t, std::char_traits<wchar_t> >, std::istreambuf_iterator<wchar_t, std::char_traits<wchar_t> >, std::ios_base&, std::_Ios_Iostate&, tm*) const
00154280 000001d0 W std::__cxx11::time_get<wchar_t, std::istreambuf_iterator<wchar_t, std::char_traits<wchar_t> > >::do_get(std::istreambuf_iterator<wchar_t, std::char_traits<wchar_t> >, std::istreambuf_iterator<wchar_t, std::char_traits<wchar_t> >, std::ios_base&, std::_Ios_Iostate&, tm*, char, char) const
00154450 0000003c W std::__cxx11::messages<wchar_t>::messages(unsigned int)
00154450 0000003c W std::__cxx11::messages<wchar_t>::messages(unsigned int)
0015448c 000000a4 t _GLOBAL__sub_I__ZNSt12ctype_bynameIwEC2ERKNSt7__cxx1112basic_stringIcSt11char_traitsIcESaIcEEEj
00154530 00000040 W std::basic_filebuf<char, std::char_traits<char> >::sync()
00154570 00000058 W std::basic_filebuf<char, std::char_traits<char> >::setbuf(char*, int)
001545c8 00000094 W std::basic_filebuf<char, std::char_traits<char> >::showmanyc()
0015465c 00000158 W std::basic_filebuf<char, std::char_traits<char> >::pbackfail(int)
001547b4 000004c0 W std::basic_filebuf<char, std::char_traits<char> >::underflow()
00154c74 00000134 W std::basic_filebuf<char, std::char_traits<char> >::xsputn(char const*, int)
00154da8 00000210 W std::basic_filebuf<char, std::char_traits<char> >::xsgetn(char*, int)
00154fb8 000000d4 W std::basic_filebuf<char, std::char_traits<char> >::basic_filebuf()
00154fb8 000000d4 W std::basic_filebuf<char, std::char_traits<char> >::basic_filebuf()
0015508c 00000048 W std::basic_filebuf<char, std::char_traits<char> >::_M_allocate_internal_buffer()
001550d4 00000070 W std::basic_filebuf<char, std::char_traits<char> >::_M_destroy_internal_buffer()
00155144 0000016c W std::basic_filebuf<char, std::char_traits<char> >::_M_convert_to_external(char*, int)
001552b0 00000080 W std::basic_filebuf<char, std::char_traits<char> >::_M_get_ext_pos(_mbstate_t&)
00155330 00000110 W std::basic_filebuf<char, std::char_traits<char> >::_M_terminate_output()
00155440 000000c0 W std::basic_filebuf<char, std::char_traits<char> >::_M_seek(long long, std::_Ios_Seekdir, _mbstate_t)
00155500 00000224 W std::basic_filebuf<char, std::char_traits<char> >::overflow(int)
00155724 00000234 W std::basic_filebuf<char, std::char_traits<char> >::seekoff(long long, std::_Ios_Seekdir, std::_Ios_Openmode)
00155958 000000b4 W std::basic_filebuf<char, std::char_traits<char> >::seekpos(std::fpos<_mbstate_t>, std::_Ios_Openmode)
00155a0c 00000210 W std::basic_filebuf<char, std::char_traits<char> >::imbue(std::locale const&)
00155c1c 00000064 W std::basic_filebuf<char, std::char_traits<char> >::close()::__close_sentry::~__close_sentry()
00155c1c 00000064 W std::basic_filebuf<char, std::char_traits<char> >::close()::__close_sentry::~__close_sentry()
00155c80 000000c0 W std::basic_filebuf<char, std::char_traits<char> >::close()
00155d40 00000048 W std::basic_filebuf<char, std::char_traits<char> >::~basic_filebuf()
00155d40 00000048 W std::basic_filebuf<char, std::char_traits<char> >::~basic_filebuf()
00155d88 000000e4 W std::basic_filebuf<char, std::char_traits<char> >::open(char const*, std::_Ios_Openmode)
00155e6c 00000050 W std::basic_filebuf<char, std::char_traits<char> >::~basic_filebuf()
00155ebc 0000007c W std::basic_ofstream<char, std::char_traits<char> >::~basic_ofstream()
00155f38 0000008c W virtual thunk to std::basic_ofstream<char, std::char_traits<char> >::~basic_ofstream()
00155fc4 00000084 W std::basic_ofstream<char, std::char_traits<char> >::~basic_ofstream()
00156048 00000094 W virtual thunk to std::basic_ofstream<char, std::char_traits<char> >::~basic_ofstream()
001560dc 00000080 W std::basic_ifstream<char, std::char_traits<char> >::~basic_ifstream()
0015615c 00000094 W virtual thunk to std::basic_ifstream<char, std::char_traits<char> >::~basic_ifstream()
001561f0 00000088 W std::basic_ifstream<char, std::char_traits<char> >::~basic_ifstream()
00156278 0000009c W virtual thunk to std::basic_ifstream<char, std::char_traits<char> >::~basic_ifstream()
00156314 0000002c T std::__throw_bad_cast()
00156340 00000040 T std::__throw_logic_error(char const*)
00156380 00000040 T std::__throw_length_error(char const*)
001563c0 00000040 T std::__throw_out_of_range(char const*)
00156400 00000010 T std::__throw_out_of_range_fmt(char const*, ...)
00156410 00000040 T std::__throw_runtime_error(char const*)
00156450 00000008 W std::ctype<char>::do_widen(char) const
00156458 00000008 W std::ctype<char>::do_narrow(char, char) const
00156460 00000020 W std::basic_ios<char, std::char_traits<char> >::~basic_ios()
00156460 00000020 W std::basic_ios<char, std::char_traits<char> >::~basic_ios()
00156480 00000028 W std::basic_ios<char, std::char_traits<char> >::~basic_ios()
001564a8 0000002c W std::basic_ios<char, std::char_traits<char> >::clear(std::_Ios_Iostate)
001564d4 0000001c W std::basic_ios<char, std::char_traits<char> >::_M_setstate(std::_Ios_Iostate)
001564f0 0000006c W std::basic_ios<char, std::char_traits<char> >::_M_cache_locale(std::locale const&)
0015655c 000000a0 W std::basic_ios<char, std::char_traits<char> >::init(std::basic_streambuf<char, std::char_traits<char> >*)
001565fc 0000006c T std::ios_base::ios_base()
001565fc 0000006c T std::ios_base::ios_base()
00156668 00000058 T std::ios_base::_M_call_callbacks(std::ios_base::event)
001566c0 000000a4 T std::ios_base::~ios_base()
001566c0 000000a4 T std::ios_base::~ios_base()
00156764 0000001c T std::ios_base::~ios_base()
00156780 00000204 W std::istream::sentry::sentry(std::istream&, bool)
00156780 00000204 W std::istream::sentry::sentry(std::istream&, bool)
00156984 000000f0 W std::istream::read(char*, int)
00156a78 000000f8 W std::istream::tellg()
00156b70 00000120 W std::istream::seekg(long long, std::_Ios_Seekdir)
00156c90 0000000c W std::moneypunct<char, false>::do_decimal_point() const
00156c9c 0000000c W std::moneypunct<char, false>::do_thousands_sep() const
00156ca8 0000000c W std::moneypunct<char, false>::do_frac_digits() const
00156cb4 00000014 W std::moneypunct<char, false>::do_pos_format() const
00156cc8 00000014 W std::moneypunct<char, false>::do_neg_format() const
00156cdc 0000000c W std::moneypunct<char, true>::do_decimal_point() const
00156ce8 0000000c W std::moneypunct<char, true>::do_thousands_sep() const
00156cf4 0000000c W std::moneypunct<char, true>::do_frac_digits() const
00156d00 00000014 W std::moneypunct<char, true>::do_pos_format() const
00156d14 00000014 W std::moneypunct<char, true>::do_neg_format() const
00156d28 0000000c W std::numpunct<char>::do_decimal_point() const
00156d34 0000000c W std::numpunct<char>::do_thousands_sep() const
00156d40 00000008 W std::time_get<char, std::istreambuf_iterator<char, std::char_traits<char> > >::do_date_order() const
00156d48 00000008 W std::messages<char>::do_open(std::string const&, std::locale const&) const
00156d50 00000004 W std::messages<char>::do_close(int) const
00156d54 00000020 W std::collate<char>::do_hash(char const*, char const*) const
00156d74 00000020 W std::num_get<char, std::istreambuf_iterator<char, std::char_traits<char> > >::~num_get()
00156d74 00000020 W std::num_get<char, std::istreambuf_iterator<char, std::char_traits<char> > >::~num_get()
00156d94 00000020 W std::num_put<char, std::ostreambuf_iterator<char, std::char_traits<char> > >::~num_put()
00156d94 00000020 W std::num_put<char, std::ostreambuf_iterator<char, std::char_traits<char> > >::~num_put()
00156db4 00000020 W std::money_get<char, std::istreambuf_iterator<char, std::char_traits<char> > >::~money_get()
00156db4 00000020 W std::money_get<char, std::istreambuf_iterator<char, std::char_traits<char> > >::~money_get()
00156dd4 00000020 W std::money_put<char, std::ostreambuf_iterator<char, std::char_traits<char> > >::~money_put()
00156dd4 00000020 W std::money_put<char, std::ostreambuf_iterator<char, std::char_traits<char> > >::~money_put()
00156df4 00000020 W std::__timepunct_cache<char>::~__timepunct_cache()
00156df4 00000020 W std::__timepunct_cache<char>::~__timepunct_cache()
00156e14 00000020 W std::time_put<char, std::ostreambuf_iterator<char, std::char_traits<char> > >::~time_put()
00156e14 00000020 W std::time_put<char, std::ostreambuf_iterator<char, std::char_traits<char> > >::~time_put()
00156e34 00000020 W std::time_get<char, std::istreambuf_iterator<char, std::char_traits<char> > >::~time_get()
00156e34 00000020 W std::time_get<char, std::istreambuf_iterator<char, std::char_traits<char> > >::~time_get()
00156e54 00000028 W std::num_get<char, std::istreambuf_iterator<char, std::char_traits<char> > >::~num_get()
00156e7c 00000028 W std::num_put<char, std::ostreambuf_iterator<char, std::char_traits<char> > >::~num_put()
00156ea4 00000028 W std::money_get<char, std::istreambuf_iterator<char, std::char_traits<char> > >::~money_get()
00156ecc 00000028 W std::money_put<char, std::ostreambuf_iterator<char, std::char_traits<char> > >::~money_put()
00156ef4 0000001c W std::__timepunct_cache<char>::~__timepunct_cache()
00156f10 00000028 W std::time_put<char, std::ostreambuf_iterator<char, std::char_traits<char> > >::~time_put()
00156f38 00000028 W std::time_get<char, std::istreambuf_iterator<char, std::char_traits<char> > >::~time_get()
00156f60 00000024 W std::ctype<char>::do_widen(char const*, char const*, char*) const
00156f84 00000070 W std::__moneypunct_cache<char, false>::~__moneypunct_cache()
00156f84 00000070 W std::__moneypunct_cache<char, false>::~__moneypunct_cache()
00156ff4 0000001c W std::__moneypunct_cache<char, false>::~__moneypunct_cache()
00157010 00000070 W std::__moneypunct_cache<char, true>::~__moneypunct_cache()
00157010 00000070 W std::__moneypunct_cache<char, true>::~__moneypunct_cache()
00157080 0000001c W std::__moneypunct_cache<char, true>::~__moneypunct_cache()
0015709c 00000060 W std::__numpunct_cache<char>::~__numpunct_cache()
0015709c 00000060 W std::__numpunct_cache<char>::~__numpunct_cache()
001570fc 0000001c W std::__numpunct_cache<char>::~__numpunct_cache()
00157118 00000028 W std::messages<char>::~messages()
00157118 00000028 W std::messages<char>::~messages()
00157140 0000001c W std::messages<char>::~messages()
0015715c 00000028 W std::collate<char>::~collate()
0015715c 00000028 W std::collate<char>::~collate()
00157184 00000060 W std::__timepunct<char>::~__timepunct()
00157184 00000060 W std::__timepunct<char>::~__timepunct()
001571e4 0000001c W std::__timepunct<char>::~__timepunct()
00157200 00000028 t std::basic_streambuf<char, std::char_traits<char> >::sbumpc() [clone .isra.0]
00157228 0000004c t std::ctype<char>::widen(char) const [clone .part.0]
00157274 0000009c t std::ctype<char>::widen(char const*, char const*, char*) const [clone .isra.0]
00157310 000000b8 t char* std::string::_S_construct<char const*>(char const*, char const*, std::allocator<char> const&, std::forward_iterator_tag) [clone .isra.0]
001573c8 00000058 t std::basic_string<char, std::char_traits<char>, std::allocator<char> >::~basic_string() [clone .isra.0]
00157420 00000030 W std::collate<char>::~collate()
00157450 00000160 W std::time_put<char, std::ostreambuf_iterator<char, std::char_traits<char> > >::do_put(std::ostreambuf_iterator<char, std::char_traits<char> >, std::ios_base&, char, tm const*, char, char) const
001575b0 000000cc W std::moneypunct<char, false>::do_grouping() const
0015767c 000000cc W std::moneypunct<char, false>::do_curr_symbol() const
00157748 000000cc W std::moneypunct<char, false>::do_positive_sign() const
00157814 000000cc W std::moneypunct<char, false>::do_negative_sign() const
001578e0 000000cc W std::moneypunct<char, true>::do_grouping() const
001579ac 000000cc W std::moneypunct<char, true>::do_curr_symbol() const
00157a78 000000cc W std::moneypunct<char, true>::do_positive_sign() const
00157b44 000000cc W std::moneypunct<char, true>::do_negative_sign() const
00157c10 000000cc W std::numpunct<char>::do_grouping() const
00157cdc 000000cc W std::numpunct<char>::do_truename() const
00157da8 000000cc W std::numpunct<char>::do_falsename() const
00157e74 00000168 W std::collate<char>::do_compare(char const*, char const*, char const*, char const*) const
00157fdc 000002c4 W std::collate<char>::do_transform(char const*, char const*) const
001582a0 00000068 W std::ctype<char>::narrow(char, char) const
00158308 00000738 W std::__moneypunct_cache<char, false>::_M_cache(std::locale const&)
00158a40 00000738 W std::__moneypunct_cache<char, true>::_M_cache(std::locale const&)
00159178 0000058c W std::__numpunct_cache<char>::_M_cache(std::locale const&)
00159704 000000b4 t std::__use_cache<std::__numpunct_cache<char> >::operator()(std::locale const&) const [clone .isra.0]
001597b8 0000004c W std::__timepunct<char>::__timepunct(std::__timepunct_cache<char>*, unsigned int)
001597b8 0000004c W std::__timepunct<char>::__timepunct(std::__timepunct_cache<char>*, unsigned int)
00159804 000002b4 W std::time_get<char, std::istreambuf_iterator<char, std::char_traits<char> > >::_M_extract_num(std::istreambuf_iterator<char, std::char_traits<char> >, std::istreambuf_iterator<char, std::char_traits<char> >, int&, int, int, unsigned int, std::ios_base&, std::_Ios_Iostate&) const
00159ab8 0000003c W std::messages<char>::messages(unsigned int)
00159ab8 0000003c W std::messages<char>::messages(unsigned int)
00159af4 00000178 W char* std::__add_grouping<char>(char*, char, char const*, unsigned int, char const*, char const*)
00159c6c 000000ac W std::num_put<char, std::ostreambuf_iterator<char, std::char_traits<char> > >::_M_group_float(char const*, unsigned int, char, char const*, char*, char*, int&) const
00159d18 00000050 W std::num_put<char, std::ostreambuf_iterator<char, std::char_traits<char> > >::_M_group_int(char const*, unsigned int, char, std::ios_base&, char*, char*, int&) const
00159d68 0000055c W std::ostreambuf_iterator<char, std::char_traits<char> > std::money_put<char, std::ostreambuf_iterator<char, std::char_traits<char> > >::_M_insert<true>(std::ostreambuf_iterator<char, std::char_traits<char> >, std::ios_base&, char, std::string const&) const
0015a2c4 0000055c W std::ostreambuf_iterator<char, std::char_traits<char> > std::money_put<char, std::ostreambuf_iterator<char, std::char_traits<char> > >::_M_insert<false>(std::ostreambuf_iterator<char, std::char_traits<char> >, std::ios_base&, char, std::string const&) const
0015a820 0000023c W std::money_put<char, std::ostreambuf_iterator<char, std::char_traits<char> > >::do_put(std::ostreambuf_iterator<char, std::char_traits<char> >, bool, std::ios_base&, char, long double) const
0015aa5c 00000054 W std::money_put<char, std::ostreambuf_iterator<char, std::char_traits<char> > >::do_put(std::ostreambuf_iterator<char, std::char_traits<char> >, bool, std::ios_base&, char, std::string const&) const
0015aab0 00000308 W std::__pad<char, std::char_traits<char> >::_S_pad(std::ios_base&, char, char*, char const*, int, int)
0015adb8 00000034 W std::num_put<char, std::ostreambuf_iterator<char, std::char_traits<char> > >::_M_pad(char, int, std::ios_base&, char*, char const*, int&) const
0015adec 000003ec W std::ostreambuf_iterator<char, std::char_traits<char> > std::num_put<char, std::ostreambuf_iterator<char, std::char_traits<char> > >::_M_insert_float<double>(std::ostreambuf_iterator<char, std::char_traits<char> >, std::ios_base&, char, char, double) const
0015b1d8 0000003c W std::num_put<char, std::ostreambuf_iterator<char, std::char_traits<char> > >::do_put(std::ostreambuf_iterator<char, std::char_traits<char> >, std::ios_base&, char, double) const
0015b214 000003ec W std::ostreambuf_iterator<char, std::char_traits<char> > std::num_put<char, std::ostreambuf_iterator<char, std::char_traits<char> > >::_M_insert_float<long double>(std::ostreambuf_iterator<char, std::char_traits<char> >, std::ios_base&, char, char, long double) const
0015b600 0000003c W std::num_put<char, std::ostreambuf_iterator<char, std::char_traits<char> > >::do_put(std::ostreambuf_iterator<char, std::char_traits<char> >, std::ios_base&, char, long double) const
0015b63c 000000ac W int std::__int_to_char<char, unsigned long>(char*, unsigned long, char const*, std::_Ios_Fmtflags, bool)
0015b6e8 00000240 W std::ostreambuf_iterator<char, std::char_traits<char> > std::num_put<char, std::ostreambuf_iterator<char, std::char_traits<char> > >::_M_insert_int<long>(std::ostreambuf_iterator<char, std::char_traits<char> >, std::ios_base&, char, long) const
0015b928 0000003c W std::num_put<char, std::ostreambuf_iterator<char, std::char_traits<char> > >::do_put(std::ostreambuf_iterator<char, std::char_traits<char> >, std::ios_base&, char, long) const
0015b964 000001b0 W std::num_put<char, std::ostreambuf_iterator<char, std::char_traits<char> > >::do_put(std::ostreambuf_iterator<char, std::char_traits<char> >, std::ios_base&, char, bool) const
0015bb14 000001dc W std::ostreambuf_iterator<char, std::char_traits<char> > std::num_put<char, std::ostreambuf_iterator<char, std::char_traits<char> > >::_M_insert_int<unsigned long>(std::ostreambuf_iterator<char, std::char_traits<char> >, std::ios_base&, char, unsigned long) const
0015bcf0 0000003c W std::num_put<char, std::ostreambuf_iterator<char, std::char_traits<char> > >::do_put(std::ostreambuf_iterator<char, std::char_traits<char> >, std::ios_base&, char, unsigned long) const
0015bd2c 0000006c W std::num_put<char, std::ostreambuf_iterator<char, std::char_traits<char> > >::do_put(std::ostreambuf_iterator<char, std::char_traits<char> >, std::ios_base&, char, void const*) const
0015bd98 00000114 W int std::__int_to_char<char, unsigned long long>(char*, unsigned long long, char const*, std::_Ios_Fmtflags, bool)
0015beac 00000260 W std::ostreambuf_iterator<char, std::char_traits<char> > std::num_put<char, std::ostreambuf_iterator<char, std::char_traits<char> > >::_M_insert_int<long long>(std::ostreambuf_iterator<char, std::char_traits<char> >, std::ios_base&, char, long long) const
0015c10c 0000003c W std::num_put<char, std::ostreambuf_iterator<char, std::char_traits<char> > >::do_put(std::ostreambuf_iterator<char, std::char_traits<char> >, std::ios_base&, char, long long) const
0015c148 000001fc W std::ostreambuf_iterator<char, std::char_traits<char> > std::num_put<char, std::ostreambuf_iterator<char, std::char_traits<char> > >::_M_insert_int<unsigned long long>(std::ostreambuf_iterator<char, std::char_traits<char> >, std::ios_base&, char, unsigned long long) const
0015c344 0000003c W std::num_put<char, std::ostreambuf_iterator<char, std::char_traits<char> > >::do_put(std::ostreambuf_iterator<char, std::char_traits<char> >, std::ios_base&, char, unsigned long long) const
0015c380 00000100 W std::istreambuf_iterator<char, std::char_traits<char> >::equal(std::istreambuf_iterator<char, std::char_traits<char> > const&) const
0015c480 00000068 W std::istreambuf_iterator<char, std::char_traits<char> >::_M_get() const
0015c4e8 00000c54 W std::num_get<char, std::istreambuf_iterator<char, std::char_traits<char> > >::_M_extract_float(std::istreambuf_iterator<char, std::char_traits<char> >, std::istreambuf_iterator<char, std::char_traits<char> >, std::ios_base&, std::_Ios_Iostate&, std::string&) const
0015d13c 000001c8 W std::num_get<char, std::istreambuf_iterator<char, std::char_traits<char> > >::do_get(std::istreambuf_iterator<char, std::char_traits<char> >, std::istreambuf_iterator<char, std::char_traits<char> >, std::ios_base&, std::_Ios_Iostate&, float&) const
0015d304 000001c8 W std::num_get<char, std::istreambuf_iterator<char, std::char_traits<char> > >::do_get(std::istreambuf_iterator<char, std::char_traits<char> >, std::istreambuf_iterator<char, std::char_traits<char> >, std::ios_base&, std::_Ios_Iostate&, double&) const
0015d4cc 000001c8 W std::num_get<char, std::istreambuf_iterator<char, std::char_traits<char> > >::do_get(std::istreambuf_iterator<char, std::char_traits<char> >, std::istreambuf_iterator<char, std::char_traits<char> >, std::ios_base&, std::_Ios_Iostate&, long double&) const
0015d694 00000968 W std::istreambuf_iterator<char, std::char_traits<char> > std::num_get<char, std::istreambuf_iterator<char, std::char_traits<char> > >::_M_extract_int<long>(std::istreambuf_iterator<char, std::char_traits<char> >, std::istreambuf_iterator<char, std::char_traits<char> >, std::ios_base&, std::_Ios_Iostate&, long&) const
0015dffc 00000510 W std::num_get<char, std::istreambuf_iterator<char, std::char_traits<char> > >::do_get(std::istreambuf_iterator<char, std::char_traits<char> >, std::istreambuf_iterator<char, std::char_traits<char> >, std::ios_base&, std::_Ios_Iostate&, bool&) const
0015e50c 00000048 W std::num_get<char, std::istreambuf_iterator<char, std::char_traits<char> > >::do_get(std::istreambuf_iterator<char, std::char_traits<char> >, std::istreambuf_iterator<char, std::char_traits<char> >, std::ios_base&, std::_Ios_Iostate&, long&) const
0015e554 00000a88 W std::istreambuf_iterator<char, std::char_traits<char> > std::num_get<char, std::istreambuf_iterator<char, std::char_traits<char> > >::_M_extract_int<unsigned short>(std::istreambuf_iterator<char, std::char_traits<char> >, std::istreambuf_iterator<char, std::char_traits<char> >, std::ios_base&, std::_Ios_Iostate&, unsigned short&) const
0015e7a0 N 
0015e7a0 N 
0015e7a0 N 
0015e7a0 N 
0015e7a0 N 
0015e7a0 N 
0015e7a0 N 
0015e7a0 N 
0015e7a0 N 
0015e7a0 N 
0015e7a0 N 
0015e7a0 N 
0015e7a0 N 
0015e7a0 N 
0015e7a0 N 
0015e7a0 N 
0015e7a0 N 
0015e7a0 N 
0015e7a0 N 
0015e7a0 N 
0015e7a0 N 
0015e7a0 N 
0015e7a0 N 
0015e7a0 N 
0015e7a0 N 
0015e7a0 N 
0015e7a0 N 
0015e7a0 N 
0015e7a0 N 
0015e7a0 N 
0015e7a0 N 
0015e7a0 N 
0015e7a0 W KoreanBFFCMemoryRule.cpp.c8c83e5c
0015efdc 00000048 W std::num_get<char, std::istreambuf_iterator<char, std::char_traits<char> > >::do_get(std::istreambuf_iterator<char, std::char_traits<char> >, std::istreambuf_iterator<char, std::char_traits<char> >, std::ios_base&, std::_Ios_Iostate&, unsigned short&) const
0015f024 00000a80 W std::istreambuf_iterator<char, std::char_traits<char> > std::num_get<char, std::istreambuf_iterator<char, std::char_traits<char> > >::_M_extract_int<unsigned int>(std::istreambuf_iterator<char, std::char_traits<char> >, std::istreambuf_iterator<char, std::char_traits<char> >, std::ios_base&, std::_Ios_Iostate&, unsigned int&) const
0015faa4 00000048 W std::num_get<char, std::istreambuf_iterator<char, std::char_traits<char> > >::do_get(std::istreambuf_iterator<char, std::char_traits<char> >, std::istreambuf_iterator<char, std::char_traits<char> >, std::ios_base&, std::_Ios_Iostate&, unsigned int&) const
0015faec 00000a80 W std::istreambuf_iterator<char, std::char_traits<char> > std::num_get<char, std::istreambuf_iterator<char, std::char_traits<char> > >::_M_extract_int<unsigned long>(std::istreambuf_iterator<char, std::char_traits<char> >, std::istreambuf_iterator<char, std::char_traits<char> >, std::ios_base&, std::_Ios_Iostate&, unsigned long&) const
0016056c 00000048 W std::num_get<char, std::istreambuf_iterator<char, std::char_traits<char> > >::do_get(std::istreambuf_iterator<char, std::char_traits<char> >, std::istreambuf_iterator<char, std::char_traits<char> >, std::ios_base&, std::_Ios_Iostate&, unsigned long&) const
001605b4 0000007c W std::num_get<char, std::istreambuf_iterator<char, std::char_traits<char> > >::do_get(std::istreambuf_iterator<char, std::char_traits<char> >, std::istreambuf_iterator<char, std::char_traits<char> >, std::ios_base&, std::_Ios_Iostate&, void*&) const
00160630 000009f8 W std::istreambuf_iterator<char, std::char_traits<char> > std::num_get<char, std::istreambuf_iterator<char, std::char_traits<char> > >::_M_extract_int<long long>(std::istreambuf_iterator<char, std::char_traits<char> >, std::istreambuf_iterator<char, std::char_traits<char> >, std::ios_base&, std::_Ios_Iostate&, long long&) const
00161028 00000048 W std::num_get<char, std::istreambuf_iterator<char, std::char_traits<char> > >::do_get(std::istreambuf_iterator<char, std::char_traits<char> >, std::istreambuf_iterator<char, std::char_traits<char> >, std::ios_base&, std::_Ios_Iostate&, long long&) const
00161070 00000a54 W std::istreambuf_iterator<char, std::char_traits<char> > std::num_get<char, std::istreambuf_iterator<char, std::char_traits<char> > >::_M_extract_int<unsigned long long>(std::istreambuf_iterator<char, std::char_traits<char> >, std::istreambuf_iterator<char, std::char_traits<char> >, std::ios_base&, std::_Ios_Iostate&, unsigned long long&) const
00161ac4 00000048 W std::num_get<char, std::istreambuf_iterator<char, std::char_traits<char> > >::do_get(std::istreambuf_iterator<char, std::char_traits<char> >, std::istreambuf_iterator<char, std::char_traits<char> >, std::ios_base&, std::_Ios_Iostate&, unsigned long long&) const
00161b0c 000002c8 W std::time_get<char, std::istreambuf_iterator<char, std::char_traits<char> > >::do_get_year(std::istreambuf_iterator<char, std::char_traits<char> >, std::istreambuf_iterator<char, std::char_traits<char> >, std::ios_base&, std::_Ios_Iostate&, tm*) const
00161dd4 00000a5c W std::time_get<char, std::istreambuf_iterator<char, std::char_traits<char> > >::_M_extract_name(std::istreambuf_iterator<char, std::char_traits<char> >, std::istreambuf_iterator<char, std::char_traits<char> >, int&, char const**, unsigned int, std::ios_base&, std::_Ios_Iostate&) const
00162830 0000043c W std::time_get<char, std::istreambuf_iterator<char, std::char_traits<char> > >::_M_extract_wday_or_month(std::istreambuf_iterator<char, std::char_traits<char> >, std::istreambuf_iterator<char, std::char_traits<char> >, int&, char const**, unsigned int, std::ios_base&, std::_Ios_Iostate&) const
00162c6c 00000244 W std::time_get<char, std::istreambuf_iterator<char, std::char_traits<char> > >::do_get_weekday(std::istreambuf_iterator<char, std::char_traits<char> >, std::istreambuf_iterator<char, std::char_traits<char> >, std::ios_base&, std::_Ios_Iostate&, tm*) const
00162eb0 000002b4 W std::time_get<char, std::istreambuf_iterator<char, std::char_traits<char> > >::do_get_monthname(std::istreambuf_iterator<char, std::char_traits<char> >, std::istreambuf_iterator<char, std::char_traits<char> >, std::ios_base&, std::_Ios_Iostate&, tm*) const
00163164 000013ac W std::time_get<char, std::istreambuf_iterator<char, std::char_traits<char> > >::_M_extract_via_format(std::istreambuf_iterator<char, std::char_traits<char> >, std::istreambuf_iterator<char, std::char_traits<char> >, std::ios_base&, std::_Ios_Iostate&, tm*, char const*, std::__time_get_state&) const
00163164 000013ac t std::time_get<char, std::istreambuf_iterator<char, std::char_traits<char> > >::_M_extract_via_format(std::istreambuf_iterator<char, std::char_traits<char> >, std::istreambuf_iterator<char, std::char_traits<char> >, std::ios_base&, std::_Ios_Iostate&, tm*, char const*, std::__time_get_state&) const [clone .localalias]
00164510 000001b8 W std::time_get<char, std::istreambuf_iterator<char, std::char_traits<char> > >::do_get_time(std::istreambuf_iterator<char, std::char_traits<char> >, std::istreambuf_iterator<char, std::char_traits<char> >, std::ios_base&, std::_Ios_Iostate&, tm*) const
001646c8 000001b8 W std::time_get<char, std::istreambuf_iterator<char, std::char_traits<char> > >::do_get_date(std::istreambuf_iterator<char, std::char_traits<char> >, std::istreambuf_iterator<char, std::char_traits<char> >, std::ios_base&, std::_Ios_Iostate&, tm*) const
00164880 00000e94 W std::istreambuf_iterator<char, std::char_traits<char> > std::money_get<char, std::istreambuf_iterator<char, std::char_traits<char> > >::_M_extract<true>(std::istreambuf_iterator<char, std::char_traits<char> >, std::istreambuf_iterator<char, std::char_traits<char> >, std::ios_base&, std::_Ios_Iostate&, std::string&) const
00165714 00000e94 W std::istreambuf_iterator<char, std::char_traits<char> > std::money_get<char, std::istreambuf_iterator<char, std::char_traits<char> > >::_M_extract<false>(std::istreambuf_iterator<char, std::char_traits<char> >, std::istreambuf_iterator<char, std::char_traits<char> >, std::ios_base&, std::_Ios_Iostate&, std::string&) const
001665a8 000000fc W std::money_get<char, std::istreambuf_iterator<char, std::char_traits<char> > >::do_get(std::istreambuf_iterator<char, std::char_traits<char> >, std::istreambuf_iterator<char, std::char_traits<char> >, bool, std::ios_base&, std::_Ios_Iostate&, long double&) const
001666a4 000001f8 W std::money_get<char, std::istreambuf_iterator<char, std::char_traits<char> > >::do_get(std::istreambuf_iterator<char, std::char_traits<char> >, std::istreambuf_iterator<char, std::char_traits<char> >, bool, std::ios_base&, std::_Ios_Iostate&, std::string&) const
0016689c 000000f4 t _GLOBAL__sub_I__ZNSt12ctype_bynameIcEC2ERKSsj
00166990 0000002c W __gnu_cxx::__throw_concurrence_lock_error()
001669c0 00000b80 T std::locale::_Impl::_Impl(unsigned int)
001669c0 00000b80 T std::locale::_Impl::_Impl(unsigned int)
00167540 00000054 T std::locale::_S_initialize_once()
00167598 00000148 T std::locale::locale()
00167598 00000148 T std::locale::locale()
001676e0 000000e4 W std::ostream::sentry::~sentry()
001676e0 000000e4 W std::ostream::sentry::~sentry()
001677c4 000001b8 W std::ostream::flush()
0016797c 000000b0 W std::ostream::sentry::sentry(std::ostream&)
0016797c 000000b0 W std::ostream::sentry::sentry(std::ostream&)
00167a2c 000001b0 W std::ostream::write(char const*, int)
00167bdc 000001c0 W std::system_error::system_error(std::error_code, char const*)
00167bdc 000001c0 W std::system_error::system_error(std::error_code, char const*)
00167d9c 00000004 W std::basic_streambuf<char, std::char_traits<char> >::imbue(std::locale const&)
00167da0 00000004 W std::basic_streambuf<char, std::char_traits<char> >::setbuf(char*, int)
00167da8 00000020 W std::basic_streambuf<char, std::char_traits<char> >::seekoff(long long, std::_Ios_Seekdir, std::_Ios_Openmode)
00167dc8 00000028 W std::basic_streambuf<char, std::char_traits<char> >::seekpos(std::fpos<_mbstate_t>, std::_Ios_Openmode)
00167df0 00000008 W std::basic_streambuf<char, std::char_traits<char> >::sync()
00167df8 00000008 W std::basic_streambuf<char, std::char_traits<char> >::showmanyc()
00167e00 00000008 W std::basic_streambuf<char, std::char_traits<char> >::underflow()
00167e08 00000008 W std::basic_streambuf<char, std::char_traits<char> >::pbackfail(int)
00167e10 00000008 W std::basic_streambuf<char, std::char_traits<char> >::overflow(int)
00167e18 00000020 W std::basic_streambuf<char, std::char_traits<char> >::~basic_streambuf()
00167e18 00000020 W std::basic_streambuf<char, std::char_traits<char> >::~basic_streambuf()
00167e38 00000028 W std::basic_streambuf<char, std::char_traits<char> >::~basic_streambuf()
00167e60 000000bc W std::basic_streambuf<char, std::char_traits<char> >::xsputn(char const*, int)
00167f1c 0000004c W std::basic_streambuf<char, std::char_traits<char> >::uflow()
00167f68 000000f0 W std::basic_streambuf<char, std::char_traits<char> >::xsgetn(char*, int)
00168058 00000054 W std::__cxx11::basic_string<char, std::char_traits<char>, std::allocator<char> >::_M_create(unsigned int&, unsigned int)
001680ac 00000014 W std::__cxx11::basic_string<char, std::char_traits<char>, std::allocator<char> >::_M_dispose()
001680c0 00000094 W std::__cxx11::basic_string<char, std::char_traits<char>, std::allocator<char> >::_M_construct(unsigned int, char)
00168154 000000c8 W std::__cxx11::basic_string<char, std::char_traits<char>, std::allocator<char> >::_M_assign(std::__cxx11::basic_string<char, std::char_traits<char>, std::allocator<char> > const&)
0016821c 00000104 W std::__cxx11::basic_string<char, std::char_traits<char>, std::allocator<char> >::_M_mutate(unsigned int, unsigned int, char const*, unsigned int)
00168320 00000074 W std::__cxx11::basic_string<char, std::char_traits<char>, std::allocator<char> >::_M_erase(unsigned int, unsigned int)
00168394 00000098 W std::__cxx11::basic_string<char, std::char_traits<char>, std::allocator<char> >::reserve(unsigned int)
0016842c 00000110 W std::__cxx11::basic_string<char, std::char_traits<char>, std::allocator<char> >::_M_replace_aux(unsigned int, unsigned int, unsigned int, char)
0016853c 00000044 W std::__cxx11::basic_string<char, std::char_traits<char>, std::allocator<char> >::resize(unsigned int, char)
00168580 00000140 W std::__cxx11::basic_string<char, std::char_traits<char>, std::allocator<char> >::_M_replace_cold(char*, unsigned int, char const*, unsigned int, unsigned int)
001686c0 00000130 W std::__cxx11::basic_string<char, std::char_traits<char>, std::allocator<char> >::_M_replace(unsigned int, unsigned int, char const*, unsigned int)
001687f0 00000090 W std::__cxx11::basic_string<char, std::char_traits<char>, std::allocator<char> >::_M_append(char const*, unsigned int)
00168880 00000088 W std::__cxx11::basic_string<char, std::char_traits<char>, std::allocator<char> >::copy(char*, unsigned int, unsigned int) const
00168908 00000188 W std::__cxx11::basic_string<char, std::char_traits<char>, std::allocator<char> >::swap(std::__cxx11::basic_string<char, std::char_traits<char>, std::allocator<char> >&)
00168a90 00000048 W std::__cxx11::basic_string<char, std::char_traits<char>, std::allocator<char> >::rfind(char, unsigned int) const
00168ad8 00000064 W std::__cxx11::basic_string<char, std::char_traits<char>, std::allocator<char> >::find_last_of(char const*, unsigned int, unsigned int) const
00168b3c 0000005c W std::__cxx11::basic_string<char, std::char_traits<char>, std::allocator<char> >::find_first_not_of(char, unsigned int) const
00168b98 0000000c t (anonymous namespace)::generic_error_category::name() const
00168ba4 00000020 t (anonymous namespace)::generic_error_category::equivalent(int, std::error_condition const&) const
00168bc4 00000004 t (anonymous namespace)::generic_error_category::~generic_error_category()
00168bc4 00000004 t (anonymous namespace)::generic_error_category::~generic_error_category()
00168bc8 000000cc t (anonymous namespace)::system_error_category::default_error_condition(int) const
00168c94 0000000c T std::_V2::error_category::default_error_condition(int) const
00168ca0 00000020 T std::_V2::error_category::equivalent(std::error_code const&, int) const
00168cc0 0000010c t (anonymous namespace)::strerror_string(int)
00168dcc 00000020 t (anonymous namespace)::system_error_category::message[abi:cxx11](int) const
00168dcc 00000020 t (anonymous namespace)::generic_error_category::message[abi:cxx11](int) const
00168dec 0000001c t (anonymous namespace)::generic_error_category::~generic_error_category()
00168e08 00000020 T std::system_error::~system_error()
00168e08 00000020 T std::system_error::~system_error()
00168e28 00000028 T std::system_error::~system_error()
00168e50 00000078 T std::_V2::error_category::_M_message[abi:cxx11](int) const
00168ec8 00000134 T std::_V2::error_category::equivalent(int, std::error_condition const&) const
00168ffc 000000c0 T std::__throw_system_error(int)
001690bc 00000004 T std::_V2::error_category::~error_category()
001690bc 00000004 T std::_V2::error_category::~error_category()
001690c0 0000000c T std::_V2::generic_category()
001690cc 0000000c W std::moneypunct<wchar_t, false>::do_decimal_point() const
001690d8 0000000c W std::moneypunct<wchar_t, false>::do_thousands_sep() const
001690e4 0000000c W std::moneypunct<wchar_t, false>::do_frac_digits() const
001690f0 00000014 W std::moneypunct<wchar_t, false>::do_pos_format() const
00169104 00000014 W std::moneypunct<wchar_t, false>::do_neg_format() const
00169118 0000000c W std::moneypunct<wchar_t, true>::do_decimal_point() const
00169124 0000000c W std::moneypunct<wchar_t, true>::do_thousands_sep() const
00169130 0000000c W std::moneypunct<wchar_t, true>::do_frac_digits() const
0016913c 00000014 W std::moneypunct<wchar_t, true>::do_pos_format() const
00169150 00000014 W std::moneypunct<wchar_t, true>::do_neg_format() const
00169164 0000000c W std::numpunct<wchar_t>::do_decimal_point() const
00169170 0000000c W std::numpunct<wchar_t>::do_thousands_sep() const
0016917c 00000008 W std::time_get<wchar_t, std::istreambuf_iterator<wchar_t, std::char_traits<wchar_t> > >::do_date_order() const
00169184 00000008 W std::messages<wchar_t>::do_open(std::string const&, std::locale const&) const
0016918c 00000004 W std::messages<wchar_t>::do_close(int) const
00169190 00000020 W std::collate<wchar_t>::do_hash(wchar_t const*, wchar_t const*) const
001691b0 00000020 W std::num_get<wchar_t, std::istreambuf_iterator<wchar_t, std::char_traits<wchar_t> > >::~num_get()
001691b0 00000020 W std::num_get<wchar_t, std::istreambuf_iterator<wchar_t, std::char_traits<wchar_t> > >::~num_get()
001691d0 00000020 W std::num_put<wchar_t, std::ostreambuf_iterator<wchar_t, std::char_traits<wchar_t> > >::~num_put()
001691d0 00000020 W std::num_put<wchar_t, std::ostreambuf_iterator<wchar_t, std::char_traits<wchar_t> > >::~num_put()
001691f0 00000020 W std::money_get<wchar_t, std::istreambuf_iterator<wchar_t, std::char_traits<wchar_t> > >::~money_get()
001691f0 00000020 W std::money_get<wchar_t, std::istreambuf_iterator<wchar_t, std::char_traits<wchar_t> > >::~money_get()
00169210 00000020 W std::money_put<wchar_t, std::ostreambuf_iterator<wchar_t, std::char_traits<wchar_t> > >::~money_put()
00169210 00000020 W std::money_put<wchar_t, std::ostreambuf_iterator<wchar_t, std::char_traits<wchar_t> > >::~money_put()
00169230 00000020 W std::__timepunct_cache<wchar_t>::~__timepunct_cache()
00169230 00000020 W std::__timepunct_cache<wchar_t>::~__timepunct_cache()
00169250 00000020 W std::time_put<wchar_t, std::ostreambuf_iterator<wchar_t, std::char_traits<wchar_t> > >::~time_put()
00169250 00000020 W std::time_put<wchar_t, std::ostreambuf_iterator<wchar_t, std::char_traits<wchar_t> > >::~time_put()
00169270 00000020 W std::time_get<wchar_t, std::istreambuf_iterator<wchar_t, std::char_traits<wchar_t> > >::~time_get()
00169270 00000020 W std::time_get<wchar_t, std::istreambuf_iterator<wchar_t, std::char_traits<wchar_t> > >::~time_get()
00169290 00000028 W std::num_get<wchar_t, std::istreambuf_iterator<wchar_t, std::char_traits<wchar_t> > >::~num_get()
001692b8 00000028 W std::num_put<wchar_t, std::ostreambuf_iterator<wchar_t, std::char_traits<wchar_t> > >::~num_put()
001692e0 00000028 W std::money_get<wchar_t, std::istreambuf_iterator<wchar_t, std::char_traits<wchar_t> > >::~money_get()
00169308 00000028 W std::money_put<wchar_t, std::ostreambuf_iterator<wchar_t, std::char_traits<wchar_t> > >::~money_put()
00169330 0000001c W std::__timepunct_cache<wchar_t>::~__timepunct_cache()
0016934c 00000028 W std::time_put<wchar_t, std::ostreambuf_iterator<wchar_t, std::char_traits<wchar_t> > >::~time_put()
00169374 00000028 W std::time_get<wchar_t, std::istreambuf_iterator<wchar_t, std::char_traits<wchar_t> > >::~time_get()
0016939c 00000070 W std::__moneypunct_cache<wchar_t, false>::~__moneypunct_cache()
0016939c 00000070 W std::__moneypunct_cache<wchar_t, false>::~__moneypunct_cache()
0016940c 0000001c W std::__moneypunct_cache<wchar_t, false>::~__moneypunct_cache()
00169428 00000070 W std::__moneypunct_cache<wchar_t, true>::~__moneypunct_cache()
00169428 00000070 W std::__moneypunct_cache<wchar_t, true>::~__moneypunct_cache()
00169498 0000001c W std::__moneypunct_cache<wchar_t, true>::~__moneypunct_cache()
001694b4 00000060 W std::__numpunct_cache<wchar_t>::~__numpunct_cache()
001694b4 00000060 W std::__numpunct_cache<wchar_t>::~__numpunct_cache()
00169514 0000001c W std::__numpunct_cache<wchar_t>::~__numpunct_cache()
00169530 00000028 W std::messages<wchar_t>::~messages()
00169530 00000028 W std::messages<wchar_t>::~messages()
00169558 0000001c W std::messages<wchar_t>::~messages()
00169574 00000028 W std::collate<wchar_t>::~collate()
00169574 00000028 W std::collate<wchar_t>::~collate()
0016959c 00000060 W std::__timepunct<wchar_t>::~__timepunct()
0016959c 00000060 W std::__timepunct<wchar_t>::~__timepunct()
001695fc 0000001c W std::__timepunct<wchar_t>::~__timepunct()
00169618 00000028 t std::basic_streambuf<wchar_t, std::char_traits<wchar_t> >::sbumpc() [clone .isra.0]
00169640 00000058 t std::basic_string<wchar_t, std::char_traits<wchar_t>, std::allocator<wchar_t> >::~basic_string() [clone .isra.0]
00169698 000000c0 t wchar_t* std::basic_string<wchar_t, std::char_traits<wchar_t>, std::allocator<wchar_t> >::_S_construct<wchar_t const*>(wchar_t const*, wchar_t const*, std::allocator<wchar_t> const&, std::forward_iterator_tag) [clone .isra.0]
00169758 00000058 t std::basic_string<char, std::char_traits<char>, std::allocator<char> >::~basic_string() [clone .isra.0]
001697b0 00000030 W std::collate<wchar_t>::~collate()
001697e0 000000cc W std::moneypunct<wchar_t, false>::do_grouping() const
001698ac 000000cc W std::moneypunct<wchar_t, true>::do_grouping() const
00169978 000000cc W std::numpunct<wchar_t>::do_grouping() const
00169a44 00000168 W std::collate<wchar_t>::do_compare(wchar_t const*, wchar_t const*, wchar_t const*, wchar_t const*) const
00169bac 00000130 W std::time_put<wchar_t, std::ostreambuf_iterator<wchar_t, std::char_traits<wchar_t> > >::do_put(std::ostreambuf_iterator<wchar_t, std::char_traits<wchar_t> >, std::ios_base&, wchar_t, tm const*, char, char) const
00169cdc 000000d4 W std::moneypunct<wchar_t, false>::do_curr_symbol() const
00169db0 000000d4 W std::moneypunct<wchar_t, false>::do_positive_sign() const
00169e84 000000d4 W std::moneypunct<wchar_t, false>::do_negative_sign() const
00169f58 000000d4 W std::moneypunct<wchar_t, true>::do_curr_symbol() const
0016a02c 000000d4 W std::moneypunct<wchar_t, true>::do_positive_sign() const
0016a100 000000d4 W std::moneypunct<wchar_t, true>::do_negative_sign() const
0016a1d4 000000d4 W std::numpunct<wchar_t>::do_truename() const
0016a2a8 000000d4 W std::numpunct<wchar_t>::do_falsename() const
0016a37c 000002e0 W std::collate<wchar_t>::do_transform(wchar_t const*, wchar_t const*) const
0016a65c 00000798 W std::__moneypunct_cache<wchar_t, false>::_M_cache(std::locale const&)
0016adf4 00000798 W std::__moneypunct_cache<wchar_t, true>::_M_cache(std::locale const&)
0016b58c 000004d8 W std::__numpunct_cache<wchar_t>::_M_cache(std::locale const&)
0016ba64 000000b8 t std::__use_cache<std::__numpunct_cache<wchar_t> >::operator()(std::locale const&) const [clone .isra.0]
0016bb1c 0000004c W std::__timepunct<wchar_t>::__timepunct(std::__timepunct_cache<wchar_t>*, unsigned int)
0016bb1c 0000004c W std::__timepunct<wchar_t>::__timepunct(std::__timepunct_cache<wchar_t>*, unsigned int)
0016bb68 0000026c W std::time_get<wchar_t, std::istreambuf_iterator<wchar_t, std::char_traits<wchar_t> > >::_M_extract_num(std::istreambuf_iterator<wchar_t, std::char_traits<wchar_t> >, std::istreambuf_iterator<wchar_t, std::char_traits<wchar_t> >, int&, int, int, unsigned int, std::ios_base&, std::_Ios_Iostate&) const
0016bdd4 0000003c W std::messages<wchar_t>::messages(unsigned int)
0016bdd4 0000003c W std::messages<wchar_t>::messages(unsigned int)
0016be10 00000178 W wchar_t* std::__add_grouping<wchar_t>(wchar_t*, wchar_t, char const*, unsigned int, wchar_t const*, wchar_t const*)
0016bf88 000000b0 W std::num_put<wchar_t, std::ostreambuf_iterator<wchar_t, std::char_traits<wchar_t> > >::_M_group_float(char const*, unsigned int, wchar_t, wchar_t const*, wchar_t*, wchar_t*, int&) const
0016c038 00000054 W std::num_put<wchar_t, std::ostreambuf_iterator<wchar_t, std::char_traits<wchar_t> > >::_M_group_int(char const*, unsigned int, wchar_t, std::ios_base&, wchar_t*, wchar_t*, int&) const
0016c08c 00000628 W std::ostreambuf_iterator<wchar_t, std::char_traits<wchar_t> > std::money_put<wchar_t, std::ostreambuf_iterator<wchar_t, std::char_traits<wchar_t> > >::_M_insert<true>(std::ostreambuf_iterator<wchar_t, std::char_traits<wchar_t> >, std::ios_base&, wchar_t, std::basic_string<wchar_t, std::char_traits<wchar_t>, std::allocator<wchar_t> > const&) const
0016c6b4 000005c4 W std::ostreambuf_iterator<wchar_t, std::char_traits<wchar_t> > std::money_put<wchar_t, std::ostreambuf_iterator<wchar_t, std::char_traits<wchar_t> > >::_M_insert<false>(std::ostreambuf_iterator<wchar_t, std::char_traits<wchar_t> >, std::ios_base&, wchar_t, std::basic_string<wchar_t, std::char_traits<wchar_t>, std::allocator<wchar_t> > const&) const
0016cc78 000001d0 W std::money_put<wchar_t, std::ostreambuf_iterator<wchar_t, std::char_traits<wchar_t> > >::do_put(std::ostreambuf_iterator<wchar_t, std::char_traits<wchar_t> >, bool, std::ios_base&, wchar_t, long double) const
0016ce48 00000054 W std::money_put<wchar_t, std::ostreambuf_iterator<wchar_t, std::char_traits<wchar_t> > >::do_put(std::ostreambuf_iterator<wchar_t, std::char_traits<wchar_t> >, bool, std::ios_base&, wchar_t, std::basic_string<wchar_t, std::char_traits<wchar_t>, std::allocator<wchar_t> > const&) const
0016ce9c 00000220 W std::__pad<wchar_t, std::char_traits<wchar_t> >::_S_pad(std::ios_base&, wchar_t, wchar_t*, wchar_t const*, int, int)
0016d0bc 00000034 W std::num_put<wchar_t, std::ostreambuf_iterator<wchar_t, std::char_traits<wchar_t> > >::_M_pad(wchar_t, int, std::ios_base&, wchar_t*, wchar_t const*, int&) const
0016d0f0 0000034c W std::ostreambuf_iterator<wchar_t, std::char_traits<wchar_t> > std::num_put<wchar_t, std::ostreambuf_iterator<wchar_t, std::char_traits<wchar_t> > >::_M_insert_float<double>(std::ostreambuf_iterator<wchar_t, std::char_traits<wchar_t> >, std::ios_base&, wchar_t, char, double) const
0016d43c 0000003c W std::num_put<wchar_t, std::ostreambuf_iterator<wchar_t, std::char_traits<wchar_t> > >::do_put(std::ostreambuf_iterator<wchar_t, std::char_traits<wchar_t> >, std::ios_base&, wchar_t, double) const
0016d478 0000034c W std::ostreambuf_iterator<wchar_t, std::char_traits<wchar_t> > std::num_put<wchar_t, std::ostreambuf_iterator<wchar_t, std::char_traits<wchar_t> > >::_M_insert_float<long double>(std::ostreambuf_iterator<wchar_t, std::char_traits<wchar_t> >, std::ios_base&, wchar_t, char, long double) const
0016d7c4 0000003c W std::num_put<wchar_t, std::ostreambuf_iterator<wchar_t, std::char_traits<wchar_t> > >::do_put(std::ostreambuf_iterator<wchar_t, std::char_traits<wchar_t> >, std::ios_base&, wchar_t, long double) const
0016d800 000000b4 W int std::__int_to_char<wchar_t, unsigned long>(wchar_t*, unsigned long, wchar_t const*, std::_Ios_Fmtflags, bool)
0016d8b4 00000238 W std::ostreambuf_iterator<wchar_t, std::char_traits<wchar_t> > std::num_put<wchar_t, std::ostreambuf_iterator<wchar_t, std::char_traits<wchar_t> > >::_M_insert_int<long>(std::ostreambuf_iterator<wchar_t, std::char_traits<wchar_t> >, std::ios_base&, wchar_t, long) const
0016daec 0000003c W std::num_put<wchar_t, std::ostreambuf_iterator<wchar_t, std::char_traits<wchar_t> > >::do_put(std::ostreambuf_iterator<wchar_t, std::char_traits<wchar_t> >, std::ios_base&, wchar_t, long) const
0016db28 000001b8 W std::num_put<wchar_t, std::ostreambuf_iterator<wchar_t, std::char_traits<wchar_t> > >::do_put(std::ostreambuf_iterator<wchar_t, std::char_traits<wchar_t> >, std::ios_base&, wchar_t, bool) const
0016dce0 000001d4 W std::ostreambuf_iterator<wchar_t, std::char_traits<wchar_t> > std::num_put<wchar_t, std::ostreambuf_iterator<wchar_t, std::char_traits<wchar_t> > >::_M_insert_int<unsigned long>(std::ostreambuf_iterator<wchar_t, std::char_traits<wchar_t> >, std::ios_base&, wchar_t, unsigned long) const
0016deb4 0000003c W std::num_put<wchar_t, std::ostreambuf_iterator<wchar_t, std::char_traits<wchar_t> > >::do_put(std::ostreambuf_iterator<wchar_t, std::char_traits<wchar_t> >, std::ios_base&, wchar_t, unsigned long) const
0016def0 0000006c W std::num_put<wchar_t, std::ostreambuf_iterator<wchar_t, std::char_traits<wchar_t> > >::do_put(std::ostreambuf_iterator<wchar_t, std::char_traits<wchar_t> >, std::ios_base&, wchar_t, void const*) const
0016df5c 00000118 W int std::__int_to_char<wchar_t, unsigned long long>(wchar_t*, unsigned long long, wchar_t const*, std::_Ios_Fmtflags, bool)
0016e074 00000258 W std::ostreambuf_iterator<wchar_t, std::char_traits<wchar_t> > std::num_put<wchar_t, std::ostreambuf_iterator<wchar_t, std::char_traits<wchar_t> > >::_M_insert_int<long long>(std::ostreambuf_iterator<wchar_t, std::char_traits<wchar_t> >, std::ios_base&, wchar_t, long long) const
0016e2cc 0000003c W std::num_put<wchar_t, std::ostreambuf_iterator<wchar_t, std::char_traits<wchar_t> > >::do_put(std::ostreambuf_iterator<wchar_t, std::char_traits<wchar_t> >, std::ios_base&, wchar_t, long long) const
0016e308 000001f8 W std::ostreambuf_iterator<wchar_t, std::char_traits<wchar_t> > std::num_put<wchar_t, std::ostreambuf_iterator<wchar_t, std::char_traits<wchar_t> > >::_M_insert_int<unsigned long long>(std::ostreambuf_iterator<wchar_t, std::char_traits<wchar_t> >, std::ios_base&, wchar_t, unsigned long long) const
0016e500 0000003c W std::num_put<wchar_t, std::ostreambuf_iterator<wchar_t, std::char_traits<wchar_t> > >::do_put(std::ostreambuf_iterator<wchar_t, std::char_traits<wchar_t> >, std::ios_base&, wchar_t, unsigned long long) const
0016e53c 000000fc W std::istreambuf_iterator<wchar_t, std::char_traits<wchar_t> >::equal(std::istreambuf_iterator<wchar_t, std::char_traits<wchar_t> > const&) const
0016e638 0000007c W std::istreambuf_iterator<wchar_t, std::char_traits<wchar_t> >::_M_get() const
0016e6b4 00000d40 W std::num_get<wchar_t, std::istreambuf_iterator<wchar_t, std::char_traits<wchar_t> > >::_M_extract_float(std::istreambuf_iterator<wchar_t, std::char_traits<wchar_t> >, std::istreambuf_iterator<wchar_t, std::char_traits<wchar_t> >, std::ios_base&, std::_Ios_Iostate&, std::string&) const
0016eeab N 
0016eeab N 
0016eeab N 
0016eeab N 
0016eeab N 
0016eeab N 
0016eeab N 
0016eeab N 
0016eeab N 
0016eeab N 
0016eeab N 
0016eeab N 
0016eeab N 
0016eeab N 
0016eeab N 
0016eeab N 
0016eeab N 
0016eeab N 
0016eeab N 
0016eeab N 
0016eeab N 
0016eeab N 
0016eeab N 
0016eeab N 
0016eeab N 
0016eeab N 
0016eeab N 
0016eeab N 
0016eeab N 
0016eeab N 
0016eeab N 
0016eeab W KoreanFFF3FFFCMemoryRule.cpp.aa699a1c
0016f3f4 000001dc W std::num_get<wchar_t, std::istreambuf_iterator<wchar_t, std::char_traits<wchar_t> > >::do_get(std::istreambuf_iterator<wchar_t, std::char_traits<wchar_t> >, std::istreambuf_iterator<wchar_t, std::char_traits<wchar_t> >, std::ios_base&, std::_Ios_Iostate&, float&) const
0016f5d0 000001dc W std::num_get<wchar_t, std::istreambuf_iterator<wchar_t, std::char_traits<wchar_t> > >::do_get(std::istreambuf_iterator<wchar_t, std::char_traits<wchar_t> >, std::istreambuf_iterator<wchar_t, std::char_traits<wchar_t> >, std::ios_base&, std::_Ios_Iostate&, double&) const
0016f7ac 000001dc W std::num_get<wchar_t, std::istreambuf_iterator<wchar_t, std::char_traits<wchar_t> > >::do_get(std::istreambuf_iterator<wchar_t, std::char_traits<wchar_t> >, std::istreambuf_iterator<wchar_t, std::char_traits<wchar_t> >, std::ios_base&, std::_Ios_Iostate&, long double&) const
0016f988 0000099c W std::istreambuf_iterator<wchar_t, std::char_traits<wchar_t> > std::num_get<wchar_t, std::istreambuf_iterator<wchar_t, std::char_traits<wchar_t> > >::_M_extract_int<long>(std::istreambuf_iterator<wchar_t, std::char_traits<wchar_t> >, std::istreambuf_iterator<wchar_t, std::char_traits<wchar_t> >, std::ios_base&, std::_Ios_Iostate&, long&) const
00170324 00000514 W std::num_get<wchar_t, std::istreambuf_iterator<wchar_t, std::char_traits<wchar_t> > >::do_get(std::istreambuf_iterator<wchar_t, std::char_traits<wchar_t> >, std::istreambuf_iterator<wchar_t, std::char_traits<wchar_t> >, std::ios_base&, std::_Ios_Iostate&, bool&) const
00170838 00000048 W std::num_get<wchar_t, std::istreambuf_iterator<wchar_t, std::char_traits<wchar_t> > >::do_get(std::istreambuf_iterator<wchar_t, std::char_traits<wchar_t> >, std::istreambuf_iterator<wchar_t, std::char_traits<wchar_t> >, std::ios_base&, std::_Ios_Iostate&, long&) const
00170880 00000a64 W std::istreambuf_iterator<wchar_t, std::char_traits<wchar_t> > std::num_get<wchar_t, std::istreambuf_iterator<wchar_t, std::char_traits<wchar_t> > >::_M_extract_int<unsigned short>(std::istreambuf_iterator<wchar_t, std::char_traits<wchar_t> >, std::istreambuf_iterator<wchar_t, std::char_traits<wchar_t> >, std::ios_base&, std::_Ios_Iostate&, unsigned short&) const
001712e4 00000048 W std::num_get<wchar_t, std::istreambuf_iterator<wchar_t, std::char_traits<wchar_t> > >::do_get(std::istreambuf_iterator<wchar_t, std::char_traits<wchar_t> >, std::istreambuf_iterator<wchar_t, std::char_traits<wchar_t> >, std::ios_base&, std::_Ios_Iostate&, unsigned short&) const
0017132c 00000a08 W std::istreambuf_iterator<wchar_t, std::char_traits<wchar_t> > std::num_get<wchar_t, std::istreambuf_iterator<wchar_t, std::char_traits<wchar_t> > >::_M_extract_int<unsigned int>(std::istreambuf_iterator<wchar_t, std::char_traits<wchar_t> >, std::istreambuf_iterator<wchar_t, std::char_traits<wchar_t> >, std::ios_base&, std::_Ios_Iostate&, unsigned int&) const
00171d34 00000048 W std::num_get<wchar_t, std::istreambuf_iterator<wchar_t, std::char_traits<wchar_t> > >::do_get(std::istreambuf_iterator<wchar_t, std::char_traits<wchar_t> >, std::istreambuf_iterator<wchar_t, std::char_traits<wchar_t> >, std::ios_base&, std::_Ios_Iostate&, unsigned int&) const
00171d7c 00000a08 W std::istreambuf_iterator<wchar_t, std::char_traits<wchar_t> > std::num_get<wchar_t, std::istreambuf_iterator<wchar_t, std::char_traits<wchar_t> > >::_M_extract_int<unsigned long>(std::istreambuf_iterator<wchar_t, std::char_traits<wchar_t> >, std::istreambuf_iterator<wchar_t, std::char_traits<wchar_t> >, std::ios_base&, std::_Ios_Iostate&, unsigned long&) const
00172784 00000048 W std::num_get<wchar_t, std::istreambuf_iterator<wchar_t, std::char_traits<wchar_t> > >::do_get(std::istreambuf_iterator<wchar_t, std::char_traits<wchar_t> >, std::istreambuf_iterator<wchar_t, std::char_traits<wchar_t> >, std::ios_base&, std::_Ios_Iostate&, unsigned long&) const
001727cc 0000007c W std::num_get<wchar_t, std::istreambuf_iterator<wchar_t, std::char_traits<wchar_t> > >::do_get(std::istreambuf_iterator<wchar_t, std::char_traits<wchar_t> >, std::istreambuf_iterator<wchar_t, std::char_traits<wchar_t> >, std::ios_base&, std::_Ios_Iostate&, void*&) const
00172848 00000a34 W std::istreambuf_iterator<wchar_t, std::char_traits<wchar_t> > std::num_get<wchar_t, std::istreambuf_iterator<wchar_t, std::char_traits<wchar_t> > >::_M_extract_int<long long>(std::istreambuf_iterator<wchar_t, std::char_traits<wchar_t> >, std::istreambuf_iterator<wchar_t, std::char_traits<wchar_t> >, std::ios_base&, std::_Ios_Iostate&, long long&) const
0017327c 00000048 W std::num_get<wchar_t, std::istreambuf_iterator<wchar_t, std::char_traits<wchar_t> > >::do_get(std::istreambuf_iterator<wchar_t, std::char_traits<wchar_t> >, std::istreambuf_iterator<wchar_t, std::char_traits<wchar_t> >, std::ios_base&, std::_Ios_Iostate&, long long&) const
001732c4 00000af0 W std::istreambuf_iterator<wchar_t, std::char_traits<wchar_t> > std::num_get<wchar_t, std::istreambuf_iterator<wchar_t, std::char_traits<wchar_t> > >::_M_extract_int<unsigned long long>(std::istreambuf_iterator<wchar_t, std::char_traits<wchar_t> >, std::istreambuf_iterator<wchar_t, std::char_traits<wchar_t> >, std::ios_base&, std::_Ios_Iostate&, unsigned long long&) const
00173db4 00000048 W std::num_get<wchar_t, std::istreambuf_iterator<wchar_t, std::char_traits<wchar_t> > >::do_get(std::istreambuf_iterator<wchar_t, std::char_traits<wchar_t> >, std::istreambuf_iterator<wchar_t, std::char_traits<wchar_t> >, std::ios_base&, std::_Ios_Iostate&, unsigned long long&) const
00173dfc 000002f4 W std::time_get<wchar_t, std::istreambuf_iterator<wchar_t, std::char_traits<wchar_t> > >::do_get_year(std::istreambuf_iterator<wchar_t, std::char_traits<wchar_t> >, std::istreambuf_iterator<wchar_t, std::char_traits<wchar_t> >, std::ios_base&, std::_Ios_Iostate&, tm*) const
001740f0 00000af0 W std::time_get<wchar_t, std::istreambuf_iterator<wchar_t, std::char_traits<wchar_t> > >::_M_extract_name(std::istreambuf_iterator<wchar_t, std::char_traits<wchar_t> >, std::istreambuf_iterator<wchar_t, std::char_traits<wchar_t> >, int&, wchar_t const**, unsigned int, std::ios_base&, std::_Ios_Iostate&) const
00174be0 000005b4 W std::time_get<wchar_t, std::istreambuf_iterator<wchar_t, std::char_traits<wchar_t> > >::_M_extract_wday_or_month(std::istreambuf_iterator<wchar_t, std::char_traits<wchar_t> >, std::istreambuf_iterator<wchar_t, std::char_traits<wchar_t> >, int&, wchar_t const**, unsigned int, std::ios_base&, std::_Ios_Iostate&) const
00175194 00000258 W std::time_get<wchar_t, std::istreambuf_iterator<wchar_t, std::char_traits<wchar_t> > >::do_get_weekday(std::istreambuf_iterator<wchar_t, std::char_traits<wchar_t> >, std::istreambuf_iterator<wchar_t, std::char_traits<wchar_t> >, std::ios_base&, std::_Ios_Iostate&, tm*) const
001753ec 000002d0 W std::time_get<wchar_t, std::istreambuf_iterator<wchar_t, std::char_traits<wchar_t> > >::do_get_monthname(std::istreambuf_iterator<wchar_t, std::char_traits<wchar_t> >, std::istreambuf_iterator<wchar_t, std::char_traits<wchar_t> >, std::ios_base&, std::_Ios_Iostate&, tm*) const
001756bc 000016e4 W std::time_get<wchar_t, std::istreambuf_iterator<wchar_t, std::char_traits<wchar_t> > >::_M_extract_via_format(std::istreambuf_iterator<wchar_t, std::char_traits<wchar_t> >, std::istreambuf_iterator<wchar_t, std::char_traits<wchar_t> >, std::ios_base&, std::_Ios_Iostate&, tm*, wchar_t const*, std::__time_get_state&) const
001756bc 000016e4 t std::time_get<wchar_t, std::istreambuf_iterator<wchar_t, std::char_traits<wchar_t> > >::_M_extract_via_format(std::istreambuf_iterator<wchar_t, std::char_traits<wchar_t> >, std::istreambuf_iterator<wchar_t, std::char_traits<wchar_t> >, std::ios_base&, std::_Ios_Iostate&, tm*, wchar_t const*, std::__time_get_state&) const [clone .localalias]
00176da0 000001d0 W std::time_get<wchar_t, std::istreambuf_iterator<wchar_t, std::char_traits<wchar_t> > >::do_get_time(std::istreambuf_iterator<wchar_t, std::char_traits<wchar_t> >, std::istreambuf_iterator<wchar_t, std::char_traits<wchar_t> >, std::ios_base&, std::_Ios_Iostate&, tm*) const
00176f70 000001d0 W std::time_get<wchar_t, std::istreambuf_iterator<wchar_t, std::char_traits<wchar_t> > >::do_get_date(std::istreambuf_iterator<wchar_t, std::char_traits<wchar_t> >, std::istreambuf_iterator<wchar_t, std::char_traits<wchar_t> >, std::ios_base&, std::_Ios_Iostate&, tm*) const
00177140 0000103c W std::istreambuf_iterator<wchar_t, std::char_traits<wchar_t> > std::money_get<wchar_t, std::istreambuf_iterator<wchar_t, std::char_traits<wchar_t> > >::_M_extract<true>(std::istreambuf_iterator<wchar_t, std::char_traits<wchar_t> >, std::istreambuf_iterator<wchar_t, std::char_traits<wchar_t> >, std::ios_base&, std::_Ios_Iostate&, std::string&) const
0017817c 0000103c W std::istreambuf_iterator<wchar_t, std::char_traits<wchar_t> > std::money_get<wchar_t, std::istreambuf_iterator<wchar_t, std::char_traits<wchar_t> > >::_M_extract<false>(std::istreambuf_iterator<wchar_t, std::char_traits<wchar_t> >, std::istreambuf_iterator<wchar_t, std::char_traits<wchar_t> >, std::ios_base&, std::_Ios_Iostate&, std::string&) const
001791b8 000000fc W std::money_get<wchar_t, std::istreambuf_iterator<wchar_t, std::char_traits<wchar_t> > >::do_get(std::istreambuf_iterator<wchar_t, std::char_traits<wchar_t> >, std::istreambuf_iterator<wchar_t, std::char_traits<wchar_t> >, bool, std::ios_base&, std::_Ios_Iostate&, long double&) const
001792b4 00000190 W std::money_get<wchar_t, std::istreambuf_iterator<wchar_t, std::char_traits<wchar_t> > >::do_get(std::istreambuf_iterator<wchar_t, std::char_traits<wchar_t> >, std::istreambuf_iterator<wchar_t, std::char_traits<wchar_t> >, bool, std::ios_base&, std::_Ios_Iostate&, std::basic_string<wchar_t, std::char_traits<wchar_t>, std::allocator<wchar_t> >&) const
00179444 000000f4 t _GLOBAL__sub_I__ZNSt12ctype_bynameIwEC2ERKSsj
00179538 0000005c W std::__cxx11::basic_string<wchar_t, std::char_traits<wchar_t>, std::allocator<wchar_t> >::_M_create(unsigned int&, unsigned int)
00179594 00000014 W std::__cxx11::basic_string<wchar_t, std::char_traits<wchar_t>, std::allocator<wchar_t> >::_M_dispose()
001795a8 00000090 W std::__cxx11::basic_string<wchar_t, std::char_traits<wchar_t>, std::allocator<wchar_t> >::_M_construct(unsigned int, wchar_t)
00179638 00000104 W std::__cxx11::basic_string<wchar_t, std::char_traits<wchar_t>, std::allocator<wchar_t> >::_M_mutate(unsigned int, unsigned int, wchar_t const*, unsigned int)
0017973c 0000009c W std::__cxx11::basic_string<wchar_t, std::char_traits<wchar_t>, std::allocator<wchar_t> >::reserve(unsigned int)
001797d8 00000108 W std::__cxx11::basic_string<wchar_t, std::char_traits<wchar_t>, std::allocator<wchar_t> >::_M_replace_aux(unsigned int, unsigned int, unsigned int, wchar_t)
001798e0 00000044 W std::__cxx11::basic_string<wchar_t, std::char_traits<wchar_t>, std::allocator<wchar_t> >::resize(unsigned int, wchar_t)
00179924 00000144 W std::__cxx11::basic_string<wchar_t, std::char_traits<wchar_t>, std::allocator<wchar_t> >::_M_replace_cold(wchar_t*, unsigned int, wchar_t const*, unsigned int, unsigned int)
00179a68 00000130 W std::__cxx11::basic_string<wchar_t, std::char_traits<wchar_t>, std::allocator<wchar_t> >::_M_replace(unsigned int, unsigned int, wchar_t const*, unsigned int)
00179b98 0000008c W std::__cxx11::basic_string<wchar_t, std::char_traits<wchar_t>, std::allocator<wchar_t> >::_M_append(wchar_t const*, unsigned int)
00179c24 00000088 W std::__cxx11::basic_string<wchar_t, std::char_traits<wchar_t>, std::allocator<wchar_t> >::copy(wchar_t*, unsigned int, unsigned int) const
00179cac 000000a8 W void std::__cxx11::basic_string<wchar_t, std::char_traits<wchar_t>, std::allocator<wchar_t> >::_M_construct<true>(wchar_t const*, unsigned int)
00179d54 0000000c T std::bad_alloc::what() const
00179d60 00000020 T std::bad_alloc::~bad_alloc()
00179d60 00000020 T std::bad_alloc::~bad_alloc()
00179d80 0000002c T std::bad_alloc::~bad_alloc()
00179dac 0000000c T std::bad_array_new_length::what() const
00179db8 00000020 T std::bad_array_new_length::~bad_array_new_length()
00179db8 00000020 T std::bad_array_new_length::~bad_array_new_length()
00179dd8 0000002c T std::bad_array_new_length::~bad_array_new_length()
00179e04 0000000c T std::bad_cast::what() const
00179e10 00000020 T std::bad_cast::~bad_cast()
00179e10 00000020 T std::bad_cast::~bad_cast()
00179e30 0000002c T std::bad_cast::~bad_cast()
00179e5c 00000014 T __cxxabiv1::__class_type_info::__do_find_public_src(int, void const*, __cxxabiv1::__class_type_info const*, void const*) const
00179e70 00000020 T __cxxabiv1::__class_type_info::~__class_type_info()
00179e70 00000020 T __cxxabiv1::__class_type_info::~__class_type_info()
00179e90 0000002c T __cxxabiv1::__class_type_info::~__class_type_info()
00179ebc 00000084 T __cxxabiv1::__class_type_info::__do_dyncast(int, __cxxabiv1::__class_type_info::__sub_kind, __cxxabiv1::__class_type_info const*, void const*, __cxxabiv1::__class_type_info const*, void const*, __cxxabiv1::__class_type_info::__dyncast_result&) const
00179f40 00000038 T __cxxabiv1::__class_type_info::__do_upcast(__cxxabiv1::__class_type_info const*, void const*, __cxxabiv1::__class_type_info::__upcast_result&) const
00179f78 00000090 T __cxxabiv1::__class_type_info::__do_upcast(__cxxabiv1::__class_type_info const*, void**) const
0017a008 0000005c T __cxxabiv1::__class_type_info::__do_catch(std::type_info const*, void**, unsigned int) const
0017a064 00000004 T operator delete(void*, unsigned int)
0017a068 00000184 T __dynamic_cast
0017a1ec 000000f4 t (anonymous namespace)::pool::free(void*) [clone .constprop.0]
0017a2e0 000000b8 t (anonymous namespace)::pool::allocate(unsigned int) [clone .constprop.0]
0017a398 00000044 T __cxa_allocate_exception
0017a3dc 00000028 T __cxa_free_exception
0017a404 000001a0 t _GLOBAL__sub_I__ZN9__gnu_cxx9__freeresEv
0017a5a4 00000018 t _GLOBAL__sub_D__ZN9__gnu_cxx9__freeresEv
0017a5bc T __cxa_end_cleanup
0017a5cc 00000138 T __cxa_type_match
0017a704 000000b4 T __cxa_begin_cleanup
0017a7b8 000000b0 T __gnu_end_cleanup
0017a868 0000002c T __cxa_throw_bad_array_new_length
0017a894 00000070 t __cxxabiv1::__is_gxx_exception_class(char*)
0017a904 0000002c T __cxa_call_terminate
0017a930 0000014c T __cxa_call_unexpected
0017aa7c 000000e0 T __cxa_begin_catch
0017ab5c 000000e0 T __cxa_end_catch
0017ac3c 00000018 T std::uncaught_exception()
0017ac54 00000004 T std::exception::~exception()
0017ac54 00000004 T std::exception::~exception()
0017ac58 00000004 T std::bad_exception::~bad_exception()
0017ac58 00000004 T std::bad_exception::~bad_exception()
0017ac5c 0000000c T transaction clone for std::bad_exception::what() const
0017ac5c 0000000c T std::bad_exception::what() const
0017ac68 00000020 T std::bad_exception::~bad_exception()
0017ac88 00000038 t eh_globals_dtor(void*)
0017acc0 00000038 T __cxa_get_globals_fast
0017acf8 00000090 T __cxa_get_globals
0017ad88 00000030 t _GLOBAL__sub_I__ZN17__eh_globals_init7_S_initE
0017adb8 00000034 t _GLOBAL__sub_D__ZN17__eh_globals_init7_S_initE
0017adec 00000150 t read_encoded_value_with_base(unsigned char, unsigned int, unsigned char const*, unsigned int*)
0017af3c 00000058 t base_of_encoded_value(unsigned char, _Unwind_Context*)
0017af94 000000f0 t parse_lsda_header(_Unwind_Context*, unsigned char const*, lsda_header_info*)
0017b084 0000074c T __gxx_personality_v0
0017b7d0 00000014 T __cxxabiv1::__terminate(void (*)())
0017b7e4 00000018 T std::terminate()
0017b7fc 0000000c T __cxxabiv1::__unexpected(void (*)())
0017b808 00000018 T std::unexpected()
0017b820 00000014 T std::get_terminate()
0017b834 00000014 T std::get_unexpected()
0017b848 00000070 t __gxx_exception_cleanup(_Unwind_Reason_Code, _Unwind_Control_Block*)
0017b8b8 00000080 T __cxa_throw
0017b938 000000b0 T __cxa_rethrow
0017b9e8 0000000c W __gnu_cxx::__concurrence_broadcast_error::what() const
0017b9f4 0000000c W __gnu_cxx::__concurrence_wait_error::what() const
0017ba00 00000038 t (anonymous namespace)::init()
0017ba38 00000024 t (anonymous namespace)::init_static_cond()
0017ba5c 00000020 W __gnu_cxx::__concurrence_wait_error::~__concurrence_wait_error()
0017ba5c 00000020 W __gnu_cxx::__concurrence_wait_error::~__concurrence_wait_error()
0017ba7c 0000002c W __gnu_cxx::__concurrence_wait_error::~__concurrence_wait_error()
0017baa8 00000020 W __gnu_cxx::__concurrence_broadcast_error::~__concurrence_broadcast_error()
0017baa8 00000020 W __gnu_cxx::__concurrence_broadcast_error::~__concurrence_broadcast_error()
0017bac8 0000002c W __gnu_cxx::__concurrence_broadcast_error::~__concurrence_broadcast_error()
0017baf4 0000002c W __gnu_cxx::__throw_concurrence_broadcast_error()
0017bb20 00000124 T __cxa_guard_acquire
0017bc44 0000008c T __cxa_guard_release
0017bcd0 00000014 T std::get_new_handler()
0017bce4 0000001c T operator new[](unsigned int, std::nothrow_t const&)
0017bd00 00000020 T __cxxabiv1::__si_class_type_info::~__si_class_type_info()
0017bd00 00000020 T __cxxabiv1::__si_class_type_info::~__si_class_type_info()
0017bd20 0000002c T __cxxabiv1::__si_class_type_info::~__si_class_type_info()
0017bd4c 0000006c T __cxxabiv1::__si_class_type_info::__do_find_public_src(int, void const*, __cxxabiv1::__class_type_info const*, void const*) const
0017bdb8 000000e4 T __cxxabiv1::__si_class_type_info::__do_dyncast(int, __cxxabiv1::__class_type_info::__sub_kind, __cxxabiv1::__class_type_info const*, void const*, __cxxabiv1::__class_type_info const*, void const*, __cxxabiv1::__class_type_info::__dyncast_result&) const
0017be9c 00000044 T __cxxabiv1::__si_class_type_info::__do_upcast(__cxxabiv1::__class_type_info const*, void const*, __cxxabiv1::__class_type_info::__upcast_result&) const
0017bee0 00000004 T std::type_info::~type_info()
0017bee0 00000004 T std::type_info::~type_info()
0017bee4 00000008 T std::type_info::__is_pointer_p() const
0017bee4 00000008 T std::type_info::__is_function_p() const
0017beec 0000004c T std::type_info::__equal(std::type_info const&) const
0017beec 0000004c T std::type_info::operator==(std::type_info const&) const
0017bf38 00000020 T __cxxabiv1::__vmi_class_type_info::~__vmi_class_type_info()
0017bf38 00000020 T __cxxabiv1::__vmi_class_type_info::~__vmi_class_type_info()
0017bf58 0000002c T __cxxabiv1::__vmi_class_type_info::~__vmi_class_type_info()
0017bf84 000000cc T __cxxabiv1::__vmi_class_type_info::__do_find_public_src(int, void const*, __cxxabiv1::__class_type_info const*, void const*) const
0017c050 000006ac T __cxxabiv1::__vmi_class_type_info::__do_dyncast(int, __cxxabiv1::__class_type_info::__sub_kind, __cxxabiv1::__class_type_info const*, void const*, __cxxabiv1::__class_type_info const*, void const*, __cxxabiv1::__class_type_info::__dyncast_result&) const
0017c6fc 00000264 t __cxxabiv1::__vmi_class_type_info::__do_upcast(__cxxabiv1::__class_type_info const*, void const*, __cxxabiv1::__class_type_info::__upcast_result&) const [clone .part.0]
0017c960 00000038 T __cxxabiv1::__vmi_class_type_info::__do_upcast(__cxxabiv1::__class_type_info const*, void const*, __cxxabiv1::__class_type_info::__upcast_result&) const
0017c998 00000068 t std::(anonymous namespace)::__set_C_locale()
0017ca00 000000c4 T void std::__convert_to_v<float>(char const*, float&, std::_Ios_Iostate&, int* const&)
0017cac8 000000dc T void std::__convert_to_v<double>(char const*, double&, std::_Ios_Iostate&, int* const&)
0017cba8 000000d0 T void std::__convert_to_v<long double>(char const*, long double&, std::_Ios_Iostate&, int* const&)
0017cc78 00000034 T std::locale::facet::_S_create_c_locale(int*&, char const*, int*)
0017ccac 0000000c T std::locale::facet::_S_destroy_c_locale(int*&)
0017ccb8 0000001c T std::codecvt<char, char, _mbstate_t>::do_in(_mbstate_t&, char const*, char const*, char const*&, char*, char*, char*&) const
0017ccb8 0000001c T std::codecvt<char, char, _mbstate_t>::do_out(_mbstate_t&, char const*, char const*, char const*&, char*, char*, char*&) const
0017ccd4 00000010 T std::codecvt<char, char, _mbstate_t>::do_unshift(_mbstate_t&, char*, char*, char*&) const
0017ccd4 00000010 T std::codecvt<wchar_t, char, _mbstate_t>::do_unshift(_mbstate_t&, char*, char*, char*&) const
0017cce4 00000008 T std::codecvt<char, char, _mbstate_t>::do_encoding() const
0017cce4 00000008 T std::codecvt<char, char, _mbstate_t>::do_max_length() const
0017ccec 00000008 T std::codecvt<char, char, _mbstate_t>::do_always_noconv() const
0017ccf4 00000014 T std::codecvt<char, char, _mbstate_t>::do_length(_mbstate_t&, char const*, char const*, unsigned int) const
0017cd08 00000008 T std::codecvt<wchar_t, char, _mbstate_t>::do_always_noconv() const
0017cd10 00000048 T std::codecvt<char, char, _mbstate_t>::~codecvt()
0017cd10 00000048 T std::codecvt<char, char, _mbstate_t>::~codecvt()
0017cd58 00000048 T std::codecvt<wchar_t, char, _mbstate_t>::~codecvt()
0017cd58 00000048 T std::codecvt<wchar_t, char, _mbstate_t>::~codecvt()
0017cda0 0000005c T std::codecvt<char, char, _mbstate_t>::~codecvt()
0017cdfc 0000005c T std::codecvt<wchar_t, char, _mbstate_t>::~codecvt()
0017ce58 00000048 T std::codecvt<char, char, _mbstate_t>::codecvt(unsigned int)
0017ce58 00000048 T std::codecvt<char, char, _mbstate_t>::codecvt(unsigned int)
0017cea0 00000048 T std::codecvt<wchar_t, char, _mbstate_t>::codecvt(unsigned int)
0017cea0 00000048 T std::codecvt<wchar_t, char, _mbstate_t>::codecvt(unsigned int)
0017cee8 0000015c T std::codecvt<wchar_t, char, _mbstate_t>::do_out(_mbstate_t&, wchar_t const*, wchar_t const*, wchar_t const*&, char*, char*, char*&) const
0017d044 000000c0 T std::codecvt<wchar_t, char, _mbstate_t>::do_in(_mbstate_t&, char const*, char const*, char const*&, wchar_t*, wchar_t*, wchar_t*&) const
0017d104 00000028 T std::codecvt<wchar_t, char, _mbstate_t>::do_encoding() const
0017d12c 0000001c T std::codecvt<wchar_t, char, _mbstate_t>::do_max_length() const
0017d148 000000a0 T std::codecvt<wchar_t, char, _mbstate_t>::do_length(_mbstate_t&, char const*, char const*, unsigned int) const
0017d1e8 00000020 T std::__cxx11::collate<char>::_M_compare(char const*, char const*) const
0017d208 00000010 T std::__cxx11::collate<char>::_M_transform(char*, char const*, unsigned int) const
0017d218 00000020 T std::__cxx11::collate<wchar_t>::_M_compare(wchar_t const*, wchar_t const*) const
0017d238 00000010 T std::__cxx11::collate<wchar_t>::_M_transform(wchar_t*, wchar_t const*, unsigned int) const
0017d248 00000020 T std::collate<char>::_M_compare(char const*, char const*) const
0017d268 00000010 T std::collate<char>::_M_transform(char*, char const*, unsigned int) const
0017d278 00000020 T std::collate<wchar_t>::_M_compare(wchar_t const*, wchar_t const*) const
0017d298 00000010 T std::collate<wchar_t>::_M_transform(wchar_t*, wchar_t const*, unsigned int) const
0017d2a8 00000048 T std::ios_base::_M_init()
0017d2f0 000000d8 t std::(anonymous namespace)::day_of_the_week(int, int, int)
0017d3c8 000000e4 T std::__num_base::_S_format_float(std::ios_base const&, char*, char)
0017d4ac 000000e0 T std::__verify_grouping_impl(char const*, unsigned int, char const*, unsigned int)
0017d58c 0000000c T std::__verify_grouping(char const*, unsigned int, std::string const&)
0017d598 000006c8 T std::__time_get_state::_M_finalize_state(tm*)
0017dc60 000000cc T std::__cxx11::messages<char>::do_get(int, int, int, std::__cxx11::basic_string<char, std::char_traits<char>, std::allocator<char> > const&) const
0017dd2c 000000c8 T std::__cxx11::messages<wchar_t>::do_get(int, int, int, std::__cxx11::basic_string<wchar_t, std::char_traits<wchar_t>, std::allocator<wchar_t> > const&) const
0017ddf4 00000088 T std::messages<char>::do_get(int, int, int, std::string const&) const
0017de7c 00000088 T std::messages<wchar_t>::do_get(int, int, int, std::basic_string<wchar_t, std::char_traits<wchar_t>, std::allocator<wchar_t> > const&) const
0017df04 00000020 T std::__verify_grouping(char const*, unsigned int, std::__cxx11::basic_string<char, std::char_traits<char>, std::allocator<char> > const&)
0017df24 00000108 T std::__cxx11::moneypunct<char, true>::_M_initialize_moneypunct(int*, char const*)
0017e02c 00000108 T std::__cxx11::moneypunct<char, false>::_M_initialize_moneypunct(int*, char const*)
0017e134 00000048 T std::__cxx11::moneypunct<char, true>::~moneypunct()
0017e134 00000048 T std::__cxx11::moneypunct<char, true>::~moneypunct()
0017e17c 0000005c T std::__cxx11::moneypunct<char, true>::~moneypunct()
0017e1d8 00000048 T std::__cxx11::moneypunct<char, false>::~moneypunct()
0017e1d8 00000048 T std::__cxx11::moneypunct<char, false>::~moneypunct()
0017e220 0000005c T std::__cxx11::moneypunct<char, false>::~moneypunct()
0017e27c 00000118 T std::__cxx11::moneypunct<wchar_t, true>::_M_initialize_moneypunct(int*, char const*)
0017e394 00000118 T std::__cxx11::moneypunct<wchar_t, false>::_M_initialize_moneypunct(int*, char const*)
0017e4ac 00000048 T std::__cxx11::moneypunct<wchar_t, true>::~moneypunct()
0017e4ac 00000048 T std::__cxx11::moneypunct<wchar_t, true>::~moneypunct()
0017e4f4 0000005c T std::__cxx11::moneypunct<wchar_t, true>::~moneypunct()
0017e550 00000048 T std::__cxx11::moneypunct<wchar_t, false>::~moneypunct()
0017e550 00000048 T std::__cxx11::moneypunct<wchar_t, false>::~moneypunct()
0017e598 0000005c T std::__cxx11::moneypunct<wchar_t, false>::~moneypunct()
0017e5f4 00000108 T std::moneypunct<char, true>::_M_initialize_moneypunct(int*, char const*)
0017e6fc 00000108 T std::moneypunct<char, false>::_M_initialize_moneypunct(int*, char const*)
0017e804 00000078 T std::moneypunct<char, true>::~moneypunct()
0017e804 00000078 T std::moneypunct<char, true>::~moneypunct()
0017e87c 00000028 T std::moneypunct<char, true>::~moneypunct()
0017e8a4 00000078 T std::moneypunct<char, false>::~moneypunct()
0017e8a4 00000078 T std::moneypunct<char, false>::~moneypunct()
0017e91c 00000028 T std::moneypunct<char, false>::~moneypunct()
0017e944 00000118 T std::moneypunct<wchar_t, true>::_M_initialize_moneypunct(int*, char const*)
0017ea5c 00000118 T std::moneypunct<wchar_t, false>::_M_initialize_moneypunct(int*, char const*)
0017eb74 00000078 T std::moneypunct<wchar_t, true>::~moneypunct()
0017eb74 00000078 T std::moneypunct<wchar_t, true>::~moneypunct()
0017ebec 00000028 T std::moneypunct<wchar_t, true>::~moneypunct()
0017ec14 00000078 T std::moneypunct<wchar_t, false>::~moneypunct()
0017ec14 00000078 T std::moneypunct<wchar_t, false>::~moneypunct()
0017ec8c 00000028 T std::moneypunct<wchar_t, false>::~moneypunct()
0017ecb4 0000011c T std::__cxx11::numpunct<char>::_M_initialize_numpunct(int*)
0017edd0 00000048 T std::__cxx11::numpunct<char>::~numpunct()
0017edd0 00000048 T std::__cxx11::numpunct<char>::~numpunct()
0017ee18 0000005c T std::__cxx11::numpunct<char>::~numpunct()
0017ee74 00000104 T std::__cxx11::numpunct<wchar_t>::_M_initialize_numpunct(int*)
0017ef78 00000048 T std::__cxx11::numpunct<wchar_t>::~numpunct()
0017ef78 00000048 T std::__cxx11::numpunct<wchar_t>::~numpunct()
0017efc0 0000005c T std::__cxx11::numpunct<wchar_t>::~numpunct()
0017f01c 0000011c T std::numpunct<char>::_M_initialize_numpunct(int*)
0017f138 00000078 T std::numpunct<char>::~numpunct()
0017f138 00000078 T std::numpunct<char>::~numpunct()
0017f1b0 00000028 T std::numpunct<char>::~numpunct()
0017f1d8 00000104 T std::numpunct<wchar_t>::_M_initialize_numpunct(int*)
0017f2dc 00000078 T std::numpunct<wchar_t>::~numpunct()
0017f2dc 00000078 T std::numpunct<wchar_t>::~numpunct()
0017f354 00000028 T std::numpunct<wchar_t>::~numpunct()
0017f37c 00000008 T std::logic_error::what() const
0017f37c 00000008 T std::runtime_error::what() const
0017f384 00000078 T std::logic_error::~logic_error()
0017f384 00000078 T std::logic_error::~logic_error()
0017f3fc 00000078 T std::runtime_error::~runtime_error()
0017f3fc 00000078 T std::runtime_error::~runtime_error()
0017f474 00000080 T std::runtime_error::~runtime_error()
0017f4f4 00000078 T std::length_error::~length_error()
0017f4f4 00000078 T std::length_error::~length_error()
0017f56c 00000078 T std::out_of_range::~out_of_range()
0017f56c 00000078 T std::out_of_range::~out_of_range()
0017f5e4 00000080 T std::logic_error::~logic_error()
0017f61c N 
0017f61c N 
0017f61c N 
0017f61c N 
0017f61c N 
0017f61c N 
0017f61c N 
0017f61c N 
0017f61c N 
0017f61c N 
0017f61c N 
0017f61c N 
0017f61c N 
0017f61c N 
0017f61c N 
0017f61c N 
0017f61c N 
0017f61c N 
0017f61c N 
0017f61c N 
0017f61c N 
0017f61c N 
0017f61c N 
0017f61c N 
0017f61c N 
0017f61c N 
0017f61c N 
0017f61c N 
0017f61c N 
0017f61c N 
0017f61c N 
0017f61c W KoreanFFFEMemoryRule.cpp.f8a03095
0017f664 00000080 T std::length_error::~length_error()
0017f6e4 00000080 T std::out_of_range::~out_of_range()
0017f764 00000098 T std::__timepunct<char>::_M_put(char*, unsigned int, char const*, tm const*) const
0017f7fc 00000304 T std::__timepunct<char>::_M_initialize_timepunct(int*)
0017fb00 00000098 T std::__timepunct<wchar_t>::_M_put(wchar_t*, unsigned int, wchar_t const*, tm const*) const
0017fb98 00000304 T std::__timepunct<wchar_t>::_M_initialize_timepunct(int*)
0017fe9c 00000010 T std::__codecvt_utf8_base<char32_t>::do_unshift(_mbstate_t&, char*, char*, char*&) const
0017fe9c 00000010 T std::__codecvt_utf8_base<char16_t>::do_unshift(_mbstate_t&, char*, char*, char*&) const
0017fe9c 00000010 T std::__codecvt_utf8_base<wchar_t>::do_unshift(_mbstate_t&, char*, char*, char*&) const
0017fe9c 00000010 T std::__codecvt_utf16_base<char32_t>::do_unshift(_mbstate_t&, char*, char*, char*&) const
0017fe9c 00000010 T std::__codecvt_utf16_base<char16_t>::do_unshift(_mbstate_t&, char*, char*, char*&) const
0017fe9c 00000010 T std::__codecvt_utf16_base<wchar_t>::do_unshift(_mbstate_t&, char*, char*, char*&) const
0017fe9c 00000010 T std::__codecvt_utf8_utf16_base<char32_t>::do_unshift(_mbstate_t&, char*, char*, char*&) const
0017fe9c 00000010 T std::__codecvt_utf8_utf16_base<char16_t>::do_unshift(_mbstate_t&, char*, char*, char*&) const
0017fe9c 00000010 T std::__codecvt_utf8_utf16_base<wchar_t>::do_unshift(_mbstate_t&, char*, char*, char*&) const
0017fe9c 00000010 T std::codecvt<char32_t, char, _mbstate_t>::do_unshift(_mbstate_t&, char*, char*, char*&) const
0017fe9c 00000010 T std::codecvt<char16_t, char, _mbstate_t>::do_unshift(_mbstate_t&, char*, char*, char*&) const
0017feac 00000008 T std::__codecvt_utf8_base<char32_t>::do_encoding() const
0017feac 00000008 T std::__codecvt_utf8_base<char16_t>::do_encoding() const
0017feac 00000008 T std::__codecvt_utf8_base<wchar_t>::do_encoding() const
0017feac 00000008 T std::__codecvt_utf16_base<char32_t>::do_encoding() const
0017feac 00000008 T std::__codecvt_utf16_base<char16_t>::do_encoding() const
0017feac 00000008 T std::__codecvt_utf16_base<wchar_t>::do_encoding() const
0017feac 00000008 T std::__codecvt_utf8_utf16_base<char32_t>::do_encoding() const
0017feac 00000008 T std::__codecvt_utf8_utf16_base<char16_t>::do_encoding() const
0017feac 00000008 T std::__codecvt_utf8_utf16_base<wchar_t>::do_encoding() const
0017feac 00000008 T std::codecvt<char32_t, char8_t, _mbstate_t>::do_encoding() const
0017feac 00000008 T std::codecvt<char32_t, char, _mbstate_t>::do_encoding() const
0017feac 00000008 T std::codecvt<char16_t, char8_t, _mbstate_t>::do_encoding() const
0017feac 00000008 T std::codecvt<char16_t, char, _mbstate_t>::do_encoding() const
0017feb4 00000008 T std::__codecvt_utf8_base<char32_t>::do_always_noconv() const
0017feb4 00000008 T std::__codecvt_utf8_base<char16_t>::do_always_noconv() const
0017feb4 00000008 T std::__codecvt_utf8_base<wchar_t>::do_always_noconv() const
0017feb4 00000008 T std::__codecvt_utf16_base<char32_t>::do_always_noconv() const
0017feb4 00000008 T std::__codecvt_utf16_base<char16_t>::do_always_noconv() const
0017feb4 00000008 T std::__codecvt_utf16_base<wchar_t>::do_always_noconv() const
0017feb4 00000008 T std::__codecvt_utf8_utf16_base<char32_t>::do_always_noconv() const
0017feb4 00000008 T std::__codecvt_utf8_utf16_base<char16_t>::do_always_noconv() const
0017feb4 00000008 T std::__codecvt_utf8_utf16_base<wchar_t>::do_always_noconv() const
0017feb4 00000008 T std::codecvt<char32_t, char8_t, _mbstate_t>::do_always_noconv() const
0017feb4 00000008 T std::codecvt<char32_t, char, _mbstate_t>::do_always_noconv() const
0017feb4 00000008 T std::codecvt<char16_t, char8_t, _mbstate_t>::do_always_noconv() const
0017feb4 00000008 T std::codecvt<char16_t, char, _mbstate_t>::do_always_noconv() const
0017febc 00000008 T std::codecvt<char32_t, char8_t, _mbstate_t>::do_max_length() const
0017febc 00000008 T std::codecvt<char32_t, char, _mbstate_t>::do_max_length() const
0017febc 00000008 T std::codecvt<char16_t, char8_t, _mbstate_t>::do_max_length() const
0017febc 00000008 T std::codecvt<char16_t, char, _mbstate_t>::do_max_length() const
0017fec4 00000010 T std::codecvt<char32_t, char8_t, _mbstate_t>::do_unshift(_mbstate_t&, char8_t*, char8_t*, char8_t*&) const
0017fec4 00000010 T std::codecvt<char16_t, char8_t, _mbstate_t>::do_unshift(_mbstate_t&, char8_t*, char8_t*, char8_t*&) const
0017fed4 000001c0 t char32_t std::(anonymous namespace)::read_utf8_code_point<char>(std::(anonymous namespace)::range<char const, true>&, unsigned long)
00180094 000001c0 t char32_t std::(anonymous namespace)::read_utf8_code_point<char8_t>(std::(anonymous namespace)::range<char8_t const, true>&, unsigned long)
00180254 00000020 T std::codecvt<char16_t, char, _mbstate_t>::~codecvt()
00180254 00000020 T std::codecvt<char16_t, char, _mbstate_t>::~codecvt()
00180274 00000020 T std::codecvt<char32_t, char, _mbstate_t>::~codecvt()
00180274 00000020 T std::codecvt<char32_t, char, _mbstate_t>::~codecvt()
00180294 00000020 T std::codecvt<char16_t, char8_t, _mbstate_t>::~codecvt()
00180294 00000020 T std::codecvt<char16_t, char8_t, _mbstate_t>::~codecvt()
001802b4 00000020 T std::codecvt<char32_t, char8_t, _mbstate_t>::~codecvt()
001802b4 00000020 T std::codecvt<char32_t, char8_t, _mbstate_t>::~codecvt()
001802d4 00000028 T std::codecvt<char16_t, char, _mbstate_t>::~codecvt()
001802fc 00000028 T std::codecvt<char32_t, char, _mbstate_t>::~codecvt()
00180324 00000028 T std::codecvt<char16_t, char8_t, _mbstate_t>::~codecvt()
0018034c 00000028 T std::codecvt<char32_t, char8_t, _mbstate_t>::~codecvt()
00180374 00000104 t bool std::(anonymous namespace)::write_utf8_code_point<char>(std::(anonymous namespace)::range<char, true>&, char32_t)
00180478 00000104 t bool std::(anonymous namespace)::write_utf8_code_point<char8_t>(std::(anonymous namespace)::range<char8_t, true>&, char32_t) [clone .part.0]
0018057c 000000c8 t std::codecvt_base::result std::(anonymous namespace)::utf16_out<char16_t, char>(std::(anonymous namespace)::range<char16_t const, true>&, std::(anonymous namespace)::range<char, true>&, unsigned long, std::codecvt_mode, std::(anonymous namespace)::surrogates) [clone .part.0]
00180644 00000060 T std::codecvt<char16_t, char, _mbstate_t>::do_out(_mbstate_t&, char16_t const*, char16_t const*, char16_t const*&, char*, char*, char*&) const
001806a4 00000060 T std::codecvt<char32_t, char8_t, _mbstate_t>::do_length(_mbstate_t&, char8_t const*, char8_t const*, unsigned int) const
00180704 0000008c T std::codecvt<char32_t, char8_t, _mbstate_t>::do_in(_mbstate_t&, char8_t const*, char8_t const*, char8_t const*&, char32_t*, char32_t*, char32_t*&) const
00180790 0000009c T std::codecvt<char16_t, char8_t, _mbstate_t>::do_length(_mbstate_t&, char8_t const*, char8_t const*, unsigned int) const
0018082c 000000e4 T std::codecvt<char16_t, char8_t, _mbstate_t>::do_out(_mbstate_t&, char16_t const*, char16_t const*, char16_t const*&, char8_t*, char8_t*, char8_t*&) const
00180910 00000104 t std::codecvt_base::result std::(anonymous namespace)::utf16_in<char, char16_t>(std::(anonymous namespace)::range<char const, true>&, std::(anonymous namespace)::range<char16_t, true>&, unsigned long, std::codecvt_mode)
00180a14 00000060 T std::codecvt<char16_t, char, _mbstate_t>::do_in(_mbstate_t&, char const*, char const*, char const*&, char16_t*, char16_t*, char16_t*&) const
00180a74 000000b4 T std::codecvt<char32_t, char8_t, _mbstate_t>::do_out(_mbstate_t&, char32_t const*, char32_t const*, char32_t const*&, char8_t*, char8_t*, char8_t*&) const
00180b28 00000098 T std::codecvt<char32_t, char, _mbstate_t>::do_out(_mbstate_t&, char32_t const*, char32_t const*, char32_t const*&, char*, char*, char*&) const
00180bc0 000000e0 T std::codecvt<char16_t, char8_t, _mbstate_t>::do_in(_mbstate_t&, char8_t const*, char8_t const*, char8_t const*&, char16_t*, char16_t*, char16_t*&) const
00180ca0 00000060 T std::codecvt<char32_t, char, _mbstate_t>::do_length(_mbstate_t&, char const*, char const*, unsigned int) const
00180d00 0000008c T std::codecvt<char32_t, char, _mbstate_t>::do_in(_mbstate_t&, char const*, char const*, char const*&, char32_t*, char32_t*, char32_t*&) const
00180d8c 0000009c T std::codecvt<char16_t, char, _mbstate_t>::do_length(_mbstate_t&, char const*, char const*, unsigned int) const
00180e28 000006a4 T std::locale::_Impl::_M_init_extra(std::locale::facet**)
001814cc 000000dc T std::logic_error::logic_error(char const*)
001814cc 000000dc T std::logic_error::logic_error(char const*)
001815a8 00000020 T std::length_error::length_error(char const*)
001815a8 00000020 T std::length_error::length_error(char const*)
001815c8 00000020 T std::out_of_range::out_of_range(char const*)
001815c8 00000020 T std::out_of_range::out_of_range(char const*)
001815e8 000000dc T std::runtime_error::runtime_error(char const*)
001815e8 000000dc T std::runtime_error::runtime_error(char const*)
001816c4 000000c4 T std::__cow_string::__cow_string(char const*, unsigned int)
001816c4 000000c4 T std::__cow_string::__cow_string(char const*, unsigned int)
00181788 00000044 T std::ctype<char>::~ctype()
00181788 00000044 T std::ctype<char>::~ctype()
001817cc 00000034 T std::ctype<wchar_t>::~ctype()
001817cc 00000034 T std::ctype<wchar_t>::~ctype()
00181800 0000003c W std::ctype<char>::do_narrow(char const*, char const*, char, char*) const
0018183c 0000003c T std::ctype<wchar_t>::~ctype()
00181878 0000004c T std::ctype<char>::~ctype()
001818c4 00000094 T std::ctype<char>::_M_widen_init() const
00181958 00000058 T std::ctype<wchar_t>::ctype(unsigned int)
00181958 00000058 T std::ctype<wchar_t>::ctype(unsigned int)
001819b0 0000001c T std::ctype<char>::do_toupper(char) const
001819cc 00000018 T std::ctype<char>::do_tolower(char) const
001819e4 00000080 T std::ctype<char>::ctype(char const*, bool, unsigned int)
001819e4 00000080 T std::ctype<char>::ctype(char const*, bool, unsigned int)
00181a64 0000007c T std::ctype<char>::do_toupper(char*, char const*) const
00181ae0 00000078 T std::ctype<char>::do_tolower(char*, char const*) const
00181b58 00000060 T std::ctype<wchar_t>::do_is(char, wchar_t) const
00181bb8 000000d4 T std::ctype<wchar_t>::_M_convert_to_wmask(char) const
00181c8c 00000008 T std::ctype<wchar_t>::do_toupper(wchar_t) const
00181c94 00000044 T std::ctype<wchar_t>::do_toupper(wchar_t*, wchar_t const*) const
00181cd8 00000008 T std::ctype<wchar_t>::do_tolower(wchar_t) const
00181ce0 00000044 T std::ctype<wchar_t>::do_tolower(wchar_t*, wchar_t const*) const
00181d24 00000088 T std::ctype<wchar_t>::do_is(wchar_t const*, wchar_t const*, char*) const
00181dac 000000d8 T std::ctype<wchar_t>::do_scan_is(char, wchar_t const*, wchar_t const*) const
00181e84 000000d0 T std::ctype<wchar_t>::do_scan_not(char, wchar_t const*, wchar_t const*) const
00181f54 0000000c T std::ctype<wchar_t>::do_widen(char) const
00181f60 0000003c T std::ctype<wchar_t>::do_widen(char const*, char const*, wchar_t*) const
00181f9c 00000040 T std::ctype<wchar_t>::do_narrow(wchar_t, char) const
00181fdc 000000b4 T std::ctype<wchar_t>::do_narrow(wchar_t const*, wchar_t const*, char, char*) const
00182090 000000b0 T std::ctype<wchar_t>::_M_initialize_ctype()
00182140 00000004 T std::ios_base::failure[abi:cxx11]::what() const
00182144 00000020 T std::ios_base::failure[abi:cxx11]::~failure()
00182144 00000020 T std::ios_base::failure[abi:cxx11]::~failure()
00182164 00000028 T std::ios_base::failure[abi:cxx11]::~failure()
0018218c 00000020 T std::__iosfail_type_info::~__iosfail_type_info()
0018218c 00000020 T std::__iosfail_type_info::~__iosfail_type_info()
001821ac 00000028 T std::__iosfail_type_info::~__iosfail_type_info()
001821d4 0000004c T std::__iosfail_type_info::__do_upcast(__cxxabiv1::__class_type_info const*, void**) const
00182220 00000034 W std::__ios_failure::~__ios_failure()
00182220 00000034 W std::__ios_failure::~__ios_failure()
00182254 0000003c W std::__ios_failure::~__ios_failure()
00182290 00000094 T std::__throw_ios_failure(char const*)
00182324 000000b0 T std::__throw_ios_failure(char const*, int)
001823d4 0000000c W std::__cxx11::moneypunct<char, false>::do_decimal_point() const
001823e0 0000000c W std::__cxx11::moneypunct<char, false>::do_thousands_sep() const
001823ec 0000000c W std::__cxx11::moneypunct<char, false>::do_frac_digits() const
001823f8 00000014 W std::__cxx11::moneypunct<char, false>::do_pos_format() const
0018240c 00000014 W std::__cxx11::moneypunct<char, false>::do_neg_format() const
00182420 0000000c W std::__cxx11::moneypunct<char, true>::do_decimal_point() const
0018242c 0000000c W std::__cxx11::moneypunct<char, true>::do_thousands_sep() const
00182438 0000000c W std::__cxx11::moneypunct<char, true>::do_frac_digits() const
00182444 00000014 W std::__cxx11::moneypunct<char, true>::do_pos_format() const
00182458 00000014 W std::__cxx11::moneypunct<char, true>::do_neg_format() const
0018246c 0000000c W std::__cxx11::numpunct<char>::do_decimal_point() const
00182478 0000000c W std::__cxx11::numpunct<char>::do_thousands_sep() const
00182484 00000008 W std::__cxx11::time_get<char, std::istreambuf_iterator<char, std::char_traits<char> > >::do_date_order() const
0018248c 00000008 W std::__cxx11::messages<char>::do_open(std::__cxx11::basic_string<char, std::char_traits<char>, std::allocator<char> > const&, std::locale const&) const
00182494 00000004 W std::__cxx11::messages<char>::do_close(int) const
00182498 00000020 W std::__cxx11::collate<char>::do_hash(char const*, char const*) const
001824b8 00000020 W std::__cxx11::money_get<char, std::istreambuf_iterator<char, std::char_traits<char> > >::~money_get()
001824b8 00000020 W std::__cxx11::money_get<char, std::istreambuf_iterator<char, std::char_traits<char> > >::~money_get()
001824d8 00000028 W std::__cxx11::money_get<char, std::istreambuf_iterator<char, std::char_traits<char> > >::~money_get()
00182500 00000020 W std::__cxx11::money_put<char, std::ostreambuf_iterator<char, std::char_traits<char> > >::~money_put()
00182500 00000020 W std::__cxx11::money_put<char, std::ostreambuf_iterator<char, std::char_traits<char> > >::~money_put()
00182520 00000028 W std::__cxx11::money_put<char, std::ostreambuf_iterator<char, std::char_traits<char> > >::~money_put()
00182548 00000020 W std::__cxx11::time_get<char, std::istreambuf_iterator<char, std::char_traits<char> > >::~time_get()
00182548 00000020 W std::__cxx11::time_get<char, std::istreambuf_iterator<char, std::char_traits<char> > >::~time_get()
00182568 00000028 W std::__cxx11::time_get<char, std::istreambuf_iterator<char, std::char_traits<char> > >::~time_get()
00182590 00000028 W std::__cxx11::messages<char>::~messages()
00182590 00000028 W std::__cxx11::messages<char>::~messages()
001825b8 0000001c W std::__cxx11::messages<char>::~messages()
001825d4 00000028 W std::__cxx11::collate<char>::~collate()
001825d4 00000028 W std::__cxx11::collate<char>::~collate()
001825fc 00000094 t void std::__cxx11::basic_string<char, std::char_traits<char>, std::allocator<char> >::_M_construct<char const*>(char const*, char const*, std::forward_iterator_tag) [clone .isra.0]
00182690 00000030 W std::__cxx11::collate<char>::~collate()
001826c0 00000058 W std::__cxx11::moneypunct<char, false>::do_grouping() const
00182718 00000058 W std::__cxx11::moneypunct<char, false>::do_curr_symbol() const
00182770 00000058 W std::__cxx11::moneypunct<char, false>::do_positive_sign() const
001827c8 00000058 W std::__cxx11::moneypunct<char, false>::do_negative_sign() const
00182820 00000058 W std::__cxx11::moneypunct<char, true>::do_grouping() const
00182878 00000058 W std::__cxx11::moneypunct<char, true>::do_curr_symbol() const
001828d0 00000058 W std::__cxx11::moneypunct<char, true>::do_positive_sign() const
00182928 00000058 W std::__cxx11::moneypunct<char, true>::do_negative_sign() const
00182980 00000058 W std::__cxx11::numpunct<char>::do_grouping() const
001829d8 00000058 W std::__cxx11::numpunct<char>::do_truename() const
00182a30 00000058 W std::__cxx11::numpunct<char>::do_falsename() const
00182a88 000000f8 W std::__cxx11::collate<char>::do_compare(char const*, char const*, char const*, char const*) const
00182b80 000002c4 W std::__cxx11::collate<char>::do_transform(char const*, char const*) const
00182e44 00001414 W std::istreambuf_iterator<char, std::char_traits<char> > std::__cxx11::money_get<char, std::istreambuf_iterator<char, std::char_traits<char> > >::_M_extract<true>(std::istreambuf_iterator<char, std::char_traits<char> >, std::istreambuf_iterator<char, std::char_traits<char> >, std::ios_base&, std::_Ios_Iostate&, std::__cxx11::basic_string<char, std::char_traits<char>, std::allocator<char> >&) const
00184258 00001414 W std::istreambuf_iterator<char, std::char_traits<char> > std::__cxx11::money_get<char, std::istreambuf_iterator<char, std::char_traits<char> > >::_M_extract<false>(std::istreambuf_iterator<char, std::char_traits<char> >, std::istreambuf_iterator<char, std::char_traits<char> >, std::ios_base&, std::_Ios_Iostate&, std::__cxx11::basic_string<char, std::char_traits<char>, std::allocator<char> >&) const
0018566c 000000cc W std::__cxx11::money_get<char, std::istreambuf_iterator<char, std::char_traits<char> > >::do_get(std::istreambuf_iterator<char, std::char_traits<char> >, std::istreambuf_iterator<char, std::char_traits<char> >, bool, std::ios_base&, std::_Ios_Iostate&, long double&) const
00185738 0000018c W std::__cxx11::money_get<char, std::istreambuf_iterator<char, std::char_traits<char> > >::do_get(std::istreambuf_iterator<char, std::char_traits<char> >, std::istreambuf_iterator<char, std::char_traits<char> >, bool, std::ios_base&, std::_Ios_Iostate&, std::__cxx11::basic_string<char, std::char_traits<char>, std::allocator<char> >&) const
001858c4 0000074c W std::ostreambuf_iterator<char, std::char_traits<char> > std::__cxx11::money_put<char, std::ostreambuf_iterator<char, std::char_traits<char> > >::_M_insert<true>(std::ostreambuf_iterator<char, std::char_traits<char> >, std::ios_base&, char, std::__cxx11::basic_string<char, std::char_traits<char>, std::allocator<char> > const&) const
00186010 0000074c W std::ostreambuf_iterator<char, std::char_traits<char> > std::__cxx11::money_put<char, std::ostreambuf_iterator<char, std::char_traits<char> > >::_M_insert<false>(std::ostreambuf_iterator<char, std::char_traits<char> >, std::ios_base&, char, std::__cxx11::basic_string<char, std::char_traits<char>, std::allocator<char> > const&) const
0018675c 000001f0 W std::__cxx11::money_put<char, std::ostreambuf_iterator<char, std::char_traits<char> > >::do_put(std::ostreambuf_iterator<char, std::char_traits<char> >, bool, std::ios_base&, char, long double) const
0018694c 00000054 W std::__cxx11::money_put<char, std::ostreambuf_iterator<char, std::char_traits<char> > >::do_put(std::ostreambuf_iterator<char, std::char_traits<char> >, bool, std::ios_base&, char, std::__cxx11::basic_string<char, std::char_traits<char>, std::allocator<char> > const&) const
001869a0 000002b4 W std::__cxx11::time_get<char, std::istreambuf_iterator<char, std::char_traits<char> > >::_M_extract_num(std::istreambuf_iterator<char, std::char_traits<char> >, std::istreambuf_iterator<char, std::char_traits<char> >, int&, int, int, unsigned int, std::ios_base&, std::_Ios_Iostate&) const
00186c54 00000918 W std::__cxx11::time_get<char, std::istreambuf_iterator<char, std::char_traits<char> > >::do_get_year(std::istreambuf_iterator<char, std::char_traits<char> >, std::istreambuf_iterator<char, std::char_traits<char> >, std::ios_base&, std::_Ios_Iostate&, tm*) const
0018756c 00000d90 W std::__cxx11::time_get<char, std::istreambuf_iterator<char, std::char_traits<char> > >::_M_extract_name(std::istreambuf_iterator<char, std::char_traits<char> >, std::istreambuf_iterator<char, std::char_traits<char> >, int&, char const**, unsigned int, std::ios_base&, std::_Ios_Iostate&) const
001882fc 000006bc W std::__cxx11::time_get<char, std::istreambuf_iterator<char, std::char_traits<char> > >::_M_extract_wday_or_month(std::istreambuf_iterator<char, std::char_traits<char> >, std::istreambuf_iterator<char, std::char_traits<char> >, int&, char const**, unsigned int, std::ios_base&, std::_Ios_Iostate&) const
001889b8 00000244 W std::__cxx11::time_get<char, std::istreambuf_iterator<char, std::char_traits<char> > >::do_get_weekday(std::istreambuf_iterator<char, std::char_traits<char> >, std::istreambuf_iterator<char, std::char_traits<char> >, std::ios_base&, std::_Ios_Iostate&, tm*) const
00188bfc 000002b4 W std::__cxx11::time_get<char, std::istreambuf_iterator<char, std::char_traits<char> > >::do_get_monthname(std::istreambuf_iterator<char, std::char_traits<char> >, std::istreambuf_iterator<char, std::char_traits<char> >, std::ios_base&, std::_Ios_Iostate&, tm*) const
00188eb0 0000241c W std::__cxx11::time_get<char, std::istreambuf_iterator<char, std::char_traits<char> > >::_M_extract_via_format(std::istreambuf_iterator<char, std::char_traits<char> >, std::istreambuf_iterator<char, std::char_traits<char> >, std::ios_base&, std::_Ios_Iostate&, tm*, char const*, std::__time_get_state&) const
00188eb0 0000241c t std::__cxx11::time_get<char, std::istreambuf_iterator<char, std::char_traits<char> > >::_M_extract_via_format(std::istreambuf_iterator<char, std::char_traits<char> >, std::istreambuf_iterator<char, std::char_traits<char> >, std::ios_base&, std::_Ios_Iostate&, tm*, char const*, std::__time_get_state&) const [clone .localalias]
0018b2cc 000001b8 W std::__cxx11::time_get<char, std::istreambuf_iterator<char, std::char_traits<char> > >::do_get_time(std::istreambuf_iterator<char, std::char_traits<char> >, std::istreambuf_iterator<char, std::char_traits<char> >, std::ios_base&, std::_Ios_Iostate&, tm*) const
0018b484 000001b8 W std::__cxx11::time_get<char, std::istreambuf_iterator<char, std::char_traits<char> > >::do_get_date(std::istreambuf_iterator<char, std::char_traits<char> >, std::istreambuf_iterator<char, std::char_traits<char> >, std::ios_base&, std::_Ios_Iostate&, tm*) const
0018b63c 000001f0 W std::__cxx11::time_get<char, std::istreambuf_iterator<char, std::char_traits<char> > >::do_get(std::istreambuf_iterator<char, std::char_traits<char> >, std::istreambuf_iterator<char, std::char_traits<char> >, std::ios_base&, std::_Ios_Iostate&, tm*, char, char) const
0018b82c 0000003c W std::__cxx11::messages<char>::messages(unsigned int)
0018b82c 0000003c W std::__cxx11::messages<char>::messages(unsigned int)
0018b868 000000a4 t _GLOBAL__sub_I__ZNSt12ctype_bynameIcEC2ERKNSt7__cxx1112basic_stringIcSt11char_traitsIcESaIcEEEj
0018b90c 00000030 T std::runtime_error::runtime_error(std::__cxx11::basic_string<char, std::char_traits<char>, std::allocator<char> > const&)
0018b90c 00000030 T std::runtime_error::runtime_error(std::__cxx11::basic_string<char, std::char_traits<char>, std::allocator<char> > const&)
0018b93c 0000000c t (anonymous namespace)::io_error_category::name() const
0018b948 00000020 t (anonymous namespace)::io_error_category::~io_error_category()
0018b948 00000020 t (anonymous namespace)::io_error_category::~io_error_category()
0018b968 00000028 t (anonymous namespace)::io_error_category::~io_error_category()
0018b990 00000084 t (anonymous namespace)::io_error_category::message[abi:cxx11](int) const
0018ba14 0000000c T std::iostream_category()
0018ba20 00000008 T std::ios_base::failure::what() const
0018ba28 00000078 T std::ios_base::failure::~failure()
0018ba28 00000078 T std::ios_base::failure::~failure()
0018baa0 00000080 T std::ios_base::failure::~failure()
0018bb20 000000b4 T std::ios_base::failure::failure(std::string const&)
0018bb20 000000b4 T std::ios_base::failure::failure(std::string const&)
0018bbd4 00000114 T std::__construct_ios_failure(void*, char const*)
0018bce8 000000a0 T std::__destroy_ios_failure(void*)
0018bd88 0000000c T std::__is_ios_failure_handler(__cxxabiv1::__class_type_info const*)
0018bd98 00000264 T sinf
0018c000 00000258 T log
0018c258 000000b0 T sin
0018c308 00000024 t with_errno
0018c32c 00000028 t xflow
0018c358 00000010 T __math_uflow
0018c368 00000010 T __math_oflow
0018c378 00000048 T __math_divzero
0018c3c0 0000001c T __math_invalid
0018c3dc 00000014 T __math_check_uflow
0018c3f0 00000028 T __math_check_oflow
0018c418 00000310 T __ieee754_rem_pio2
0018c728 00000740 T pow
0018ce68 000008b8 T __kernel_rem_pio2
0018d720 00000140 T scalbn
0018d860 000000c0 T __kernel_sin
0018d920 000000a8 T cos
0018d9c8 00000024 t with_errnof
0018d9ec 0000001c T __math_invalidf
0018da08 00000144 T floor
0018db50 0000025c T cosf
0018ddb0 00000150 T __kernel_cos
0018df00 00000014 T fabs
0018df14 0000002c T __aeabi_d2lz
0018df14 0000002c T __fixdfdi
0018df40 00000040 T __aeabi_d2ulz
0018df40 00000040 T __fixunsdfdi
0018df80 00000130 T __udivmoddi4
0018e0b0 00000018 t selfrel_offset31
0018e0c8 00000090 t search_EIT_table
0018e158 00000040 t __gnu_unwind_get_pr_addr
0018e198 00000110 t get_eit_entry
0018e2a8 00000088 t restore_non_core_regs
0018e330 00000014 t _Unwind_decode_typeinfo_ptr.constprop.0
0018e344 00000004 t _Unwind_DebugHook
0018e348 00000064 t unwind_phase2
0018e3ac 0000013c t unwind_phase2_forced
0018e4e8 000000a4 T __gnu_Unwind_RaiseException
0018e58c 00000020 T __gnu_Unwind_ForcedUnwind
0018e5ac 00000074 T __gnu_Unwind_Resume
0018e620 00000020 T __gnu_Unwind_Resume_or_Rethrow
0018e640 00000004 T _Unwind_Complete
0018e644 00000018 T _Unwind_DeleteException
0018e65c 0000007c T _Unwind_VRS_Get
0018e6d8 0000002c t _Unwind_GetGR
0018e704 0000007c T _Unwind_VRS_Set
0018e780 0000002c t _Unwind_SetGR
0018e7ac 000000c0 T __gnu_Unwind_Backtrace
0018e86c 00000404 t __gnu_unwind_pr_common
0018ec70 00000008 T __aeabi_unwind_cpp_pr0
0018ec78 00000008 W __aeabi_unwind_cpp_pr1
0018ec80 00000008 W __aeabi_unwind_cpp_pr2
0018ec88 00000454 T _Unwind_VRS_Pop
0018f0dc 00000064 t next_unwind_byte
0018f140 0000002c t _Unwind_GetGR.constprop.0
0018f16c 00000004 t unwind_UCB_from_context
0018f170 0000046c T __gnu_unwind_execute
0018f5dc 00000048 T __gnu_unwind_frame
0018f624 00000010 T _Unwind_GetRegionStart
0018f634 0000001c T _Unwind_GetLanguageSpecificData
0018f650 00000008 T _Unwind_GetDataRelBase
0018f658 00000008 T _Unwind_GetTextRelBase
0018f660 000000e4 T strncat
0018f744 00000028 T fstat
0018f76c 00000024 T getenv
0018f790 00000078 T sscanf
0018f808 00000128 T memcpy
0018f930 00000008 T wmemcpy
0018f938 00000008 T towupper
0018f940 0000008c T strlen
0018f9cc 00000078 T bsearch
0018fa44 00000140 t iso_year_adjust
0018fb84 000011d0 t __strftime.isra.0
0018fd0d N 
0018fd0d N 
0018fd0d N 
0018fd0d N 
0018fd0d N 
0018fd0d N 
0018fd0d N 
0018fd0d N 
0018fd0d N 
0018fd0d N 
0018fd0d N 
0018fd0d N 
0018fd0d N 
0018fd0d N 
0018fd0d N 
0018fd0d N 
0018fd0d N 
0018fd0d N 
0018fd0d N 
0018fd0d N 
0018fd0d N 
0018fd0d N 
0018fd0d N 
0018fd0d N 
0018fd0d N 
0018fd0d N 
0018fd0d N 
0018fd0d N 
0018fd0d N 
0018fd0d N 
0018fd0d N 
0018fd0d W KoreanFFFFHiComMemoryRule.cpp.66f12dc0
00190d54 00000038 T wcsftime
00190d8c 00000050 t get_arg
00190ddc 00002b88 T __ssvfscanf_r
00193964 00000134 T _fopen_r
00193a98 00000028 T fopen
00193ac0 00000060 t sulp
00193b20 00001428 T _strtod_l
00194f48 00000044 T _strtod_r
00194f8c 00000048 T strtod
00194fd8 00000110 T strtof
001950e8 0000002c T wcslen
00195114 00000028 T memalign
0019513c 00000264 t _strtoull_l.isra.0
001953a0 00000038 T _strtoull_r
001953d8 000000a0 T _wcrtomb_r
00195478 000000a8 T wcrtomb
00195520 000000f4 t rshift
00195614 000008b4 T __gethex
00195ec8 00000044 T towctrans
00195f0c 000000c0 T fileno
00195fcc 000001ec t _strtoul_l.isra.0
001961b8 00000038 T _strtoul_r
001961f0 0000003c T strtoul
0019622c 000000c4 T _mbrtowc_r
001962f0 000000b8 T mbrtowc
001963a8 00000140 T strchr
001964e8 0000000c T __tz_lock
001964f4 0000000c T __tz_unlock
00196500 000000d8 T memcmp
001965d8 00000198 T _fgets_r
00196770 00000030 T fgets
001967a0 00000028 T calloc
001967c8 00000034 T wcscpy
001967fc 000000f8 T __sccl
001968f4 00000334 t validate_structure
00196c28 000004d8 T mktime
00197100 0000016c T _memalign_r
0019726c 0000007c T btowc
001972e8 0000000c T __errno
001972f4 0000000c T labs
00197300 00000014 T abort
00197314 00000164 T __smakebuf_r
00197478 00000090 T __swhatbuf_r
00197508 00000030 T lseek
00197538 0000047c t _strtoll_l.isra.0
001979b4 00000038 T _strtoll_r
001979ec 00000078 T __currentlocale
00197a64 000007c8 T __loadlocale
0019822c 0000008c T __get_locale_env
001982b8 00000358 T _setlocale_r
00198610 00000024 T __locale_mb_cur_max
00198634 00000028 T setlocale
0019865c 000000e4 T memset
00198740 00000030 T wmemchr
00198770 000000d8 T _calloc_r
00198848 0000022c T __sflush_r
00198a74 000000c4 T _fflush_r
00198b38 00000044 T fflush
00198b7c 00000088 T _vsnprintf_r
00198c04 00000038 T vsnprintf
00198c3c 00000028 T realloc
00198c64 00000258 T __tzcalc_limits
00198ebc 0000082c T _malloc_r
001996e8 00000114 T _malloc_trim_r
001997fc 00000314 T _free_r
00199b10 00000294 T setvbuf
00199da4 00000050 t get_arg
00199df4 000000e4 T _sungetc_r
00199ed8 0000006c T __ssrefill_r
00199f44 000000b4 T _sfread_r
00199ff8 000022c4 T __ssvfiscanf_r
0019c2bc 0000001c t stdio_exit_handler
0019c2d8 0000005c t cleanup_stdio
0019c334 00000154 t global_stdio_init.part.0
0019c488 00000138 T __sfp
0019c5c0 0000005c T __sinit
0019c61c 0000000c T __sfp_lock_acquire
0019c628 0000000c T __sfp_lock_release
0019c634 00000384 t _strtol_l.part.0
0019c9b8 0000006c T _strtol_r
0019ca24 00000074 T strtol
0019ca98 00000084 T __libc_init_array
0019cb1c 000000d4 T strncpy
0019cbf0 0000001c T _fseek_r
0019cc0c 000001c8 T _wctype_r
0019cdd4 00000020 T wctype
0019cdf4 00000010 T _tzset_unlocked
0019ce04 000000c4 T swprintf
0019cec8 00000040 T malloc
0019cf08 00000020 T free
0019cf28 000000e8 T memchr
0019d010 00000024 T wmemset
0019d034 00000004 T wcscoll
0019d038 00000030 T write
0019d068 00000058 T iswctype
0019d0c0 00000080 T wctob
0019d140 0000000c T __gettzinfo
0019d14c 00000040 T mbstowcs
0019d18c 000000dc T _findenv_r
0019d268 00000018 T _getenv_r
0019d280 00000024 T _localeconv_r
0019d2a4 00000044 T __sread
0019d2e8 00000008 T __seofread
0019d2f0 00000068 T __swrite
0019d358 00000040 T __sseek
0019d398 00000008 T __sclose
0019d3a0 00000078 T strxfrm
0019d418 000001a8 T memmove
0019d5c0 000004f0 T _realloc_r
0019dab0 0000000c T __malloc_lock
0019dabc 0000000c T __malloc_unlock
0019dac8 00000588 T _fseeko_r
0019e050 00000148 T _fclose_r
0019e198 00000020 T fclose
0019e1b8 00000048 T time
0019e200 00000030 T read
0019e230 00000004 W __call_exitprocs
0019e234 00000030 T exit
0019e264 00000008 T towlower
0019e26c 000005e0 t get_arg
0019e850 0000345c T _svfprintf_r
001a03f3 N 
001a03f3 N 
001a03f3 N 
001a03f3 N 
001a03f3 N 
001a03f3 N 
001a03f3 N 
001a03f3 N 
001a03f3 N 
001a03f3 N 
001a03f3 N 
001a03f3 N 
001a03f3 N 
001a03f3 N 
001a03f3 N 
001a03f3 N 
001a03f3 N 
001a03f3 N 
001a03f3 N 
001a03f3 N 
001a03f3 N 
001a03f3 N 
001a03f3 N 
001a03f3 N 
001a03f3 N 
001a03f3 N 
001a03f3 N 
001a03f3 N 
001a03f3 N 
001a03f3 N 
001a03f3 N 
001a03f3 W KoreanMDFFF0MemoryRule.cpp.a9f3ab9a
001a1cac 000000b8 T __sflags
001a1d64 00000004 T wcsxfrm
001a1d68 00000028 T stat
001a1d90 0000002c T __ascii_wctomb
001a1dbc 000000f8 T __utf8_wctomb
001a1eb4 00000088 T __sjis_wctomb
001a1f3c 000000b4 T __eucjp_wctomb
001a1ff0 000000c8 T __jis_wctomb
001a20b8 00000048 T wcslcpy
001a2100 00000008 T iswlower
001a2108 0000003c T __libc_fini_array
001a2144 0000003c T strnlen
001a2180 00000008 T iswblank
001a2188 000000d8 T strncmp
001a2260 00000004 T strcoll
001a2264 000000a0 T __xpg_strerror_r
001a2304 00000648 T _tzset_unlocked_r
001a294c 00000020 T iswxdigit
001a296c 00000008 T wmemmove
001a2974 0000002c T wcscmp
001a29a0 00000008 T iswalnum
001a29a8 00000070 T __match
001a2a18 000002a8 T __hexnan
001a2cc0 00000238 T towctrans_l
001a2ef8 00000068 T sprintf
001a2f60 00000010 T __set_ctype
001a2f70 00000140 t iso_year_adjust
001a30b0 00001118 t __strftime.isra.0
001a41c8 00000038 T strftime
001a4200 00000038 t lflush
001a4238 000001a8 T __srefill_r
001a43e0 00000010 T nan
001a43f0 0000000c T nanf
001a4400 00000088 T frexp
001a4488 000000bc T strcat
001a4544 000001f0 T _wcstoul_l
001a4734 00000054 T wcstoul
001a4788 000000dc T stpncpy
001a4864 0000000c T __env_lock
001a4870 0000000c T __env_unlock
001a487c 0000005c T __assert_func
001a48d8 00000008 T iswspace
001a48e0 00000088 T _Balloc
001a4968 0000001c T _Bfree
001a4984 000000f4 T __multadd
001a4a78 0000010c T __s2b
001a4b84 00000080 T __hi0bits
001a4c04 000000f0 T __lo0bits
001a4cf4 000000a4 T __i2b
001a4d98 00000230 T __multiply
001a4fc8 00000130 T __pow5mult
001a50f8 00000138 T __lshift
001a5230 00000058 T __mcmp
001a5288 00000218 T __mdiff
001a54a0 00000068 T __ulp
001a5508 000000d4 T __b2d
001a55dc 00000120 T __d2b
001a56fc 00000078 T __ratio
001a5774 0000008c T __copybits
001a5800 0000005c T __any_on
001a585c 00000014 T iswdigit
001a5870 0000000c T abs
001a587c 00000070 T _fwalk_sglue
001a58ec 00000044 T strlcpy
001a5930 00000068 T strcasecmp
001a5998 00000024 T div
001a59bc 000005e0 t get_arg
001a5f9c 0000226c T _svfiprintf_r
001a8208 00000038 T iswalnum_l
001a8240 000000b8 T __submore
001a82f8 000000a4 T __ssprint_r
001a839c 00000044 T __ascii_mbtowc
001a83e0 00000340 T __utf8_mbtowc
001a8720 000000dc T __sjis_mbtowc
001a87fc 00000150 T __eucjp_mbtowc
001a894c 000001d8 T __jis_mbtowc
001a8b24 0000003c T fiprintf
001a8b60 00000008 T iswprint
001a8b68 00000008 T iswcntrl
001a8b70 00000094 T strncasecmp
001a8c04 00000008 T iswupper
001a8c0c 0000009c T _raise_r
001a8ca8 00000020 T raise
001a8cc8 00000410 T _strerror_r
001a90d8 000000b8 T _mbstowcs_r
001a9190 000000f0 T strcpy
001a9280 00000008 T iswalpha
001a9288 00000008 T iswgraph
001a9290 00000090 T category
001a9320 000001c0 t quorem
001a94e0 00001420 T _dtoa_r
001aa900 00000044 T iswlower_l
001aa944 00000020 T iswblank_l
001aa968 00000288 t wcvt
001aabf0 0000057c t get_arg.isra.0
001ab170 00003134 T _svfwprintf_r
001ae2a4 00000044 T iswupper_l
001ae2e8 00000028 T _wcsrtombs_r
001ae310 00000078 T siscanf
001ae388 00000008 T iswpunct
001ae390 00000038 T iswspace_l
001ae3c8 00000008 T _user_strerror
001ae3d0 0000012c T __ssputs_r
001ae4fc 000000fc T _mbsnrtowcs_r
001ae5f8 000005e0 t get_arg
001aebd8 000022f8 T _vfiprintf_r
001b0b33 N 
001b0b33 N 
001b0b33 N 
001b0b33 N 
001b0b33 N 
001b0b33 N 
001b0b33 N 
001b0b33 N 
001b0b33 N 
001b0b33 N 
001b0b33 N 
001b0b33 N 
001b0b33 N 
001b0b33 N 
001b0b33 N 
001b0b33 N 
001b0b33 N 
001b0b33 N 
001b0b33 N 
001b0b33 N 
001b0b33 N 
001b0b33 N 
001b0b33 N 
001b0b33 N 
001b0b33 N 
001b0b33 N 
001b0b33 N 
001b0b33 N 
001b0b33 N 
001b0b33 N 
001b0b33 N 
001b0b33 W KoreanMDFFF5MemoryRule.cpp.043fdb3b
001b0ed0 000000b4 t __sbprintf
001b0f84 0000015c T _wcsnrtombs_l
001b10e0 00000064 T _wcsnrtombs_r
001b1144 000000a0 T sniprintf
001b11e4 00000040 T mbrlen
001b1224 00000018 T iswprint_l
001b123c 00000024 T iswcntrl_l
001b1260 00000024 T iswalpha_l
001b1284 00000024 T iswgraph_l
001b12a8 00000020 T iswpunct_l
001b12c8 00000030 T __sprint_r
001b12f8 000000a4 T __sswprint_r
001b139c 00000140 T __swsetup_r
001b14dc 000004a4 T __sfvwrite_r
001b1980 000000a0 T snprintf
001b1a20 00000034 T printf
001b1a54 000000e0 T _puts_r
001b1b34 00000020 T puts
001b1b54 0000001c T tolower
001b1b70 000005e0 t get_arg
001b2150 00003554 T _vfprintf_r
001b56a4 000000b4 t __sbprintf
001b5758 00000020 T _exit
001b5778 00000140 T chdir
001b58b8 000001c8 T _concatenate_path
001b5a80 00000070 t __dirnext
001b5af0 00000114 T opendir
001b5c04 00000098 T closedir
001b5c9c 000000f8 T readdir_r
001b5d94 00000048 T readdir
001b5ddc 0000009c T _fstat_r
001b5e78 00000014 T _getpid_r
001b5e8c 0000002c T __getreent
001b5eb8 00000030 T _gettimeofday_r
001b5ee8 000000a0 T __release_handle
001b5f88 000000b0 T __alloc_handle
001b6038 00000058 T __get_handle
001b6090 00000110 T _close_r
001b61a0 00000008 t null_write
001b61a8 00000018 T setDefaultDevice
001b61c0 00000098 T FindDevice
001b6258 00000024 T RemoveDevice
001b627c 00000088 T AddDevice
001b6304 00000020 T GetDeviceOpTab
001b6324 00000008 T _isatty_r
001b632c 00000014 T _kill_r
001b6340 00000094 T _lseek_r
001b63d4 00000060 T pthread_mutex_lock
001b6434 00000060 T pthread_mutex_unlock
001b6494 00000018 T pthread_cond_broadcast
001b64ac 00000060 T pthread_cond_wait
001b650c 0000009c T pthread_once
001b65a8 00000034 T pthread_key_create
001b65dc 00000024 T pthread_setspecific
001b6600 00000024 T pthread_getspecific
001b6624 00000024 T pthread_key_delete
001b6648 000000c0 T _open_r
001b6708 00000094 T _read_r
001b679c 00000078 W _sbrk_r
001b6814 00000080 T _stat_r
001b6894 0000001c T __libc_lock_acquire
001b68b0 0000001c T __libc_lock_release
001b68cc 0000001c T __libc_lock_acquire_recursive
001b68e8 0000001c T __libc_lock_release_recursive
001b6904 00000024 T __libc_cond_broadcast
001b6928 00000024 T __libc_cond_wait
001b694c 00000024 T __libc_cond_wait_recursive
001b6970 00000094 T _write_r
001b6a04 00000048 T strrchr
001b6a4c T _fini
001b70fc 00000040 r updateTexture(C3D_Tex&)::swizzle
001b713c 0000000c R _ZL13noise_periods.lto_priv.0
001b7148 000000e4 R _ZL12kVdpHCounter.lto_priv.0
001b722c 00000010 R _ZL7volumes.lto_priv.0
001b723c 00000400 r kCRC32_tab
001b763c 00000006 r s_min_table_sizes.5
001b7644 00000013 r s_length_dezigzag.4
001b7658 0000001f r s_length_extra.3
001b7678 0000003e r s_length_base.2
001b76b8 00000020 r s_dist_extra.1
001b76d8 00000040 r s_dist_base.0
001b7718 00000004 r k2bitTo5bit
001b771c 00000004 r k2bitTo6bit
001b7720 00000010 r k4bitTo5bit
001b7730 00000010 r k4bitTo6bit
001b7740 00000024 r vtable for SmsIOPorts
001b7764 00000024 r vtable for GameGearIOPorts
001b7788 00000030 r kSG1000_palette_888_normal
001b77b8 00000030 r kSG1000_palette_888_sg1000ii
001b77e8 00000030 r kSG1000_palette_888_sms
001b7818 0000004c R vtable for SG1000MemoryRule
001b7864 0000004c r vtable for CodemastersMemoryRule
001b78b0 0000004c R vtable for SegaMemoryRule
001b78fc 0000004c R vtable for RomOnlyMemoryRule
001b7948 0000004c R vtable for KoreanMemoryRule
001b7994 0000004c R vtable for KoreanMSXSMS8000MemoryRule
001b79e0 0000004c R vtable for KoreanSMS32KB2000MemoryRule
001b7a2c 0000004c R vtable for KoreanMSX32KB2000MemoryRule
001b7a78 0000004c R vtable for Korean2000XOR1FMemoryRule
001b7ac4 0000004c R vtable for KoreanMSX8KB0300MemoryRule
001b7b10 0000004c R vtable for Korean0000XORFFMemoryRule
001b7b5c 0000004c R vtable for KoreanFFFFHiComMemoryRule
001b7ba8 0000004c R vtable for KoreanFFFEMemoryRule
001b7bf4 0000004c R vtable for KoreanBFFCMemoryRule
001b7c40 0000004c R vtable for KoreanFFF3FFFCMemoryRule
001b7c8c 0000004c R vtable for KoreanMDFFF5MemoryRule
001b7cd8 0000004c R vtable for KoreanMDFFF0MemoryRule
001b7d24 0000004c R vtable for MSXMemoryRule
001b7d70 0000004c R vtable for JanggunMemoryRule
001b7dbc 0000004c R vtable for Multi4PAKAllActionMemoryRule
001b7e08 0000004c R vtable for JumboDahjeeMemoryRule
001b7e54 0000004c r vtable for Eeprom93C46MemoryRule
001b7ea0 0000004c r vtable for BootromMemoryRule
001b7eec 0000004c R vtable for IratahackMemoryRule
001b7f38 000015c0 r kGameDatabase
001b9a1c 00000084 r IratahackMemoryRule::kFlashSeqs
001b9aa0 00000100 r kOPCodeXYCBTStates
001b9ba0 00000100 r kOPCodeCBTStates
001b9ca0 00000100 r kOPCodeEDTStates
001b9da0 00000100 r kOPCodeXYTStates
001b9ea0 00000100 r kOPCodeTStates
001b9fa0 00000100 r kOPCodeTStatesBranched
001ba0a0 00000100 R _ZL15kZ80ParityTable.lto_priv.0
001ba0a0 00000100 R _ZL15kZ80ParityTable.lto_priv.1
001ba0a0 00000100 R _ZL15kZ80ParityTable.lto_priv.2
001ba1a0 00001000 r kOPCodeDAATable
001bb1b4 000000d2 r lfo_am_table
001bb288 000000e0 r eg_inc
001bb368 00000110 r eg_mul
001bb478 00000040 r lfo_pm_table
001bb4b8 00000200 R ksl_tab.lto_priv.0
001bb6b8 00000060 R eg_rate_select.lto_priv.0
001bb718 00000060 R eg_rate_shift.lto_priv.0
001bb7a4 00000010 r mul_tab
001bb7b4 00000040 r sl_tab
001bb7f4 00000098 r table
001bb88c 00000400 r s_crc_table.9
001bbc8c 00000008 r s_defaultTint.0
001bbce4 r .LC1
001bbfd0 r .LC11
001bbfd0 r .LC11
001bbfd0 r .LC16
001bbfd0 r .LC16
001bbfdc r .LC12
001bbfdc r .LC12
001bbfdc r .LC17
001bbfdc r .LC17
001bbfe4 r .LC13
001bbfe4 r .LC13
001bbfe4 r .LC18
001bbfe4 r .LC18
001bcf94 r .LC2
001bf96c R render2d_shbin
001bfaf8 00000004 r depthFmtSizes
001bfaf8 R render2d_shbin_end
001bfafc 00000005 r colorFmtSizes
001bfb04 00000010 r CSWTCH.11
001bfb14 00000038 r CSWTCH.19
001bfd90 00000080 r dotab_stdout
001bfe10 00000018 r grayScale
001bfe28 00000006 r colorCube
001bfe30 00000030 r colorTable
001bfe60 00000080 r romFS_devoptab
001bfeec 00000011 r dsp_filename.0
001bff1c 00000008 r morton_y.2
001bff24 00000008 r morton_x.3
001bff2c 00000008 r s_sleepWakeEvents.4
001bff34 0000000c r serviceNameTable.5
001bff40 R default_font_bin
001c0740 R default_font_bin_end
001c0740 00000030 r error_table
001c0770 00000080 r archive_devoptab
001c07f0 00000012 R typeinfo name for std::locale::facet
001c0804 00000008 R typeinfo for std::locale::facet
001c080c 00000027 V typeinfo name for __gnu_cxx::__concurrence_lock_error
001c0834 0000000c V typeinfo for __gnu_cxx::__concurrence_lock_error
001c0840 00000029 V typeinfo name for __gnu_cxx::__concurrence_unlock_error
001c086c 0000000c V typeinfo for __gnu_cxx::__concurrence_unlock_error
001c0878 00000014 V vtable for __gnu_cxx::__concurrence_lock_error
001c088c 00000014 V vtable for __gnu_cxx::__concurrence_unlock_error
001c08a0 00000002 R std::locale::facet::_S_c_name
001c08a4 000001f0 r CSWTCH.14
001c0ac0 00000020 r typeinfo for std::__facet_shims::(anonymous namespace)::numpunct_shim<char>
001c0ae0 00000035 r typeinfo name for std::__facet_shims::(anonymous namespace)::numpunct_shim<char>
001c0b18 00000020 r typeinfo for std::__facet_shims::(anonymous namespace)::collate_shim<char>
001c0b38 00000034 r typeinfo name for std::__facet_shims::(anonymous namespace)::collate_shim<char>
001c0b6c 00000020 r typeinfo for std::__facet_shims::(anonymous namespace)::moneypunct_shim<char, true>
001c0b8c 0000003b r typeinfo name for std::__facet_shims::(anonymous namespace)::moneypunct_shim<char, true>
001c0bc8 00000020 r typeinfo for std::__facet_shims::(anonymous namespace)::moneypunct_shim<char, false>
001c0be8 0000003b r typeinfo name for std::__facet_shims::(anonymous namespace)::moneypunct_shim<char, false>
001c0c24 00000020 r typeinfo for std::__facet_shims::(anonymous namespace)::money_get_shim<char>
001c0c44 00000036 r typeinfo name for std::__facet_shims::(anonymous namespace)::money_get_shim<char>
001c0c7c 00000020 r typeinfo for std::__facet_shims::(anonymous namespace)::money_put_shim<char>
001c0c9c 00000036 r typeinfo name for std::__facet_shims::(anonymous namespace)::money_put_shim<char>
001c0cd4 00000020 r typeinfo for std::__facet_shims::(anonymous namespace)::messages_shim<char>
001c0cf4 00000035 r typeinfo name for std::__facet_shims::(anonymous namespace)::messages_shim<char>
001c0d2c 00000020 r typeinfo for std::__facet_shims::(anonymous namespace)::numpunct_shim<wchar_t>
001c0d4c 00000035 r typeinfo name for std::__facet_shims::(anonymous namespace)::numpunct_shim<wchar_t>
001c0d84 00000020 r typeinfo for std::__facet_shims::(anonymous namespace)::collate_shim<wchar_t>
001c0da4 00000034 r typeinfo name for std::__facet_shims::(anonymous namespace)::collate_shim<wchar_t>
001c0dd8 00000020 r typeinfo for std::__facet_shims::(anonymous namespace)::moneypunct_shim<wchar_t, true>
001c0df8 0000003b r typeinfo name for std::__facet_shims::(anonymous namespace)::moneypunct_shim<wchar_t, true>
001c0e34 00000020 r typeinfo for std::__facet_shims::(anonymous namespace)::moneypunct_shim<wchar_t, false>
001c0e54 0000003b r typeinfo name for std::__facet_shims::(anonymous namespace)::moneypunct_shim<wchar_t, false>
001c0e90 00000020 r typeinfo for std::__facet_shims::(anonymous namespace)::money_get_shim<wchar_t>
001c0eb0 00000036 r typeinfo name for std::__facet_shims::(anonymous namespace)::money_get_shim<wchar_t>
001c0ee8 00000020 r typeinfo for std::__facet_shims::(anonymous namespace)::money_put_shim<wchar_t>
001c0f08 00000036 r typeinfo name for std::__facet_shims::(anonymous namespace)::money_put_shim<wchar_t>
001c0f40 00000020 r typeinfo for std::__facet_shims::(anonymous namespace)::messages_shim<wchar_t>
001c0f60 00000035 r typeinfo name for std::__facet_shims::(anonymous namespace)::messages_shim<wchar_t>
001c0f98 00000019 V typeinfo name for std::locale::facet::__shim
001c0fb4 00000008 V typeinfo for std::locale::facet::__shim
001c0fbc 00000020 r typeinfo for std::__facet_shims::(anonymous namespace)::time_get_shim<char>
001c0fdc 00000035 r typeinfo name for std::__facet_shims::(anonymous namespace)::time_get_shim<char>
001c1014 00000020 r typeinfo for std::__facet_shims::(anonymous namespace)::time_get_shim<wchar_t>
001c1034 00000035 r typeinfo name for std::__facet_shims::(anonymous namespace)::time_get_shim<wchar_t>
001c106c 00000024 r vtable for std::__facet_shims::(anonymous namespace)::numpunct_shim<char>
001c1090 0000001c r vtable for std::__facet_shims::(anonymous namespace)::collate_shim<char>
001c10ac 00000034 r vtable for std::__facet_shims::(anonymous namespace)::moneypunct_shim<char, true>
001c10e0 00000034 r vtable for std::__facet_shims::(anonymous namespace)::moneypunct_shim<char, false>
001c1114 00000018 r vtable for std::__facet_shims::(anonymous namespace)::money_get_shim<char>
001c112c 00000018 r vtable for std::__facet_shims::(anonymous namespace)::money_put_shim<char>
001c1144 0000001c r vtable for std::__facet_shims::(anonymous namespace)::messages_shim<char>
001c1160 00000024 r vtable for std::__facet_shims::(anonymous namespace)::numpunct_shim<wchar_t>
001c1184 0000001c r vtable for std::__facet_shims::(anonymous namespace)::collate_shim<wchar_t>
001c11a0 00000034 r vtable for std::__facet_shims::(anonymous namespace)::moneypunct_shim<wchar_t, true>
001c11d4 00000034 r vtable for std::__facet_shims::(anonymous namespace)::moneypunct_shim<wchar_t, false>
001c1208 00000018 r vtable for std::__facet_shims::(anonymous namespace)::money_get_shim<wchar_t>
001c1220 00000018 r vtable for std::__facet_shims::(anonymous namespace)::money_put_shim<wchar_t>
001c1238 0000001c r vtable for std::__facet_shims::(anonymous namespace)::messages_shim<wchar_t>
001c1254 00000028 r vtable for std::__facet_shims::(anonymous namespace)::time_get_shim<char>
001c126f N 
001c126f N 
001c126f N 
001c126f N 
001c126f N 
001c126f N 
001c126f N 
001c126f N 
001c126f N 
001c126f N 
001c126f N 
001c126f N 
001c126f N 
001c126f N 
001c126f N 
001c126f N 
001c126f N 
001c126f N 
001c126f N 
001c126f N 
001c126f N 
001c126f N 
001c126f N 
001c126f N 
001c126f N 
001c126f N 
001c126f N 
001c126f N 
001c126f N 
001c126f N 
001c126f N 
001c126f N 
001c126f W KoreanMSX32KB2000MemoryRule.cpp.ced1cfd3
001c127c 00000028 r vtable for std::__facet_shims::(anonymous namespace)::time_get_shim<wchar_t>
001c12d0 00000020 r typeinfo for std::__facet_shims::(anonymous namespace)::numpunct_shim<char>
001c12f0 00000035 r typeinfo name for std::__facet_shims::(anonymous namespace)::numpunct_shim<char>
001c1328 00000020 r typeinfo for std::__facet_shims::(anonymous namespace)::collate_shim<char>
001c1348 00000034 r typeinfo name for std::__facet_shims::(anonymous namespace)::collate_shim<char>
001c137c 00000020 r typeinfo for std::__facet_shims::(anonymous namespace)::moneypunct_shim<char, true>
001c139c 0000003b r typeinfo name for std::__facet_shims::(anonymous namespace)::moneypunct_shim<char, true>
001c13d8 00000020 r typeinfo for std::__facet_shims::(anonymous namespace)::moneypunct_shim<char, false>
001c13f8 0000003b r typeinfo name for std::__facet_shims::(anonymous namespace)::moneypunct_shim<char, false>
001c1434 00000020 r typeinfo for std::__facet_shims::(anonymous namespace)::money_get_shim<char>
001c1454 00000036 r typeinfo name for std::__facet_shims::(anonymous namespace)::money_get_shim<char>
001c148c 00000020 r typeinfo for std::__facet_shims::(anonymous namespace)::money_put_shim<char>
001c14ac 00000036 r typeinfo name for std::__facet_shims::(anonymous namespace)::money_put_shim<char>
001c14e4 00000020 r typeinfo for std::__facet_shims::(anonymous namespace)::messages_shim<char>
001c1504 00000035 r typeinfo name for std::__facet_shims::(anonymous namespace)::messages_shim<char>
001c153c 00000020 r typeinfo for std::__facet_shims::(anonymous namespace)::numpunct_shim<wchar_t>
001c155c 00000035 r typeinfo name for std::__facet_shims::(anonymous namespace)::numpunct_shim<wchar_t>
001c1594 00000020 r typeinfo for std::__facet_shims::(anonymous namespace)::collate_shim<wchar_t>
001c15b4 00000034 r typeinfo name for std::__facet_shims::(anonymous namespace)::collate_shim<wchar_t>
001c15e8 00000020 r typeinfo for std::__facet_shims::(anonymous namespace)::moneypunct_shim<wchar_t, true>
001c1608 0000003b r typeinfo name for std::__facet_shims::(anonymous namespace)::moneypunct_shim<wchar_t, true>
001c1644 00000020 r typeinfo for std::__facet_shims::(anonymous namespace)::moneypunct_shim<wchar_t, false>
001c1664 0000003b r typeinfo name for std::__facet_shims::(anonymous namespace)::moneypunct_shim<wchar_t, false>
001c16a0 00000020 r typeinfo for std::__facet_shims::(anonymous namespace)::money_get_shim<wchar_t>
001c16c0 00000036 r typeinfo name for std::__facet_shims::(anonymous namespace)::money_get_shim<wchar_t>
001c16f8 00000020 r typeinfo for std::__facet_shims::(anonymous namespace)::money_put_shim<wchar_t>
001c1718 00000036 r typeinfo name for std::__facet_shims::(anonymous namespace)::money_put_shim<wchar_t>
001c1750 00000020 r typeinfo for std::__facet_shims::(anonymous namespace)::messages_shim<wchar_t>
001c1770 00000035 r typeinfo name for std::__facet_shims::(anonymous namespace)::messages_shim<wchar_t>
001c17a8 00000020 r typeinfo for std::__facet_shims::(anonymous namespace)::time_get_shim<char>
001c17c8 00000035 r typeinfo name for std::__facet_shims::(anonymous namespace)::time_get_shim<char>
001c1800 00000020 r typeinfo for std::__facet_shims::(anonymous namespace)::time_get_shim<wchar_t>
001c1820 00000035 r typeinfo name for std::__facet_shims::(anonymous namespace)::time_get_shim<wchar_t>
001c1858 00000024 r vtable for std::__facet_shims::(anonymous namespace)::numpunct_shim<char>
001c187c 0000001c r vtable for std::__facet_shims::(anonymous namespace)::collate_shim<char>
001c1898 00000034 r vtable for std::__facet_shims::(anonymous namespace)::moneypunct_shim<char, true>
001c18cc 00000034 r vtable for std::__facet_shims::(anonymous namespace)::moneypunct_shim<char, false>
001c1900 00000018 r vtable for std::__facet_shims::(anonymous namespace)::money_get_shim<char>
001c1918 00000018 r vtable for std::__facet_shims::(anonymous namespace)::money_put_shim<char>
001c1930 0000001c r vtable for std::__facet_shims::(anonymous namespace)::messages_shim<char>
001c194c 00000024 r vtable for std::__facet_shims::(anonymous namespace)::numpunct_shim<wchar_t>
001c1970 0000001c r vtable for std::__facet_shims::(anonymous namespace)::collate_shim<wchar_t>
001c198c 00000034 r vtable for std::__facet_shims::(anonymous namespace)::moneypunct_shim<wchar_t, true>
001c19c0 00000034 r vtable for std::__facet_shims::(anonymous namespace)::moneypunct_shim<wchar_t, false>
001c19f4 00000018 r vtable for std::__facet_shims::(anonymous namespace)::money_get_shim<wchar_t>
001c1a0c 00000018 r vtable for std::__facet_shims::(anonymous namespace)::money_put_shim<wchar_t>
001c1a24 0000001c r vtable for std::__facet_shims::(anonymous namespace)::messages_shim<wchar_t>
001c1a40 0000002c r vtable for std::__facet_shims::(anonymous namespace)::time_get_shim<char>
001c1a6c 0000002c r vtable for std::__facet_shims::(anonymous namespace)::time_get_shim<wchar_t>
001c1b60 0000000d V typeinfo name for std::time_base
001c1b70 00000008 V typeinfo for std::time_base
001c1b78 0000000f V typeinfo name for std::money_base
001c1b88 00000008 V typeinfo for std::money_base
001c1b90 00000012 V typeinfo name for std::messages_base
001c1ba4 00000008 V typeinfo for std::messages_base
001c1bac 00000018 V typeinfo name for std::__cxx11::collate<wchar_t>
001c1bc4 0000000c V typeinfo for std::__cxx11::collate<wchar_t>
001c1bd0 00000019 V typeinfo name for std::__cxx11::numpunct<wchar_t>
001c1bec 0000000c V typeinfo for std::__cxx11::numpunct<wchar_t>
001c1bf8 00000020 V typeinfo name for std::__cxx11::moneypunct<wchar_t, true>
001c1c18 00000020 V typeinfo for std::__cxx11::moneypunct<wchar_t, true>
001c1c38 00000020 V typeinfo name for std::__cxx11::moneypunct<wchar_t, false>
001c1c58 00000020 V typeinfo for std::__cxx11::moneypunct<wchar_t, false>
001c1c78 00000019 V typeinfo name for std::__cxx11::messages<wchar_t>
001c1c94 00000020 V typeinfo for std::__cxx11::messages<wchar_t>
001c1cb4 00000046 V typeinfo name for std::__cxx11::money_get<wchar_t, std::istreambuf_iterator<wchar_t, std::char_traits<wchar_t> > >
001c1cfc 0000000c V typeinfo for std::__cxx11::money_get<wchar_t, std::istreambuf_iterator<wchar_t, std::char_traits<wchar_t> > >
001c1d08 00000046 V typeinfo name for std::__cxx11::money_put<wchar_t, std::ostreambuf_iterator<wchar_t, std::char_traits<wchar_t> > >
001c1d50 0000000c V typeinfo for std::__cxx11::money_put<wchar_t, std::ostreambuf_iterator<wchar_t, std::char_traits<wchar_t> > >
001c1d5c 00000045 V typeinfo name for std::__cxx11::time_get<wchar_t, std::istreambuf_iterator<wchar_t, std::char_traits<wchar_t> > >
001c1da4 00000020 V typeinfo for std::__cxx11::time_get<wchar_t, std::istreambuf_iterator<wchar_t, std::char_traits<wchar_t> > >
001c1dc4 0000001c V vtable for std::__cxx11::collate<wchar_t>
001c1de0 00000024 V vtable for std::__cxx11::numpunct<wchar_t>
001c1e04 00000034 V vtable for std::__cxx11::moneypunct<wchar_t, true>
001c1e38 00000034 V vtable for std::__cxx11::moneypunct<wchar_t, false>
001c1e6c 0000001c V vtable for std::__cxx11::messages<wchar_t>
001c1e88 00000018 V vtable for std::__cxx11::money_get<wchar_t, std::istreambuf_iterator<wchar_t, std::char_traits<wchar_t> > >
001c1ea0 00000018 V vtable for std::__cxx11::money_put<wchar_t, std::ostreambuf_iterator<wchar_t, std::char_traits<wchar_t> > >
001c1eb8 0000002c V vtable for std::__cxx11::time_get<wchar_t, std::istreambuf_iterator<wchar_t, std::char_traits<wchar_t> > >
001c1ee4 00000027 V typeinfo name for std::basic_filebuf<char, std::char_traits<char> >
001c1f0c 0000000c V typeinfo for std::basic_filebuf<char, std::char_traits<char> >
001c1f18 00000028 V typeinfo name for std::basic_ifstream<char, std::char_traits<char> >
001c1f40 0000000c V typeinfo for std::basic_ifstream<char, std::char_traits<char> >
001c1f4c 00000028 V typeinfo name for std::basic_ofstream<char, std::char_traits<char> >
001c1f74 0000000c V typeinfo for std::basic_ofstream<char, std::char_traits<char> >
001c1f80 00000040 V vtable for std::basic_filebuf<char, std::char_traits<char> >
001c1fc0 00000028 V construction vtable for std::istream-in-std::basic_ifstream<char, std::char_traits<char> >
001c1fe8 00000010 V VTT for std::basic_ifstream<char, std::char_traits<char> >
001c1ff8 00000028 V vtable for std::basic_ifstream<char, std::char_traits<char> >
001c2020 00000028 V construction vtable for std::ostream-in-std::basic_ofstream<char, std::char_traits<char> >
001c2048 00000010 V VTT for std::basic_ofstream<char, std::char_traits<char> >
001c2058 00000028 V vtable for std::basic_ofstream<char, std::char_traits<char> >
001c2080 00000022 V typeinfo name for std::basic_ios<char, std::char_traits<char> >
001c20a4 0000000c V typeinfo for std::basic_ios<char, std::char_traits<char> >
001c20b0 00000010 V vtable for std::basic_ios<char, std::char_traits<char> >
001c20c0 0000000c R typeinfo name for std::ios_base
001c20cc 00000008 R typeinfo for std::ios_base
001c20d4 00000010 R vtable for std::ios_base
001c20e4 00000003 V typeinfo name for std::istream
001c20e8 00000018 V typeinfo for std::istream
001c21c8 00000011 V typeinfo name for std::codecvt_base
001c21dc 00000008 V typeinfo for std::codecvt_base
001c21e4 0000000f V typeinfo name for std::ctype_base
001c21f4 00000008 V typeinfo for std::ctype_base
001c21fc 0000000e V typeinfo name for std::collate<char>
001c220c 0000000c V typeinfo for std::collate<char>
001c2218 0000000f V typeinfo name for std::numpunct<char>
001c2228 0000000c V typeinfo for std::numpunct<char>
001c2234 0000003a V typeinfo name for std::num_get<char, std::istreambuf_iterator<char, std::char_traits<char> > >
001c2270 0000000c V typeinfo for std::num_get<char, std::istreambuf_iterator<char, std::char_traits<char> > >
001c227c 0000003a V typeinfo name for std::num_put<char, std::ostreambuf_iterator<char, std::char_traits<char> > >
001c22b8 0000000c V typeinfo for std::num_put<char, std::ostreambuf_iterator<char, std::char_traits<char> > >
001c22c4 00000019 V typeinfo name for std::__timepunct_cache<char>
001c22e0 0000000c V typeinfo for std::__timepunct_cache<char>
001c22ec 00000013 V typeinfo name for std::__timepunct<char>
001c2300 0000000c V typeinfo for std::__timepunct<char>
001c230c 00000016 V typeinfo name for std::moneypunct<char, true>
001c2324 00000020 V typeinfo for std::moneypunct<char, true>
001c2344 00000016 V typeinfo name for std::moneypunct<char, false>
001c235c 00000020 V typeinfo for std::moneypunct<char, false>
001c237c 0000000f V typeinfo name for std::messages<char>
001c238c 00000020 V typeinfo for std::messages<char>
001c23ac 0000002c V typeinfo name for std::__codecvt_abstract_base<char, char, _mbstate_t>
001c23d8 00000020 V typeinfo for std::__codecvt_abstract_base<char, char, _mbstate_t>
001c23f8 0000003c V typeinfo name for std::money_get<char, std::istreambuf_iterator<char, std::char_traits<char> > >
001c2434 0000000c V typeinfo for std::money_get<char, std::istreambuf_iterator<char, std::char_traits<char> > >
001c2440 0000003c V typeinfo name for std::money_put<char, std::ostreambuf_iterator<char, std::char_traits<char> > >
001c247c 0000000c V typeinfo for std::money_put<char, std::ostreambuf_iterator<char, std::char_traits<char> > >
001c2488 0000003b V typeinfo name for std::time_put<char, std::ostreambuf_iterator<char, std::char_traits<char> > >
001c24c4 0000000c V typeinfo for std::time_put<char, std::ostreambuf_iterator<char, std::char_traits<char> > >
001c24d0 0000003b V typeinfo name for std::time_get<char, std::istreambuf_iterator<char, std::char_traits<char> > >
001c250c 00000020 V typeinfo for std::time_get<char, std::istreambuf_iterator<char, std::char_traits<char> > >
001c252c 0000001e V typeinfo name for std::__moneypunct_cache<char, false>
001c254c 0000000c V typeinfo for std::__moneypunct_cache<char, false>
001c2558 0000001e V typeinfo name for std::__moneypunct_cache<char, true>
001c2578 0000000c V typeinfo for std::__moneypunct_cache<char, true>
001c2584 00000018 V typeinfo name for std::__numpunct_cache<char>
001c259c 0000000c V typeinfo for std::__numpunct_cache<char>
001c25a8 0000001c V vtable for std::collate<char>
001c25c4 00000024 V vtable for std::numpunct<char>
001c25e8 0000003c V vtable for std::num_get<char, std::istreambuf_iterator<char, std::char_traits<char> > >
001c2624 00000030 V vtable for std::num_put<char, std::ostreambuf_iterator<char, std::char_traits<char> > >
001c2654 00000010 V vtable for std::__timepunct_cache<char>
001c2664 00000010 V vtable for std::__timepunct<char>
001c2674 00000034 V vtable for std::moneypunct<char, true>
001c26a8 00000034 V vtable for std::moneypunct<char, false>
001c26dc 0000001c V vtable for std::messages<char>
001c26f8 0000002c V vtable for std::__codecvt_abstract_base<char, char, _mbstate_t>
001c2724 00000018 V vtable for std::money_get<char, std::istreambuf_iterator<char, std::char_traits<char> > >
001c273c 00000018 V vtable for std::money_put<char, std::ostreambuf_iterator<char, std::char_traits<char> > >
001c2754 00000014 V vtable for std::time_put<char, std::ostreambuf_iterator<char, std::char_traits<char> > >
001c2768 00000028 V vtable for std::time_get<char, std::istreambuf_iterator<char, std::char_traits<char> > >
001c2790 00000010 V vtable for std::__moneypunct_cache<char, false>
001c27a0 00000010 V vtable for std::__moneypunct_cache<char, true>
001c27b0 00000010 V vtable for std::__numpunct_cache<char>
001c27c0 00000088 R std::locale::_S_twinned_facets
001c2848 00000003 V typeinfo name for std::ostream
001c284c 00000018 V typeinfo for std::ostream
001c2864 00000029 V typeinfo name for std::basic_streambuf<char, std::char_traits<char> >
001c2890 00000008 V typeinfo for std::basic_streambuf<char, std::char_traits<char> >
001c2898 00000040 V vtable for std::basic_streambuf<char, std::char_traits<char> >
001c28d8 00000019 R typeinfo name for std::_V2::error_category
001c28f4 00000008 R typeinfo for std::_V2::error_category
001c28fc 00000011 R typeinfo name for std::system_error
001c2910 0000000c R typeinfo for std::system_error
001c291c 0000000c r typeinfo for (anonymous namespace)::generic_error_category
001c2928 0000002a r typeinfo name for (anonymous namespace)::generic_error_category
001c2954 00000014 R vtable for std::system_error
001c2968 00000028 r vtable for (anonymous namespace)::generic_error_category
001c2a58 0000000e V typeinfo name for std::collate<wchar_t>
001c2a68 0000000c V typeinfo for std::collate<wchar_t>
001c2a74 0000001d V typeinfo name for std::__ctype_abstract_base<wchar_t>
001c2a94 00000020 V typeinfo for std::__ctype_abstract_base<wchar_t>
001c2ab4 0000000f V typeinfo name for std::numpunct<wchar_t>
001c2ac4 0000000c V typeinfo for std::numpunct<wchar_t>
001c2ad0 0000003a V typeinfo name for std::num_get<wchar_t, std::istreambuf_iterator<wchar_t, std::char_traits<wchar_t> > >
001c2b0c 0000000c V typeinfo for std::num_get<wchar_t, std::istreambuf_iterator<wchar_t, std::char_traits<wchar_t> > >
001c2b18 0000003a V typeinfo name for std::num_put<wchar_t, std::ostreambuf_iterator<wchar_t, std::char_traits<wchar_t> > >
001c2b54 0000000c V typeinfo for std::num_put<wchar_t, std::ostreambuf_iterator<wchar_t, std::char_traits<wchar_t> > >
001c2b60 00000019 V typeinfo name for std::__timepunct_cache<wchar_t>
001c2b7c 0000000c V typeinfo for std::__timepunct_cache<wchar_t>
001c2b88 00000013 V typeinfo name for std::__timepunct<wchar_t>
001c2b9c 0000000c V typeinfo for std::__timepunct<wchar_t>
001c2ba8 00000016 V typeinfo name for std::moneypunct<wchar_t, true>
001c2bc0 00000020 V typeinfo for std::moneypunct<wchar_t, true>
001c2be0 00000016 V typeinfo name for std::moneypunct<wchar_t, false>
001c2bf8 00000020 V typeinfo for std::moneypunct<wchar_t, false>
001c2c18 0000000f V typeinfo name for std::messages<wchar_t>
001c2c28 00000020 V typeinfo for std::messages<wchar_t>
001c2c48 0000002c V typeinfo name for std::__codecvt_abstract_base<wchar_t, char, _mbstate_t>
001c2c74 00000020 V typeinfo for std::__codecvt_abstract_base<wchar_t, char, _mbstate_t>
001c2c94 0000003c V typeinfo name for std::money_get<wchar_t, std::istreambuf_iterator<wchar_t, std::char_traits<wchar_t> > >
001c2cd0 0000000c V typeinfo for std::money_get<wchar_t, std::istreambuf_iterator<wchar_t, std::char_traits<wchar_t> > >
001c2cdc 0000003c V typeinfo name for std::money_put<wchar_t, std::ostreambuf_iterator<wchar_t, std::char_traits<wchar_t> > >
001c2d18 0000000c V typeinfo for std::money_put<wchar_t, std::ostreambuf_iterator<wchar_t, std::char_traits<wchar_t> > >
001c2d24 0000003b V typeinfo name for std::time_put<wchar_t, std::ostreambuf_iterator<wchar_t, std::char_traits<wchar_t> > >
001c2d60 0000000c V typeinfo for std::time_put<wchar_t, std::ostreambuf_iterator<wchar_t, std::char_traits<wchar_t> > >
001c2d6c 0000003b V typeinfo name for std::time_get<wchar_t, std::istreambuf_iterator<wchar_t, std::char_traits<wchar_t> > >
001c2da8 00000020 V typeinfo for std::time_get<wchar_t, std::istreambuf_iterator<wchar_t, std::char_traits<wchar_t> > >
001c2dc8 0000001e V typeinfo name for std::__moneypunct_cache<wchar_t, false>
001c2de8 0000000c V typeinfo for std::__moneypunct_cache<wchar_t, false>
001c2df4 0000001e V typeinfo name for std::__moneypunct_cache<wchar_t, true>
001c2e14 0000000c V typeinfo for std::__moneypunct_cache<wchar_t, true>
001c2e20 00000018 V typeinfo name for std::__numpunct_cache<wchar_t>
001c2e38 0000000c V typeinfo for std::__numpunct_cache<wchar_t>
001c2e44 0000001c V vtable for std::collate<wchar_t>
001c2e60 00000040 V vtable for std::__ctype_abstract_base<wchar_t>
001c2ea0 00000024 V vtable for std::numpunct<wchar_t>
001c2ec4 0000003c V vtable for std::num_get<wchar_t, std::istreambuf_iterator<wchar_t, std::char_traits<wchar_t> > >
001c2f00 00000030 V vtable for std::num_put<wchar_t, std::ostreambuf_iterator<wchar_t, std::char_traits<wchar_t> > >
001c2f30 00000010 V vtable for std::__timepunct_cache<wchar_t>
001c2f40 00000010 V vtable for std::__timepunct<wchar_t>
001c2f50 00000034 V vtable for std::moneypunct<wchar_t, true>
001c2f84 00000034 V vtable for std::moneypunct<wchar_t, false>
001c2fb8 0000001c V vtable for std::messages<wchar_t>
001c2fd4 0000002c V vtable for std::__codecvt_abstract_base<wchar_t, char, _mbstate_t>
001c3000 00000018 V vtable for std::money_get<wchar_t, std::istreambuf_iterator<wchar_t, std::char_traits<wchar_t> > >
001c3018 00000018 V vtable for std::money_put<wchar_t, std::ostreambuf_iterator<wchar_t, std::char_traits<wchar_t> > >
001c3030 00000014 V vtable for std::time_put<wchar_t, std::ostreambuf_iterator<wchar_t, std::char_traits<wchar_t> > >
001c3044 00000028 V vtable for std::time_get<wchar_t, std::istreambuf_iterator<wchar_t, std::char_traits<wchar_t> > >
001c306c 00000010 V vtable for std::__moneypunct_cache<wchar_t, false>
001c307c 00000010 V vtable for std::__moneypunct_cache<wchar_t, true>
001c308c 00000010 V vtable for std::__numpunct_cache<wchar_t>
001c309c 0000000d R typeinfo name for std::bad_alloc
001c30ac 0000000c R typeinfo for std::bad_alloc
001c30b8 00000014 R vtable for std::bad_alloc
001c30cc 00000019 R typeinfo name for std::bad_array_new_length
001c30e8 0000000c R typeinfo for std::bad_array_new_length
001c30f4 00000014 R vtable for std::bad_array_new_length
001c3108 0000000c R typeinfo name for std::bad_cast
001c3114 0000000c R typeinfo for std::bad_cast
001c3120 00000014 R vtable for std::bad_cast
001c3134 00000022 R typeinfo name for __cxxabiv1::__class_type_info
001c3158 0000000c R typeinfo for __cxxabiv1::__class_type_info
001c3164 0000002c R vtable for __cxxabiv1::__class_type_info
001c3190 0000000d R typeinfo name for std::exception
001c31a0 00000008 R typeinfo for std::exception
001c31a8 00000012 R typeinfo name for std::bad_exception
001c31bc 0000000c R typeinfo for std::bad_exception
001c31c8 00000020 R typeinfo name for __cxxabiv1::__forced_unwind
001c31e8 00000008 R typeinfo for __cxxabiv1::__forced_unwind
001c31f0 00000024 R typeinfo name for __cxxabiv1::__foreign_exception
001c3214 00000008 R typeinfo for __cxxabiv1::__foreign_exception
001c321c 00000014 R vtable for std::bad_exception
001c3244 0000002c V typeinfo name for __gnu_cxx::__concurrence_broadcast_error
001c3270 0000000c V typeinfo for __gnu_cxx::__concurrence_broadcast_error
001c327c 00000027 V typeinfo name for __gnu_cxx::__concurrence_wait_error
001c32a4 0000000c V typeinfo for __gnu_cxx::__concurrence_wait_error
001c32b0 00000014 V vtable for __gnu_cxx::__concurrence_broadcast_error
001c32c4 00000014 V vtable for __gnu_cxx::__concurrence_wait_error
001c32d8 00000001 R std::nothrow
001c32dc 00000025 R typeinfo name for __cxxabiv1::__si_class_type_info
001c3304 0000000c R typeinfo for __cxxabiv1::__si_class_type_info
001c3310 0000002c R vtable for __cxxabiv1::__si_class_type_info
001c333c 0000000d R typeinfo name for std::type_info
001c334c 00000008 R typeinfo for std::type_info
001c3354 00000026 R typeinfo name for __cxxabiv1::__vmi_class_type_info
001c337c 0000000c R typeinfo for __cxxabiv1::__vmi_class_type_info
001c3388 0000002c R vtable for __cxxabiv1::__vmi_class_type_info
001c33b4 0000001b V typeinfo name for std::codecvt<char, char, _mbstate_t>
001c33d0 0000000c V typeinfo for std::codecvt<char, char, _mbstate_t>
001c33dc 0000001b V typeinfo name for std::codecvt<wchar_t, char, _mbstate_t>
001c33f8 0000000c V typeinfo for std::codecvt<wchar_t, char, _mbstate_t>
001c3404 0000002c V vtable for std::codecvt<char, char, _mbstate_t>
001c3430 0000002c V vtable for std::codecvt<wchar_t, char, _mbstate_t>
001c345c 00000034 r std::(anonymous namespace)::mon_yday
001c3490 00000004 R std::money_base::_S_default_pattern
001c3c1c 00000010 R typeinfo name for std::logic_error
001c3c2c 0000000c R typeinfo for std::logic_error
001c3c38 00000011 R typeinfo name for std::length_error
001c3c4c 0000000c R typeinfo for std::length_error
001c3c58 00000011 R typeinfo name for std::out_of_range
001c3c6c 0000000c R typeinfo for std::out_of_range
001c3c78 00000012 R typeinfo name for std::runtime_error
001c3c8c 0000000c R typeinfo for std::runtime_error
001c3c98 00000014 R vtable for std::logic_error
001c3cac 00000014 R vtable for std::length_error
001c3cc0 00000014 R vtable for std::out_of_range
001c3cd4 00000014 R vtable for std::runtime_error
001c3ce8 0000002d V typeinfo name for std::__codecvt_abstract_base<char16_t, char, _mbstate_t>
001c3d18 00000020 V typeinfo for std::__codecvt_abstract_base<char16_t, char, _mbstate_t>
001c3d38 0000001c V typeinfo name for std::codecvt<char16_t, char, _mbstate_t>
001c3d54 0000000c V typeinfo for std::codecvt<char16_t, char, _mbstate_t>
001c3d60 0000002d V typeinfo name for std::__codecvt_abstract_base<char32_t, char, _mbstate_t>
001c3d90 00000020 V typeinfo for std::__codecvt_abstract_base<char32_t, char, _mbstate_t>
001c3db0 0000001c V typeinfo name for std::codecvt<char32_t, char, _mbstate_t>
001c3dcc 0000000c V typeinfo for std::codecvt<char32_t, char, _mbstate_t>
001c3dd8 0000002e V typeinfo name for std::__codecvt_abstract_base<char16_t, char8_t, _mbstate_t>
001c3e08 00000020 V typeinfo for std::__codecvt_abstract_base<char16_t, char8_t, _mbstate_t>
001c3e28 0000001d V typeinfo name for std::codecvt<char16_t, char8_t, _mbstate_t>
001c3e48 0000000c V typeinfo for std::codecvt<char16_t, char8_t, _mbstate_t>
001c3e54 0000002e V typeinfo name for std::__codecvt_abstract_base<char32_t, char8_t, _mbstate_t>
001c3e84 00000020 V typeinfo for std::__codecvt_abstract_base<char32_t, char8_t, _mbstate_t>
001c3ea4 0000001d V typeinfo name for std::codecvt<char32_t, char8_t, _mbstate_t>
001c3ec4 0000000c V typeinfo for std::codecvt<char32_t, char8_t, _mbstate_t>
001c3ed0 0000002c V vtable for std::__codecvt_abstract_base<char16_t, char, _mbstate_t>
001c3efc 0000002c V vtable for std::codecvt<char16_t, char, _mbstate_t>
001c3f28 0000002c V vtable for std::__codecvt_abstract_base<char32_t, char, _mbstate_t>
001c3f54 0000002c V vtable for std::codecvt<char32_t, char, _mbstate_t>
001c3f80 0000002c V vtable for std::__codecvt_abstract_base<char16_t, char8_t, _mbstate_t>
001c3fac 0000002c V vtable for std::codecvt<char16_t, char8_t, _mbstate_t>
001c3fd8 0000002c V vtable for std::__codecvt_abstract_base<char32_t, char8_t, _mbstate_t>
001c4004 0000002c V vtable for std::codecvt<char32_t, char8_t, _mbstate_t>
001c4030 0000000c V typeinfo name for std::ctype<char>
001c403c 00000020 V typeinfo for std::ctype<char>
001c405c 0000000c V typeinfo name for std::ctype<wchar_t>
001c4068 0000000c V typeinfo for std::ctype<wchar_t>
001c4074 00000030 V vtable for std::ctype<char>
001c40a4 00000040 V vtable for std::ctype<wchar_t>
001c4128 0000001d R typeinfo name for std::ios_base::failure[abi:cxx11]
001c4148 0000000c R typeinfo for std::ios_base::failure[abi:cxx11]
001c4154 00000012 V typeinfo name for std::__ios_failure
001c4168 0000000c V typeinfo for std::__ios_failure
001c4174 00000018 R typeinfo name for std::__iosfail_type_info
001c418c 00000018 R typeinfo for std::__iosfail_type_info
001c41a4 00000014 R vtable for std::ios_base::failure[abi:cxx11]
001c41b8 00000014 V vtable for std::__ios_failure
001c41cc 0000002c R vtable for std::__iosfail_type_info
001c42c0 00000018 V typeinfo name for std::__cxx11::collate<char>
001c42d8 0000000c V typeinfo for std::__cxx11::collate<char>
001c42e4 00000019 V typeinfo name for std::__cxx11::numpunct<char>
001c4300 0000000c V typeinfo for std::__cxx11::numpunct<char>
001c430c 00000020 V typeinfo name for std::__cxx11::moneypunct<char, true>
001c432c 00000020 V typeinfo for std::__cxx11::moneypunct<char, true>
001c434c 00000020 V typeinfo name for std::__cxx11::moneypunct<char, false>
001c436c 00000020 V typeinfo for std::__cxx11::moneypunct<char, false>
001c438c 00000019 V typeinfo name for std::__cxx11::messages<char>
001c43a8 00000020 V typeinfo for std::__cxx11::messages<char>
001c43c8 00000046 V typeinfo name for std::__cxx11::money_get<char, std::istreambuf_iterator<char, std::char_traits<char> > >
001c4410 0000000c V typeinfo for std::__cxx11::money_get<char, std::istreambuf_iterator<char, std::char_traits<char> > >
001c441c 00000046 V typeinfo name for std::__cxx11::money_put<char, std::ostreambuf_iterator<char, std::char_traits<char> > >
001c4464 0000000c V typeinfo for std::__cxx11::money_put<char, std::ostreambuf_iterator<char, std::char_traits<char> > >
001c4470 00000045 V typeinfo name for std::__cxx11::time_get<char, std::istreambuf_iterator<char, std::char_traits<char> > >
001c44b8 00000020 V typeinfo for std::__cxx11::time_get<char, std::istreambuf_iterator<char, std::char_traits<char> > >
001c44d8 0000001c V vtable for std::__cxx11::collate<char>
001c44f4 00000024 V vtable for std::__cxx11::numpunct<char>
001c4518 00000034 V vtable for std::__cxx11::moneypunct<char, true>
001c454c 00000034 V vtable for std::__cxx11::moneypunct<char, false>
001c4580 0000001c V vtable for std::__cxx11::messages<char>
001c459c 00000018 V vtable for std::__cxx11::money_get<char, std::istreambuf_iterator<char, std::char_traits<char> > >
001c45b4 00000018 V vtable for std::__cxx11::money_put<char, std::ostreambuf_iterator<char, std::char_traits<char> > >
001c45cc 0000002c V vtable for std::__cxx11::time_get<char, std::istreambuf_iterator<char, std::char_traits<char> > >
001c45f8 0000000c r typeinfo for (anonymous namespace)::io_error_category
001c4604 00000025 r typeinfo name for (anonymous namespace)::io_error_category
001c462c 00000028 r vtable for (anonymous namespace)::io_error_category
001c4654 00000016 R typeinfo name for std::ios_base::failure
001c466c 0000000c R typeinfo for std::ios_base::failure
001c4678 00000014 R vtable for std::ios_base::failure
001c468c 00000080 r npio2_hw
001c470c 00000108 r two_over_pi
001c4818 00000040 r PIo2
001c4858 00000010 r init_jk
001c4868 00000060 R __inv_pio4
001c48c8 000000e0 R __sincosf_table
001c49a8 00000870 R __exp_data
001c5218 00001048 R __pow_log_data
001c6260 00001090 R __log_data
001c7508 00000022 r basefix.0
001c758c 00000014 r fpinan.0
001c75a0 00000014 r fpi.1
001c75b8 00000028 r tinytens
001c75e0 00000100 R __hexdig
001c76e0 00000030 r _DAYS_BEFORE_MONTH
001c7710 00000030 r DAYS_IN_MONTH
001c7778 0000001c r categories
001c7814 00000022 r basefix.0
001c7850 000000fc R _C_time_locale
001c7a44 00000010 r zeroes.0
001c7a54 00000010 r blanks.1
001c7a64 00000101 R _ctype_
001c7c14 00000060 R __month_lengths
001c7c74 0000000c r p05.0
001c7c80 00000028 R __mprec_bigtens
001c7ca8 000000c8 R __mprec_tens
001c7e5c 00000010 r zeroes.0
001c7e6c 00000010 r blanks.1
001c7e7c 0000006c R __action_table
001c7ee8 0000006c R __state_table
001c7f54 00000100 R __chclass
001c808c 00000048 r JIS_action_table
001c80d4 00000048 r JIS_state_table
001c81ac 000037f8 r categories
001cba78 00000040 r zeroes.0
001cbab8 00000040 r blanks.1
001cbbe4 00000010 r zeroes.0
001cbbf4 00000010 r blanks.1
001cbcf0 00000010 r zeroes.0
001cbd00 00000010 r blanks.1
001cbd10 00000080 R dotab_stdnull
001cbd90 R __tdata_align
001cbd94 r __EH_FRAME_BEGIN__
001ce418 R __exidx_start
001cf6d8 R __exidx_end
001d0000 00000004 d previousGlassesEye
001d0004 00000008 d framerateCounter
001d000c 00000004 d framerate
001d0010 00000001 d firstConsoleInit.0
001d0014 00000004 D currentConsole
001d0018 00000048 D defaultConsole
001d0060 00000004 d queueLock
001d0064 00000004 d aptChainloadDeliverArgSize
001d0068 00000004 d kCount
001d006c 00000004 d kInterval
001d0070 00000004 d kDelay
001d0074 W __stacksize__
001d0078 00000004 d (anonymous namespace)::generic_category_instance
001d007c 00000004 D __cxxabiv1::__unexpected_handler
001d0080 00000004 D std::__num_base::_S_atoms_out
001d0084 00000004 D std::__num_base::_S_atoms_in
001d0088 00000004 D std::money_base::_S_atoms
001d008c 00000038 D std::__timepunct_cache<wchar_t>::_S_timezones
001d00c4 00000038 D std::__timepunct_cache<char>::_S_timezones
001d00fc 00000004 d (anonymous namespace)::io_category_instance
001d0100 00000004 D __cxxabiv1::__terminate_handler
001d0104 00000004 D _impure_ptr
001d0108 00000200 D _impure_data
001d0308 00000008 D _tzname
001d0310 00000254 D __global_locale
001d0564 00000020 D __default_locale
001d0584 00000004 D __malloc_sbrk_base
001d0588 00000004 D __malloc_trim_threshold
001d0590 00000408 D __malloc_av_
001d0998 0000000c D __sglue
001d09a8 00000058 d tzinfo
001d0a00 000007e0 d caseconv_table
001d11e0 00000004 D environ
001d11e4 00000400 d _current_working_directory
001d15e8 00001000 d handles
001d193b N 
001d193b N 
001d193b N 
001d193b N 
001d193b N 
001d193b N 
001d193b N 
001d193b N 
001d193b N 
001d193b N 
001d193b N 
001d193b N 
001d193b N 
001d193b N 
001d193b N 
001d193b N 
001d193b N 
001d193b N 
001d193b N 
001d193b N 
001d193b N 
001d193b N 
001d193b N 
001d193b N 
001d193b N 
001d193b N 
001d193b N 
001d193b N 
001d193b N 
001d193b N 
001d193b N 
001d193b W KoreanMSX8KB0300MemoryRule.cpp.d81ebac2
001d25e8 0000000c d __stderr_handle
001d25f4 0000000c d __stdout_handle
001d2600 0000000c d __stdin_handle
001d260c 0000008c D devoptab_list
001d2698 00000004 d defaultDevice
001d26a4 d _GLOBAL_OFFSET_TABLE_
001d26b0 d __frame_dummy_init_array_entry
001d26b0 D __init_array_start
001d26b0 B __preinit_array_end
001d26b0 B __preinit_array_start
001d26b0 D __tdata_lma
001d26b0 D __tdata_lma_end
001d26cc d __do_global_dtors_aux_fini_array_entry
001d26cc D __fini_array_start
001d26cc D __init_array_end
001d26d8 00000004 b frameBuffer
001d26d8 D __bss_start__
001d26d8 D __fini_array_end
001d26dc 00000004 b uploadBuffer
001d26e0 00000090 b gameTex
001d2770 00000001 b textureInitialized
001d2774 00000078 b gameSubTex
001d27ec 00000030 b gameImage
001d281c 00000001 b audioInitialized
001d2820 00000010 b audioBuffers
001d2830 00000060 b audioWave
001d2890 00000001 b stereoActive
001d2891 00000001 b display3DEnabled
001d2894 00000004 b audioIndex
001d2898 00000004 b videoTextureSlot
001d289c 00002000 B sin_tab.lto_priv.0
001d489c 00005800 B tl_tab.lto_priv.0
001da0a0 00001760 B ym2413.lto_priv.0
001db800 00000008 b output
001db808 00000004 b LFO_PM
001db80c 00000004 b LFO_AM
001db810 000005a8 B __C2Di_Context
001dbdb8 00000040 b s_projTop
001dbdf8 00000040 b s_projBot
001dbe38 00000004 b uLoc_mdlvMtx
001dbe3c 00000004 b uLoc_projMtx
001dbe40 b completed.1
001dbe44 b object.0
001dbe5c 0000000c b hookCookie
001dbe68 000002d0 B __C3D_Context
001dc138 00000004 b frameEndCbData
001dc13c 00000004 b frameEndCb
001dc140 00000008 b frameCounter
001dc148 00000001 b isTopStereo
001dc149 00000001 b needSwapBot
001dc14a 00000001 b needSwapTop
001dc14b 00000001 b measureGpuTime
001dc14c 00000001 b inSafeTransfer
001dc14d 00000001 b inFrame
001dc150 00000010 b cpuTime
001dc160 00000010 b gpuTime
001dc170 0000000c b linkedTarget
001dc17c 00000004 b lastTarget
001dc180 00000004 b firstTarget
001dc184 00000008 b C3Di_IVUnifEverDirty
001dc18c 000000c0 b C3Di_FVUnifEverDirty
001dc24c 00000018 b C3Di_ShaderFVecData
001dc264 00000002 B C3D_BoolUnifsDirty
001dc268 00000008 B C3D_IVUnifDirty
001dc270 000000c0 B C3D_FVUnifDirty
001dc330 00000004 B C3D_BoolUnifs
001dc334 00000020 B C3D_IVUnif
001dc354 00000c00 B C3D_FVUnif
001dcf58 00000008 b sLinearPool
001dcf60 0000000c b sAddrMap
001dcf70 00000008 b sVramPoolB
001dcf78 00000008 b sVramPoolA
001dcf80 0000000c b sAddrMap
001dcf8c 00000064 b escapeSeq
001dcff0 00000048 B currentCopy
001dd038 00000004 b screenAlloc
001dd03c 00000004 b screenFree
001dd040 00000002 b gfxIsDoubleBuf
001dd044 00000002 b gfxCurBuf
001dd046 00000001 b gfxIsVram
001dd047 00000001 b gfxTopMode
001dd048 00000002 b gfxFramebufferFormats
001dd04c 00000004 b gfxBottomFramebufferMaxSize
001dd050 00000004 b gfxTopFramebufferMaxSize
001dd058 00000008 b gfxBottomFramebuffers
001dd060 00000008 b gfxTopFramebuffers
001dd068 00000001 V __ctru_speedup
001dd06c 00000004 b romfs_mount_list
001dd070 00000004 V __romfs_path
001dd074 00000004 B gpuCmdBufOffset
001dd078 00000004 B gpuCmdBufSize
001dd07c 00000004 B gpuCmdBuf
001dd080 00000004 b boundQueue
001dd084 00000001 b shouldStop
001dd085 00000001 b isRunning
001dd086 00000001 b isActive
001dd088 00000004 b curQueue
001dd08c 00000004 b ndspRefCount
001dd090 00000048 b ndspMaster
001dd0d8 00000004 b ndspThread
001dd0dc 00000001 b ndspThreadRun
001dd0e0 00001080 b dspVar5Backup
001de160 00000004 b ndspMutex
001de164 00000008 b sleepEvent
001de16c 00000004 b dspSem
001de170 00000004 b irqEvent
001de174 00000008 b ndspHookCookie
001de17c 00000001 b componentFree
001de17e 00000002 b componentDataMask
001de180 00000002 b componentProgMask
001de184 00000004 b componentSize
001de188 00000004 b componentBin
001de18c 00000004 b frameCount
001de190 00000004 b droppedFrames
001de194 00000001 b bCancelReceived
001de195 00000001 b bSleeping
001de196 00000001 b bEnteringSleep
001de197 00000001 b bDspReady
001de198 00000080 B ndspVars
001de218 00000002 B ndspBufferId
001de21a 00000002 B ndspBufferCurId
001de21c 00000002 B ndspFrameId
001de220 00000c60 b ndspChn
001dee80 00000001 b flagValue.0
001dee81 00000001 b flagInit.1
001dee84 00000004 b serviceName.6
001dee88 00000001 b aptChainloadFlags
001dee89 00000001 b aptChainloadMediatype
001dee8c 00000020 b aptChainloadHmac
001deeac 00000300 b aptChainloadDeliverArg
001df1b0 00000008 b aptChainloadTid
001df1b8 00001000 b aptParameters
001e01b8 00000004 b aptFlags
001e01bc 00000001 b aptHomeButtonState
001e01c0 00000004 b aptMessageFuncData
001e01c4 00000004 b aptMessageFunc
001e01c8 0000000c b aptFirstHook
001e01d4 00000001 b aptEventHandlerThreadQuit
001e01d8 00000004 b aptEventHandlerThread
001e01dc 00000008 b aptSleepEvent
001e01e4 00000008 b aptReceiveEvent
001e01ec 00000008 b aptEvents
001e01f4 00000004 b aptLockHandle
001e01f8 00000004 b aptRefCount
001e01fc 00000004 b cfguRefCount
001e0200 00000004 b cfguHandle
001e0204 00000002 b dspSavedCompDataMask
001e0206 00000002 b dspSavedCompProgMask
001e0208 00000004 b dspSavedCompSize
001e020c 00000004 b dspSavedCompBin
001e0210 00000001 b dspSleeping
001e0211 00000001 b dspComponentLoaded
001e0214 00000008 b dspFirstHook
001e021c 00000004 b dspRefCount
001e0220 00000004 b dspHandle
001e0228 00000080 b fsExemptArchives
001e02a8 00000004 b fsuRefCount
001e02ac 00000004 b fsuHandle
001e02b0 00000007 b gspEventCbOneShot
001e02b8 0000001c b gspEventCbData
001e02d4 0000001c b gspEventCb
001e02f0 00000038 b gspEvents
001e0328 00000004 b gspLastEvent
001e032c 00000001 b gspRunEvents
001e0330 00000004 b gspEventThread
001e0334 00000004 b gspEvent
001e0338 00000001 b gspGpuRight
001e0339 00000001 b gspThreadId
001e033c 00000004 b gspSharedMem
001e0340 00000004 b gspSharedMemHandle
001e0344 00000004 b gspRefCount
001e0348 00000004 b gspGpuHandle
001e034c 00000001 b usingIrrst
001e0350 00000004 b hidRefCount
001e0354 00000006 b gRate
001e035c 00000006 b aVec
001e0364 00000004 b cPos
001e0368 00000004 b tPos
001e036c 00000004 b kRepeat
001e0370 00000004 b kUp
001e0374 00000004 b kDown
001e0378 00000004 b kHeld
001e037c 00000004 b kOld
001e0380 00000004 B hidSharedMem
001e0384 00000014 B hidEvents
001e0398 00000004 B hidMemHandle
001e039c 00000004 B hidHandle
001e03a0 00000004 b irrstRefCount
001e03a4 00000004 b csPos
001e03a8 00000004 b kHeld
001e03ac 00000004 B irrstSharedMem
001e03b0 00000004 B irrstEvent
001e03b4 00000004 B irrstMemHandle
001e03b8 00000004 B irrstHandle
001e03bc 00000004 b ptmSysmRefCount
001e03c0 00000004 b ptmSysmHandle
001e03c4 00000004 V __ctru_linear_heap_size
001e03c8 00000004 V __ctru_heap_size
001e03cc 00000004 B __ctru_linear_heap
001e03d0 00000004 B __ctru_heap
001e03d4 00000004 B __system_retAddr
001e03d8 00000004 B __system_argv
001e03dc 00000004 B __system_argc
001e03e0 b saved_stack
001e03e8 00000004 B __3dslink_host
001e03ec 00000004 b srvRefCount
001e03f0 00000004 b srvHandle
001e03f4 00000004 b arbiter
001e03f8 00000004 b currentAddr
001e03fc 00000004 b maxAddr
001e0400 00000004 b minAddr
001e0404 00000004 b srvPmHandle
001e0408 000005c0 b archive_devices
001e09c8 00000004 b archive_device_cwd
001e09cc 00000001 b archive_initialized
001e09d0 00000004 B std::locale::id::_S_refcount
001e09d4 00000004 B std::locale::facet::_S_once
001e09d8 00000004 B std::locale::facet::_S_c_locale
001e09dc 00000004 B std::locale::_S_once
001e09e0 00000004 B std::locale::_S_global
001e09e4 00000004 B std::locale::_S_classic
001e09e8 00000004 b guard variable for (anonymous namespace)::get_locale_cache_mutex()::locale_cache_mutex
001e09f0 00000010 b (anonymous namespace)::get_locale_cache_mutex()::locale_cache_mutex
001e0a00 00000010 V std::string::_Rep::_S_empty_rep_storage
001e0a10 00000010 V std::basic_string<wchar_t, std::char_traits<wchar_t>, std::allocator<wchar_t> >::_Rep::_S_empty_rep_storage
001e0a20 00000004 V guard variable for std::__cxx11::collate<wchar_t>::id
001e0a24 00000004 V guard variable for std::__cxx11::messages<wchar_t>::id
001e0a28 00000004 V guard variable for std::__cxx11::time_get<wchar_t, std::istreambuf_iterator<wchar_t, std::char_traits<wchar_t> > >::id
001e0a2c 00000004 V guard variable for std::__cxx11::numpunct<wchar_t>::id
001e0a30 00000004 V guard variable for std::__cxx11::moneypunct<wchar_t, true>::id
001e0a34 00000004 V guard variable for std::__cxx11::moneypunct<wchar_t, false>::id
001e0a38 00000004 V guard variable for std::__cxx11::money_put<wchar_t, std::ostreambuf_iterator<wchar_t, std::char_traits<wchar_t> > >::id
001e0a3c 00000004 V guard variable for std::__cxx11::money_get<wchar_t, std::istreambuf_iterator<wchar_t, std::char_traits<wchar_t> > >::id
001e0a40 00000004 V std::__cxx11::collate<wchar_t>::id
001e0a44 00000004 V std::__cxx11::messages<wchar_t>::id
001e0a48 00000004 V std::__cxx11::time_get<wchar_t, std::istreambuf_iterator<wchar_t, std::char_traits<wchar_t> > >::id
001e0a4c 00000004 V std::__cxx11::numpunct<wchar_t>::id
001e0a50 00000004 V std::__cxx11::moneypunct<wchar_t, true>::id
001e0a54 00000004 V std::__cxx11::moneypunct<wchar_t, false>::id
001e0a58 00000004 V std::__cxx11::money_put<wchar_t, std::ostreambuf_iterator<wchar_t, std::char_traits<wchar_t> > >::id
001e0a5c 00000004 V std::__cxx11::money_get<wchar_t, std::istreambuf_iterator<wchar_t, std::char_traits<wchar_t> > >::id
001e0a60 00000004 V guard variable for std::collate<char>::id
001e0a64 00000004 V guard variable for std::messages<char>::id
001e0a68 00000004 V guard variable for std::time_get<char, std::istreambuf_iterator<char, std::char_traits<char> > >::id
001e0a6c 00000004 V guard variable for std::time_put<char, std::ostreambuf_iterator<char, std::char_traits<char> > >::id
001e0a70 00000004 V guard variable for std::__timepunct<char>::id
001e0a74 00000004 V guard variable for std::numpunct<char>::id
001e0a78 00000004 V guard variable for std::moneypunct<char, true>::id
001e0a7c 00000004 V guard variable for std::moneypunct<char, false>::id
001e0a80 00000004 V guard variable for std::money_put<char, std::ostreambuf_iterator<char, std::char_traits<char> > >::id
001e0a84 00000004 V guard variable for std::money_get<char, std::istreambuf_iterator<char, std::char_traits<char> > >::id
001e0a88 00000004 V guard variable for std::num_put<char, std::ostreambuf_iterator<char, std::char_traits<char> > >::id
001e0a8c 00000004 V guard variable for std::num_get<char, std::istreambuf_iterator<char, std::char_traits<char> > >::id
001e0a90 00000004 V std::collate<char>::id
001e0a94 00000004 V std::messages<char>::id
001e0a98 00000004 V std::time_get<char, std::istreambuf_iterator<char, std::char_traits<char> > >::id
001e0a9c 00000004 V std::time_put<char, std::ostreambuf_iterator<char, std::char_traits<char> > >::id
001e0aa0 00000004 V std::__timepunct<char>::id
001e0aa4 00000004 V std::numpunct<char>::id
001e0aa8 00000004 V std::moneypunct<char, true>::id
001e0aac 00000004 V std::moneypunct<char, false>::id
001e0ab0 00000004 V std::money_put<char, std::ostreambuf_iterator<char, std::char_traits<char> > >::id
001e0ab4 00000004 V std::money_get<char, std::istreambuf_iterator<char, std::char_traits<char> > >::id
001e0ab8 00000004 V std::num_put<char, std::ostreambuf_iterator<char, std::char_traits<char> > >::id
001e0abc 00000004 V std::num_get<char, std::istreambuf_iterator<char, std::char_traits<char> > >::id
001e0ac0 000000c8 b (anonymous namespace)::timepunct_cache_w
001e0b88 00000070 b (anonymous namespace)::moneypunct_cache_wf
001e0bf8 00000070 b (anonymous namespace)::moneypunct_cache_wt
001e0c68 00000128 b (anonymous namespace)::numpunct_cache_w
001e0d90 000000c8 b (anonymous namespace)::timepunct_cache_c
001e0e58 00000044 b (anonymous namespace)::moneypunct_cache_cf
001e0e9c 00000044 b (anonymous namespace)::moneypunct_cache_ct
001e0ee0 00000068 b (anonymous namespace)::numpunct_cache_c
001e0f48 00000008 b (anonymous namespace)::codecvt_c32_c8
001e0f50 00000008 b (anonymous namespace)::codecvt_c16_c8
001e0f58 00000008 b (anonymous namespace)::codecvt_c32
001e0f60 00000008 b (anonymous namespace)::codecvt_c16
001e0f68 00000010 b (anonymous namespace)::messages_w
001e0f78 00000008 b (anonymous namespace)::time_put_w
001e0f80 00000008 b (anonymous namespace)::time_get_w
001e0f88 00000014 b (anonymous namespace)::timepunct_w
001e0f9c 00000008 b (anonymous namespace)::money_put_w
001e0fa4 00000008 b (anonymous namespace)::money_get_w
001e0fac 0000000c b (anonymous namespace)::moneypunct_wf
001e0fb8 0000000c b (anonymous namespace)::moneypunct_wt
001e0fc4 0000000c b (anonymous namespace)::codecvt_w
001e0fd0 00000008 b (anonymous namespace)::num_put_w
001e0fd8 00000008 b (anonymous namespace)::num_get_w
001e0fe0 0000000c b (anonymous namespace)::numpunct_w
001e0fec 0000000c b (anonymous namespace)::collate_w
001e0ff8 000004e0 b (anonymous namespace)::ctype_w
001e14d8 00000010 b (anonymous namespace)::messages_c
001e14e8 00000008 b (anonymous namespace)::time_put_c
001e14f0 00000008 b (anonymous namespace)::time_get_c
001e14f8 00000014 b (anonymous namespace)::timepunct_c
001e150c 00000008 b (anonymous namespace)::money_put_c
001e1514 00000008 b (anonymous namespace)::money_get_c
001e151c 0000000c b (anonymous namespace)::moneypunct_cf
001e1528 0000000c b (anonymous namespace)::moneypunct_ct
001e1534 0000000c b (anonymous namespace)::codecvt_c
001e1540 00000008 b (anonymous namespace)::num_put_c
001e1548 00000008 b (anonymous namespace)::num_get_c
001e1550 0000000c b (anonymous namespace)::numpunct_c
001e155c 0000000c b (anonymous namespace)::collate_c
001e1568 00000220 b (anonymous namespace)::ctype_c
001e1788 000000c0 b (anonymous namespace)::cache_vec
001e1848 000000c0 b (anonymous namespace)::facet_vec
001e1908 0000000c b (anonymous namespace)::name_c
001e1914 00000018 b (anonymous namespace)::name_vec
001e192c 00000004 b (anonymous namespace)::c_locale
001e1930 00000014 b (anonymous namespace)::c_locale_impl
001e1944 00000004 b guard variable for (anonymous namespace)::get_locale_mutex()::locale_mutex
001e1948 00000010 b (anonymous namespace)::get_locale_mutex()::locale_mutex
001e1958 00000004 V guard variable for std::collate<wchar_t>::id
001e195c 00000004 V guard variable for std::messages<wchar_t>::id
001e1960 00000004 V guard variable for std::time_get<wchar_t, std::istreambuf_iterator<wchar_t, std::char_traits<wchar_t> > >::id
001e1964 00000004 V guard variable for std::time_put<wchar_t, std::ostreambuf_iterator<wchar_t, std::char_traits<wchar_t> > >::id
001e1968 00000004 V guard variable for std::__timepunct<wchar_t>::id
001e196c 00000004 V guard variable for std::numpunct<wchar_t>::id
001e1970 00000004 V guard variable for std::moneypunct<wchar_t, true>::id
001e1974 00000004 V guard variable for std::moneypunct<wchar_t, false>::id
001e1978 00000004 V guard variable for std::money_put<wchar_t, std::ostreambuf_iterator<wchar_t, std::char_traits<wchar_t> > >::id
001e197c 00000004 V guard variable for std::money_get<wchar_t, std::istreambuf_iterator<wchar_t, std::char_traits<wchar_t> > >::id
001e1980 00000004 V guard variable for std::num_put<wchar_t, std::ostreambuf_iterator<wchar_t, std::char_traits<wchar_t> > >::id
001e1984 00000004 V guard variable for std::num_get<wchar_t, std::istreambuf_iterator<wchar_t, std::char_traits<wchar_t> > >::id
001e1988 00000004 V std::collate<wchar_t>::id
001e198c 00000004 V std::messages<wchar_t>::id
001e1990 00000004 V std::time_get<wchar_t, std::istreambuf_iterator<wchar_t, std::char_traits<wchar_t> > >::id
001e1994 00000004 V std::time_put<wchar_t, std::ostreambuf_iterator<wchar_t, std::char_traits<wchar_t> > >::id
001e1998 00000004 V std::__timepunct<wchar_t>::id
001e199c 00000004 V std::numpunct<wchar_t>::id
001e19a0 00000004 V std::moneypunct<wchar_t, true>::id
001e19a4 00000004 V std::moneypunct<wchar_t, false>::id
001e19a8 00000004 V std::money_put<wchar_t, std::ostreambuf_iterator<wchar_t, std::char_traits<wchar_t> > >::id
001e19ac 00000004 V std::money_get<wchar_t, std::istreambuf_iterator<wchar_t, std::char_traits<wchar_t> > >::id
001e19b0 00000004 V std::num_put<wchar_t, std::ostreambuf_iterator<wchar_t, std::char_traits<wchar_t> > >::id
001e19b4 00000004 V std::num_get<wchar_t, std::istreambuf_iterator<wchar_t, std::char_traits<wchar_t> > >::id
001e19b8 0000001c b (anonymous namespace)::emergency_pool
001e19d4 00000004 b init
001e19d8 00000001 B __eh_globals_init::_S_init
001e19dc 0000000c b (anonymous namespace)::eh_globals
001e19e8 00000004 b (anonymous namespace)::get_static_cond()::once
001e19f0 00000008 b (anonymous namespace)::fake_cond
001e19f8 00000004 b (anonymous namespace)::static_cond
001e19fc 00000004 b (anonymous namespace)::get_static_mutex()::once
001e1a00 00000010 b (anonymous namespace)::fake_mutex
001e1a10 00000004 b (anonymous namespace)::static_mutex
001e1a14 00000004 b (anonymous namespace)::__new_handler
001e1a18 00000004 B std::codecvt<wchar_t, char, _mbstate_t>::id
001e1a1c 00000004 B std::codecvt<char, char, _mbstate_t>::id
001e1a20 00000004 B std::codecvt<char32_t, char8_t, _mbstate_t>::id
001e1a24 00000004 B std::codecvt<char16_t, char8_t, _mbstate_t>::id
001e1a28 00000004 B std::codecvt<char32_t, char, _mbstate_t>::id
001e1a2c 00000004 B std::codecvt<char16_t, char, _mbstate_t>::id
001e1a30 00000010 b std::(anonymous namespace)::messages_w
001e1a40 00000008 b std::(anonymous namespace)::time_get_w
001e1a48 00000008 b std::(anonymous namespace)::money_put_w
001e1a50 00000008 b std::(anonymous namespace)::money_get_w
001e1a58 0000000c b std::(anonymous namespace)::moneypunct_wf
001e1a64 0000000c b std::(anonymous namespace)::moneypunct_wt
001e1a70 0000000c b std::(anonymous namespace)::numpunct_w
001e1a7c 0000000c b std::(anonymous namespace)::collate_w
001e1a88 00000010 b std::(anonymous namespace)::messages_c
001e1a98 00000008 b std::(anonymous namespace)::time_get_c
001e1aa0 00000008 b std::(anonymous namespace)::money_put_c
001e1aa8 00000008 b std::(anonymous namespace)::money_get_c
001e1ab0 0000000c b std::(anonymous namespace)::moneypunct_cf
001e1abc 0000000c b std::(anonymous namespace)::moneypunct_ct
001e1ac8 0000000c b std::(anonymous namespace)::numpunct_c
001e1ad4 0000000c b std::(anonymous namespace)::collate_c
001e1ae0 00000004 B std::ctype<wchar_t>::id
001e1ae4 00000004 B std::ctype<char>::id
001e1ae8 00000004 V guard variable for std::__cxx11::collate<char>::id
001e1aec 00000004 V guard variable for std::__cxx11::messages<char>::id
001e1af0 00000004 V guard variable for std::__cxx11::time_get<char, std::istreambuf_iterator<char, std::char_traits<char> > >::id
001e1af4 00000004 V guard variable for std::__cxx11::numpunct<char>::id
001e1af8 00000004 V guard variable for std::__cxx11::moneypunct<char, true>::id
001e1afc 00000004 V guard variable for std::__cxx11::moneypunct<char, false>::id
001e1b00 00000004 V guard variable for std::__cxx11::money_put<char, std::ostreambuf_iterator<char, std::char_traits<char> > >::id
001e1b04 00000004 V guard variable for std::__cxx11::money_get<char, std::istreambuf_iterator<char, std::char_traits<char> > >::id
001e1b08 00000004 V std::__cxx11::collate<char>::id
001e1b0c 00000004 V std::__cxx11::messages<char>::id
001e1b10 00000004 V std::__cxx11::time_get<char, std::istreambuf_iterator<char, std::char_traits<char> > >::id
001e1b14 00000004 V std::__cxx11::numpunct<char>::id
001e1b18 00000004 V std::__cxx11::moneypunct<char, true>::id
001e1b1c 00000004 V std::__cxx11::moneypunct<char, false>::id
001e1b20 00000004 V std::__cxx11::money_put<char, std::ostreambuf_iterator<char, std::char_traits<char> > >::id
001e1b24 00000004 V std::__cxx11::money_get<char, std::istreambuf_iterator<char, std::char_traits<char> > >::id
001e1b28 00000004 B _timezone
001e1b2c 00000004 B _daylight
001e1b30 00000004 b __tz_mutex
001e1b34 000000e0 b saved_categories.0
001e1c14 000000e0 b new_categories.1
001e1cf4 00000028 B __malloc_current_mallinfo
001e1d1c 00000004 B __malloc_max_total_mem
001e1d20 00000004 B __malloc_max_sbrked_mem
001e1d24 00000004 B __malloc_top_pad
001e1d28 0000000c b __sfp_recursive_mutex
001e1d38 00000168 B __sf
001e1ea0 00000004 B __stdio_exit_handler
001e1ea4 0000000c b __malloc_recursive_mutex
001e1eb0 00000004 b prev_tzenv
001e1eb4 0000000c b __tzname_dst
001e1ec0 0000000c b __tzname_std
001e1ecc 0000000c b __env_recursive_mutex
001e1ed8 00000004 b initial_env
001e1edc 00000400 b temp_cwd
001e2045 N 
001e2045 N 
001e2045 N 
001e2045 N 
001e2045 N 
001e2045 N 
001e2045 N 
001e2045 N 
001e2045 N 
001e2045 N 
001e2045 N 
001e2045 N 
001e2045 N 
001e2045 N 
001e2045 N 
001e2045 N 
001e2045 N 
001e2045 N 
001e2045 N 
001e2045 N 
001e2045 N 
001e2045 N 
001e2045 N 
001e2045 N 
001e2045 N 
001e2045 N 
001e2045 N 
001e2045 N 
001e2045 N 
001e2045 N 
001e2045 N 
001e2045 N 
001e2045 W KoreanMSXSMS8000MemoryRule.cpp.52ee68b1
001e22dc 00000004 b __hndl_lock
001e22e0 00000004 B fake_heap_start
001e22e4 00000004 B fake_heap_end
001e22e8 00000004 b __pthread_once_cv
001e22ec 00000004 b __pthread_once_lock
001e22f0 00000004 b heap_start.0
001e22f4 B __tls_start
001e2efc B __bss_end__
001e2efc A __end__
001e2efc B __tls_end
001f2740 N 
001f2740 N 
001f2740 N 
001f2740 N 
001f2740 N 
001f2740 N 
001f2740 N 
001f2740 N 
001f2740 N 
001f2740 N 
001f2740 N 
001f2740 N 
001f2740 N 
001f2740 N 
001f2740 N 
001f2740 N 
001f2740 N 
001f2740 N 
001f2740 N 
001f2740 N 
001f2740 N 
001f2740 N 
001f2740 N 
001f2740 N 
001f2740 N 
001f2740 N 
001f2740 N 
001f2740 N 
001f2740 N 
001f2740 N 
001f2740 N 
001f2740 N 
001f2740 W KoreanMemoryRule.cpp.92297f67
00202dfb N 
00202dfb N 
00202dfb N 
00202dfb N 
00202dfb N 
00202dfb N 
00202dfb N 
00202dfb N 
00202dfb N 
00202dfb N 
00202dfb N 
00202dfb N 
00202dfb N 
00202dfb N 
00202dfb N 
00202dfb N 
00202dfb N 
00202dfb N 
00202dfb N 
00202dfb N 
00202dfb N 
00202dfb N 
00202dfb N 
00202dfb N 
00202dfb N 
00202dfb N 
00202dfb N 
00202dfb N 
00202dfb N 
00202dfb N 
00202dfb N 
00202dfb N 
00202dfb W KoreanSMS32KB2000MemoryRule.cpp.77c32277
002134c5 N 
002134c5 N 
002134c5 N 
002134c5 N 
002134c5 N 
002134c5 N 
002134c5 N 
002134c5 N 
002134c5 N 
002134c5 N 
002134c5 N 
002134c5 N 
002134c5 N 
002134c5 N 
002134c5 N 
002134c5 N 
002134c5 N 
002134c5 N 
002134c5 N 
002134c5 N 
002134c5 N 
002134c5 N 
002134c5 N 
002134c5 N 
002134c5 N 
002134c5 N 
002134c5 N 
002134c5 N 
002134c5 N 
002134c5 N 
002134c5 N 
002134c5 N 
002134c5 W MSXMemoryRule.cpp.e65d300f
00223be4 N 
00223be4 N 
00223be4 N 
00223be4 N 
00223be4 N 
00223be4 N 
00223be4 N 
00223be4 N 
00223be4 N 
00223be4 N 
00223be4 N 
00223be4 N 
00223be4 N 
00223be4 N 
00223be4 N 
00223be4 N 
00223be4 N 
00223be4 N 
00223be4 N 
00223be4 N 
00223be4 N 
00223be4 N 
00223be4 N 
00223be4 N 
00223be4 N 
00223be4 N 
00223be4 N 
00223be4 N 
00223be4 N 
00223be4 N 
00223be4 N 
00223be4 N 
00223be4 N 
00223be4 N 
00223be4 N 
00223be4 N 
00223be4 N 
00223be4 N 
00223be4 N 
00223be4 N 
00223be4 N 
00223be4 N 
00223be4 N 
00223be4 N 
00223be4 N 
00223be4 N 
00223be4 N 
00223be4 N 
00223be4 N 
00223be4 N 
00223be4 N 
00223be4 N 
00223be4 N 
00223be4 N 
00223be4 N 
00223be4 N 
00223be4 N 
00223be4 N 
00223be4 N 
00223be4 N 
00223be4 N 
00223be4 N 
00223be4 N 
00223be4 N 
00223be4 N 
00223be4 N 
00223be4 N 
00223be4 N 
00223be4 N 
00223be4 N 
00223be4 N 
00223be4 N 
00223be4 N 
00223be4 N 
00223be4 N 
00223be4 N 
00223be4 N 
00223be4 N 
00223be4 N 
00223be4 N 
00223be4 N 
00223be4 N 
00223be4 N 
00223be4 N 
00223be4 W Memory.cpp.9482ae10
00238e6e N 
00238e6e N 
00238e6e N 
00238e6e N 
00238e6e N 
00238e6e N 
00238e6e N 
00238e6e N 
00238e6e N 
00238e6e N 
00238e6e N 
00238e6e N 
00238e6e N 
00238e6e N 
00238e6e N 
00238e6e N 
00238e6e N 
00238e6e N 
00238e6e N 
00238e6e N 
00238e6e N 
00238e6e N 
00238e6e N 
00238e6e N 
00238e6e N 
00238e6e N 
00238e6e N 
00238e6e N 
00238e6e N 
00238e6e N 
00238e6e N 
00238e6e N 
00238e6e N 
00238e6e N 
00238e6e N 
00238e6e W MemoryRule.cpp.d0e5147f
0023bc5f N 
0023bc5f N 
0023bc5f N 
0023bc5f N 
0023bc5f N 
0023bc5f N 
0023bc5f N 
0023bc5f N 
0023bc5f N 
0023bc5f N 
0023bc5f N 
0023bc5f N 
0023bc5f N 
0023bc5f N 
0023bc5f N 
0023bc5f N 
0023bc5f N 
0023bc5f N 
0023bc5f N 
0023bc5f N 
0023bc5f N 
0023bc5f N 
0023bc5f N 
0023bc5f N 
0023bc5f N 
0023bc5f N 
0023bc5f N 
0023bc5f N 
0023bc5f N 
0023bc5f N 
0023bc5f N 
0023bc5f N 
0023bc5f W Multi4PAKAllActionMemoryRule.cpp.0c9f6f91
0024c329 N 
0024c329 N 
0024c329 N 
0024c329 N 
0024c329 N 
0024c329 N 
0024c329 N 
0024c329 N 
0024c329 N 
0024c329 N 
0024c329 N 
0024c329 N 
0024c329 N 
0024c329 N 
0024c329 N 
0024c329 N 
0024c329 N 
0024c329 N 
0024c329 N 
0024c329 N 
0024c329 N 
0024c329 N 
0024c329 N 
0024c329 N 
0024c329 N 
0024c329 N 
0024c329 N 
0024c329 N 
0024c329 N 
0024c329 N 
0024c329 N 
0024c329 N 
0024c329 N 
0024c329 N 
0024c329 N 
0024c329 N 
0024c329 N 
0024c329 N 
0024c329 N 
0024c329 N 
0024c329 N 
0024c329 N 
0024c329 N 
0024c329 N 
0024c329 N 
0024c329 N 
0024c329 N 
0024c329 N 
0024c329 N 
0024c329 N 
0024c329 N 
0024c329 N 
0024c329 N 
0024c329 N 
0024c329 N 
0024c329 N 
0024c329 N 
0024c329 N 
0024c329 N 
0024c329 N 
0024c329 N 
0024c329 N 
0024c329 N 
0024c329 N 
0024c329 N 
0024c329 N 
0024c329 N 
0024c329 N 
0024c329 N 
0024c329 N 
0024c329 N 
0024c329 N 
0024c329 N 
0024c329 N 
0024c329 N 
0024c329 N 
0024c329 N 
0024c329 N 
0024c329 N 
0024c329 N 
0024c329 N 
0024c329 N 
0024c329 N 
0024c329 N 
0024c329 N 
0024c329 N 
0024c329 N 
0024c329 N 
0024c329 N 
0024c329 N 
0024c329 N 
0024c329 N 
0024c329 N 
0024c329 N 
0024c329 N 
0024c329 N 
0024c329 N 
0024c329 W Processor.cpp.3a62db49
00263867 N 
00263867 N 
00263867 N 
00263867 N 
00263867 N 
00263867 N 
00263867 N 
00263867 N 
00263867 N 
00263867 N 
00263867 N 
00263867 N 
00263867 N 
00263867 N 
00263867 N 
00263867 N 
00263867 N 
00263867 N 
00263867 N 
00263867 N 
00263867 N 
00263867 N 
00263867 N 
00263867 N 
00263867 N 
00263867 N 
00263867 N 
00263867 N 
00263867 W RomOnlyMemoryRule.cpp.ab9d754d
00273da7 N 
00273da7 N 
00273da7 N 
00273da7 N 
00273da7 N 
00273da7 N 
00273da7 N 
00273da7 N 
00273da7 N 
00273da7 N 
00273da7 N 
00273da7 N 
00273da7 N 
00273da7 N 
00273da7 N 
00273da7 N 
00273da7 N 
00273da7 N 
00273da7 N 
00273da7 N 
00273da7 N 
00273da7 N 
00273da7 N 
00273da7 N 
00273da7 N 
00273da7 N 
00273da7 N 
00273da7 N 
00273da7 N 
00273da7 W SG1000MemoryRule.cpp.5c02f3a7
002842f6 N 
002842f6 N 
002842f6 N 
002842f6 N 
002842f6 N 
002842f6 N 
002842f6 N 
002842f6 N 
002842f6 N 
002842f6 N 
002842f6 N 
002842f6 N 
002842f6 N 
002842f6 N 
002842f6 N 
002842f6 N 
002842f6 N 
002842f6 N 
002842f6 N 
002842f6 N 
002842f6 N 
002842f6 N 
002842f6 N 
002842f6 N 
002842f6 N 
002842f6 N 
002842f6 N 
002842f6 N 
002842f6 N 
002842f6 N 
002842f6 N 
002842f6 N 
002842f6 N 
002842f6 N 
002842f6 N 
002842f6 N 
002842f6 N 
002842f6 N 
002842f6 N 
002842f6 W SegaMemoryRule.cpp.32b6956e
00295e0b N 
00295e0b N 
00295e0b N 
00295e0b N 
00295e0b N 
00295e0b N 
00295e0b N 
00295e0b N 
00295e0b N 
00295e0b N 
00295e0b N 
00295e0b N 
00295e0b N 
00295e0b N 
00295e0b N 
00295e0b N 
00295e0b N 
00295e0b N 
00295e0b N 
00295e0b N 
00295e0b N 
00295e0b N 
00295e0b N 
00295e0b N 
00295e0b N 
00295e0b N 
00295e0b N 
00295e0b N 
00295e0b N 
00295e0b N 
00295e0b N 
00295e0b N 
00295e0b N 
00295e0b N 
00295e0b N 
00295e0b W SmsIOPorts.cpp.d46c30c6
002acdba N 
002acdba N 
002acdba N 
002acdba N 
002acdba N 
002acdba N 
002acdba N 
002acdba N 
002acdba N 
002acdba N 
002acdba N 
002acdba N 
002acdba N 
002acdba N 
002acdba N 
002acdba N 
002acdba N 
002acdba N 
002acdba N 
002acdba N 
002acdba N 
002acdba N 
002acdba N 
002acdba N 
002acdba N 
002acdba N 
002acdba N 
002acdba N 
002acdba W TraceLogger.cpp.88d1fab5
002af4e0 N 
002af4e0 N 
002af4e0 N 
002af4e0 N 
002af4e0 N 
002af4e0 N 
002af4e0 N 
002af4e0 N 
002af4e0 N 
002af4e0 N 
002af4e0 N 
002af4e0 N 
002af4e0 N 
002af4e0 N 
002af4e0 N 
002af4e0 N 
002af4e0 N 
002af4e0 N 
002af4e0 N 
002af4e0 N 
002af4e0 N 
002af4e0 N 
002af4e0 N 
002af4e0 N 
002af4e0 N 
002af4e0 N 
002af4e0 N 
002af4e0 N 
002af4e0 N 
002af4e0 N 
002af4e0 N 
002af4e0 N 
002af4e0 N 
002af4e0 N 
002af4e0 N 
002af4e0 N 
002af4e0 N 
002af4e0 N 
002af4e0 N 
002af4e0 N 
002af4e0 N 
002af4e0 N 
002af4e0 N 
002af4e0 N 
002af4e0 N 
002af4e0 N 
002af4e0 N 
002af4e0 N 
002af4e0 N 
002af4e0 N 
002af4e0 N 
002af4e0 N 
002af4e0 N 
002af4e0 N 
002af4e0 N 
002af4e0 W VgmRecorder.cpp.9cbb070e
002b84ca N 
002b84ca N 
002b84ca N 
002b84ca N 
002b84ca N 
002b84ca N 
002b84ca N 
002b84ca N 
002b84ca N 
002b84ca N 
002b84ca N 
002b84ca N 
002b84ca N 
002b84ca N 
002b84ca N 
002b84ca N 
002b84ca N 
002b84ca N 
002b84ca N 
002b84ca N 
002b84ca N 
002b84ca N 
002b84ca N 
002b84ca N 
002b84ca N 
002b84ca N 
002b84ca N 
002b84ca N 
002b84ca N 
002b84ca N 
002b84ca N 
002b84ca N 
002b84ca N 
002b84ca N 
002b84ca N 
002b84ca N 
002b84ca N 
002b84ca N 
002b84ca N 
002b84ca N 
002b84ca N 
002b84ca N 
002b84ca N 
002b84ca N 
002b84ca N 
002b84ca N 
002b84ca N 
002b84ca N 
002b84ca N 
002b84ca N 
002b84ca N 
002b84ca N 
002b84ca N 
002b84ca N 
002b84ca N 
002b84ca N 
002b84ca N 
002b84ca N 
002b84ca N 
002b84ca N 
002b84ca N 
002b84ca N 
002b84ca N 
002b84ca N 
002b84ca N 
002b84ca N 
002b84ca N 
002b84ca N 
002b84ca N 
002b84ca W Video.cpp.f958e6b4
002ca8b3 N 
002ca8b3 N 
002ca8b3 N 
002ca8b3 N 
002ca8b3 N 
002ca8b3 N 
002ca8b3 N 
002ca8b3 N 
002ca8b3 N 
002ca8b3 N 
002ca8b3 N 
002ca8b3 N 
002ca8b3 N 
002ca8b3 N 
002ca8b3 N 
002ca8b3 N 
002ca8b3 N 
002ca8b3 N 
002ca8b3 N 
002ca8b3 N 
002ca8b3 N 
002ca8b3 N 
002ca8b3 N 
002ca8b3 N 
002ca8b3 N 
002ca8b3 N 
002ca8b3 N 
002ca8b3 N 
002ca8b3 N 
002ca8b3 N 
002ca8b3 N 
002ca8b3 N 
002ca8b3 W YM2413.cpp.7fd33734
002cd358 N 
002cd358 N 
002cd358 N 
002cd358 N 
002cd358 N 
002cd358 N 
002cd358 N 
002cd358 N 
002cd358 N 
002cd358 N 
002cd358 N 
002cd358 N 
002cd358 N 
002cd358 N 
002cd358 N 
002cd358 N 
002cd358 N 
002cd358 N 
002cd358 N 
002cd358 N 
002cd358 N 
002cd358 N 
002cd358 N 
002cd358 N 
002cd358 N 
002cd358 N 
002cd358 N 
002cd358 N 
002cd358 N 
002cd358 N 
002cd358 N 
002cd358 N 
002cd358 N 
002cd358 N 
002cd358 N 
002cd358 N 
002cd358 N 
002cd358 N 
002cd358 N 
002cd358 N 
002cd358 N 
002cd358 N 
002cd358 N 
002cd358 N 
002cd358 N 
002cd358 N 
002cd358 N 
002cd358 N 
002cd358 N 
002cd358 N 
002cd358 N 
002cd358 N 
002cd358 N 
002cd358 N 
002cd358 N 
002cd358 N 
002cd358 N 
002cd358 N 
002cd358 N 
002cd358 N 
002cd358 N 
002cd358 N 
002cd358 N 
002cd358 N 
002cd358 N 
002cd358 N 
002cd358 N 
002cd358 N 
002cd358 N 
002cd358 N 
002cd358 N 
002cd358 N 
002cd358 N 
002cd358 N 
002cd358 N 
002cd358 N 
002cd358 N 
002cd358 N 
002cd358 N 
002cd358 N 
002cd358 N 
002cd358 N 
002cd358 N 
002cd358 N 
002cd358 N 
002cd358 N 
002cd358 N 
002cd358 N 
002cd358 N 
002cd358 N 
002cd358 N 
002cd358 N 
002cd358 N 
002cd358 N 
002cd358 N 
002cd358 N 
002cd358 N 
002cd358 N 
002cd358 N 
002cd358 N 
002cd358 N 
002cd358 N 
002cd358 N 
002cd358 N 
002cd358 N 
002cd358 N 
002cd358 N 
002cd358 N 
002cd358 N 
002cd358 N 
002cd358 N 
002cd358 N 
002cd358 N 
002cd358 N 
002cd358 N 
002cd358 N 
002cd358 N 
002cd358 N 
002cd358 N 
002cd358 N 
002cd358 N 
002cd358 N 
002cd358 N 
002cd358 N 
002cd358 N 
002cd358 N 
002cd358 N 
002cd358 N 
002cd358 N 
002cd358 N 
002cd358 N 
002cd358 N 
002cd358 N 
002cd358 N 
002cd358 N 
002cd358 N 
002cd358 N 
002cd358 N 
002cd358 N 
002cd358 N 
002cd358 N 
002cd358 N 
002cd358 N 
002cd358 N 
002cd358 N 
002cd358 N 
002cd358 N 
002cd358 N 
002cd358 N 
002cd358 N 
002cd358 N 
002cd358 N 
002cd358 N 
002cd358 N 
002cd358 N 
002cd358 N 
002cd358 N 
002cd358 N 
002cd358 N 
002cd358 N 
002cd358 N 
002cd358 N 
002cd358 N 
002cd358 N 
002cd358 N 
002cd358 N 
002cd358 N 
002cd358 N 
002cd358 N 
002cd358 N 
002cd358 N 
002cd358 N 
002cd358 N 
002cd358 N 
002cd358 N 
002cd358 N 
002cd358 N 
002cd358 N 
002cd358 N 
002cd358 N 
002cd358 N 
002cd358 N 
002cd358 N 
002cd358 N 
002cd358 N 
002cd358 N 
002cd358 N 
002cd358 N 
002cd358 N 
002cd358 N 
002cd358 N 
002cd358 N 
002cd358 N 
002cd358 N 
002cd358 N 
002cd358 N 
002cd358 N 
002cd358 N 
002cd358 N 
002cd358 N 
002cd358 N 
002cd358 N 
002cd358 N 
002cd358 N 
002cd358 N 
002cd358 N 
002cd358 N 
002cd358 N 
002cd358 N 
002cd358 N 
002cd358 N 
002cd358 N 
002cd358 N 
002cd358 N 
002cd358 N 
002cd358 N 
002cd358 N 
002cd358 N 
002cd358 N 
002cd358 N 
002cd358 N 
002cd358 N 
002cd358 N 
002cd358 N 
002cd358 N 
002cd358 N 
002cd358 N 
002cd358 N 
002cd358 N 
002cd358 N 
002cd358 N 
002cd358 N 
002cd358 N 
002cd358 N 
002cd358 N 
002cd358 N 
002cd358 N 
002cd358 N 
002cd358 N 
002cd358 N 
002cd358 N 
002cd358 N 
002cd358 N 
002cd358 N 
002cd358 N 
002cd358 N 
002cd358 N 
002cd358 N 
002cd358 N 
002cd358 N 
002cd358 N 
002cd358 N 
002cd358 N 
002cd358 N 
002cd358 N 
002cd358 N 
002cd358 N 
002cd358 N 
002cd358 N 
002cd358 N 
002cd358 N 
002cd358 N 
002cd358 N 
002cd358 N 
002cd358 N 
002cd358 N 
002cd358 N 
002cd358 N 
002cd358 N 
002cd358 N 
002cd358 N 
002cd358 N 
002cd358 N 
002cd358 N 
002cd358 N 
002cd358 N 
002cd358 N 
002cd358 N 
002cd358 N 
002cd358 N 
002cd358 N 
002cd358 N 
002cd358 N 
002cd358 N 
002cd358 N 
002cd358 N 
002cd358 N 
002cd358 N 
002cd358 N 
002cd358 N 
002cd358 N 
002cd358 N 
002cd358 N 
002cd358 N 
002cd358 N 
002cd358 N 
002cd358 N 
002cd358 N 
002cd358 N 
002cd358 N 
002cd358 N 
002cd358 N 
002cd358 N 
002cd358 N 
002cd358 N 
002cd358 N 
002cd358 N 
002cd358 N 
002cd358 N 
002cd358 N 
002cd358 N 
002cd358 N 
002cd358 N 
002cd358 N 
002cd358 N 
002cd358 N 
002cd358 N 
002cd358 N 
002cd358 N 
002cd358 N 
002cd358 W opcodes.cpp.a2073c83
002e007f N 
002e007f N 
002e007f N 
002e007f N 
002e007f N 
002e007f N 
002e007f N 
002e007f N 
002e007f N 
002e007f N 
002e007f N 
002e007f N 
002e007f N 
002e007f N 
002e007f N 
002e007f N 
002e007f N 
002e007f N 
002e007f N 
002e007f N 
002e007f N 
002e007f N 
002e007f N 
002e007f N 
002e007f N 
002e007f N 
002e007f N 
002e007f N 
002e007f N 
002e007f N 
002e007f N 
002e007f N 
002e007f N 
002e007f N 
002e007f N 
002e007f N 
002e007f N 
002e007f N 
002e007f N 
002e007f N 
002e007f N 
002e007f N 
002e007f N 
002e007f N 
002e007f N 
002e007f N 
002e007f N 
002e007f N 
002e007f N 
002e007f N 
002e007f N 
002e007f N 
002e007f N 
002e007f N 
002e007f N 
002e007f N 
002e007f N 
002e007f N 
002e007f N 
002e007f N 
002e007f N 
002e007f N 
002e007f N 
002e007f N 
002e007f N 
002e007f N 
002e007f N 
002e007f N 
002e007f N 
002e007f N 
002e007f N 
002e007f N 
002e007f N 
002e007f N 
002e007f N 
002e007f N 
002e007f N 
002e007f N 
002e007f N 
002e007f N 
002e007f N 
002e007f N 
002e007f N 
002e007f N 
002e007f N 
002e007f N 
002e007f N 
002e007f N 
002e007f N 
002e007f N 
002e007f N 
002e007f N 
002e007f N 
002e007f N 
002e007f N 
002e007f N 
002e007f N 
002e007f N 
002e007f N 
002e007f N 
002e007f N 
002e007f N 
002e007f N 
002e007f N 
002e007f N 
002e007f N 
002e007f N 
002e007f N 
002e007f N 
002e007f N 
002e007f N 
002e007f N 
002e007f N 
002e007f N 
002e007f N 
002e007f N 
002e007f N 
002e007f N 
002e007f N 
002e007f N 
002e007f N 
002e007f N 
002e007f N 
002e007f N 
002e007f N 
002e007f N 
002e007f N 
002e007f N 
002e007f N 
002e007f N 
002e007f N 
002e007f N 
002e007f N 
002e007f N 
002e007f N 
002e007f N 
002e007f N 
002e007f N 
002e007f N 
002e007f N 
002e007f N 
002e007f N 
002e007f N 
002e007f N 
002e007f N 
002e007f N 
002e007f N 
002e007f N 
002e007f N 
002e007f N 
002e007f N 
002e007f N 
002e007f N 
002e007f N 
002e007f N 
002e007f N 
002e007f N 
002e007f N 
002e007f N 
002e007f N 
002e007f N 
002e007f N 
002e007f N 
002e007f N 
002e007f N 
002e007f N 
002e007f N 
002e007f N 
002e007f N 
002e007f N 
002e007f N 
002e007f N 
002e007f N 
002e007f N 
002e007f N 
002e007f N 
002e007f N 
002e007f N 
002e007f N 
002e007f N 
002e007f N 
002e007f N 
002e007f N 
002e007f N 
002e007f N 
002e007f N 
002e007f N 
002e007f N 
002e007f N 
002e007f N 
002e007f N 
002e007f N 
002e007f N 
002e007f N 
002e007f N 
002e007f N 
002e007f N 
002e007f N 
002e007f N 
002e007f N 
002e007f N 
002e007f N 
002e007f N 
002e007f N 
002e007f N 
002e007f N 
002e007f N 
002e007f N 
002e007f N 
002e007f N 
002e007f N 
002e007f N 
002e007f N 
002e007f N 
002e007f N 
002e007f N 
002e007f N 
002e007f N 
002e007f N 
002e007f N 
002e007f N 
002e007f N 
002e007f N 
002e007f N 
002e007f N 
002e007f N 
002e007f N 
002e007f N 
002e007f N 
002e007f N 
002e007f N 
002e007f N 
002e007f N 
002e007f N 
002e007f N 
002e007f N 
002e007f N 
002e007f N 
002e007f N 
002e007f N 
002e007f N 
002e007f N 
002e007f N 
002e007f N 
002e007f N 
002e007f N 
002e007f N 
002e007f N 
002e007f N 
002e007f N 
002e007f N 
002e007f N 
002e007f N 
002e007f N 
002e007f N 
002e007f N 
002e007f N 
002e007f N 
002e007f N 
002e007f N 
002e007f N 
002e007f N 
002e007f N 
002e007f N 
002e007f N 
002e007f N 
002e007f N 
002e007f N 
002e007f N 
002e007f N 
002e007f N 
002e007f N 
002e007f N 
002e007f N 
002e007f N 
002e007f N 
002e007f N 
002e007f N 
002e007f N 
002e007f N 
002e007f N 
002e007f N 
002e007f N 
002e007f N 
002e007f N 
002e007f N 
002e007f N 
002e007f N 
002e007f N 
002e007f N 
002e007f N 
002e007f N 
002e007f N 
002e007f N 
002e007f N 
002e007f N 
002e007f N 
002e007f N 
002e007f N 
002e007f N 
002e007f N 
002e007f N 
002e007f N 
002e007f W opcodes_cb.cpp.af0b56c3
002f2390 N 
002f2390 N 
002f2390 N 
002f2390 N 
002f2390 N 
002f2390 N 
002f2390 N 
002f2390 N 
002f2390 N 
002f2390 N 
002f2390 N 
002f2390 N 
002f2390 N 
002f2390 N 
002f2390 N 
002f2390 N 
002f2390 N 
002f2390 N 
002f2390 N 
002f2390 N 
002f2390 N 
002f2390 N 
002f2390 N 
002f2390 N 
002f2390 N 
002f2390 N 
002f2390 N 
002f2390 N 
002f2390 N 
002f2390 N 
002f2390 N 
002f2390 N 
002f2390 N 
002f2390 N 
002f2390 N 
002f2390 N 
002f2390 N 
002f2390 N 
002f2390 N 
002f2390 N 
002f2390 N 
002f2390 N 
002f2390 N 
002f2390 N 
002f2390 N 
002f2390 N 
002f2390 N 
002f2390 N 
002f2390 N 
002f2390 N 
002f2390 N 
002f2390 N 
002f2390 N 
002f2390 N 
002f2390 N 
002f2390 N 
002f2390 N 
002f2390 N 
002f2390 N 
002f2390 N 
002f2390 N 
002f2390 N 
002f2390 N 
002f2390 N 
002f2390 N 
002f2390 N 
002f2390 N 
002f2390 N 
002f2390 N 
002f2390 N 
002f2390 N 
002f2390 N 
002f2390 N 
002f2390 N 
002f2390 N 
002f2390 N 
002f2390 N 
002f2390 N 
002f2390 N 
002f2390 N 
002f2390 N 
002f2390 N 
002f2390 N 
002f2390 N 
002f2390 N 
002f2390 N 
002f2390 N 
002f2390 N 
002f2390 N 
002f2390 N 
002f2390 N 
002f2390 N 
002f2390 N 
002f2390 N 
002f2390 N 
002f2390 N 
002f2390 N 
002f2390 N 
002f2390 N 
002f2390 N 
002f2390 N 
002f2390 N 
002f2390 N 
002f2390 N 
002f2390 N 
002f2390 N 
002f2390 N 
002f2390 N 
002f2390 N 
002f2390 N 
002f2390 N 
002f2390 N 
002f2390 N 
002f2390 N 
002f2390 N 
002f2390 N 
002f2390 N 
002f2390 N 
002f2390 N 
002f2390 N 
002f2390 N 
002f2390 N 
002f2390 N 
002f2390 W opcodes_ed.cpp.65c279fd
00303359 N 
00303359 N 
00303359 N 
00303359 N 
00303359 N 
00303359 N 
00303359 N 
00303359 N 
00303359 N 
00303359 N 
00303359 N 
00303359 N 
00303359 N 
00303359 N 
00303359 N 
00303359 N 
00303359 N 
00303359 N 
00303359 N 
00303359 N 
00303359 N 
00303359 N 
00303359 N 
00303359 N 
00303359 N 
00303359 N 
00303359 N 
00303359 N 
00303359 N 
00303359 N 
00303359 N 
00303359 N 
00303359 N 
00303359 N 
00303359 N 
00303359 N 
00303359 N 
00303359 N 
00303359 N 
00303359 N 
00303359 N 
00303359 N 
00303359 N 
00303359 W Blip_Buffer.cpp.df1b4c58
003060f6 N 
003060f6 N 
003060f6 N 
003060f6 N 
003060f6 N 
003060f6 N 
003060f6 N 
003060f6 N 
003060f6 N 
003060f6 N 
003060f6 N 
003060f6 N 
003060f6 N 
003060f6 N 
003060f6 N 
003060f6 N 
003060f6 N 
003060f6 N 
003060f6 N 
003060f6 N 
003060f6 N 
003060f6 N 
003060f6 N 
003060f6 N 
003060f6 N 
003060f6 N 
003060f6 N 
003060f6 N 
003060f6 N 
003060f6 N 
003060f6 N 
003060f6 N 
003060f6 N 
003060f6 N 
003060f6 N 
003060f6 N 
003060f6 N 
003060f6 N 
003060f6 N 
003060f6 N 
003060f6 N 
003060f6 N 
003060f6 N 
003060f6 N 
003060f6 N 
003060f6 N 
003060f6 N 
003060f6 N 
003060f6 W Sms_Apu.cpp.ed116ae5
0030a40a N 
0030a40a N 
0030a40a N 
0030a40a N 
0030a40a N 
0030a40a N 
0030a40a N 
0030a40a N 
0030a40a N 
0030a40a N 
0030a40a N 
0030a40a N 
0030a40a N 
0030a40a N 
0030a40a N 
0030a40a N 
0030a40a N 
0030a40a N 
0030a40a N 
0030a40a N 
0030a40a N 
0030a40a N 
0030a40a N 
0030a40a N 
0030a40a N 
0030a40a N 
0030a40a N 
0030a40a N 
0030a40a N 
0030a40a N 
0030a40a W Stereo_Buffer.cpp.3060097f
0030d3f6 N 
0030d3f6 N 
0030d3f6 N 
0030d3f6 N 
0030d3f6 N 
0030d3f6 N 
0030d3f6 N 
0030d3f6 N 
0030d3f6 N 
0030d3f6 N 
0030d3f6 N 
0030d3f6 N 
0030d3f6 N 
0030d3f6 N 
0030d3f6 N 
0030d3f6 N 
0030d3f6 N 
0030d3f6 N 
0030d3f6 N 
0030d3f6 N 
0030d3f6 N 
0030d3f6 N 
0030d3f6 N 
0030d3f6 N 
0030d3f6 N 
0030d3f6 N 
0030d3f6 N 
0030d3f6 N 
0030d3f6 N 
0030d3f6 N 
0030d3f6 N 
0030d3f6 N 
0030d3f6 N 
0030d3f6 N 
0030d3f6 N 
0030d3f6 N 
0030d3f6 N 
0030d3f6 N 
0030d3f6 N 
0030d3f6 N 
0030d3f6 N 
0030d3f6 N 
0030d3f6 N 
0030d3f6 N 
0030d3f6 N 
0030d3f6 N 
0030d3f6 N 
0030d3f6 N 
0030d3f6 W emu2413.c.3a1ed340
0030e0ae N 
0030e0ae N 
0030e0ae N 
0030e0ae N 
0030e0ae N 
0030e0ae N 
0030e0ae N 
0030e0ae N 
0030e0ae N 
0030e0ae N 
0030e0ae N 
0030e0ae N 
0030e0ae N 
0030e0ae N 
0030e0ae N 
0030e0ae N 
0030e0ae N 
0030e0ae N 
0030e0ae N 
0030e0ae N 
0030e0ae N 
0030e0ae N 
0030e0ae N 
0030e0ae N 
0030e0ae N 
0030e0ae N 
0030e0ae N 
0030e0ae N 
0030e0ae N 
0030e0ae N 
0030e0ae N 
0030e0ae N 
0030e0ae N 
0030e0ae N 
0030e0ae N 
0030e0ae N 
0030e0ae N 
0030e0ae N 
0030e0ae N 
0030e0ae N 
0030e0ae N 
0030e0ae N 
0030e0ae N 
0030e0ae N 
0030e0ae N 
0030e0ae N 
0030e0ae N 
0030e0ae N 
0030e0ae N 
0030e0ae N 
0030e0ae N 
0030e0ae N 
0030e0ae N 
0030e0ae N 
0030e0ae N 
0030e0ae N 
0030e0ae N 
0030e0ae N 
0030e0ae N 
0030e0ae N 
0030e0ae N 
0030e0ae N 
0030e0ae N 
0030e0ae N 
0030e0ae N 
0030e0ae N 
0030e0ae N 
0030e0ae N 
0030e0ae N 
0030e0ae N 
0030e0ae N 
0030e0ae N 
0030e0ae N 
0030e0ae N 
0030e0ae N 
0030e0ae N 
0030e0ae N 
0030e0ae N 
0030e0ae N 
0030e0ae N 
0030e0ae N 
0030e0ae N 
0030e0ae N 
0030e0ae N 
0030e0ae N 
0030e0ae N 
0030e0ae N 
0030e0ae N 
0030e0ae N 
0030e0ae N 
0030e0ae N 
0030e0ae N 
0030e0ae N 
0030e0ae N 
0030e0ae N 
0030e0ae N 
0030e0ae N 
0030e0ae N 
0030e0ae N 
0030e0ae N 
0030e0ae N 
0030e0ae N 
0030e0ae N 
0030e0ae N 
0030e0ae N 
0030e0ae N 
0030e0ae N 
0030e0ae N 
0030e0ae N 
0030e0ae N 
0030e0ae N 
0030e0ae N 
0030e0ae N 
0030e0ae N 
0030e0ae N 
0030e0ae N 
0030e0ae N 
0030e0ae N 
0030e0ae N 
0030e0ae N 
0030e0ae N 
0030e0ae N 
0030e0ae N 
0030e0ae N 
0030e0ae N 
0030e0ae N 
0030e0ae N 
0030e0ae N 
0030e0ae N 
0030e0ae N 
0030e0ae N 
0030e0ae N 
0030e0ae N 
0030e0ae N 
0030e0ae N 
0030e0ae N 
0030e0ae N 
0030e0ae N 
0030e0ae N 
0030e0ae N 
0030e0ae N 
0030e0ae N 
0030e0ae N 
0030e0ae N 
0030e0ae N 
0030e0ae N 
0030e0ae N 
0030e0ae N 
0030e0ae N 
0030e0ae N 
0030e0ae N 
0030e0ae N 
0030e0ae N 
0030e0ae N 
0030e0ae N 
0030e0ae N 
0030e0ae N 
0030e0ae N 
0030e0ae N 
0030e0ae N 
0030e0ae N 
0030e0ae N 
0030e0ae N 
0030e0ae N 
0030e0ae N 
0030e0ae N 
0030e0ae N 
0030e0ae N 
0030e0ae N 
0030e0ae N 
0030e0ae N 
0030e0ae N 
0030e0ae N 
0030e0ae N 
0030e0ae N 
0030e0ae N 
0030e0ae N 
0030e0ae N 
0030e0ae N 
0030e0ae N 
0030e0ae N 
0030e0ae N 
0030e0ae N 
0030e0ae N 
0030e0ae N 
0030e0ae N 
0030e0ae N 
0030e0ae N 
0030e0ae N 
0030e0ae N 
0030e0ae N 
0030e0ae N 
0030e0ae N 
0030e0ae N 
0030e0ae N 
0030e0ae N 
0030e0ae N 
0030e0ae N 
0030e0ae N 
0030e0ae N 
0030e0ae N 
0030e0ae N 
0030e0ae N 
0030e0ae N 
0030e0ae N 
0030e0ae N 
0030e0ae N 
0030e0ae N 
0030e0ae N 
0030e0ae N 
0030e0ae N 
0030e0ae N 
0030e0ae N 
0030e0ae N 
0030e0ae W miniz.c.534fdcde
