         w __cxa_pure_virtual
         w __deregister_frame_info
         w __gnu_Unwind_Find_exidx
         w __register_frame_info
         w __syscall_tls_create
         w __syscall_tls_delete
         w __syscall_tls_get
         w __syscall_tls_set
         w userAppExit
         w userAppInit
00000000 b _TLS_MODULE_BASE_
00000000 00000802 B __ctru_dev_utf16_buf
00000000 A __sync_synchronize
00000000 a shift
00000000 a shift
00000804 00000401 B __ctru_dev_path_buf
00055a19 N 
00055a19 N 
00055a19 N 
00055a19 N 
00055a19 N 
00055a19 N 
00055a19 N 
00055a19 N 
00055a19 N 
00055a19 N 
00055a19 N 
00055a19 N 
00055a19 N 
00055a19 N 
00055a19 N 
00055a19 N 
00055a19 N 
00055a19 N 
00055a19 N 
00055a19 N 
00055a19 N 
00055a19 N 
00055a19 N 
00055a19 N 
00055a19 N 
00055a19 N 
00055a19 N 
00055a19 N 
00055a19 N 
00055a19 N 
00055a19 N 
00055a19 N 
00055a19 N 
00055a19 N 
00055a19 N 
00055a19 N 
00055a19 N 
00055a19 N 
00055a19 N 
00055a19 N 
00055a19 N 
00055a19 N 
00055a19 N 
00055a19 N 
00055a19 N 
00055a19 N 
00055a19 N 
00055a19 N 
00055a19 N 
00055a19 N 
00055a19 N 
00055a19 N 
00055a19 N 
00055a19 N 
00055a19 N 
00055a19 N 
00055a19 N 
00055a19 N 
00055a19 N 
00055a19 N 
00055a19 N 
00055a19 N 
00055a19 N 
00055a19 N 
00055a19 N 
00055a19 N 
00055a19 N 
00055a19 N 
00055a19 N 
00055a19 W main.cpp.f94e8d9f
000707dd N 
000707dd N 
000707dd N 
000707dd N 
000707dd N 
000707dd N 
000707dd N 
000707dd N 
000707dd N 
000707dd N 
000707dd N 
000707dd N 
000707dd N 
000707dd N 
000707dd N 
000707dd N 
000707dd N 
000707dd N 
000707dd N 
000707dd N 
000707dd N 
000707dd N 
000707dd N 
000707dd N 
000707dd N 
000707dd N 
000707dd N 
000707dd N 
000707dd N 
000707dd N 
000707dd N 
000707dd N 
000707dd N 
000707dd N 
000707dd N 
000707dd N 
000707dd W Audio.cpp.e0cc30e5
0007b387 N 
0007b387 N 
0007b387 N 
0007b387 N 
0007b387 N 
0007b387 N 
0007b387 N 
0007b387 N 
0007b387 N 
0007b387 N 
0007b387 N 
0007b387 N 
0007b387 N 
0007b387 N 
0007b387 N 
0007b387 N 
0007b387 N 
0007b387 N 
0007b387 N 
0007b387 N 
0007b387 N 
0007b387 N 
0007b387 N 
0007b387 N 
0007b387 N 
0007b387 N 
0007b387 N 
0007b387 N 
0007b387 N 
0007b387 N 
0007b387 N 
0007b387 W BootromMemoryRule.cpp.57fa6d6d
0008ba57 N 
0008ba57 N 
0008ba57 N 
0008ba57 N 
0008ba57 N 
0008ba57 N 
0008ba57 N 
0008ba57 N 
0008ba57 N 
0008ba57 N 
0008ba57 N 
0008ba57 N 
0008ba57 N 
0008ba57 N 
0008ba57 N 
0008ba57 N 
0008ba57 N 
0008ba57 N 
0008ba57 N 
0008ba57 N 
0008ba57 N 
0008ba57 N 
0008ba57 N 
0008ba57 N 
0008ba57 N 
0008ba57 N 
0008ba57 N 
0008ba57 N 
0008ba57 N 
0008ba57 N 
0008ba57 N 
0008ba57 N 
0008ba57 N 
0008ba57 N 
0008ba57 N 
0008ba57 N 
0008ba57 N 
0008ba57 N 
0008ba57 N 
0008ba57 N 
0008ba57 N 
0008ba57 N 
0008ba57 N 
0008ba57 N 
0008ba57 N 
0008ba57 N 
0008ba57 N 
0008ba57 N 
0008ba57 N 
0008ba57 N 
0008ba57 N 
0008ba57 N 
0008ba57 N 
0008ba57 N 
0008ba57 N 
0008ba57 N 
0008ba57 N 
0008ba57 N 
0008ba57 N 
0008ba57 N 
0008ba57 N 
0008ba57 N 
0008ba57 N 
0008ba57 N 
0008ba57 N 
0008ba57 N 
0008ba57 N 
0008ba57 N 
0008ba57 N 
0008ba57 N 
0008ba57 N 
0008ba57 N 
0008ba57 N 
0008ba57 N 
0008ba57 N 
0008ba57 N 
0008ba57 N 
0008ba57 N 
0008ba57 N 
0008ba57 N 
0008ba57 N 
0008ba57 N 
0008ba57 W Cartridge.cpp.a954a0ab
000979f0 N 
000979f0 N 
000979f0 N 
000979f0 N 
000979f0 N 
000979f0 N 
000979f0 N 
000979f0 N 
000979f0 N 
000979f0 N 
000979f0 N 
000979f0 N 
000979f0 N 
000979f0 N 
000979f0 N 
000979f0 N 
000979f0 N 
000979f0 N 
000979f0 N 
000979f0 N 
000979f0 N 
000979f0 N 
000979f0 N 
000979f0 N 
000979f0 N 
000979f0 N 
000979f0 N 
000979f0 N 
000979f0 N 
000979f0 N 
000979f0 N 
000979f0 N 
000979f0 N 
000979f0 W CodemastersMemoryRule.cpp.9a948740
000a816a N 
000a816a N 
000a816a N 
000a816a N 
000a816a N 
000a816a N 
000a816a N 
000a816a N 
000a816a N 
000a816a N 
000a816a N 
000a816a N 
000a816a N 
000a816a N 
000a816a N 
000a816a N 
000a816a N 
000a816a N 
000a816a N 
000a816a N 
000a816a N 
000a816a N 
000a816a N 
000a816a N 
000a816a N 
000a816a N 
000a816a N 
000a816a N 
000a816a N 
000a816a N 
000a816a N 
000a816a N 
000a816a N 
000a816a N 
000a816a N 
000a816a N 
000a816a N 
000a816a N 
000a816a N 
000a816a N 
000a816a N 
000a816a N 
000a816a N 
000a816a N 
000a816a N 
000a816a N 
000a816a N 
000a816a N 
000a816a N 
000a816a W Eeprom93C46MemoryRule.cpp.19efa53c
000b8dd9 N 
000b8dd9 N 
000b8dd9 N 
000b8dd9 N 
000b8dd9 N 
000b8dd9 N 
000b8dd9 N 
000b8dd9 N 
000b8dd9 N 
000b8dd9 N 
000b8dd9 N 
000b8dd9 N 
000b8dd9 N 
000b8dd9 N 
000b8dd9 N 
000b8dd9 N 
000b8dd9 N 
000b8dd9 N 
000b8dd9 N 
000b8dd9 N 
000b8dd9 N 
000b8dd9 N 
000b8dd9 N 
000b8dd9 N 
000b8dd9 N 
000b8dd9 N 
000b8dd9 N 
000b8dd9 N 
000b8dd9 N 
000b8dd9 N 
000b8dd9 N 
000b8dd9 N 
000b8dd9 N 
000b8dd9 N 
000b8dd9 N 
000b8dd9 W GameGearIOPorts.cpp.a3e974e9
000cfd55 N 
000cfd55 N 
000cfd55 N 
000cfd55 N 
000cfd55 N 
000cfd55 N 
000cfd55 N 
000cfd55 N 
000cfd55 N 
000cfd55 N 
000cfd55 N 
000cfd55 N 
000cfd55 N 
000cfd55 N 
000cfd55 N 
000cfd55 N 
000cfd55 N 
000cfd55 N 
000cfd55 N 
000cfd55 N 
000cfd55 N 
000cfd55 N 
000cfd55 N 
000cfd55 N 
000cfd55 N 
000cfd55 N 
000cfd55 N 
000cfd55 N 
000cfd55 N 
000cfd55 N 
000cfd55 N 
000cfd55 N 
000cfd55 N 
000cfd55 N 
000cfd55 N 
000cfd55 N 
000cfd55 N 
000cfd55 N 
000cfd55 N 
000cfd55 N 
000cfd55 N 
000cfd55 N 
000cfd55 N 
000cfd55 N 
000cfd55 N 
000cfd55 N 
000cfd55 N 
000cfd55 N 
000cfd55 N 
000cfd55 N 
000cfd55 N 
000cfd55 N 
000cfd55 N 
000cfd55 N 
000cfd55 N 
000cfd55 N 
000cfd55 N 
000cfd55 N 
000cfd55 N 
000cfd55 N 
000cfd55 N 
000cfd55 N 
000cfd55 N 
000cfd55 N 
000cfd55 N 
000cfd55 N 
000cfd55 N 
000cfd55 N 
000cfd55 N 
000cfd55 N 
000cfd55 N 
000cfd55 N 
000cfd55 N 
000cfd55 N 
000cfd55 N 
000cfd55 N 
000cfd55 N 
000cfd55 N 
000cfd55 N 
000cfd55 N 
000cfd55 N 
000cfd55 N 
000cfd55 N 
000cfd55 N 
000cfd55 N 
000cfd55 N 
000cfd55 N 
000cfd55 N 
000cfd55 N 
000cfd55 N 
000cfd55 N 
000cfd55 N 
000cfd55 N 
000cfd55 N 
000cfd55 N 
000cfd55 N 
000cfd55 N 
000cfd55 N 
000cfd55 N 
000cfd55 N 
000cfd55 N 
000cfd55 N 
000cfd55 N 
000cfd55 N 
000cfd55 N 
000cfd55 N 
000cfd55 N 
000cfd55 N 
000cfd55 N 
000cfd55 N 
000cfd55 N 
000cfd55 N 
000cfd55 N 
000cfd55 N 
000cfd55 N 
000cfd55 N 
000cfd55 N 
000cfd55 N 
000cfd55 N 
000cfd55 N 
000cfd55 N 
000cfd55 N 
000cfd55 N 
000cfd55 N 
000cfd55 N 
000cfd55 N 
000cfd55 N 
000cfd55 N 
000cfd55 N 
000cfd55 N 
000cfd55 N 
000cfd55 N 
000cfd55 N 
000cfd55 N 
000cfd55 N 
000cfd55 N 
000cfd55 N 
000cfd55 N 
000cfd55 N 
000cfd55 N 
000cfd55 N 
000cfd55 N 
000cfd55 N 
000cfd55 N 
000cfd55 N 
000cfd55 N 
000cfd55 N 
000cfd55 N 
000cfd55 N 
000cfd55 N 
000cfd55 N 
000cfd55 N 
000cfd55 N 
000cfd55 N 
000cfd55 N 
000cfd55 N 
000cfd55 N 
000cfd55 N 
000cfd55 N 
000cfd55 N 
000cfd55 N 
000cfd55 N 
000cfd55 N 
000cfd55 N 
000cfd55 N 
000cfd55 N 
000cfd55 N 
000cfd55 N 
000cfd55 N 
000cfd55 N 
000cfd55 N 
000cfd55 W GearsystemCore.cpp.df68f158
000eda09 N 
000eda09 N 
000eda09 N 
000eda09 N 
000eda09 N 
000eda09 N 
000eda09 N 
000eda09 N 
000eda09 N 
000eda09 N 
000eda09 N 
000eda09 N 
000eda09 N 
000eda09 N 
000eda09 N 
000eda09 N 
000eda09 N 
000eda09 N 
000eda09 N 
000eda09 N 
000eda09 N 
000eda09 N 
000eda09 N 
000eda09 N 
000eda09 N 
000eda09 N 
000eda09 N 
000eda09 N 
000eda09 N 
000eda09 N 
000eda09 N 
000eda09 N 
000eda09 N 
000eda09 N 
000eda09 N 
000eda09 N 
000eda09 N 
000eda09 N 
000eda09 W Input.cpp.48fc3f3b
00100000 A __start__
00100000 T _start
00100008 T __service_ptr
0010000c T __apt_appid
00100010 T __heap_size
00100014 T __linear_heap_size
00100018 T __system_arglist
0010001c T __system_runflags
00100020 t startup
00100058 t ClearMem
0010006c t ClrLoop
00100094 T _init
001000b0 00000004 t BootromMemoryRule::~BootromMemoryRule()
001000b0 00000004 t BootromMemoryRule::~BootromMemoryRule()
001000b4 00000090 t BootromMemoryRule::PerformRead(unsigned short)
00100144 000000cc t BootromMemoryRule::PerformWrite(unsigned short, unsigned char)
00100210 00000098 t BootromMemoryRule::Reset()
001002a8 0000001c t BootromMemoryRule::GetPage(int)
001002c4 00000014 t BootromMemoryRule::GetBank(int)
001002d8 000000a0 t CodemastersMemoryRule::PerformRead(unsigned short)
00100378 000000ec t CodemastersMemoryRule::PerformWrite(unsigned short, unsigned char)
00100464 00000014 t CodemastersMemoryRule::GetRamBanks()
00100478 00000058 t CodemastersMemoryRule::GetPage(int)
001004d0 00000014 t CodemastersMemoryRule::GetBank(int)
001004e4 00000004 t Eeprom93C46MemoryRule::~Eeprom93C46MemoryRule()
001004e4 00000004 t Eeprom93C46MemoryRule::~Eeprom93C46MemoryRule()
001004e8 000000f8 t Eeprom93C46MemoryRule::PerformRead(unsigned short)
00100500 N 
00100500 N 
00100500 N 
00100500 N 
00100500 N 
00100500 N 
00100500 N 
00100500 N 
00100500 N 
00100500 N 
00100500 N 
00100500 N 
00100500 N 
00100500 N 
00100500 N 
00100500 N 
00100500 N 
00100500 N 
00100500 N 
00100500 N 
00100500 N 
00100500 N 
00100500 N 
00100500 N 
00100500 N 
00100500 N 
00100500 N 
00100500 N 
00100500 N 
00100500 N 
00100500 N 
00100500 N 
00100500 N 
00100500 N 
00100500 N 
00100500 N 
00100500 N 
00100500 N 
00100500 N 
00100500 N 
00100500 N 
00100500 N 
00100500 W IratahackMemoryRule.cpp.a73ffb13
001005e0 00000008 t MSXMemoryRule::Has8kBanks()
001005e0 00000008 t JanggunMemoryRule::Has8kBanks()
001005e0 00000008 t IratahackMemoryRule::PersistedRAM()
001005e0 00000008 t KoreanBFFCMemoryRule::Has8kBanks()
001005e0 00000008 t KoreanFFFEMemoryRule::Has8kBanks()
001005e0 00000008 t Eeprom93C46MemoryRule::PersistedRAM()
001005e0 00000008 t KoreanMDFFF0MemoryRule::Has8kBanks()
001005e0 00000008 t KoreanMDFFF5MemoryRule::Has8kBanks()
001005e0 00000008 t KoreanFFF3FFFCMemoryRule::Has8kBanks()
001005e0 00000008 t Korean0000XORFFMemoryRule::Has8kBanks()
001005e0 00000008 t Korean2000XOR1FMemoryRule::Has8kBanks()
001005e0 00000008 t KoreanMSX8KB0300MemoryRule::Has8kBanks()
001005e0 00000008 t KoreanMSXSMS8000MemoryRule::Has8kBanks()
001005e8 00000008 t Eeprom93C46MemoryRule::GetRamSize()
001005f0 00000008 t Eeprom93C46MemoryRule::GetRamBanks()
001005f8 00000020 t Eeprom93C46MemoryRule::GetPage(int)
00100618 00000014 t Eeprom93C46MemoryRule::GetBank(int)
0010062c 0000028c T GameGearIOPorts::DoInput(unsigned char)
001008b8 00000004 t GameGearIOPorts::~GameGearIOPorts()
001008b8 00000004 t GameGearIOPorts::~GameGearIOPorts()
001008bc 00000020 t GameGearIOPorts::Reset()
001008dc 00000060 t C2D_DrawImageAt.constprop.0.isra.0
0010093c 0000001c t BootromMemoryRule::~BootromMemoryRule()
00100958 0000001c t Eeprom93C46MemoryRule::~Eeprom93C46MemoryRule()
00100974 0000001c t GameGearIOPorts::~GameGearIOPorts()
00100990 00000638 t chooseRom(std::__cxx11::basic_string<char, std::char_traits<char>, std::allocator<char> >&)::{lambda()#1}::operator()() const
00100fc8 000008b4 t chooseRom(std::__cxx11::basic_string<char, std::char_traits<char>, std::allocator<char> >&)
0010187c 000000a8 t updateTexture(C3D_Tex&)
00101924 00000058 t CodemastersMemoryRule::Reset()
0010197c 0000046c t Eeprom93C46MemoryRule::PerformWrite(unsigned short, unsigned char)
00101de8 00000070 t Eeprom93C46MemoryRule::Reset()
00101e58 00000034 t CodemastersMemoryRule::~CodemastersMemoryRule()
00101e58 00000034 t CodemastersMemoryRule::~CodemastersMemoryRule()
00101e8c 00000028 t CodemastersMemoryRule::~CodemastersMemoryRule()
00101eb4 00000030 t BootromMemoryRule::LoadState(std::istream&, int)
00101ee4 00000050 t CodemastersMemoryRule::LoadState(std::istream&, int)
00101f34 00000040 t Eeprom93C46MemoryRule::LoadState(std::istream&, int)
00101f74 00000030 t GameGearIOPorts::LoadState(std::istream&)
00101fa4 00000c20 t GearsystemCore::InitMemoryRules()
00102bc4 00000030 t BootromMemoryRule::SaveState(std::ostream&)
00102bf4 00000050 t CodemastersMemoryRule::SaveState(std::ostream&)
00102c44 00000070 t Eeprom93C46MemoryRule::SaveRam(std::ostream&)
00102cb4 00000040 t Eeprom93C46MemoryRule::SaveState(std::ostream&)
00102cf4 00000030 t GameGearIOPorts::SaveState(std::ostream&)
00102d24 000004d4 t GameGearIOPorts::DoOutput(unsigned char, unsigned char)
001031f8 00000a78 t GearsystemCore::~GearsystemCore() [clone .isra.0]
00103c70 00001030 t GearsystemCore::Reset()
00104ca0 00000094 T void std::__cxx11::basic_string<char, std::char_traits<char>, std::allocator<char> >::_M_construct<char const*>(char const*, char const*, std::forward_iterator_tag)
00104d34 000000a8 T void std::__cxx11::basic_string<char, std::char_traits<char>, std::allocator<char> >::_M_construct<true>(char const*, unsigned int)
00104ddc 00000048 T Log_func(char const*, ...)
00104e24 00000c88 t Cartridge::LoadFromBuffer(unsigned char const*, int, char const*) [clone .part.0] [clone .constprop.0]
00105aac 00002f20 t Cartridge::LoadFromZipFile(unsigned char const*, int)
001089cc 000000a0 t Eeprom93C46MemoryRule::LoadRam(std::istream&, long)
00108a6c 000001f0 t GearsystemCore::AddMemoryRules()
00108c5c 0000004c T Memory::Write(unsigned short, unsigned char)
00108ca8 000000d4 T Processor::StackPush(SixteenBitRegister*)
00108d7c 00000098 T IratahackMemoryRule::PerformRead(unsigned short)
00108e14 00000008 T IratahackMemoryRule::GetRamSize()
00108e1c 00000008 T IratahackMemoryRule::GetRamBanks()
00108e24 0000001c T IratahackMemoryRule::GetPage(int)
00108e40 00000030 T IratahackMemoryRule::GetBank(int)
00108e70 000000f4 T JanggunMemoryRule::PerformRead(unsigned short)
00108f64 0000018c T JanggunMemoryRule::PerformWrite(unsigned short, unsigned char)
001090f0 00000060 T JanggunMemoryRule::Reset()
00109150 0000005c T JanggunMemoryRule::GetPage(int)
001091ac 00000050 T JanggunMemoryRule::GetBank(int)
001091fc 00000048 T JumboDahjeeMemoryRule::PerformRead(unsigned short)
00109244 0000004c T JumboDahjeeMemoryRule::PerformWrite(unsigned short, unsigned char)
00109290 00000020 T JumboDahjeeMemoryRule::Reset()
001092b0 00000018 T JumboDahjeeMemoryRule::GetPage(int)
001092c8 00000010 T SG1000MemoryRule::GetBank(int)
001092c8 00000010 T RomOnlyMemoryRule::GetBank(int)
001092c8 00000010 T JumboDahjeeMemoryRule::GetBank(int)
001092d8 0000003c T Korean0000XORFFMemoryRule::PerformRead(unsigned short)
00109314 000000c8 T Korean0000XORFFMemoryRule::PerformWrite(unsigned short, unsigned char)
001093dc 00000064 T Korean0000XORFFMemoryRule::Reset()
00109440 00000018 T Korean0000XORFFMemoryRule::GetPage(int)
00109458 0000000c T Korean0000XORFFMemoryRule::GetBank(int)
00109464 0000003c T Korean2000XOR1FMemoryRule::PerformRead(unsigned short)
001094a0 000000a0 T Korean2000XOR1FMemoryRule::PerformWrite(unsigned short, unsigned char)
00109540 0000006c T Korean2000XOR1FMemoryRule::Reset()
001095ac 00000018 T Korean2000XOR1FMemoryRule::GetPage(int)
001095c4 0000000c T Korean2000XOR1FMemoryRule::GetBank(int)
001095d0 0000003c T KoreanBFFCMemoryRule::PerformRead(unsigned short)
0010960c 00000138 T KoreanBFFCMemoryRule::PerformWrite(unsigned short, unsigned char)
00109744 0000007c T KoreanBFFCMemoryRule::Reset()
001097c0 00000018 T KoreanBFFCMemoryRule::GetPage(int)
001097d8 0000000c T KoreanBFFCMemoryRule::GetBank(int)
001097e4 0000003c T KoreanFFF3FFFCMemoryRule::PerformRead(unsigned short)
00109820 00000234 T KoreanFFF3FFFCMemoryRule::PerformWrite(unsigned short, unsigned char)
00109a54 00000060 T KoreanFFF3FFFCMemoryRule::Reset()
00109ab4 00000018 T KoreanFFF3FFFCMemoryRule::GetPage(int)
00109acc 0000000c T KoreanFFF3FFFCMemoryRule::GetBank(int)
00109ad8 0000003c T KoreanFFFEMemoryRule::PerformRead(unsigned short)
00109b14 00000128 T KoreanFFFEMemoryRule::PerformWrite(unsigned short, unsigned char)
00109c3c 0000006c T KoreanFFFEMemoryRule::Reset()
00109ca8 00000018 T KoreanFFFEMemoryRule::GetPage(int)
00109cc0 0000000c T KoreanFFFEMemoryRule::GetBank(int)
00109ccc 0000003c T KoreanFFFFHiComMemoryRule::PerformRead(unsigned short)
00109d08 00000090 T KoreanFFFFHiComMemoryRule::PerformWrite(unsigned short, unsigned char)
00109d98 00000040 T KoreanFFFFHiComMemoryRule::Reset()
00109dd8 00000018 T KoreanFFFFHiComMemoryRule::GetPage(int)
00109df0 0000000c T KoreanFFFFHiComMemoryRule::GetBank(int)
00109dfc 0000003c T KoreanMDFFF0MemoryRule::PerformRead(unsigned short)
00109e38 000001d0 T KoreanMDFFF0MemoryRule::PerformWrite(unsigned short, unsigned char)
0010a008 00000074 T KoreanMDFFF0MemoryRule::Reset()
0010a07c 00000018 T KoreanMDFFF0MemoryRule::GetPage(int)
0010a094 0000000c T KoreanMDFFF0MemoryRule::GetBank(int)
0010a0a0 0000003c T KoreanMDFFF5MemoryRule::PerformRead(unsigned short)
0010a0dc 000001cc T KoreanMDFFF5MemoryRule::PerformWrite(unsigned short, unsigned char)
0010a2a8 00000068 T KoreanMDFFF5MemoryRule::Reset()
0010a310 00000018 T KoreanMDFFF5MemoryRule::GetPage(int)
0010a328 0000000c T KoreanMDFFF5MemoryRule::GetBank(int)
0010a334 0000003c T KoreanMSX32KB2000MemoryRule::PerformRead(unsigned short)
0010a370 00000080 T KoreanMSX32KB2000MemoryRule::PerformWrite(unsigned short, unsigned char)
0010a3f0 00000040 T KoreanMSX32KB2000MemoryRule::Reset()
0010a430 00000020 T KoreanMSX32KB2000MemoryRule::GetPage(int)
0010a450 00000014 T KoreanMSX32KB2000MemoryRule::GetBank(int)
0010a464 0000003c T KoreanMSX8KB0300MemoryRule::PerformRead(unsigned short)
0010a4a0 000000bc T KoreanMSX8KB0300MemoryRule::PerformWrite(unsigned short, unsigned char)
0010a55c 00000078 T KoreanMSX8KB0300MemoryRule::Reset()
0010a5d4 00000018 T KoreanMSX8KB0300MemoryRule::GetPage(int)
0010a5ec 0000000c T KoreanMSX8KB0300MemoryRule::GetBank(int)
0010a5f8 0000003c T KoreanMSXSMS8000MemoryRule::PerformRead(unsigned short)
0010a634 00000138 T KoreanMSXSMS8000MemoryRule::PerformWrite(unsigned short, unsigned char)
0010a76c 00000070 T KoreanMSXSMS8000MemoryRule::Reset()
0010a7dc 00000018 T KoreanMSXSMS8000MemoryRule::GetPage(int)
0010a7f4 0000000c T KoreanMSXSMS8000MemoryRule::GetBank(int)
0010a800 0000005c T KoreanMemoryRule::PerformRead(unsigned short)
0010a85c 00000054 T KoreanMemoryRule::PerformWrite(unsigned short, unsigned char)
0010a8b0 0000002c T KoreanMemoryRule::Reset()
0010a8dc 00000050 T KoreanMemoryRule::GetPage(int)
0010a92c 00000034 T KoreanMemoryRule::GetBank(int)
0010a960 0000003c T KoreanSMS32KB2000MemoryRule::PerformRead(unsigned short)
0010a99c 000000a0 T KoreanSMS32KB2000MemoryRule::PerformWrite(unsigned short, unsigned char)
0010aa3c 0000003c T KoreanSMS32KB2000MemoryRule::Reset()
0010aa78 00000020 T KoreanSMS32KB2000MemoryRule::GetPage(int)
0010aa98 00000014 T KoreanSMS32KB2000MemoryRule::GetBank(int)
0010aaac 00000108 T MSXMemoryRule::PerformRead(unsigned short)
0010abb4 00000060 T MSXMemoryRule::PerformWrite(unsigned short, unsigned char)
0010ac14 00000028 T MSXMemoryRule::Reset()
0010ac3c 00000090 T MSXMemoryRule::GetPage(int)
0010accc 00000050 T MSXMemoryRule::GetBank(int)
0010ad1c 00000004 T SG1000MemoryRule::Reset()
0010ad1c 00000004 T RomOnlyMemoryRule::Reset()
0010ad1c 00000004 T Memory::ResetDisassemblerRecords()
0010ad20 00000004 T MemoryRule::SaveRam(std::ostream&)
0010ad20 00000004 T MemoryRule::SaveState(std::ostream&)
0010ad24 00000008 T MemoryRule::LoadRam(std::istream&, long)
0010ad2c 00000008 T MemoryRule::SetRamChangedCallback(void (*)())
0010ad34 00000008 T MemoryRule::Has8kBanks()
0010ad34 00000008 T MemoryRule::PersistedRAM()
0010ad3c 00000008 T MemoryRule::GetRamSize()
0010ad44 00000008 T MemoryRule::GetRamBanks()
0010ad4c 00000008 T MemoryRule::GetRamBank()
0010ad54 00000008 T MemoryRule::GetPage(int)
0010ad5c 00000008 T MemoryRule::GetBank(int)
0010ad64 00000004 T MemoryRule::LoadState(std::istream&, int)
0010ad68 0000003c T Multi4PAKAllActionMemoryRule::PerformRead(unsigned short)
0010ada4 000000ec T Multi4PAKAllActionMemoryRule::PerformWrite(unsigned short, unsigned char)
0010ae90 00000040 T Multi4PAKAllActionMemoryRule::Reset()
0010aed0 00000020 T Multi4PAKAllActionMemoryRule::GetPage(int)
0010aef0 00000030 T Multi4PAKAllActionMemoryRule::GetBank(int)
0010af20 000002d4 T IratahackMemoryRule::PerformWrite(unsigned short, unsigned char)
0010b1f4 00000028 T IratahackMemoryRule::~IratahackMemoryRule()
0010b21c 0000001c T JanggunMemoryRule::~JanggunMemoryRule()
0010b238 00000028 T JumboDahjeeMemoryRule::~JumboDahjeeMemoryRule()
0010b260 0000001c T Korean0000XORFFMemoryRule::~Korean0000XORFFMemoryRule()
0010b27c 0000001c T Korean2000XOR1FMemoryRule::~Korean2000XOR1FMemoryRule()
0010b298 0000001c T KoreanBFFCMemoryRule::~KoreanBFFCMemoryRule()
0010b2b4 0000001c T KoreanFFF3FFFCMemoryRule::~KoreanFFF3FFFCMemoryRule()
0010b2d0 0000001c T KoreanFFFEMemoryRule::~KoreanFFFEMemoryRule()
0010b2ec 0000001c T KoreanFFFFHiComMemoryRule::~KoreanFFFFHiComMemoryRule()
0010b308 0000001c T KoreanMDFFF0MemoryRule::~KoreanMDFFF0MemoryRule()
0010b324 0000001c T KoreanMDFFF5MemoryRule::~KoreanMDFFF5MemoryRule()
0010b340 0000001c T KoreanMSX32KB2000MemoryRule::~KoreanMSX32KB2000MemoryRule()
0010b35c 0000001c T KoreanMSX8KB0300MemoryRule::~KoreanMSX8KB0300MemoryRule()
0010b378 0000001c T KoreanMSXSMS8000MemoryRule::~KoreanMSXSMS8000MemoryRule()
0010b394 0000001c T KoreanMemoryRule::~KoreanMemoryRule()
0010b3b0 0000001c T KoreanSMS32KB2000MemoryRule::~KoreanSMS32KB2000MemoryRule()
0010b3cc 0000001c T MSXMemoryRule::~MSXMemoryRule()
0010b3e8 0000001c T Multi4PAKAllActionMemoryRule::~Multi4PAKAllActionMemoryRule()
0010b404 00000084 T IratahackMemoryRule::Reset()
0010b488 00000044 T IratahackMemoryRule::SaveRam(std::ostream&)
0010b4cc 00000070 T IratahackMemoryRule::SaveState(std::ostream&)
0010b53c 00000078 T JanggunMemoryRule::SaveState(std::ostream&)
0010b5b4 00000014 T JumboDahjeeMemoryRule::SaveState(std::ostream&)
0010b5c8 00000030 T Korean0000XORFFMemoryRule::SaveState(std::ostream&)
0010b5f8 00000030 T KoreanBFFCMemoryRule::SaveState(std::ostream&)
0010b5f8 00000030 T KoreanFFFEMemoryRule::SaveState(std::ostream&)
0010b5f8 00000030 T Korean2000XOR1FMemoryRule::SaveState(std::ostream&)
0010b628 00000040 T KoreanFFF3FFFCMemoryRule::SaveState(std::ostream&)
0010b668 00000030 T KoreanFFFFHiComMemoryRule::SaveState(std::ostream&)
0010b698 00000040 T KoreanMDFFF0MemoryRule::SaveState(std::ostream&)
0010b6d8 00000040 T KoreanMDFFF5MemoryRule::SaveState(std::ostream&)
0010b718 00000030 T KoreanMSX32KB2000MemoryRule::SaveState(std::ostream&)
0010b718 00000030 T KoreanSMS32KB2000MemoryRule::SaveState(std::ostream&)
0010b718 00000030 T Multi4PAKAllActionMemoryRule::SaveState(std::ostream&)
0010b748 00000030 T KoreanMSX8KB0300MemoryRule::SaveState(std::ostream&)
0010b778 00000040 T KoreanMSXSMS8000MemoryRule::SaveState(std::ostream&)
0010b7b8 00000030 T KoreanMemoryRule::SaveState(std::ostream&)
0010b7e8 00000030 T MSXMemoryRule::SaveState(std::ostream&)
0010b818 00000070 T IratahackMemoryRule::LoadState(std::istream&, int)
0010b888 0000008c T JanggunMemoryRule::LoadState(std::istream&, int)
0010b914 0000001c T JumboDahjeeMemoryRule::LoadState(std::istream&, int)
0010b930 00000030 T Korean0000XORFFMemoryRule::LoadState(std::istream&, int)
0010b960 00000030 T KoreanBFFCMemoryRule::LoadState(std::istream&, int)
0010b960 00000030 T KoreanFFFEMemoryRule::LoadState(std::istream&, int)
0010b960 00000030 T Korean2000XOR1FMemoryRule::LoadState(std::istream&, int)
0010b990 00000040 T KoreanFFF3FFFCMemoryRule::LoadState(std::istream&, int)
0010b9d0 00000030 T KoreanFFFFHiComMemoryRule::LoadState(std::istream&, int)
0010ba00 00000040 T KoreanMDFFF0MemoryRule::LoadState(std::istream&, int)
0010ba40 00000040 T KoreanMDFFF5MemoryRule::LoadState(std::istream&, int)
0010ba80 00000030 T KoreanMSX32KB2000MemoryRule::LoadState(std::istream&, int)
0010ba80 00000030 T KoreanSMS32KB2000MemoryRule::LoadState(std::istream&, int)
0010ba80 00000030 T Multi4PAKAllActionMemoryRule::LoadState(std::istream&, int)
0010bab0 00000030 T KoreanMSX8KB0300MemoryRule::LoadState(std::istream&, int)
0010bae0 00000040 T KoreanMSXSMS8000MemoryRule::LoadState(std::istream&, int)
0010bb20 00000030 T KoreanMemoryRule::LoadState(std::istream&, int)
0010bb50 00000030 T MSXMemoryRule::LoadState(std::istream&, int)
0010bb80 0000007c T IratahackMemoryRule::LoadRam(std::istream&, long)
0010bbfc 000000e4 T Memory::Read(unsigned short)
0010bce0 00002964 t Processor::DispatchOpcode(unsigned char)
0010e644 00001788 t Processor::DispatchOpcodeCB(unsigned char)
0010fdcc 00000af0 t Processor::DispatchOpcodeED(unsigned char)
001108bc 00003a50 T GearsystemCore::RunToVBlank(unsigned char*, short*, int*, GearsystemCore::GS_Debug_Run*) [clone .part.0] [clone .constprop.0]
00110fdb N 
00110fdb N 
00110fdb N 
00110fdb N 
00110fdb N 
00110fdb N 
00110fdb N 
00110fdb N 
00110fdb N 
00110fdb N 
00110fdb N 
00110fdb N 
00110fdb N 
00110fdb N 
00110fdb N 
00110fdb N 
00110fdb N 
00110fdb N 
00110fdb N 
00110fdb N 
00110fdb N 
00110fdb N 
00110fdb N 
00110fdb N 
00110fdb N 
00110fdb N 
00110fdb N 
00110fdb N 
00110fdb N 
00110fdb N 
00110fdb N 
00110fdb N 
00110fdb W JanggunMemoryRule.cpp.984c45fa
0011430c 00000034 T IratahackMemoryRule::~IratahackMemoryRule()
0011430c 00000034 T IratahackMemoryRule::~IratahackMemoryRule()
00114340 00000004 T JanggunMemoryRule::~JanggunMemoryRule()
00114340 00000004 T JanggunMemoryRule::~JanggunMemoryRule()
00114344 00000034 T JumboDahjeeMemoryRule::~JumboDahjeeMemoryRule()
00114344 00000034 T JumboDahjeeMemoryRule::~JumboDahjeeMemoryRule()
00114378 00000004 T Korean0000XORFFMemoryRule::~Korean0000XORFFMemoryRule()
00114378 00000004 T Korean0000XORFFMemoryRule::~Korean0000XORFFMemoryRule()
0011437c 00000004 T Korean2000XOR1FMemoryRule::~Korean2000XOR1FMemoryRule()
0011437c 00000004 T Korean2000XOR1FMemoryRule::~Korean2000XOR1FMemoryRule()
00114380 00000004 T KoreanBFFCMemoryRule::~KoreanBFFCMemoryRule()
00114380 00000004 T KoreanBFFCMemoryRule::~KoreanBFFCMemoryRule()
00114384 00000004 T KoreanFFF3FFFCMemoryRule::~KoreanFFF3FFFCMemoryRule()
00114384 00000004 T KoreanFFF3FFFCMemoryRule::~KoreanFFF3FFFCMemoryRule()
00114388 00000004 T KoreanFFFEMemoryRule::~KoreanFFFEMemoryRule()
00114388 00000004 T KoreanFFFEMemoryRule::~KoreanFFFEMemoryRule()
0011438c 00000004 T KoreanFFFFHiComMemoryRule::~KoreanFFFFHiComMemoryRule()
0011438c 00000004 T KoreanFFFFHiComMemoryRule::~KoreanFFFFHiComMemoryRule()
00114390 00000004 T KoreanMDFFF0MemoryRule::~KoreanMDFFF0MemoryRule()
00114390 00000004 T KoreanMDFFF0MemoryRule::~KoreanMDFFF0MemoryRule()
00114394 00000004 T KoreanMDFFF5MemoryRule::~KoreanMDFFF5MemoryRule()
00114394 00000004 T KoreanMDFFF5MemoryRule::~KoreanMDFFF5MemoryRule()
00114398 00000004 T KoreanMSX32KB2000MemoryRule::~KoreanMSX32KB2000MemoryRule()
00114398 00000004 T KoreanMSX32KB2000MemoryRule::~KoreanMSX32KB2000MemoryRule()
0011439c 00000004 T KoreanMSX8KB0300MemoryRule::~KoreanMSX8KB0300MemoryRule()
0011439c 00000004 T KoreanMSX8KB0300MemoryRule::~KoreanMSX8KB0300MemoryRule()
001143a0 00000004 T KoreanMSXSMS8000MemoryRule::~KoreanMSXSMS8000MemoryRule()
001143a0 00000004 T KoreanMSXSMS8000MemoryRule::~KoreanMSXSMS8000MemoryRule()
001143a4 00000004 T KoreanMemoryRule::~KoreanMemoryRule()
001143a4 00000004 T KoreanMemoryRule::~KoreanMemoryRule()
001143a8 00000004 T KoreanSMS32KB2000MemoryRule::~KoreanSMS32KB2000MemoryRule()
001143a8 00000004 T KoreanSMS32KB2000MemoryRule::~KoreanSMS32KB2000MemoryRule()
001143ac 00000004 T MSXMemoryRule::~MSXMemoryRule()
001143ac 00000004 T MSXMemoryRule::~MSXMemoryRule()
001143b0 000002a0 T Memory::Reset(bool)
00114650 00000004 T Multi4PAKAllActionMemoryRule::~Multi4PAKAllActionMemoryRule()
00114650 00000004 T Multi4PAKAllActionMemoryRule::~Multi4PAKAllActionMemoryRule()
00114654 00000120 T Processor::Reset(bool)
00114778 00000010 T RomOnlyMemoryRule::PerformRead(unsigned short)
00114788 00000034 T RomOnlyMemoryRule::PerformWrite(unsigned short, unsigned char)
001147bc 00000018 T RomOnlyMemoryRule::GetPage(int)
001147d4 000000c0 T SG1000MemoryRule::PerformRead(unsigned short)
00114894 0000005c T SG1000MemoryRule::PerformWrite(unsigned short, unsigned char)
001148f0 00000018 T SG1000MemoryRule::GetPage(int)
00114908 00000094 T SegaMemoryRule::PerformRead(unsigned short)
0011499c 00000154 T SegaMemoryRule::PerformWrite(unsigned short, unsigned char)
00114af0 00000014 T SegaMemoryRule::PersistedRAM()
00114b04 00000014 T SegaMemoryRule::GetRamSize()
00114b18 00000014 T SegaMemoryRule::GetRamBanks()
00114b2c 00000014 T SegaMemoryRule::GetRamBank()
00114b40 0000005c T SegaMemoryRule::GetPage(int)
00114b9c 00000014 T SegaMemoryRule::GetBank(int)
00114bb0 000002cc T SmsIOPorts::DoInput(unsigned char)
00114e7c 0000000c T SmsIOPorts::Reset()
00114e88 0000001c T RomOnlyMemoryRule::~RomOnlyMemoryRule()
00114ea4 0000001c T SG1000MemoryRule::~SG1000MemoryRule()
00114ec0 0000001c T SmsIOPorts::~SmsIOPorts()
00114edc 00000028 T SegaMemoryRule::~SegaMemoryRule()
00114f04 00000074 T SegaMemoryRule::Reset()
00114f78 00000044 T SegaMemoryRule::SaveRam(std::ostream&)
00114fbc 00000070 T SegaMemoryRule::SaveState(std::ostream&)
0011502c 00000014 T SmsIOPorts::SaveState(std::ostream&)
00115040 00000070 T SegaMemoryRule::LoadState(std::istream&, int)
001150b0 00000014 T SmsIOPorts::LoadState(std::istream&)
001150c4 0000007c T SegaMemoryRule::LoadRam(std::istream&, long)
00115140 00000004 T RomOnlyMemoryRule::~RomOnlyMemoryRule()
00115140 00000004 T RomOnlyMemoryRule::~RomOnlyMemoryRule()
00115144 00000004 T SG1000MemoryRule::~SG1000MemoryRule()
00115144 00000004 T SG1000MemoryRule::~SG1000MemoryRule()
00115148 00000034 T SegaMemoryRule::~SegaMemoryRule()
00115148 00000034 T SegaMemoryRule::~SegaMemoryRule()
0011517c 00000004 T SmsIOPorts::~SmsIOPorts()
0011517c 00000004 T SmsIOPorts::~SmsIOPorts()
00115180 000000a4 T void std::vector<unsigned char, std::allocator<unsigned char> >::_M_realloc_append<unsigned char const&>(unsigned char const&) [clone .isra.0]
00115224 0000047c T VgmRecorder::WriteWait(int) [clone .part.0]
001156a0 000002e4 T VgmRecorder::Stop() [clone .part.0]
00115984 00000224 T Video::Reset(bool, bool, int, bool)
00115ba8 000000b4 T Video::InitPalettes(unsigned char const*, unsigned short*, unsigned short*, unsigned short*, unsigned short*) [clone .isra.0]
00115c5c 00000264 T Video::WriteControl(unsigned char) [clone .part.0]
00115ec0 00001384 T YM2413::Sync()
00117244 00000fdc T SmsIOPorts::DoOutput(unsigned char, unsigned char)
00118220 00000114 T YM2413::EndFrame(short*) [clone .part.0]
00118334 00000240 T Processor::FetchArg16()
00118574 00000208 T Processor::StackPop(SixteenBitRegister*)
0011877c 000001f0 T Processor::GetEffectiveAddress()
0011896c 000004bc T Processor::OPCodes_LD_dd_nn(SixteenBitRegister*)
00118e28 0000031c T Processor::OPCodes_LD_nn_dd(SixteenBitRegister*)
00119144 000002a4 T Processor::OPCodes_JP_nn_Conditional(bool)
001193e8 00000038 T Processor::OPCodes_OR(unsigned char)
00119420 0000005c T Processor::OPCodes_XOR(unsigned char)
0011947c 00000060 T Processor::OPCodes_AND(unsigned char)
001194dc 00000088 T Processor::OPCodes_CP(unsigned char)
00119564 000000a0 T Processor::OPCodes_INC(unsigned char*)
00119604 000000a4 T Processor::OPCodes_DEC(unsigned char*)
001196a8 00000058 T Processor::OPCodes_ADD(unsigned char)
00119700 00000064 T Processor::OPCodes_ADC(unsigned char)
00119764 00000080 T Processor::OPCodes_SUB(unsigned char)
001197e4 0000008c T Processor::OPCodes_SBC(unsigned char)
00119870 0000008c T Processor::OPCodes_ADD_HL(unsigned short)
001198fc 000002d8 T Processor::OPCodes_RLC(unsigned char*, bool) [clone .constprop.0]
00119bd4 000002cc T Processor::OPCodes_RL(unsigned char*, bool) [clone .constprop.0]
00119ea0 000002c4 T Processor::OPCodes_RRC(unsigned char*, bool) [clone .constprop.0]
0011a164 000002cc T Processor::OPCodes_RR(unsigned char*, bool) [clone .constprop.0]
0011a430 0000009c T Processor::OPCode0x29()
0011a4cc 000004a0 T Processor::OPCode0x36()
0011a96c 00000324 T Processor::OPCode0xC4()
0011ac90 00000324 T Processor::OPCode0xCC()
0011afb4 00000328 T Processor::OPCode0xD4()
0011b2dc 00000324 T Processor::OPCode0xE4()
0011b600 00000324 T Processor::OPCode0xEC()
0011b924 00000320 T Processor::OPCode0xF4()
0011bc44 00000320 T Processor::OPCode0xFC()
0011bf64 0000025c T Processor::OPCodes_SLL(unsigned char*)
0011c1c0 00000284 T Processor::OPCodes_SLA(unsigned char*)
0011c448 0000000c T miniz_def_realloc_func
0011c454 00000008 T miniz_def_alloc_func
0011c45c 00000008 T miniz_def_free_func
0011c464 0000005c T mz_zip_mem_read_func.lto_priv.0
0011c4c0 000002ec T Processor::OPCodes_SRA(unsigned char*)
0011c7ac 00000290 T Processor::OPCodes_SRL(unsigned char*)
0011ca3c 00000250 T Processor::OPCodes_BIT(unsigned char*, int)
0011cc8c 00000240 T Processor::OPCodes_BIT(unsigned char*, int) [clone .constprop.6]
0011cecc 00000240 T Processor::OPCodes_BIT(unsigned char*, int) [clone .constprop.5]
0011d10c 00000240 T Processor::OPCodes_BIT(unsigned char*, int) [clone .constprop.4]
0011d34c 00000240 T Processor::OPCodes_BIT(unsigned char*, int) [clone .constprop.3]
0011d58c 00000240 T Processor::OPCodes_BIT(unsigned char*, int) [clone .constprop.2]
0011d7cc 00000240 T Processor::OPCodes_BIT(unsigned char*, int) [clone .constprop.1]
0011da0c 00000240 T Processor::OPCodes_BIT(unsigned char*, int) [clone .constprop.0]
0011dc4c 00000318 T Processor::OPCodes_BIT_HL(int)
0011df64 000001f8 T Processor::OPCodes_SET(unsigned char*, int) [clone .constprop.7]
0011e15c 000001f4 T Processor::OPCodes_SET(unsigned char*, int) [clone .constprop.6]
0011e350 000001f4 T Processor::OPCodes_SET(unsigned char*, int) [clone .constprop.5]
0011e544 000001f4 T Processor::OPCodes_SET(unsigned char*, int) [clone .constprop.4]
0011e738 000001f4 T Processor::OPCodes_SET(unsigned char*, int) [clone .constprop.3]
0011e92c 000001f4 T Processor::OPCodes_SET(unsigned char*, int) [clone .constprop.2]
0011eb20 000001f4 T Processor::OPCodes_SET(unsigned char*, int) [clone .constprop.1]
0011ed14 000001f4 T Processor::OPCodes_SET(unsigned char*, int) [clone .constprop.0]
0011ef08 000001f0 T Processor::OPCodes_RES(unsigned char*, int) [clone .constprop.7]
0011f0f8 000001f0 T Processor::OPCodes_RES(unsigned char*, int) [clone .constprop.6]
0011f2e8 000001f0 T Processor::OPCodes_RES(unsigned char*, int) [clone .constprop.5]
0011f4d8 000001f0 T Processor::OPCodes_RES(unsigned char*, int) [clone .constprop.4]
0011f6c8 000001f0 T Processor::OPCodes_RES(unsigned char*, int) [clone .constprop.3]
0011f8b8 000001f0 T Processor::OPCodes_RES(unsigned char*, int) [clone .constprop.2]
0011faa8 000001f0 T Processor::OPCodes_RES(unsigned char*, int) [clone .constprop.1]
0011fc98 000001f0 T Processor::OPCodes_RES(unsigned char*, int) [clone .constprop.0]
0011fe88 00000434 T Processor::OPCodes_IN_C(unsigned char*)
001202bc 00000470 T Processor::OPCodes_INI()
0012072c 00000470 T Processor::OPCodes_IND()
00120b9c 00000218 T Processor::OPCodes_OUTI()
00120db4 00000218 T Processor::OPCodes_OUTD()
00120fcc 000000b4 T Processor::OPCodes_BlockIORepeat(unsigned char)
00121080 000001d8 T Processor::OPCodes_CPI()
00121258 000001d8 T Processor::OPCodes_CPD()
00121430 00000080 T Processor::OPCodes_ADC_HL(unsigned short)
001214b0 000000a0 T Processor::OPCodes_SBC_HL(unsigned short)
00121550 0000007c T Processor::OPCodeED0x4C()
00121550 0000007c T Processor::OPCodeED0x54()
00121550 0000007c T Processor::OPCodeED0x5C()
00121550 0000007c T Processor::OPCodeED0x64()
00121550 0000007c T Processor::OPCodeED0x6C()
00121550 0000007c T Processor::OPCodeED0x74()
00121550 0000007c T Processor::OPCodeED0x7C()
001215cc 00000260 T Processor::OPCodeED0x55()
001215cc 00000260 T Processor::OPCodeED0x5D()
001215cc 00000260 T Processor::OPCodeED0x65()
001215cc 00000260 T Processor::OPCodeED0x6D()
001215cc 00000260 T Processor::OPCodeED0x75()
001215cc 00000260 T Processor::OPCodeED0x7D()
0012182c 000001fc T Blip_Buffer::set_sample_rate(long, int) [clone .constprop.0]
00121a28 00000048 T Blip_Buffer::clock_rate_factor(long) const [clone .isra.0]
00121a70 000001d8 T Blip_Synth_::volume_unit(double) [clone .part.0]
00121c48 000004c8 t Blip_Synth_::treble_eq(blip_eq_t const&) [clone .constprop.0]
00122110 00000020 T Blip_Synth_::volume_unit(double) [clone .constprop.0]
00122130 00000130 T Blip_Synth<12, 1>::offset_resampled(unsigned long, int, Blip_Buffer*) const [clone .isra.0]
00122260 00000da0 T Sms_Apu::run_until(long) [clone .part.0]
00122989 N 
00122989 N 
00122989 N 
00122989 N 
00122989 N 
00122989 N 
00122989 N 
00122989 N 
00122989 N 
00122989 N 
00122989 N 
00122989 N 
00122989 N 
00122989 N 
00122989 N 
00122989 N 
00122989 N 
00122989 N 
00122989 N 
00122989 N 
00122989 N 
00122989 N 
00122989 N 
00122989 N 
00122989 N 
00122989 N 
00122989 N 
00122989 N 
00122989 N 
00122989 N 
00122989 N 
00122989 N 
00122989 W JumboDahjeeMemoryRule.cpp.e41a28f3
00123000 000005a0 T load_instrument.lto_priv.0
001235a0 00002a30 T update_instrument_zero.lto_priv.0
00125fd0 0000051c T YM2413ResetChip
001264ec 00000118 T mz_crc32.constprop.0
00126604 000001b0 T mz_zip_reader_end_internal.isra.0
001267b4 000003e0 T mz_zip_file_stat_internal.part.0.constprop.0
00126b94 t .udivsi3_skip_div0_test
00126b94 T __aeabi_uidiv
00126b94 000001ec T __udivsi3
00126d80 00000020 T __aeabi_uidivmod
00126da0 T __aeabi_idiv
00126da0 00000220 T __divsi3
00126da8 t .divsi3_skip_div0_test
00126fc0 00000020 T __aeabi_idivmod
00126fe0 00000004 W __aeabi_idiv0
00126fe0 00000004 W __aeabi_ldiv0
00126fe4 T __aeabi_drsub
00126fec 000002b0 T __aeabi_dsub
00126fec 000002b0 T __subdf3
00126ff0 000002ac T __adddf3
00126ff0 000002ac T __aeabi_dadd
0012729c 00000024 T __aeabi_ui2d
0012729c 00000024 T __floatunsidf
001272c0 00000028 T __aeabi_i2d
001272c0 00000028 T __floatsidf
001272e8 00000048 T __aeabi_f2d
001272e8 00000048 T __extendsfdf2
00127330 00000074 T __aeabi_ul2d
00127330 00000074 T __floatundidf
00127344 00000060 T __aeabi_l2d
00127344 00000060 T __floatdidf
001273a4 T __aeabi_ldivmod
00127478 T __aeabi_uldivmod
001274b4 00000014 T __restore_core_regs
001274b4 00000014 T restore_core_regs
001274c8 T __gnu_Unwind_Restore_VFP
001274d0 T __gnu_Unwind_Save_VFP
001274d8 T __gnu_Unwind_Restore_VFP_D
001274e0 T __gnu_Unwind_Save_VFP_D
001274e8 T __gnu_Unwind_Restore_VFP_D_16_to_31
001274f0 T __gnu_Unwind_Save_VFP_D_16_to_31
001274f8 T __gnu_Unwind_Restore_WMMXD
0012753c T __gnu_Unwind_Save_WMMXD
00127580 T __gnu_Unwind_Restore_WMMXC
00127594 T __gnu_Unwind_Save_WMMXC
001275a8 00000024 T _Unwind_RaiseException
001275a8 00000024 T ___Unwind_RaiseException
001275cc 00000024 T _Unwind_Resume
001275cc 00000024 T ___Unwind_Resume
001275f0 00000024 T _Unwind_Resume_or_Rethrow
001275f0 00000024 T ___Unwind_Resume_or_Rethrow
00127614 00000024 T _Unwind_ForcedUnwind
00127614 00000024 T ___Unwind_ForcedUnwind
00127638 00000024 T _Unwind_Backtrace
00127638 00000024 T ___Unwind_Backtrace
00127668 00000390 T strcmp
001279f0 t __do_global_dtors_aux
00127a40 t frame_dummy
00127a70 000033f4 T main
0012ae64 00000044 t C2Di_FrameEndHook
0012aea8 00000368 T C2D_Init
0012b210 0000004c T C2D_Fini
0012b25c 000000bc T C2D_Prepare
0012b318 00000048 T C2D_Flush
0012b360 000000fc T C2D_SceneSize
0012b45c 00000060 T C2D_CreateScreenTarget
0012b4bc 00000060 T C2D_TargetClear
0012b51c 0000014c T C2Di_CalcQuad
0012b668 00000054 T C2Di_AppendQuad
0012b6bc 00000738 T C2Di_Update
0012bdf4 000002e8 T C2D_DrawImage
0012c0dc 00000168 T C2D_DrawRectangle
0012c244 00000028 T AttrInfo_Init
0012c26c 00000094 T AttrInfo_AddLoader
0012c300 00000054 T C3D_SetAttrInfo
0012c354 00000080 T C3Di_AttrInfoBind
0012c3d4 00000004 W C3Di_LightEnvUpdate
0012c3d8 00000004 W C3Di_LightEnvDirty
0012c3dc 000000b4 t C3Di_AptEventHook
0012c490 00000004 W C3Di_GasUpdate
0012c494 000001d0 T C3D_Init
0012c664 00000098 T C3D_SetViewport
0012c6fc 000004e8 T C3Di_UpdateContext
0012cbe4 000000e0 T C3Di_SplitFrame
0012ccc4 00000044 T C3D_Fini
0012cd08 00000194 T C3D_BindProgram
0012ce9c 00000024 T BufInfo_Init
0012cec0 00000080 T BufInfo_Add
0012cf40 0000003c T C3D_SetBufInfo
0012cf7c 00000048 T C3Di_BufInfoBind
0012cfc4 0000021c T C3D_DrawElements
0012d1e0 00000040 T C3D_DepthMap
0012d220 0000001c T C3D_CullFace
0012d23c 00000040 T C3D_StencilTest
0012d27c 00000024 T C3D_StencilOp
0012d2a0 0000001c T C3D_BlendingColor
0012d2bc 00000024 T C3D_EarlyDepthTest
0012d2e0 0000002c T C3D_DepthTest
0012d30c 0000002c T C3D_AlphaTest
0012d338 00000050 T C3D_AlphaBlend
0012d388 00000030 T C3D_FragOpMode
0012d3b8 00000044 T C3D_FragOpShadow
0012d3fc 000001ac T C3Di_EffectBind
0012d5a8 0000001c T C3D_CalcColorBufSize
0012d5c4 0000001c T C3D_CalcDepthBufSize
0012d5e0 00000044 T C3D_SetFrameBuf
0012d624 0000016c T C3Di_FrameBufBind
0012d790 000000c8 T C3D_FrameBufClear
0012d858 00000044 T C3D_FrameBufTransfer
0012d89c 000000a8 T C3D_ImmSendAttrib
0012d944 00000070 T C3D_ProcTexInit
0012d9b4 00000054 T C3D_ProcTexBind
0012da08 0000005c T C3D_ProcTexLutBind
0012da64 000000a4 T ProcTexLut_FromArray
0012db08 00000178 T C3Di_ProcTexUpdate
0012dc80 00000068 T C3Di_ProcTexDirty
0012dce8 0000004c t onVBlank0
0012dd34 0000004c t onVBlank1
0012dd80 00000080 t C3Di_RenderTargetDestroy
0012de00 000000f4 t onQueueFinish
0012def4 00000038 T C3Di_RenderQueueEnableVBlank
0012df2c 00000030 T C3Di_RenderQueueDisableVBlank
0012df5c 00000060 T C3Di_RenderQueueInit
0012dfbc 000000b4 T C3Di_RenderQueueExit
0012e070 00000034 T C3Di_RenderQueueWaitDone
0012e0a4 000000e8 T C3D_FrameBegin
0012e18c 00000048 T C3D_FrameDrawOn
0012e1d4 00000058 T C3D_FrameSplit
0012e22c 000001d0 T C3D_FrameEnd
0012e3fc 0000001c T C3D_FrameEndHook
0012e418 00000170 T C3D_RenderTargetCreate
0012e588 000000f0 T C3D_RenderTargetDelete
0012e678 000000a8 T C3D_RenderTargetSetOutput
0012e720 000000fc T C3D_SyncTextureCopy
0012e81c 00000034 T C3D_GetTexEnv
0012e850 00000024 T C3Di_TexEnvBind
0012e874 00000290 T C3D_TexInitWithParams
0012eb04 000000c8 T C3D_TexLoadImage
0012ebcc 00000044 T C3D_TexBind
0012ec10 00000044 T C3D_TexFlush
0012ec54 00000074 T C3D_TexDelete
0012ecc8 0000014c T C3Di_SetTex
0012ee14 00000290 T C3D_UpdateUniforms
0012f0a4 000000c0 T C3Di_DirtyUniforms
0012f164 000000d8 T C3Di_LoadShaderUniforms
0012f23c 00000028 T C3Di_ClearShaderUniforms
0012f264 000000cc T Mtx_Ortho
0012f330 000000cc T Mtx_OrthoTilt
0012f3fc 00000024 t addrMapNodeComparator(rbtree_node const*, rbtree_node const*)
0012f420 00000004 t addrMapNodeDestructor(rbtree_node*)
0012f424 0000012c T linearMemAlign
0012f550 00000008 T linearAlloc
0012f558 0000005c T linearFree
0012f5b4 00000088 T MemPool::CoalesceRight(MemBlock*)
0012f63c 00000178 T MemPool::Allocate(MemChunk&, unsigned long, int)
0012f7b4 00000118 T MemPool::Deallocate(MemChunk const&)
0012f8cc 00000030 T MemPool::GetFreeSpace()
0012f8fc 00000024 t addrMapNodeComparator(rbtree_node const*, rbtree_node const*)
0012f920 00000004 t addrMapNodeDestructor(rbtree_node*)
0012f924 00000248 T vramMemAlignAt
0012fb6c 0000000c T vramAlloc
0012fb78 0000000c T vramAllocAt
0012fb84 00000094 T vramFree
0012fc18 000001c8 T consoleDrawChar
0012fde0 00000170 T consolePrintChar
0012ff50 000000fc t newRow
0013004c 000000b8 T consoleClear
00130104 000000cc t gfxPresentFramebuffer
001301d0 00000010 T gfxSet3D
001301e0 0000001c T gfxIsWide
001301fc 000000f8 T gfxSetScreenFormat
001302f4 000000d8 T gfxInit
001303cc 00000010 T gfxInitDefault
001303dc 000000b8 T gfxExit
00130494 000000a0 T gfxGetFramebuffer
00130534 00000100 T gfxFlushBuffers
00130634 00000028 T gfxScreenSwapBuffers
0013065c 00000074 T osConvertVirtToPhys
001306d0 00000054 T osGetTimeRef
00130724 000000ec T osGetTime
00130810 00000034 T __ctru_speedup_config
00130844 00000038 T osSetSpeedupEnable
0013087c 00000008 t romfs_close
00130884 000000ac t romfs_seek
00130930 00000024 t romfs_dirreset
00130954 000000c0 t fill_dir
00130a14 000002ac t romfs_dirnext
00130cc0 00000074 t romfs_free
00130d34 000000d0 t searchForFile.constprop.0
00130e04 000000d4 t searchForDir.constprop.0
00130ed8 000001c0 t navigateToDir.constprop.0
00131098 00000114 t romfs_open
001311ac 0000004c t romfs_chdir
001311f8 00000068 t romfs_diropen
00131260 00000178 t romfs_stat
001313d8 00000008 t romfs_dirclose
001313e0 0000007c t romfs_fstat
0013145c 000000d0 t romfs_read
0013152c 00000294 T romfsMountFromFile
001317c0 00000098 T romfsMountFromCurrentProcess
00131858 00000258 T romfsMountSelf
00131ab0 000000a0 T romfsUnmount
00131b50 0000013c T GPUCMD_Add
00131c8c 000000b0 T GPUCMD_Split
00131d3c 00000034 T f32tof16
00131d70 00000034 T f32tof24
00131da4 00000038 T f32tof31
00131ddc 00000010 T GX_BindQueue
00131dec 0000007c T GX_ProcessCommandList
00131e68 00000074 T GX_MemoryFill
00131edc 00000074 T GX_DisplayTransfer
00131f50 00000078 T GX_TextureCopy
00131fc8 00000064 t gxCmdQueueDoCommands.part.0
0013202c 000000e4 T gxCmdQueueInterrupt
00132110 00000068 T gxCmdQueueClear
00132178 00000108 T gxCmdQueueAdd
00132280 00000080 T gxCmdQueueRun
00132300 00000064 T gxCmdQueueStop
00132364 000000ac T gxCmdQueueWait
00132410 000001e0 T shaderInstanceInit
001325f0 00000018 T shaderInstanceGetUniformLocation
00132608 0000001c T shaderProgramInit
00132624 00000074 T shaderProgramFree
00132698 00000094 T shaderProgramSetVsh
0013272c 000008d0 T shaderProgramConfigure
00132ffc 000001dc t DVLE_GenerateOutmap.part.0
00132ffd N 
00132ffd N 
00132ffd N 
00132ffd N 
00132ffd N 
00132ffd N 
00132ffd N 
00132ffd N 
00132ffd N 
00132ffd N 
00132ffd N 
00132ffd N 
00132ffd N 
00132ffd N 
00132ffd N 
00132ffd N 
00132ffd N 
00132ffd N 
00132ffd N 
00132ffd N 
00132ffd N 
00132ffd N 
00132ffd N 
00132ffd N 
00132ffd N 
00132ffd N 
00132ffd N 
00132ffd N 
00132ffd N 
00132ffd N 
00132ffd N 
00132ffd N 
00132ffd W Korean0000XORFFMemoryRule.cpp.a3d49b1f
001331d8 000001ac T DVLB_ParseFile
00133384 00000050 T DVLB_Free
001333d4 00000074 T DVLE_GetUniformRegister
00133448 00000158 t ndspUpdateMaster
001335a0 00000108 t ndspFinalize
001336a8 0000025c t ndspInitialize.part.0
00133904 00000108 t ndspHookCallback
00133a10 00000318 t ndspThreadMain
00133d28 000003f0 T ndspInit
00134118 000000d8 T ndspExit
001341f0 000000e0 T ndspChnReset
001342d0 00000018 T ndspChnSetFormat
001342e8 00000050 T ndspChnSetInterp
00134338 00000060 T ndspChnSetRate
00134398 00000080 T ndspChnSetMix
00134418 000000c8 T ndspChnWaveBufAdd
001344e0 00000040 T ndspiInitChn
00134520 0000002c T ndspiDirtyChn
0013454c 0000043c T ndspiUpdateChn
00134988 00000180 T ndspiReadChnState
00134b08 00000180 t aptConvertScreenForCapture
00134c88 00000138 T aptSendCommand
00134dc0 00000044 t aptExitProcess
00134e04 00000394 T aptExit
00135198 000000d8 T aptHandleSleep
00135270 00000034 T aptHook
001352a4 00000030 T aptUnhook
001352d4 00000084 T APT_SleepIfShellClosed
00135358 00000078 T aptSetSleepAllowed
001353d0 00000084 T APT_UnlockTransition
00135458 00000470 t aptEventHandler
001358c8 000000bc T APT_ReceiveParameter
00135984 000000b0 t aptReceiveParameter.constprop.0
00135a38 00000294 t aptScreenTransfer
00135ccc 000002d0 t aptWaitForWakeUp.isra.0
00135f9c 000000f4 T aptJumpToHomeMenu
00136090 00000058 T aptMainLoop
001360e8 00000240 T aptInit
00136328 0000002c T APT_SetAppCpuTimeLimit
00136354 00000090 T APT_CheckNew3DS
001363e4 000000a8 T cfguInit
0013648c 0000003c T cfguExit
001364c8 0000004c T CFGU_GetConfigInfoBlk2
00136514 000000a4 t DSP_LoadComponent.part.0
001365b8 000000fc T dspInit
001366b4 0000008c T dspExit
00136740 00000024 T dspHook
00136764 00000030 T dspUnhook
00136794 000000b4 T aptDspSleep
00136848 000000b4 T aptDspWakeup
001368fc 00000044 T aptDspCancel
00136940 00000050 T DSP_FlushDataCache
00136990 00000034 T DSP_SetSemaphore
001369c4 00000034 T DSP_SetSemaphoreMask
001369f8 00000038 T DSP_GetSemaphoreHandle
00136a30 0000003c T DSP_LoadComponent
00136a6c 00000044 T DSP_RegisterInterruptEvents
00136ab0 00000078 T DSP_ReadPipeIfPossible
00136b28 0000004c T DSP_WriteProcessPipe
00136b74 00000044 T DSP_ConvertProcessAddressFromDspDram
00136bb8 00000044 T DSP_RecvData
00136bfc 00000050 T DSP_RecvDataIsReady
00136c4c 00000104 T fsInit
00136d50 0000003c T fsExit
00136d8c 00000068 T fsExemptFromSession
00136df4 00000050 T fsUnexemptFromSession
00136e44 000000cc T FSUSER_OpenFile
00136f10 000000cc T FSUSER_OpenFileDirectly
00136fdc 000000b8 T FSUSER_DeleteFile
00137094 000000f4 T FSUSER_RenameFile
00137188 000000b8 T FSUSER_DeleteDirectory
00137240 000000d0 T FSUSER_CreateFile
00137310 000000c0 T FSUSER_CreateDirectory
001373d0 000000f4 T FSUSER_RenameDirectory
001374c4 000000b4 T FSUSER_OpenDirectory
00137578 00000090 T FSUSER_OpenArchive
00137608 0000008c T FSUSER_CloseArchive
00137694 00000074 T FSUSER_GetSdmcArchiveResource
00137708 00000064 T FSUSER_IsSdmcWritable
0013776c 00000064 T FSFILE_Read
001377d0 0000006c T FSFILE_Write
0013783c 00000044 T FSFILE_GetSize
00137880 00000028 T FSFILE_SetSize
001378a8 0000003c T FSFILE_Close
001378e4 00000024 T FSFILE_Flush
00137908 00000060 T FSDIR_Read
00137968 0000003c T FSDIR_Close
001379a4 00000c70 t gspHardwareInit
00138614 00000288 T gspInit
0013889c 00000104 T gspExit
001389a0 00000010 T gspHasGpuRight
001389b0 000000a4 T gspPresentBuffer
00138a54 00000030 T gspSetEventCallback
00138a84 00000050 T gspWaitForEvent
00138ad4 0000004c T gspWaitForAnyEvent
00138b20 00000154 t gspEventThreadMain
00138c74 0000012c T gspSubmitGxCommand
00138da0 00000050 T GSPGPU_FlushDataCache
00138df0 00000034 T GSPGPU_SetLcdForceBlack
00138e24 00000084 T GSPGPU_AcquireRight
00138ea8 00000064 T GSPGPU_ReleaseRight
00138f0c 0000007c T GSPGPU_ImportDisplayCaptureInfo
00138f88 0000002c T GSPGPU_SaveVramSysArea
00138fb4 0000002c T GSPGPU_RestoreVramSysArea
00138fe0 00000024 W hidShouldUseIrrst
00139004 000001cc T hidInit
001391d0 000000e8 T hidExit
001392b8 000002a0 T hidScanInput
00139558 00000010 T hidKeysHeld
00139568 00000010 T hidKeysDown
00139578 00000018 T hidTouchRead
00139590 000001a4 T irrstInit
00139734 000000dc T irrstExit
00139810 000000b4 T irrstScanInput
001398c4 00000024 T irrstKeysHeld
001398e8 00000078 T ptmSysmInit
00139960 0000003c T ptmSysmExit
0013999c 00000034 T PTMSYSM_ConfigureNew3DSCPU
001399d0 00000074 T rbtree_find
00139a44 00000010 T rbtree_init
00139a54 00000198 t do_insert
00139bec 00000008 T rbtree_insert
00139bf4 00000310 T rbtree_remove
00139f04 00000090 T rbtree_rotate
00139f94 000000e8 T utf16_to_utf8
0013a07c 000000c0 T utf8_to_utf16
0013a140 000001e8 W __system_allocateHeaps
0013a328 00000038 W __libctru_init
0013a360 0000016c W __system_initArgv
0013a4cc 00000030 T __syscall_getreent
0013a4fc 00000064 T __syscall_gettod_r
0013a560 00000004 T __syscall_lock_acquire
0013a564 00000004 T __syscall_lock_release
0013a568 00000004 T __syscall_lock_acquire_recursive
0013a56c 00000004 T __syscall_lock_release_recursive
0013a570 00000004 T __syscall_exit
0013a574 00000014 T __syscall_cond_broadcast
0013a588 00000014 T __syscall_cond_wait
0013a59c 00000044 T __syscall_cond_wait_recursive
0013a5e0 00000054 T initThreadVars
0013a634 00000080 T __system_initSyscalls
0013a6b4 T svcControlMemory
0013a6d4 T svcQueryMemory
0013a704 T svcExitProcess
0013a70c T svcCreateThread
0013a72c T svcExitThread
0013a734 T svcSleepThread
0013a73c T svcReleaseMutex
0013a744 T svcCreateEvent
0013a758 T svcSignalEvent
0013a760 T svcClearEvent
0013a768 T svcMapMemoryBlock
0013a770 T svcUnmapMemoryBlock
0013a778 T svcCreateAddressArbiter
0013a78c T svcArbitrateAddress
0013a7a4 T svcArbitrateAddressNoTimeout
0013a7ac T svcCloseHandle
0013a7b4 T svcWaitSynchronization
0013a7bc T svcWaitSynchronizationN
0013a7e4 T svcDuplicateHandle
0013a7f8 T svcGetSystemTick
0013a800 T svcConnectToPort
0013a814 T svcSendSyncRequest
0013a81c T svcGetResourceLimit
0013a830 T svcGetResourceLimitLimitValues
0013a838 T svcGetResourceLimitCurrentValues
0013a840 T svcBreak
0013a848 T __aeabi_read_tp
0013a854 W initSystem
0013a8a4 W __ctru_exit
0013a8b8 0000008c W envGetHandle
0013a944 00000050 W envDestroyHandles
0013a994 00000164 T srvInit
0013aaf8 00000064 T srvExit
0013ab5c 00000060 T srvEnableNotification
0013abbc 000000a0 T srvGetServiceHandleDirect
0013ac5c 00000048 T srvGetServiceHandle
0013aca4 00000034 T srvSubscribe
0013acd8 00000060 T srvReceiveNotification
0013ad38 00000038 T srvPublishToSubscriber
0013ad70 0000000c T __sync_init
0013ad7c 00000018 T __sync_fini
0013ad94 00000028 T syncArbitrateAddress
0013adbc 0000001c T LightLock_Init
0013add8 000000ac T LightLock_Lock
0013ae84 00000040 T LightLock_Unlock
0013aec4 00000054 T RecursiveLock_Lock
0013af18 00000054 T RecursiveLock_Unlock
0013af6c 000000ec T CondVar_WaitTimeout
0013b058 00000124 T CondVar_WakeUp
0013b17c 00000044 T LightEvent_Init
0013b1c0 000000b8 T LightEvent_Clear
0013b278 000000dc T LightEvent_Signal
0013b354 00000050 T LightEvent_TryWait
0013b3a4 000000ac T LightEvent_Wait
0013b450 000001fc T threadCreate
0013b64c 00000038 T threadFree
0013b684 00000024 T threadJoin
0013b6a8 00000030 T threadGetCurrent
0013b6d8 00000040 T threadExit
0013b718 00000020 t _thread_begin
0013b738 00000090 t mappableFindAddressWithin
0013b7c8 00000028 T mappableInit
0013b7f0 0000007c T mappableAlloc
0013b86c 00000004 T mappableFree
0013b870 0000000c T srvPmGetSessionHandle
0013b87c 00000060 T rbtree_node_next
0013b8dc 00000054 T decode_utf16
0013b930 00000140 T decode_utf8
0013ba70 00000054 T encode_utf16
0013bac4 000000e0 T encode_utf8
0013bba4 00000030 W __appExit
0013bbd4 00000030 W __appInit
0013bc04 00000090 W __libctru_exit
0013bc94 00000024 t error_cmp
0013bcb8 00000050 t archive_translate_error
0013bd08 000000c0 t archive_seek
0013bdc8 00000078 t _archiveInit.part.0
0013be40 00000110 t archiveFindDevice.part.0
0013bf50 00000298 t archive_utf16path
0013c1e8 00000098 t _archiveUnmountDeviceStruct.part.0
0013c280 00000178 t _archiveMountDevice
0013c3f8 000000f8 t archive_diropen
0013c4f0 000000ac t archive_fstat
0013c59c 00000074 t archive_fsync
0013c610 00000074 t archive_close
0013c684 00000078 t archive_dirclose
0013c6fc 000000ec t sdmc_statvfs
0013c7e8 000000f8 t archive_chdir
0013c8e0 0000008c t archive_ftruncate
0013c96c 000000bc t archive_read
0013ca28 000000a8 t archive_unlink
0013cad0 000000c0 t archive_rmdir
0013cb90 000000d8 t archive_mkdir
0013cc68 000001a0 t archive_stat
0013ce08 00000164 t archive_dirnext
0013cf6c 0000013c t archive_write
0013d0a8 00000254 t archive_open
0013d2fc 00000270 t archive_rename
0013d56c 000001c8 T archiveMountSdmc
0013d734 00000054 T archiveUnmountAll
0013d788 00000004 T operator delete(void*)
0013d78c 00000004 T operator delete[](void*)
0013d790 0000005c T operator new(unsigned int)
0013d7ec 00000004 T operator new[](unsigned int)
0013d7f0 0000000c W __gnu_cxx::__concurrence_lock_error::what() const
0013d7fc 0000000c W __gnu_cxx::__concurrence_unlock_error::what() const
0013d808 00000004 T std::locale::facet::~facet()
0013d808 00000004 T std::locale::facet::~facet()
0013d80c 0000001c T std::locale::facet::~facet()
0013d828 00000020 W __gnu_cxx::__concurrence_lock_error::~__concurrence_lock_error()
0013d828 00000020 W __gnu_cxx::__concurrence_lock_error::~__concurrence_lock_error()
0013d848 00000028 W __gnu_cxx::__concurrence_lock_error::~__concurrence_lock_error()
0013d870 00000020 W __gnu_cxx::__concurrence_unlock_error::~__concurrence_unlock_error()
0013d870 00000020 W __gnu_cxx::__concurrence_unlock_error::~__concurrence_unlock_error()
0013d890 00000028 W __gnu_cxx::__concurrence_unlock_error::~__concurrence_unlock_error()
0013d8b8 00000020 T std::locale::facet::_S_initialize_once()
0013d8d8 0000002c W __gnu_cxx::__throw_concurrence_unlock_error()
0013d904 0000003c T std::locale::locale(std::locale const&)
0013d904 0000003c T std::locale::locale(std::locale const&)
0013d940 00000008 T std::locale::locale(std::locale::_Impl*)
0013d940 00000008 T std::locale::locale(std::locale::_Impl*)
0013d948 0000004c T std::locale::facet::_S_get_c_locale()
0013d994 0000000c T std::locale::facet::_S_get_c_name()
0013d9a0 000001dc T std::locale::_Impl::~_Impl()
0013d9a0 000001dc T std::locale::_Impl::~_Impl()
0013db7c 000000b0 T std::locale::operator=(std::locale const&)
0013dc2c 00000078 T std::locale::~locale()
0013dc2c 00000078 T std::locale::~locale()
0013dca4 000005ac T std::locale::_Impl::_M_install_facet(std::locale::id const*, std::locale::facet const*)
0013e250 00000388 T std::locale::_Impl::_M_install_cache(std::locale::facet const*, unsigned int)
0013e5d8 00000064 T std::locale::id::_M_id() const
0013e63c 00000010 T std::__basic_file<char>::__basic_file(pthread_mutex_t*)
0013e63c 00000010 T std::__basic_file<char>::__basic_file(pthread_mutex_t*)
0013e64c 00000044 T std::__basic_file<char>::~__basic_file()
0013e64c 00000044 T std::__basic_file<char>::~__basic_file()
0013e690 00000078 T std::__basic_file<char>::open(char const*, std::_Ios_Openmode, int)
0013e708 00000010 T std::__basic_file<char>::is_open() const
0013e718 00000058 T std::__basic_file<char>::close()
0013e770 00000060 T std::__basic_file<char>::xsgetn(char*, int)
0013e7d0 00000074 T std::__basic_file<char>::xsputn(char const*, int)
0013e844 000000d8 T std::__basic_file<char>::xsputn_2(char const*, int, char const*, int)
0013e91c 00000048 T std::__basic_file<char>::seekoff(long long, std::_Ios_Seekdir)
0013e964 00000094 T std::__basic_file<char>::showmanyc()
0013e9f8 00000034 t std::__facet_shims::(anonymous namespace)::collate_shim<char>::do_compare(char const*, char const*, char const*, char const*) const
0013ea2c 00000060 t std::__facet_shims::(anonymous namespace)::time_get_shim<char>::do_get_year(std::istreambuf_iterator<char, std::char_traits<char> >, std::istreambuf_iterator<char, std::char_traits<char> >, std::ios_base&, std::_Ios_Iostate&, tm*) const
0013ea8c 00000060 t std::__facet_shims::(anonymous namespace)::time_get_shim<char>::do_get_monthname(std::istreambuf_iterator<char, std::char_traits<char> >, std::istreambuf_iterator<char, std::char_traits<char> >, std::ios_base&, std::_Ios_Iostate&, tm*) const
0013eaec 00000060 t std::__facet_shims::(anonymous namespace)::time_get_shim<char>::do_get_weekday(std::istreambuf_iterator<char, std::char_traits<char> >, std::istreambuf_iterator<char, std::char_traits<char> >, std::ios_base&, std::_Ios_Iostate&, tm*) const
0013eb4c 00000060 t std::__facet_shims::(anonymous namespace)::time_get_shim<char>::do_get_date(std::istreambuf_iterator<char, std::char_traits<char> >, std::istreambuf_iterator<char, std::char_traits<char> >, std::ios_base&, std::_Ios_Iostate&, tm*) const
0013ebac 00000060 t std::__facet_shims::(anonymous namespace)::time_get_shim<char>::do_get_time(std::istreambuf_iterator<char, std::char_traits<char> >, std::istreambuf_iterator<char, std::char_traits<char> >, std::ios_base&, std::_Ios_Iostate&, tm*) const
0013ec0c 0000000c t std::__facet_shims::(anonymous namespace)::time_get_shim<char>::do_date_order() const
0013ec18 00000098 t std::__facet_shims::(anonymous namespace)::money_get_shim<char>::do_get(std::istreambuf_iterator<char, std::char_traits<char> >, std::istreambuf_iterator<char, std::char_traits<char> >, bool, std::ios_base&, std::_Ios_Iostate&, long double&) const
0013ecb0 00000054 t std::__facet_shims::(anonymous namespace)::money_put_shim<char>::do_put(std::ostreambuf_iterator<char, std::char_traits<char> >, bool, std::ios_base&, char, long double) const
0013ed04 00000010 t std::__facet_shims::(anonymous namespace)::messages_shim<char>::do_close(int) const
0013ed14 00000030 t std::__facet_shims::(anonymous namespace)::messages_shim<char>::do_open(std::string const&, std::locale const&) const
0013ed44 00000034 t std::__facet_shims::(anonymous namespace)::collate_shim<wchar_t>::do_compare(wchar_t const*, wchar_t const*, wchar_t const*, wchar_t const*) const
0013ed78 00000060 t std::__facet_shims::(anonymous namespace)::time_get_shim<wchar_t>::do_get_year(std::istreambuf_iterator<wchar_t, std::char_traits<wchar_t> >, std::istreambuf_iterator<wchar_t, std::char_traits<wchar_t> >, std::ios_base&, std::_Ios_Iostate&, tm*) const
0013edd8 00000060 t std::__facet_shims::(anonymous namespace)::time_get_shim<wchar_t>::do_get_monthname(std::istreambuf_iterator<wchar_t, std::char_traits<wchar_t> >, std::istreambuf_iterator<wchar_t, std::char_traits<wchar_t> >, std::ios_base&, std::_Ios_Iostate&, tm*) const
0013ee38 00000060 t std::__facet_shims::(anonymous namespace)::time_get_shim<wchar_t>::do_get_weekday(std::istreambuf_iterator<wchar_t, std::char_traits<wchar_t> >, std::istreambuf_iterator<wchar_t, std::char_traits<wchar_t> >, std::ios_base&, std::_Ios_Iostate&, tm*) const
0013ee98 00000060 t std::__facet_shims::(anonymous namespace)::time_get_shim<wchar_t>::do_get_date(std::istreambuf_iterator<wchar_t, std::char_traits<wchar_t> >, std::istreambuf_iterator<wchar_t, std::char_traits<wchar_t> >, std::ios_base&, std::_Ios_Iostate&, tm*) const
0013eef8 00000060 t std::__facet_shims::(anonymous namespace)::time_get_shim<wchar_t>::do_get_time(std::istreambuf_iterator<wchar_t, std::char_traits<wchar_t> >, std::istreambuf_iterator<wchar_t, std::char_traits<wchar_t> >, std::ios_base&, std::_Ios_Iostate&, tm*) const
0013ef58 0000000c t std::__facet_shims::(anonymous namespace)::time_get_shim<wchar_t>::do_date_order() const
0013ef64 00000098 t std::__facet_shims::(anonymous namespace)::money_get_shim<wchar_t>::do_get(std::istreambuf_iterator<wchar_t, std::char_traits<wchar_t> >, std::istreambuf_iterator<wchar_t, std::char_traits<wchar_t> >, bool, std::ios_base&, std::_Ios_Iostate&, long double&) const
0013effc 00000054 t std::__facet_shims::(anonymous namespace)::money_put_shim<wchar_t>::do_put(std::ostreambuf_iterator<wchar_t, std::char_traits<wchar_t> >, bool, std::ios_base&, wchar_t, long double) const
0013f050 00000010 t std::__facet_shims::(anonymous namespace)::messages_shim<wchar_t>::do_close(int) const
0013f060 00000030 t std::__facet_shims::(anonymous namespace)::messages_shim<wchar_t>::do_open(std::string const&, std::locale const&) const
0013f090 000000c0 t wchar_t* std::basic_string<wchar_t, std::char_traits<wchar_t>, std::allocator<wchar_t> >::_S_construct<wchar_t const*>(wchar_t const*, wchar_t const*, std::allocator<wchar_t> const&, std::forward_iterator_tag) [clone .isra.0]
0013f150 000000b8 t char* std::string::_S_construct<char const*>(char const*, char const*, std::allocator<char> const&, std::forward_iterator_tag) [clone .isra.0]
0013f208 00000058 t std::basic_string<wchar_t, std::char_traits<wchar_t>, std::allocator<wchar_t> >::~basic_string() [clone .isra.0]
0013f260 00000058 t std::basic_string<char, std::char_traits<char>, std::allocator<char> >::~basic_string() [clone .isra.0]
0013f2b8 00000090 t std::__facet_shims::(anonymous namespace)::collate_shim<wchar_t>::do_transform(wchar_t const*, wchar_t const*) const
0013f348 000000ac t std::__facet_shims::(anonymous namespace)::messages_shim<wchar_t>::do_get(int, int, int, std::basic_string<wchar_t, std::char_traits<wchar_t>, std::allocator<wchar_t> > const&) const
0013f3f8 00000118 t std::__facet_shims::(anonymous namespace)::money_put_shim<wchar_t>::do_put(std::ostreambuf_iterator<wchar_t, std::char_traits<wchar_t> >, bool, std::ios_base&, wchar_t, std::basic_string<wchar_t, std::char_traits<wchar_t>, std::allocator<wchar_t> > const&) const
0013f510 00000118 t std::__facet_shims::(anonymous namespace)::money_put_shim<char>::do_put(std::ostreambuf_iterator<char, std::char_traits<char> >, bool, std::ios_base&, char, std::string const&) const
0013f628 00000090 t std::__facet_shims::(anonymous namespace)::collate_shim<char>::do_transform(char const*, char const*) const
0013f6b8 000000ac t std::__facet_shims::(anonymous namespace)::messages_shim<char>::do_get(int, int, int, std::string const&) const
0013f764 00000058 t void std::__facet_shims::(anonymous namespace)::__destroy_string<wchar_t>(void*)
0013f7bc 00000058 t void std::__facet_shims::(anonymous namespace)::__destroy_string<char>(void*)
0013f814 0000005c t std::__facet_shims::(anonymous namespace)::messages_shim<char>::~messages_shim()
0013f814 0000005c t std::__facet_shims::(anonymous namespace)::messages_shim<char>::~messages_shim()
0013f870 0000005c t std::__facet_shims::(anonymous namespace)::messages_shim<wchar_t>::~messages_shim()
0013f870 0000005c t std::__facet_shims::(anonymous namespace)::messages_shim<wchar_t>::~messages_shim()
0013f8cc 00000068 t std::__facet_shims::(anonymous namespace)::money_get_shim<char>::~money_get_shim()
0013f8cc 00000068 t std::__facet_shims::(anonymous namespace)::money_get_shim<char>::~money_get_shim()
0013f934 00000068 t std::__facet_shims::(anonymous namespace)::money_put_shim<char>::~money_put_shim()
0013f934 00000068 t std::__facet_shims::(anonymous namespace)::money_put_shim<char>::~money_put_shim()
0013f99c 00000068 t std::__facet_shims::(anonymous namespace)::money_get_shim<wchar_t>::~money_get_shim()
0013f99c 00000068 t std::__facet_shims::(anonymous namespace)::money_get_shim<wchar_t>::~money_get_shim()
0013fa04 00000068 t std::__facet_shims::(anonymous namespace)::money_put_shim<wchar_t>::~money_put_shim()
0013fa04 00000068 t std::__facet_shims::(anonymous namespace)::money_put_shim<wchar_t>::~money_put_shim()
0013fa6c 00000068 t std::__facet_shims::(anonymous namespace)::time_get_shim<char>::~time_get_shim()
0013fa6c 00000068 t std::__facet_shims::(anonymous namespace)::time_get_shim<char>::~time_get_shim()
0013fad4 00000068 t std::__facet_shims::(anonymous namespace)::time_get_shim<wchar_t>::~time_get_shim()
0013fad4 00000068 t std::__facet_shims::(anonymous namespace)::time_get_shim<wchar_t>::~time_get_shim()
0013fb3c 00000064 t std::__facet_shims::(anonymous namespace)::messages_shim<char>::~messages_shim()
0013fba0 00000064 t std::__facet_shims::(anonymous namespace)::messages_shim<wchar_t>::~messages_shim()
0013fc04 00000068 t std::__facet_shims::(anonymous namespace)::numpunct_shim<char>::~numpunct_shim()
0013fc04 00000068 t std::__facet_shims::(anonymous namespace)::numpunct_shim<char>::~numpunct_shim()
0013fc6c 00000068 t std::__facet_shims::(anonymous namespace)::numpunct_shim<wchar_t>::~numpunct_shim()
0013fc6c 00000068 t std::__facet_shims::(anonymous namespace)::numpunct_shim<wchar_t>::~numpunct_shim()
0013fcd4 00000070 t std::__facet_shims::(anonymous namespace)::money_get_shim<char>::~money_get_shim()
0013fd44 00000070 t std::__facet_shims::(anonymous namespace)::money_put_shim<char>::~money_put_shim()
0013fdb4 00000070 t std::__facet_shims::(anonymous namespace)::money_get_shim<wchar_t>::~money_get_shim()
0013fe24 00000070 t std::__facet_shims::(anonymous namespace)::money_put_shim<wchar_t>::~money_put_shim()
0013fe94 00000070 t std::__facet_shims::(anonymous namespace)::time_get_shim<char>::~time_get_shim()
0013ff04 00000070 t std::__facet_shims::(anonymous namespace)::time_get_shim<wchar_t>::~time_get_shim()
0013ff74 00000070 t std::__facet_shims::(anonymous namespace)::collate_shim<char>::~collate_shim()
0013ff74 00000070 t std::__facet_shims::(anonymous namespace)::collate_shim<char>::~collate_shim()
0013ffe4 00000070 t std::__facet_shims::(anonymous namespace)::collate_shim<wchar_t>::~collate_shim()
0013ffe4 00000070 t std::__facet_shims::(anonymous namespace)::collate_shim<wchar_t>::~collate_shim()
00140054 00000070 t std::__facet_shims::(anonymous namespace)::numpunct_shim<char>::~numpunct_shim()
001400c4 00000070 t std::__facet_shims::(anonymous namespace)::numpunct_shim<wchar_t>::~numpunct_shim()
00140134 00000078 t std::__facet_shims::(anonymous namespace)::collate_shim<char>::~collate_shim()
001401ac 00000078 t std::__facet_shims::(anonymous namespace)::collate_shim<wchar_t>::~collate_shim()
00140224 00000074 t std::__facet_shims::(anonymous namespace)::moneypunct_shim<char, true>::~moneypunct_shim()
00140224 00000074 t std::__facet_shims::(anonymous namespace)::moneypunct_shim<char, true>::~moneypunct_shim()
00140298 00000074 t std::__facet_shims::(anonymous namespace)::moneypunct_shim<char, false>::~moneypunct_shim()
00140298 00000074 t std::__facet_shims::(anonymous namespace)::moneypunct_shim<char, false>::~moneypunct_shim()
0014030c 00000074 t std::__facet_shims::(anonymous namespace)::moneypunct_shim<wchar_t, true>::~moneypunct_shim()
0014030c 00000074 t std::__facet_shims::(anonymous namespace)::moneypunct_shim<wchar_t, true>::~moneypunct_shim()
00140380 00000074 t std::__facet_shims::(anonymous namespace)::moneypunct_shim<wchar_t, false>::~moneypunct_shim()
00140380 00000074 t std::__facet_shims::(anonymous namespace)::moneypunct_shim<wchar_t, false>::~moneypunct_shim()
001403f4 0000007c t std::__facet_shims::(anonymous namespace)::moneypunct_shim<char, true>::~moneypunct_shim()
00140470 0000007c t std::__facet_shims::(anonymous namespace)::moneypunct_shim<char, false>::~moneypunct_shim()
001404ec 0000007c t std::__facet_shims::(anonymous namespace)::moneypunct_shim<wchar_t, true>::~moneypunct_shim()
00140568 0000007c t std::__facet_shims::(anonymous namespace)::moneypunct_shim<wchar_t, false>::~moneypunct_shim()
001405e4 00000148 t std::__facet_shims::(anonymous namespace)::money_get_shim<wchar_t>::do_get(std::istreambuf_iterator<wchar_t, std::char_traits<wchar_t> >, std::istreambuf_iterator<wchar_t, std::char_traits<wchar_t> >, bool, std::ios_base&, std::_Ios_Iostate&, std::basic_string<wchar_t, std::char_traits<wchar_t>, std::allocator<wchar_t> >&) const
0014072c 00000148 t std::__facet_shims::(anonymous namespace)::money_get_shim<char>::do_get(std::istreambuf_iterator<char, std::char_traits<char> >, std::istreambuf_iterator<char, std::char_traits<char> >, bool, std::ios_base&, std::_Ios_Iostate&, std::string&) const
00140874 00000034 W std::locale::facet::_M_remove_reference() const
001408a8 0000022c W void std::__facet_shims::__numpunct_fill_cache<char>(std::integral_constant<bool, false>, std::locale::facet const*, std::__numpunct_cache<char>*)
00140ad4 00000258 W void std::__facet_shims::__numpunct_fill_cache<wchar_t>(std::integral_constant<bool, false>, std::locale::facet const*, std::__numpunct_cache<wchar_t>*)
00140d2c 00000060 W int std::__facet_shims::__collate_compare<char>(std::integral_constant<bool, false>, std::locale::facet const*, char const*, char const*, char const*, char const*)
00140d8c 00000060 W int std::__facet_shims::__collate_compare<wchar_t>(std::integral_constant<bool, false>, std::locale::facet const*, wchar_t const*, wchar_t const*, wchar_t const*, wchar_t const*)
00140dec 00000194 W void std::__facet_shims::__collate_transform<char>(std::integral_constant<bool, false>, std::locale::facet const*, std::__facet_shims::__any_string&, char const*, char const*)
00140f80 00000194 W void std::__facet_shims::__collate_transform<wchar_t>(std::integral_constant<bool, false>, std::locale::facet const*, std::__facet_shims::__any_string&, wchar_t const*, wchar_t const*)
00141114 00000314 W void std::__facet_shims::__moneypunct_fill_cache<char, true>(std::integral_constant<bool, false>, std::locale::facet const*, std::__moneypunct_cache<char, true>*)
00141428 00000314 W void std::__facet_shims::__moneypunct_fill_cache<char, false>(std::integral_constant<bool, false>, std::locale::facet const*, std::__moneypunct_cache<char, false>*)
0014173c 00000350 W void std::__facet_shims::__moneypunct_fill_cache<wchar_t, true>(std::integral_constant<bool, false>, std::locale::facet const*, std::__moneypunct_cache<wchar_t, true>*)
00141a8c 00000350 W void std::__facet_shims::__moneypunct_fill_cache<wchar_t, false>(std::integral_constant<bool, false>, std::locale::facet const*, std::__moneypunct_cache<wchar_t, false>*)
00141ddc 000000d0 W int std::__facet_shims::__messages_open<char>(std::integral_constant<bool, false>, std::locale::facet const*, char const*, unsigned int, std::locale const&)
00141eac 000000d0 W int std::__facet_shims::__messages_open<wchar_t>(std::integral_constant<bool, false>, std::locale::facet const*, char const*, unsigned int, std::locale const&)
00141f7c 00000230 W void std::__facet_shims::__messages_get<char>(std::integral_constant<bool, false>, std::locale::facet const*, std::__facet_shims::__any_string&, int, int, int, char const*, unsigned int)
001421ac 00000230 W void std::__facet_shims::__messages_get<wchar_t>(std::integral_constant<bool, false>, std::locale::facet const*, std::__facet_shims::__any_string&, int, int, int, wchar_t const*, unsigned int)
001423dc 00000044 W void std::__facet_shims::__messages_close<char>(std::integral_constant<bool, false>, std::locale::facet const*, int)
00142420 00000044 W void std::__facet_shims::__messages_close<wchar_t>(std::integral_constant<bool, false>, std::locale::facet const*, int)
00142464 0000002c W std::time_base::dateorder std::__facet_shims::__time_get_dateorder<char>(std::integral_constant<bool, false>, std::locale::facet const*)
00142490 0000002c W std::time_base::dateorder std::__facet_shims::__time_get_dateorder<wchar_t>(std::integral_constant<bool, false>, std::locale::facet const*)
001424bc 0000023c W std::istreambuf_iterator<char, std::char_traits<char> > std::__facet_shims::__time_get<char>(std::integral_constant<bool, false>, std::locale::facet const*, std::istreambuf_iterator<char, std::char_traits<char> >, std::istreambuf_iterator<char, std::char_traits<char> >, std::ios_base&, std::_Ios_Iostate&, tm*, char)
001426f8 0000023c W std::istreambuf_iterator<wchar_t, std::char_traits<wchar_t> > std::__facet_shims::__time_get<wchar_t>(std::integral_constant<bool, false>, std::locale::facet const*, std::istreambuf_iterator<wchar_t, std::char_traits<wchar_t> >, std::istreambuf_iterator<wchar_t, std::char_traits<wchar_t> >, std::ios_base&, std::_Ios_Iostate&, tm*, char)
00142934 000003c4 W std::istreambuf_iterator<char, std::char_traits<char> > std::__facet_shims::__money_get<char>(std::integral_constant<bool, false>, std::locale::facet const*, std::istreambuf_iterator<char, std::char_traits<char> >, std::istreambuf_iterator<char, std::char_traits<char> >, bool, std::ios_base&, std::_Ios_Iostate&, long double*, std::__facet_shims::__any_string*)
00142cf8 000003c4 W std::istreambuf_iterator<wchar_t, std::char_traits<wchar_t> > std::__facet_shims::__money_get<wchar_t>(std::integral_constant<bool, false>, std::locale::facet const*, std::istreambuf_iterator<wchar_t, std::char_traits<wchar_t> >, std::istreambuf_iterator<wchar_t, std::char_traits<wchar_t> >, bool, std::ios_base&, std::_Ios_Iostate&, long double*, std::__facet_shims::__any_string*)
001430c0 00000264 W std::ostreambuf_iterator<char, std::char_traits<char> > std::__facet_shims::__money_put<char>(std::integral_constant<bool, false>, std::locale::facet const*, std::ostreambuf_iterator<char, std::char_traits<char> >, bool, std::ios_base&, char, long double, std::__facet_shims::__any_string const*)
00143328 00000274 W std::ostreambuf_iterator<wchar_t, std::char_traits<wchar_t> > std::__facet_shims::__money_put<wchar_t>(std::integral_constant<bool, false>, std::locale::facet const*, std::ostreambuf_iterator<wchar_t, std::char_traits<wchar_t> >, bool, std::ios_base&, wchar_t, long double, std::__facet_shims::__any_string const*)
0014359c 00000a0c T std::locale::facet::_M_cow_shim(std::locale::id const*) const
00143709 N 
00143709 N 
00143709 N 
00143709 N 
00143709 N 
00143709 N 
00143709 N 
00143709 N 
00143709 N 
00143709 N 
00143709 N 
00143709 N 
00143709 N 
00143709 N 
00143709 N 
00143709 N 
00143709 N 
00143709 N 
00143709 N 
00143709 N 
00143709 N 
00143709 N 
00143709 N 
00143709 N 
00143709 N 
00143709 N 
00143709 N 
00143709 N 
00143709 N 
00143709 N 
00143709 N 
00143709 N 
00143709 W Korean2000XOR1FMemoryRule.cpp.b5fea5b0
00143fa8 00000088 W std::string::copy(char*, unsigned int, unsigned int) const
00144030 00000034 W std::string::swap(std::string&)
00144064 0000005c W std::string::find_first_not_of(char, unsigned int) const
001440c0 00000088 W std::string::_Rep::_S_create(unsigned int, unsigned int, std::allocator<char> const&)
00144148 00000084 W std::string::_S_construct(unsigned int, char, std::allocator<char> const&)
001441cc 00000004 W std::string::_Rep::_M_destroy(std::allocator<char> const&)
001441d0 000001a8 W std::string::_M_mutate(unsigned int, unsigned int, unsigned int)
00144378 00000048 W std::string::_M_leak_hard()
001443c0 0000001c W std::string::_M_leak()
001443dc 0000006c W std::string::_M_replace_aux(unsigned int, unsigned int, unsigned int, char)
00144448 0000005c W std::string::_M_replace_safe(unsigned int, unsigned int, char const*, unsigned int)
001444a4 000000f4 W std::string::assign(char const*, unsigned int)
00144598 00000090 W std::string::_Rep::_M_clone(std::allocator<char> const&, unsigned int)
00144628 000000b4 W std::string::reserve(unsigned int)
001446dc 000000c8 W std::string::append(std::string const&)
001447a4 0000012c W std::string::append(char const*, unsigned int)
001448d0 000000d4 W std::string::append(unsigned int, char)
001449a4 00000048 W std::string::resize(unsigned int, char)
001449ec 00000080 W std::string::push_back(char)
00144a6c 00000088 W std::basic_string<wchar_t, std::char_traits<wchar_t>, std::allocator<wchar_t> >::copy(wchar_t*, unsigned int, unsigned int) const
00144af4 00000034 W std::basic_string<wchar_t, std::char_traits<wchar_t>, std::allocator<wchar_t> >::swap(std::basic_string<wchar_t, std::char_traits<wchar_t>, std::allocator<wchar_t> >&)
00144b28 000000a0 W std::basic_string<wchar_t, std::char_traits<wchar_t>, std::allocator<wchar_t> >::_Rep::_S_create(unsigned int, unsigned int, std::allocator<wchar_t> const&)
00144bc8 00000090 W std::basic_string<wchar_t, std::char_traits<wchar_t>, std::allocator<wchar_t> >::_S_construct(unsigned int, wchar_t, std::allocator<wchar_t> const&)
00144c58 00000004 W std::basic_string<wchar_t, std::char_traits<wchar_t>, std::allocator<wchar_t> >::_Rep::_M_destroy(std::allocator<wchar_t> const&)
00144c5c 000001b8 W std::basic_string<wchar_t, std::char_traits<wchar_t>, std::allocator<wchar_t> >::_M_mutate(unsigned int, unsigned int, unsigned int)
00144e14 00000048 W std::basic_string<wchar_t, std::char_traits<wchar_t>, std::allocator<wchar_t> >::_M_leak_hard()
00144e5c 00000074 W std::basic_string<wchar_t, std::char_traits<wchar_t>, std::allocator<wchar_t> >::_M_replace_aux(unsigned int, unsigned int, unsigned int, wchar_t)
00144ed0 0000005c W std::basic_string<wchar_t, std::char_traits<wchar_t>, std::allocator<wchar_t> >::_M_replace_safe(unsigned int, unsigned int, wchar_t const*, unsigned int)
00144f2c 000000f4 W std::basic_string<wchar_t, std::char_traits<wchar_t>, std::allocator<wchar_t> >::assign(wchar_t const*, unsigned int)
00145020 00000090 W std::basic_string<wchar_t, std::char_traits<wchar_t>, std::allocator<wchar_t> >::_Rep::_M_clone(std::allocator<wchar_t> const&, unsigned int)
001450b0 000000b4 W std::basic_string<wchar_t, std::char_traits<wchar_t>, std::allocator<wchar_t> >::reserve(unsigned int)
00145164 000000c8 W std::basic_string<wchar_t, std::char_traits<wchar_t>, std::allocator<wchar_t> >::append(std::basic_string<wchar_t, std::char_traits<wchar_t>, std::allocator<wchar_t> > const&)
0014522c 0000011c W std::basic_string<wchar_t, std::char_traits<wchar_t>, std::allocator<wchar_t> >::append(wchar_t const*, unsigned int)
00145348 000000d4 W std::basic_string<wchar_t, std::char_traits<wchar_t>, std::allocator<wchar_t> >::append(unsigned int, wchar_t)
0014541c 00000048 W std::basic_string<wchar_t, std::char_traits<wchar_t>, std::allocator<wchar_t> >::resize(unsigned int, wchar_t)
00145464 00000074 W std::basic_string<wchar_t, std::char_traits<wchar_t>, std::allocator<wchar_t> >::push_back(wchar_t)
001454d8 00000034 t std::__facet_shims::(anonymous namespace)::collate_shim<char>::do_compare(char const*, char const*, char const*, char const*) const
0014550c 00000060 t std::__facet_shims::(anonymous namespace)::time_get_shim<char>::do_get_year(std::istreambuf_iterator<char, std::char_traits<char> >, std::istreambuf_iterator<char, std::char_traits<char> >, std::ios_base&, std::_Ios_Iostate&, tm*) const
0014556c 00000060 t std::__facet_shims::(anonymous namespace)::time_get_shim<char>::do_get_monthname(std::istreambuf_iterator<char, std::char_traits<char> >, std::istreambuf_iterator<char, std::char_traits<char> >, std::ios_base&, std::_Ios_Iostate&, tm*) const
001455cc 00000060 t std::__facet_shims::(anonymous namespace)::time_get_shim<char>::do_get_weekday(std::istreambuf_iterator<char, std::char_traits<char> >, std::istreambuf_iterator<char, std::char_traits<char> >, std::ios_base&, std::_Ios_Iostate&, tm*) const
0014562c 00000060 t std::__facet_shims::(anonymous namespace)::time_get_shim<char>::do_get_date(std::istreambuf_iterator<char, std::char_traits<char> >, std::istreambuf_iterator<char, std::char_traits<char> >, std::ios_base&, std::_Ios_Iostate&, tm*) const
0014568c 00000060 t std::__facet_shims::(anonymous namespace)::time_get_shim<char>::do_get_time(std::istreambuf_iterator<char, std::char_traits<char> >, std::istreambuf_iterator<char, std::char_traits<char> >, std::ios_base&, std::_Ios_Iostate&, tm*) const
001456ec 0000000c t std::__facet_shims::(anonymous namespace)::time_get_shim<char>::do_date_order() const
001456f8 00000098 t std::__facet_shims::(anonymous namespace)::money_get_shim<char>::do_get(std::istreambuf_iterator<char, std::char_traits<char> >, std::istreambuf_iterator<char, std::char_traits<char> >, bool, std::ios_base&, std::_Ios_Iostate&, long double&) const
00145790 00000054 t std::__facet_shims::(anonymous namespace)::money_put_shim<char>::do_put(std::ostreambuf_iterator<char, std::char_traits<char> >, bool, std::ios_base&, char, long double) const
001457e4 00000010 t std::__facet_shims::(anonymous namespace)::messages_shim<char>::do_close(int) const
001457f4 0000002c t std::__facet_shims::(anonymous namespace)::messages_shim<char>::do_open(std::__cxx11::basic_string<char, std::char_traits<char>, std::allocator<char> > const&, std::locale const&) const
00145820 00000034 t std::__facet_shims::(anonymous namespace)::collate_shim<wchar_t>::do_compare(wchar_t const*, wchar_t const*, wchar_t const*, wchar_t const*) const
00145854 00000060 t std::__facet_shims::(anonymous namespace)::time_get_shim<wchar_t>::do_get_year(std::istreambuf_iterator<wchar_t, std::char_traits<wchar_t> >, std::istreambuf_iterator<wchar_t, std::char_traits<wchar_t> >, std::ios_base&, std::_Ios_Iostate&, tm*) const
001458b4 00000060 t std::__facet_shims::(anonymous namespace)::time_get_shim<wchar_t>::do_get_monthname(std::istreambuf_iterator<wchar_t, std::char_traits<wchar_t> >, std::istreambuf_iterator<wchar_t, std::char_traits<wchar_t> >, std::ios_base&, std::_Ios_Iostate&, tm*) const
00145914 00000060 t std::__facet_shims::(anonymous namespace)::time_get_shim<wchar_t>::do_get_weekday(std::istreambuf_iterator<wchar_t, std::char_traits<wchar_t> >, std::istreambuf_iterator<wchar_t, std::char_traits<wchar_t> >, std::ios_base&, std::_Ios_Iostate&, tm*) const
00145974 00000060 t std::__facet_shims::(anonymous namespace)::time_get_shim<wchar_t>::do_get_date(std::istreambuf_iterator<wchar_t, std::char_traits<wchar_t> >, std::istreambuf_iterator<wchar_t, std::char_traits<wchar_t> >, std::ios_base&, std::_Ios_Iostate&, tm*) const
001459d4 00000060 t std::__facet_shims::(anonymous namespace)::time_get_shim<wchar_t>::do_get_time(std::istreambuf_iterator<wchar_t, std::char_traits<wchar_t> >, std::istreambuf_iterator<wchar_t, std::char_traits<wchar_t> >, std::ios_base&, std::_Ios_Iostate&, tm*) const
00145a34 0000000c t std::__facet_shims::(anonymous namespace)::time_get_shim<wchar_t>::do_date_order() const
00145a40 00000098 t std::__facet_shims::(anonymous namespace)::money_get_shim<wchar_t>::do_get(std::istreambuf_iterator<wchar_t, std::char_traits<wchar_t> >, std::istreambuf_iterator<wchar_t, std::char_traits<wchar_t> >, bool, std::ios_base&, std::_Ios_Iostate&, long double&) const
00145ad8 00000054 t std::__facet_shims::(anonymous namespace)::money_put_shim<wchar_t>::do_put(std::ostreambuf_iterator<wchar_t, std::char_traits<wchar_t> >, bool, std::ios_base&, wchar_t, long double) const
00145b2c 00000010 t std::__facet_shims::(anonymous namespace)::messages_shim<wchar_t>::do_close(int) const
00145b3c 0000002c t std::__facet_shims::(anonymous namespace)::messages_shim<wchar_t>::do_open(std::__cxx11::basic_string<char, std::char_traits<char>, std::allocator<char> > const&, std::locale const&) const
00145b68 00000094 t void std::__cxx11::basic_string<char, std::char_traits<char>, std::allocator<char> >::_M_construct<char const*>(char const*, char const*, std::forward_iterator_tag) [clone .isra.0]
00145bfc 00000098 t void std::__cxx11::basic_string<wchar_t, std::char_traits<wchar_t>, std::allocator<wchar_t> >::_M_construct<wchar_t const*>(wchar_t const*, wchar_t const*, std::forward_iterator_tag) [clone .isra.0]
00145c94 000000bc t std::__facet_shims::(anonymous namespace)::collate_shim<wchar_t>::do_transform(wchar_t const*, wchar_t const*) const
00145d50 000000d4 t std::__facet_shims::(anonymous namespace)::messages_shim<wchar_t>::do_get(int, int, int, std::__cxx11::basic_string<wchar_t, std::char_traits<wchar_t>, std::allocator<wchar_t> > const&) const
00145e28 000000bc t std::__facet_shims::(anonymous namespace)::money_put_shim<char>::do_put(std::ostreambuf_iterator<char, std::char_traits<char> >, bool, std::ios_base&, char, std::__cxx11::basic_string<char, std::char_traits<char>, std::allocator<char> > const&) const
00145ee8 000000bc t std::__facet_shims::(anonymous namespace)::money_put_shim<wchar_t>::do_put(std::ostreambuf_iterator<wchar_t, std::char_traits<wchar_t> >, bool, std::ios_base&, wchar_t, std::__cxx11::basic_string<wchar_t, std::char_traits<wchar_t>, std::allocator<wchar_t> > const&) const
00145fa4 000000bc t std::__facet_shims::(anonymous namespace)::collate_shim<char>::do_transform(char const*, char const*) const
00146060 000000d4 t std::__facet_shims::(anonymous namespace)::messages_shim<char>::do_get(int, int, int, std::__cxx11::basic_string<char, std::char_traits<char>, std::allocator<char> > const&) const
00146134 00000014 t void std::__facet_shims::(anonymous namespace)::__destroy_string<wchar_t>(void*)
00146148 00000014 t void std::__facet_shims::(anonymous namespace)::__destroy_string<char>(void*)
0014615c 0000005c t std::__facet_shims::(anonymous namespace)::messages_shim<char>::~messages_shim()
0014615c 0000005c t std::__facet_shims::(anonymous namespace)::messages_shim<char>::~messages_shim()
001461b8 0000005c t std::__facet_shims::(anonymous namespace)::messages_shim<wchar_t>::~messages_shim()
001461b8 0000005c t std::__facet_shims::(anonymous namespace)::messages_shim<wchar_t>::~messages_shim()
00146214 00000068 t std::__facet_shims::(anonymous namespace)::money_get_shim<char>::~money_get_shim()
00146214 00000068 t std::__facet_shims::(anonymous namespace)::money_get_shim<char>::~money_get_shim()
0014627c 00000068 t std::__facet_shims::(anonymous namespace)::money_put_shim<char>::~money_put_shim()
0014627c 00000068 t std::__facet_shims::(anonymous namespace)::money_put_shim<char>::~money_put_shim()
001462e4 00000068 t std::__facet_shims::(anonymous namespace)::money_get_shim<wchar_t>::~money_get_shim()
001462e4 00000068 t std::__facet_shims::(anonymous namespace)::money_get_shim<wchar_t>::~money_get_shim()
0014634c 00000068 t std::__facet_shims::(anonymous namespace)::money_put_shim<wchar_t>::~money_put_shim()
0014634c 00000068 t std::__facet_shims::(anonymous namespace)::money_put_shim<wchar_t>::~money_put_shim()
001463b4 00000068 t std::__facet_shims::(anonymous namespace)::time_get_shim<char>::~time_get_shim()
001463b4 00000068 t std::__facet_shims::(anonymous namespace)::time_get_shim<char>::~time_get_shim()
0014641c 00000068 t std::__facet_shims::(anonymous namespace)::time_get_shim<wchar_t>::~time_get_shim()
0014641c 00000068 t std::__facet_shims::(anonymous namespace)::time_get_shim<wchar_t>::~time_get_shim()
00146484 00000064 t std::__facet_shims::(anonymous namespace)::messages_shim<char>::~messages_shim()
001464e8 00000064 t std::__facet_shims::(anonymous namespace)::messages_shim<wchar_t>::~messages_shim()
0014654c 00000068 t std::__facet_shims::(anonymous namespace)::numpunct_shim<char>::~numpunct_shim()
0014654c 00000068 t std::__facet_shims::(anonymous namespace)::numpunct_shim<char>::~numpunct_shim()
001465b4 00000068 t std::__facet_shims::(anonymous namespace)::numpunct_shim<wchar_t>::~numpunct_shim()
001465b4 00000068 t std::__facet_shims::(anonymous namespace)::numpunct_shim<wchar_t>::~numpunct_shim()
0014661c 00000070 t std::__facet_shims::(anonymous namespace)::money_get_shim<char>::~money_get_shim()
0014668c 00000070 t std::__facet_shims::(anonymous namespace)::money_put_shim<char>::~money_put_shim()
001466fc 00000070 t std::__facet_shims::(anonymous namespace)::money_get_shim<wchar_t>::~money_get_shim()
0014676c 00000070 t std::__facet_shims::(anonymous namespace)::money_put_shim<wchar_t>::~money_put_shim()
001467dc 00000070 t std::__facet_shims::(anonymous namespace)::time_get_shim<char>::~time_get_shim()
0014684c 00000070 t std::__facet_shims::(anonymous namespace)::time_get_shim<wchar_t>::~time_get_shim()
001468bc 00000070 t std::__facet_shims::(anonymous namespace)::collate_shim<char>::~collate_shim()
001468bc 00000070 t std::__facet_shims::(anonymous namespace)::collate_shim<char>::~collate_shim()
0014692c 00000070 t std::__facet_shims::(anonymous namespace)::collate_shim<wchar_t>::~collate_shim()
0014692c 00000070 t std::__facet_shims::(anonymous namespace)::collate_shim<wchar_t>::~collate_shim()
0014699c 00000070 t std::__facet_shims::(anonymous namespace)::numpunct_shim<char>::~numpunct_shim()
00146a0c 00000070 t std::__facet_shims::(anonymous namespace)::numpunct_shim<wchar_t>::~numpunct_shim()
00146a7c 00000078 t std::__facet_shims::(anonymous namespace)::collate_shim<char>::~collate_shim()
00146af4 00000078 t std::__facet_shims::(anonymous namespace)::collate_shim<wchar_t>::~collate_shim()
00146b6c 00000074 t std::__facet_shims::(anonymous namespace)::moneypunct_shim<char, true>::~moneypunct_shim()
00146b6c 00000074 t std::__facet_shims::(anonymous namespace)::moneypunct_shim<char, true>::~moneypunct_shim()
00146be0 00000074 t std::__facet_shims::(anonymous namespace)::moneypunct_shim<char, false>::~moneypunct_shim()
00146be0 00000074 t std::__facet_shims::(anonymous namespace)::moneypunct_shim<char, false>::~moneypunct_shim()
00146c54 00000074 t std::__facet_shims::(anonymous namespace)::moneypunct_shim<wchar_t, true>::~moneypunct_shim()
00146c54 00000074 t std::__facet_shims::(anonymous namespace)::moneypunct_shim<wchar_t, true>::~moneypunct_shim()
00146cc8 00000074 t std::__facet_shims::(anonymous namespace)::moneypunct_shim<wchar_t, false>::~moneypunct_shim()
00146cc8 00000074 t std::__facet_shims::(anonymous namespace)::moneypunct_shim<wchar_t, false>::~moneypunct_shim()
00146d3c 0000007c t std::__facet_shims::(anonymous namespace)::moneypunct_shim<char, true>::~moneypunct_shim()
00146db8 0000007c t std::__facet_shims::(anonymous namespace)::moneypunct_shim<char, false>::~moneypunct_shim()
00146e34 0000007c t std::__facet_shims::(anonymous namespace)::moneypunct_shim<wchar_t, true>::~moneypunct_shim()
00146eb0 0000007c t std::__facet_shims::(anonymous namespace)::moneypunct_shim<wchar_t, false>::~moneypunct_shim()
00146f2c 000001e0 t std::__facet_shims::(anonymous namespace)::money_get_shim<wchar_t>::do_get(std::istreambuf_iterator<wchar_t, std::char_traits<wchar_t> >, std::istreambuf_iterator<wchar_t, std::char_traits<wchar_t> >, bool, std::ios_base&, std::_Ios_Iostate&, std::__cxx11::basic_string<wchar_t, std::char_traits<wchar_t>, std::allocator<wchar_t> >&) const
0014710c 00000264 t std::__facet_shims::(anonymous namespace)::money_get_shim<char>::do_get(std::istreambuf_iterator<char, std::char_traits<char> >, std::istreambuf_iterator<char, std::char_traits<char> >, bool, std::ios_base&, std::_Ios_Iostate&, std::__cxx11::basic_string<char, std::char_traits<char>, std::allocator<char> >&) const
00147370 00000180 W void std::__facet_shims::__numpunct_fill_cache<char>(std::integral_constant<bool, true>, std::locale::facet const*, std::__numpunct_cache<char>*)
001474f0 000001a8 W void std::__facet_shims::__numpunct_fill_cache<wchar_t>(std::integral_constant<bool, true>, std::locale::facet const*, std::__numpunct_cache<wchar_t>*)
00147698 00000060 W int std::__facet_shims::__collate_compare<char>(std::integral_constant<bool, true>, std::locale::facet const*, char const*, char const*, char const*, char const*)
001476f8 00000060 W int std::__facet_shims::__collate_compare<wchar_t>(std::integral_constant<bool, true>, std::locale::facet const*, wchar_t const*, wchar_t const*, wchar_t const*, wchar_t const*)
00147758 00000144 W void std::__facet_shims::__collate_transform<char>(std::integral_constant<bool, true>, std::locale::facet const*, std::__facet_shims::__any_string&, char const*, char const*)
0014789c 00000144 W void std::__facet_shims::__collate_transform<wchar_t>(std::integral_constant<bool, true>, std::locale::facet const*, std::__facet_shims::__any_string&, wchar_t const*, wchar_t const*)
001479e0 00000230 W void std::__facet_shims::__moneypunct_fill_cache<char, true>(std::integral_constant<bool, true>, std::locale::facet const*, std::__moneypunct_cache<char, true>*)
00147c10 00000230 W void std::__facet_shims::__moneypunct_fill_cache<char, false>(std::integral_constant<bool, true>, std::locale::facet const*, std::__moneypunct_cache<char, false>*)
00147e40 00000268 W void std::__facet_shims::__moneypunct_fill_cache<wchar_t, true>(std::integral_constant<bool, true>, std::locale::facet const*, std::__moneypunct_cache<wchar_t, true>*)
001480a8 00000268 W void std::__facet_shims::__moneypunct_fill_cache<wchar_t, false>(std::integral_constant<bool, true>, std::locale::facet const*, std::__moneypunct_cache<wchar_t, false>*)
00148310 000000bc W int std::__facet_shims::__messages_open<char>(std::integral_constant<bool, true>, std::locale::facet const*, char const*, unsigned int, std::locale const&)
001483cc 000000bc W int std::__facet_shims::__messages_open<wchar_t>(std::integral_constant<bool, true>, std::locale::facet const*, char const*, unsigned int, std::locale const&)
00148488 000001d0 W void std::__facet_shims::__messages_get<char>(std::integral_constant<bool, true>, std::locale::facet const*, std::__facet_shims::__any_string&, int, int, int, char const*, unsigned int)
00148658 000001d0 W void std::__facet_shims::__messages_get<wchar_t>(std::integral_constant<bool, true>, std::locale::facet const*, std::__facet_shims::__any_string&, int, int, int, wchar_t const*, unsigned int)
00148828 00000044 W void std::__facet_shims::__messages_close<char>(std::integral_constant<bool, true>, std::locale::facet const*, int)
0014886c 00000044 W void std::__facet_shims::__messages_close<wchar_t>(std::integral_constant<bool, true>, std::locale::facet const*, int)
001488b0 0000002c W std::time_base::dateorder std::__facet_shims::__time_get_dateorder<char>(std::integral_constant<bool, true>, std::locale::facet const*)
001488dc 0000002c W std::time_base::dateorder std::__facet_shims::__time_get_dateorder<wchar_t>(std::integral_constant<bool, true>, std::locale::facet const*)
00148908 0000023c W std::istreambuf_iterator<char, std::char_traits<char> > std::__facet_shims::__time_get<char>(std::integral_constant<bool, true>, std::locale::facet const*, std::istreambuf_iterator<char, std::char_traits<char> >, std::istreambuf_iterator<char, std::char_traits<char> >, std::ios_base&, std::_Ios_Iostate&, tm*, char)
00148b44 0000023c W std::istreambuf_iterator<wchar_t, std::char_traits<wchar_t> > std::__facet_shims::__time_get<wchar_t>(std::integral_constant<bool, true>, std::locale::facet const*, std::istreambuf_iterator<wchar_t, std::char_traits<wchar_t> >, std::istreambuf_iterator<wchar_t, std::char_traits<wchar_t> >, std::ios_base&, std::_Ios_Iostate&, tm*, char)
00148d80 00000210 W std::istreambuf_iterator<char, std::char_traits<char> > std::__facet_shims::__money_get<char>(std::integral_constant<bool, true>, std::locale::facet const*, std::istreambuf_iterator<char, std::char_traits<char> >, std::istreambuf_iterator<char, std::char_traits<char> >, bool, std::ios_base&, std::_Ios_Iostate&, long double*, std::__facet_shims::__any_string*)
00148f90 0000020c W std::istreambuf_iterator<wchar_t, std::char_traits<wchar_t> > std::__facet_shims::__money_get<wchar_t>(std::integral_constant<bool, true>, std::locale::facet const*, std::istreambuf_iterator<wchar_t, std::char_traits<wchar_t> >, std::istreambuf_iterator<wchar_t, std::char_traits<wchar_t> >, bool, std::ios_base&, std::_Ios_Iostate&, long double*, std::__facet_shims::__any_string*)
001491a0 0000026c W std::ostreambuf_iterator<char, std::char_traits<char> > std::__facet_shims::__money_put<char>(std::integral_constant<bool, true>, std::locale::facet const*, std::ostreambuf_iterator<char, std::char_traits<char> >, bool, std::ios_base&, char, long double, std::__facet_shims::__any_string const*)
00149410 00000214 W std::ostreambuf_iterator<wchar_t, std::char_traits<wchar_t> > std::__facet_shims::__money_put<wchar_t>(std::integral_constant<bool, true>, std::locale::facet const*, std::ostreambuf_iterator<wchar_t, std::char_traits<wchar_t> >, bool, std::ios_base&, wchar_t, long double, std::__facet_shims::__any_string const*)
00149624 00000a0c T std::locale::facet::_M_sso_shim(std::locale::id const*) const
0014a030 0000000c W std::__cxx11::moneypunct<wchar_t, false>::do_decimal_point() const
0014a03c 0000000c W std::__cxx11::moneypunct<wchar_t, false>::do_thousands_sep() const
0014a048 0000000c W std::__cxx11::moneypunct<wchar_t, false>::do_frac_digits() const
0014a054 00000014 W std::__cxx11::moneypunct<wchar_t, false>::do_pos_format() const
0014a068 00000014 W std::__cxx11::moneypunct<wchar_t, false>::do_neg_format() const
0014a07c 0000000c W std::__cxx11::moneypunct<wchar_t, true>::do_decimal_point() const
0014a088 0000000c W std::__cxx11::moneypunct<wchar_t, true>::do_thousands_sep() const
0014a094 0000000c W std::__cxx11::moneypunct<wchar_t, true>::do_frac_digits() const
0014a0a0 00000014 W std::__cxx11::moneypunct<wchar_t, true>::do_pos_format() const
0014a0b4 00000014 W std::__cxx11::moneypunct<wchar_t, true>::do_neg_format() const
0014a0c8 0000000c W std::__cxx11::numpunct<wchar_t>::do_decimal_point() const
0014a0d4 0000000c W std::__cxx11::numpunct<wchar_t>::do_thousands_sep() const
0014a0e0 00000008 W std::__cxx11::time_get<wchar_t, std::istreambuf_iterator<wchar_t, std::char_traits<wchar_t> > >::do_date_order() const
0014a0e8 00000008 W std::__cxx11::messages<wchar_t>::do_open(std::__cxx11::basic_string<char, std::char_traits<char>, std::allocator<char> > const&, std::locale const&) const
0014a0f0 00000004 W std::__cxx11::messages<wchar_t>::do_close(int) const
0014a0f4 00000020 W std::__cxx11::collate<wchar_t>::do_hash(wchar_t const*, wchar_t const*) const
0014a114 00000020 W std::__cxx11::money_get<wchar_t, std::istreambuf_iterator<wchar_t, std::char_traits<wchar_t> > >::~money_get()
0014a114 00000020 W std::__cxx11::money_get<wchar_t, std::istreambuf_iterator<wchar_t, std::char_traits<wchar_t> > >::~money_get()
0014a134 00000028 W std::__cxx11::money_get<wchar_t, std::istreambuf_iterator<wchar_t, std::char_traits<wchar_t> > >::~money_get()
0014a15c 00000020 W std::__cxx11::money_put<wchar_t, std::ostreambuf_iterator<wchar_t, std::char_traits<wchar_t> > >::~money_put()
0014a15c 00000020 W std::__cxx11::money_put<wchar_t, std::ostreambuf_iterator<wchar_t, std::char_traits<wchar_t> > >::~money_put()
0014a17c 00000028 W std::__cxx11::money_put<wchar_t, std::ostreambuf_iterator<wchar_t, std::char_traits<wchar_t> > >::~money_put()
0014a1a4 00000020 W std::__cxx11::time_get<wchar_t, std::istreambuf_iterator<wchar_t, std::char_traits<wchar_t> > >::~time_get()
0014a1a4 00000020 W std::__cxx11::time_get<wchar_t, std::istreambuf_iterator<wchar_t, std::char_traits<wchar_t> > >::~time_get()
0014a1c4 00000028 W std::__cxx11::time_get<wchar_t, std::istreambuf_iterator<wchar_t, std::char_traits<wchar_t> > >::~time_get()
0014a1ec 00000028 W std::__cxx11::messages<wchar_t>::~messages()
0014a1ec 00000028 W std::__cxx11::messages<wchar_t>::~messages()
0014a214 0000001c W std::__cxx11::messages<wchar_t>::~messages()
0014a230 00000028 W std::__cxx11::collate<wchar_t>::~collate()
0014a230 00000028 W std::__cxx11::collate<wchar_t>::~collate()
0014a258 00000098 t void std::__cxx11::basic_string<wchar_t, std::char_traits<wchar_t>, std::allocator<wchar_t> >::_M_construct<wchar_t const*>(wchar_t const*, wchar_t const*, std::forward_iterator_tag) [clone .isra.0]
0014a2f0 00000030 W std::__cxx11::collate<wchar_t>::~collate()
0014a320 000000c0 W std::__cxx11::moneypunct<wchar_t, false>::do_grouping() const
0014a3e0 000000c0 W std::__cxx11::moneypunct<wchar_t, true>::do_grouping() const
0014a4a0 000000c0 W std::__cxx11::numpunct<wchar_t>::do_grouping() const
0014a560 00000058 W std::__cxx11::moneypunct<wchar_t, false>::do_curr_symbol() const
0014a5b8 00000058 W std::__cxx11::moneypunct<wchar_t, false>::do_positive_sign() const
0014a610 00000058 W std::__cxx11::moneypunct<wchar_t, false>::do_negative_sign() const
0014a668 00000058 W std::__cxx11::moneypunct<wchar_t, true>::do_curr_symbol() const
0014a6c0 00000058 W std::__cxx11::moneypunct<wchar_t, true>::do_positive_sign() const
0014a718 00000058 W std::__cxx11::moneypunct<wchar_t, true>::do_negative_sign() const
0014a770 00000058 W std::__cxx11::numpunct<wchar_t>::do_truename() const
0014a7c8 00000058 W std::__cxx11::numpunct<wchar_t>::do_falsename() const
0014a820 000000f8 W std::__cxx11::collate<wchar_t>::do_compare(wchar_t const*, wchar_t const*, wchar_t const*, wchar_t const*) const
0014a918 000002dc W std::__cxx11::collate<wchar_t>::do_transform(wchar_t const*, wchar_t const*) const
0014abf4 000000d4 W std::__convert_from_v(int* const&, char*, int, char const*, ...)
0014acc8 000012e4 W std::istreambuf_iterator<wchar_t, std::char_traits<wchar_t> > std::__cxx11::money_get<wchar_t, std::istreambuf_iterator<wchar_t, std::char_traits<wchar_t> > >::_M_extract<true>(std::istreambuf_iterator<wchar_t, std::char_traits<wchar_t> >, std::istreambuf_iterator<wchar_t, std::char_traits<wchar_t> >, std::ios_base&, std::_Ios_Iostate&, std::__cxx11::basic_string<char, std::char_traits<char>, std::allocator<char> >&) const
0014bfac 000012e4 W std::istreambuf_iterator<wchar_t, std::char_traits<wchar_t> > std::__cxx11::money_get<wchar_t, std::istreambuf_iterator<wchar_t, std::char_traits<wchar_t> > >::_M_extract<false>(std::istreambuf_iterator<wchar_t, std::char_traits<wchar_t> >, std::istreambuf_iterator<wchar_t, std::char_traits<wchar_t> >, std::ios_base&, std::_Ios_Iostate&, std::__cxx11::basic_string<char, std::char_traits<char>, std::allocator<char> >&) const
0014d290 000000cc W std::__cxx11::money_get<wchar_t, std::istreambuf_iterator<wchar_t, std::char_traits<wchar_t> > >::do_get(std::istreambuf_iterator<wchar_t, std::char_traits<wchar_t> >, std::istreambuf_iterator<wchar_t, std::char_traits<wchar_t> >, bool, std::ios_base&, std::_Ios_Iostate&, long double&) const
0014d35c 0000013c W std::__cxx11::money_get<wchar_t, std::istreambuf_iterator<wchar_t, std::char_traits<wchar_t> > >::do_get(std::istreambuf_iterator<wchar_t, std::char_traits<wchar_t> >, std::istreambuf_iterator<wchar_t, std::char_traits<wchar_t> >, bool, std::ios_base&, std::_Ios_Iostate&, std::__cxx11::basic_string<wchar_t, std::char_traits<wchar_t>, std::allocator<wchar_t> >&) const
0014d498 00000740 W std::ostreambuf_iterator<wchar_t, std::char_traits<wchar_t> > std::__cxx11::money_put<wchar_t, std::ostreambuf_iterator<wchar_t, std::char_traits<wchar_t> > >::_M_insert<true>(std::ostreambuf_iterator<wchar_t, std::char_traits<wchar_t> >, std::ios_base&, wchar_t, std::__cxx11::basic_string<wchar_t, std::char_traits<wchar_t>, std::allocator<wchar_t> > const&) const
0014dbd8 00000740 W std::ostreambuf_iterator<wchar_t, std::char_traits<wchar_t> > std::__cxx11::money_put<wchar_t, std::ostreambuf_iterator<wchar_t, std::char_traits<wchar_t> > >::_M_insert<false>(std::ostreambuf_iterator<wchar_t, std::char_traits<wchar_t> >, std::ios_base&, wchar_t, std::__cxx11::basic_string<wchar_t, std::char_traits<wchar_t>, std::allocator<wchar_t> > const&) const
0014e318 00000188 W std::__cxx11::money_put<wchar_t, std::ostreambuf_iterator<wchar_t, std::char_traits<wchar_t> > >::do_put(std::ostreambuf_iterator<wchar_t, std::char_traits<wchar_t> >, bool, std::ios_base&, wchar_t, long double) const
0014e4a0 00000054 W std::__cxx11::money_put<wchar_t, std::ostreambuf_iterator<wchar_t, std::char_traits<wchar_t> > >::do_put(std::ostreambuf_iterator<wchar_t, std::char_traits<wchar_t> >, bool, std::ios_base&, wchar_t, std::__cxx11::basic_string<wchar_t, std::char_traits<wchar_t>, std::allocator<wchar_t> > const&) const
0014e4f4 0000026c W std::__cxx11::time_get<wchar_t, std::istreambuf_iterator<wchar_t, std::char_traits<wchar_t> > >::_M_extract_num(std::istreambuf_iterator<wchar_t, std::char_traits<wchar_t> >, std::istreambuf_iterator<wchar_t, std::char_traits<wchar_t> >, int&, int, int, unsigned int, std::ios_base&, std::_Ios_Iostate&) const
0014e760 00000680 W std::__cxx11::time_get<wchar_t, std::istreambuf_iterator<wchar_t, std::char_traits<wchar_t> > >::do_get_year(std::istreambuf_iterator<wchar_t, std::char_traits<wchar_t> >, std::istreambuf_iterator<wchar_t, std::char_traits<wchar_t> >, std::ios_base&, std::_Ios_Iostate&, tm*) const
0014ede0 00000dac W std::__cxx11::time_get<wchar_t, std::istreambuf_iterator<wchar_t, std::char_traits<wchar_t> > >::_M_extract_name(std::istreambuf_iterator<wchar_t, std::char_traits<wchar_t> >, std::istreambuf_iterator<wchar_t, std::char_traits<wchar_t> >, int&, wchar_t const**, unsigned int, std::ios_base&, std::_Ios_Iostate&) const
0014fb8c 00000698 W std::__cxx11::time_get<wchar_t, std::istreambuf_iterator<wchar_t, std::char_traits<wchar_t> > >::_M_extract_wday_or_month(std::istreambuf_iterator<wchar_t, std::char_traits<wchar_t> >, std::istreambuf_iterator<wchar_t, std::char_traits<wchar_t> >, int&, wchar_t const**, unsigned int, std::ios_base&, std::_Ios_Iostate&) const
00150224 00000258 W std::__cxx11::time_get<wchar_t, std::istreambuf_iterator<wchar_t, std::char_traits<wchar_t> > >::do_get_weekday(std::istreambuf_iterator<wchar_t, std::char_traits<wchar_t> >, std::istreambuf_iterator<wchar_t, std::char_traits<wchar_t> >, std::ios_base&, std::_Ios_Iostate&, tm*) const
0015047c 000002d0 W std::__cxx11::time_get<wchar_t, std::istreambuf_iterator<wchar_t, std::char_traits<wchar_t> > >::do_get_monthname(std::istreambuf_iterator<wchar_t, std::char_traits<wchar_t> >, std::istreambuf_iterator<wchar_t, std::char_traits<wchar_t> >, std::ios_base&, std::_Ios_Iostate&, tm*) const
0015074c 00001f6c W std::__cxx11::time_get<wchar_t, std::istreambuf_iterator<wchar_t, std::char_traits<wchar_t> > >::_M_extract_via_format(std::istreambuf_iterator<wchar_t, std::char_traits<wchar_t> >, std::istreambuf_iterator<wchar_t, std::char_traits<wchar_t> >, std::ios_base&, std::_Ios_Iostate&, tm*, wchar_t const*, std::__time_get_state&) const
0015074c 00001f6c t std::__cxx11::time_get<wchar_t, std::istreambuf_iterator<wchar_t, std::char_traits<wchar_t> > >::_M_extract_via_format(std::istreambuf_iterator<wchar_t, std::char_traits<wchar_t> >, std::istreambuf_iterator<wchar_t, std::char_traits<wchar_t> >, std::ios_base&, std::_Ios_Iostate&, tm*, wchar_t const*, std::__time_get_state&) const [clone .localalias]
001526b8 000001d0 W std::__cxx11::time_get<wchar_t, std::istreambuf_iterator<wchar_t, std::char_traits<wchar_t> > >::do_get_time(std::istreambuf_iterator<wchar_t, std::char_traits<wchar_t> >, std::istreambuf_iterator<wchar_t, std::char_traits<wchar_t> >, std::ios_base&, std::_Ios_Iostate&, tm*) const
00152888 000001d0 W std::__cxx11::time_get<wchar_t, std::istreambuf_iterator<wchar_t, std::char_traits<wchar_t> > >::do_get_date(std::istreambuf_iterator<wchar_t, std::char_traits<wchar_t> >, std::istreambuf_iterator<wchar_t, std::char_traits<wchar_t> >, std::ios_base&, std::_Ios_Iostate&, tm*) const
00152a58 000001d0 W std::__cxx11::time_get<wchar_t, std::istreambuf_iterator<wchar_t, std::char_traits<wchar_t> > >::do_get(std::istreambuf_iterator<wchar_t, std::char_traits<wchar_t> >, std::istreambuf_iterator<wchar_t, std::char_traits<wchar_t> >, std::ios_base&, std::_Ios_Iostate&, tm*, char, char) const
00152c28 0000003c W std::__cxx11::messages<wchar_t>::messages(unsigned int)
00152c28 0000003c W std::__cxx11::messages<wchar_t>::messages(unsigned int)
00152c64 000000a4 t _GLOBAL__sub_I__ZNSt12ctype_bynameIwEC2ERKNSt7__cxx1112basic_stringIcSt11char_traitsIcESaIcEEEj
00152d08 00000040 W std::basic_filebuf<char, std::char_traits<char> >::sync()
00152d48 00000058 W std::basic_filebuf<char, std::char_traits<char> >::setbuf(char*, int)
00152da0 00000094 W std::basic_filebuf<char, std::char_traits<char> >::showmanyc()
00152e34 00000158 W std::basic_filebuf<char, std::char_traits<char> >::pbackfail(int)
00152f8c 000004c0 W std::basic_filebuf<char, std::char_traits<char> >::underflow()
0015344c 00000134 W std::basic_filebuf<char, std::char_traits<char> >::xsputn(char const*, int)
00153580 00000210 W std::basic_filebuf<char, std::char_traits<char> >::xsgetn(char*, int)
00153790 000000d4 W std::basic_filebuf<char, std::char_traits<char> >::basic_filebuf()
00153790 000000d4 W std::basic_filebuf<char, std::char_traits<char> >::basic_filebuf()
00153864 00000048 W std::basic_filebuf<char, std::char_traits<char> >::_M_allocate_internal_buffer()
001538ac 00000070 W std::basic_filebuf<char, std::char_traits<char> >::_M_destroy_internal_buffer()
0015391c 0000016c W std::basic_filebuf<char, std::char_traits<char> >::_M_convert_to_external(char*, int)
00153a88 00000080 W std::basic_filebuf<char, std::char_traits<char> >::_M_get_ext_pos(_mbstate_t&)
00153b08 00000110 W std::basic_filebuf<char, std::char_traits<char> >::_M_terminate_output()
00153c18 000000c0 W std::basic_filebuf<char, std::char_traits<char> >::_M_seek(long long, std::_Ios_Seekdir, _mbstate_t)
00153cd8 00000224 W std::basic_filebuf<char, std::char_traits<char> >::overflow(int)
00153dfa N 
00153dfa N 
00153dfa N 
00153dfa N 
00153dfa N 
00153dfa N 
00153dfa N 
00153dfa N 
00153dfa N 
00153dfa N 
00153dfa N 
00153dfa N 
00153dfa N 
00153dfa N 
00153dfa N 
00153dfa N 
00153dfa N 
00153dfa N 
00153dfa N 
00153dfa N 
00153dfa N 
00153dfa N 
00153dfa N 
00153dfa N 
00153dfa N 
00153dfa N 
00153dfa N 
00153dfa N 
00153dfa N 
00153dfa N 
00153dfa N 
00153dfa N 
00153dfa W KoreanBFFCMemoryRule.cpp.4402d07d
00153efc 00000234 W std::basic_filebuf<char, std::char_traits<char> >::seekoff(long long, std::_Ios_Seekdir, std::_Ios_Openmode)
00154130 000000b4 W std::basic_filebuf<char, std::char_traits<char> >::seekpos(std::fpos<_mbstate_t>, std::_Ios_Openmode)
001541e4 00000210 W std::basic_filebuf<char, std::char_traits<char> >::imbue(std::locale const&)
001543f4 00000064 W std::basic_filebuf<char, std::char_traits<char> >::close()::__close_sentry::~__close_sentry()
001543f4 00000064 W std::basic_filebuf<char, std::char_traits<char> >::close()::__close_sentry::~__close_sentry()
00154458 000000c0 W std::basic_filebuf<char, std::char_traits<char> >::close()
00154518 00000048 W std::basic_filebuf<char, std::char_traits<char> >::~basic_filebuf()
00154518 00000048 W std::basic_filebuf<char, std::char_traits<char> >::~basic_filebuf()
00154560 000000e4 W std::basic_filebuf<char, std::char_traits<char> >::open(char const*, std::_Ios_Openmode)
00154644 00000050 W std::basic_filebuf<char, std::char_traits<char> >::~basic_filebuf()
00154694 0000007c W std::basic_ofstream<char, std::char_traits<char> >::~basic_ofstream()
00154710 0000008c W virtual thunk to std::basic_ofstream<char, std::char_traits<char> >::~basic_ofstream()
0015479c 00000084 W std::basic_ofstream<char, std::char_traits<char> >::~basic_ofstream()
00154820 00000094 W virtual thunk to std::basic_ofstream<char, std::char_traits<char> >::~basic_ofstream()
001548b4 00000080 W std::basic_ifstream<char, std::char_traits<char> >::~basic_ifstream()
00154934 00000094 W virtual thunk to std::basic_ifstream<char, std::char_traits<char> >::~basic_ifstream()
001549c8 00000088 W std::basic_ifstream<char, std::char_traits<char> >::~basic_ifstream()
00154a50 0000009c W virtual thunk to std::basic_ifstream<char, std::char_traits<char> >::~basic_ifstream()
00154aec 0000002c T std::__throw_bad_cast()
00154b18 00000040 T std::__throw_logic_error(char const*)
00154b58 00000040 T std::__throw_length_error(char const*)
00154b98 00000040 T std::__throw_out_of_range(char const*)
00154bd8 00000010 T std::__throw_out_of_range_fmt(char const*, ...)
00154be8 00000040 T std::__throw_runtime_error(char const*)
00154c28 00000008 W std::ctype<char>::do_widen(char) const
00154c30 00000008 W std::ctype<char>::do_narrow(char, char) const
00154c38 00000020 W std::basic_ios<char, std::char_traits<char> >::~basic_ios()
00154c38 00000020 W std::basic_ios<char, std::char_traits<char> >::~basic_ios()
00154c58 00000028 W std::basic_ios<char, std::char_traits<char> >::~basic_ios()
00154c80 0000002c W std::basic_ios<char, std::char_traits<char> >::clear(std::_Ios_Iostate)
00154cac 0000001c W std::basic_ios<char, std::char_traits<char> >::_M_setstate(std::_Ios_Iostate)
00154cc8 0000006c W std::basic_ios<char, std::char_traits<char> >::_M_cache_locale(std::locale const&)
00154d34 000000a0 W std::basic_ios<char, std::char_traits<char> >::init(std::basic_streambuf<char, std::char_traits<char> >*)
00154dd4 0000006c T std::ios_base::ios_base()
00154dd4 0000006c T std::ios_base::ios_base()
00154e40 00000058 T std::ios_base::_M_call_callbacks(std::ios_base::event)
00154e98 000000a4 T std::ios_base::~ios_base()
00154e98 000000a4 T std::ios_base::~ios_base()
00154f3c 0000001c T std::ios_base::~ios_base()
00154f58 00000204 W std::istream::sentry::sentry(std::istream&, bool)
00154f58 00000204 W std::istream::sentry::sentry(std::istream&, bool)
0015515c 000000f0 W std::istream::read(char*, int)
00155250 000000f8 W std::istream::tellg()
00155348 00000120 W std::istream::seekg(long long, std::_Ios_Seekdir)
00155468 0000000c W std::moneypunct<char, false>::do_decimal_point() const
00155474 0000000c W std::moneypunct<char, false>::do_thousands_sep() const
00155480 0000000c W std::moneypunct<char, false>::do_frac_digits() const
0015548c 00000014 W std::moneypunct<char, false>::do_pos_format() const
001554a0 00000014 W std::moneypunct<char, false>::do_neg_format() const
001554b4 0000000c W std::moneypunct<char, true>::do_decimal_point() const
001554c0 0000000c W std::moneypunct<char, true>::do_thousands_sep() const
001554cc 0000000c W std::moneypunct<char, true>::do_frac_digits() const
001554d8 00000014 W std::moneypunct<char, true>::do_pos_format() const
001554ec 00000014 W std::moneypunct<char, true>::do_neg_format() const
00155500 0000000c W std::numpunct<char>::do_decimal_point() const
0015550c 0000000c W std::numpunct<char>::do_thousands_sep() const
00155518 00000008 W std::time_get<char, std::istreambuf_iterator<char, std::char_traits<char> > >::do_date_order() const
00155520 00000008 W std::messages<char>::do_open(std::string const&, std::locale const&) const
00155528 00000004 W std::messages<char>::do_close(int) const
0015552c 00000020 W std::collate<char>::do_hash(char const*, char const*) const
0015554c 00000020 W std::num_get<char, std::istreambuf_iterator<char, std::char_traits<char> > >::~num_get()
0015554c 00000020 W std::num_get<char, std::istreambuf_iterator<char, std::char_traits<char> > >::~num_get()
0015556c 00000020 W std::num_put<char, std::ostreambuf_iterator<char, std::char_traits<char> > >::~num_put()
0015556c 00000020 W std::num_put<char, std::ostreambuf_iterator<char, std::char_traits<char> > >::~num_put()
0015558c 00000020 W std::money_get<char, std::istreambuf_iterator<char, std::char_traits<char> > >::~money_get()
0015558c 00000020 W std::money_get<char, std::istreambuf_iterator<char, std::char_traits<char> > >::~money_get()
001555ac 00000020 W std::money_put<char, std::ostreambuf_iterator<char, std::char_traits<char> > >::~money_put()
001555ac 00000020 W std::money_put<char, std::ostreambuf_iterator<char, std::char_traits<char> > >::~money_put()
001555cc 00000020 W std::__timepunct_cache<char>::~__timepunct_cache()
001555cc 00000020 W std::__timepunct_cache<char>::~__timepunct_cache()
001555ec 00000020 W std::time_put<char, std::ostreambuf_iterator<char, std::char_traits<char> > >::~time_put()
001555ec 00000020 W std::time_put<char, std::ostreambuf_iterator<char, std::char_traits<char> > >::~time_put()
0015560c 00000020 W std::time_get<char, std::istreambuf_iterator<char, std::char_traits<char> > >::~time_get()
0015560c 00000020 W std::time_get<char, std::istreambuf_iterator<char, std::char_traits<char> > >::~time_get()
0015562c 00000028 W std::num_get<char, std::istreambuf_iterator<char, std::char_traits<char> > >::~num_get()
00155654 00000028 W std::num_put<char, std::ostreambuf_iterator<char, std::char_traits<char> > >::~num_put()
0015567c 00000028 W std::money_get<char, std::istreambuf_iterator<char, std::char_traits<char> > >::~money_get()
001556a4 00000028 W std::money_put<char, std::ostreambuf_iterator<char, std::char_traits<char> > >::~money_put()
001556cc 0000001c W std::__timepunct_cache<char>::~__timepunct_cache()
001556e8 00000028 W std::time_put<char, std::ostreambuf_iterator<char, std::char_traits<char> > >::~time_put()
00155710 00000028 W std::time_get<char, std::istreambuf_iterator<char, std::char_traits<char> > >::~time_get()
00155738 00000024 W std::ctype<char>::do_widen(char const*, char const*, char*) const
0015575c 00000070 W std::__moneypunct_cache<char, false>::~__moneypunct_cache()
0015575c 00000070 W std::__moneypunct_cache<char, false>::~__moneypunct_cache()
001557cc 0000001c W std::__moneypunct_cache<char, false>::~__moneypunct_cache()
001557e8 00000070 W std::__moneypunct_cache<char, true>::~__moneypunct_cache()
001557e8 00000070 W std::__moneypunct_cache<char, true>::~__moneypunct_cache()
00155858 0000001c W std::__moneypunct_cache<char, true>::~__moneypunct_cache()
00155874 00000060 W std::__numpunct_cache<char>::~__numpunct_cache()
00155874 00000060 W std::__numpunct_cache<char>::~__numpunct_cache()
001558d4 0000001c W std::__numpunct_cache<char>::~__numpunct_cache()
001558f0 00000028 W std::messages<char>::~messages()
001558f0 00000028 W std::messages<char>::~messages()
00155918 0000001c W std::messages<char>::~messages()
00155934 00000028 W std::collate<char>::~collate()
00155934 00000028 W std::collate<char>::~collate()
0015595c 00000060 W std::__timepunct<char>::~__timepunct()
0015595c 00000060 W std::__timepunct<char>::~__timepunct()
001559bc 0000001c W std::__timepunct<char>::~__timepunct()
001559d8 00000028 t std::basic_streambuf<char, std::char_traits<char> >::sbumpc() [clone .isra.0]
00155a00 0000004c t std::ctype<char>::widen(char) const [clone .part.0]
00155a4c 0000009c t std::ctype<char>::widen(char const*, char const*, char*) const [clone .isra.0]
00155ae8 000000b8 t char* std::string::_S_construct<char const*>(char const*, char const*, std::allocator<char> const&, std::forward_iterator_tag) [clone .isra.0]
00155ba0 00000058 t std::basic_string<char, std::char_traits<char>, std::allocator<char> >::~basic_string() [clone .isra.0]
00155bf8 00000030 W std::collate<char>::~collate()
00155c28 00000160 W std::time_put<char, std::ostreambuf_iterator<char, std::char_traits<char> > >::do_put(std::ostreambuf_iterator<char, std::char_traits<char> >, std::ios_base&, char, tm const*, char, char) const
00155d88 000000cc W std::moneypunct<char, false>::do_grouping() const
00155e54 000000cc W std::moneypunct<char, false>::do_curr_symbol() const
00155f20 000000cc W std::moneypunct<char, false>::do_positive_sign() const
00155fec 000000cc W std::moneypunct<char, false>::do_negative_sign() const
001560b8 000000cc W std::moneypunct<char, true>::do_grouping() const
00156184 000000cc W std::moneypunct<char, true>::do_curr_symbol() const
00156250 000000cc W std::moneypunct<char, true>::do_positive_sign() const
0015631c 000000cc W std::moneypunct<char, true>::do_negative_sign() const
001563e8 000000cc W std::numpunct<char>::do_grouping() const
001564b4 000000cc W std::numpunct<char>::do_truename() const
00156580 000000cc W std::numpunct<char>::do_falsename() const
0015664c 00000168 W std::collate<char>::do_compare(char const*, char const*, char const*, char const*) const
001567b4 000002c4 W std::collate<char>::do_transform(char const*, char const*) const
00156a78 00000068 W std::ctype<char>::narrow(char, char) const
00156ae0 00000738 W std::__moneypunct_cache<char, false>::_M_cache(std::locale const&)
00157218 00000738 W std::__moneypunct_cache<char, true>::_M_cache(std::locale const&)
00157950 0000058c W std::__numpunct_cache<char>::_M_cache(std::locale const&)
00157edc 000000b4 t std::__use_cache<std::__numpunct_cache<char> >::operator()(std::locale const&) const [clone .isra.0]
00157f90 0000004c W std::__timepunct<char>::__timepunct(std::__timepunct_cache<char>*, unsigned int)
00157f90 0000004c W std::__timepunct<char>::__timepunct(std::__timepunct_cache<char>*, unsigned int)
00157fdc 000002b4 W std::time_get<char, std::istreambuf_iterator<char, std::char_traits<char> > >::_M_extract_num(std::istreambuf_iterator<char, std::char_traits<char> >, std::istreambuf_iterator<char, std::char_traits<char> >, int&, int, int, unsigned int, std::ios_base&, std::_Ios_Iostate&) const
00158290 0000003c W std::messages<char>::messages(unsigned int)
00158290 0000003c W std::messages<char>::messages(unsigned int)
001582cc 00000178 W char* std::__add_grouping<char>(char*, char, char const*, unsigned int, char const*, char const*)
00158444 000000ac W std::num_put<char, std::ostreambuf_iterator<char, std::char_traits<char> > >::_M_group_float(char const*, unsigned int, char, char const*, char*, char*, int&) const
001584f0 00000050 W std::num_put<char, std::ostreambuf_iterator<char, std::char_traits<char> > >::_M_group_int(char const*, unsigned int, char, std::ios_base&, char*, char*, int&) const
00158540 0000055c W std::ostreambuf_iterator<char, std::char_traits<char> > std::money_put<char, std::ostreambuf_iterator<char, std::char_traits<char> > >::_M_insert<true>(std::ostreambuf_iterator<char, std::char_traits<char> >, std::ios_base&, char, std::string const&) const
00158a9c 0000055c W std::ostreambuf_iterator<char, std::char_traits<char> > std::money_put<char, std::ostreambuf_iterator<char, std::char_traits<char> > >::_M_insert<false>(std::ostreambuf_iterator<char, std::char_traits<char> >, std::ios_base&, char, std::string const&) const
00158ff8 0000023c W std::money_put<char, std::ostreambuf_iterator<char, std::char_traits<char> > >::do_put(std::ostreambuf_iterator<char, std::char_traits<char> >, bool, std::ios_base&, char, long double) const
00159234 00000054 W std::money_put<char, std::ostreambuf_iterator<char, std::char_traits<char> > >::do_put(std::ostreambuf_iterator<char, std::char_traits<char> >, bool, std::ios_base&, char, std::string const&) const
00159288 00000308 W std::__pad<char, std::char_traits<char> >::_S_pad(std::ios_base&, char, char*, char const*, int, int)
00159590 00000034 W std::num_put<char, std::ostreambuf_iterator<char, std::char_traits<char> > >::_M_pad(char, int, std::ios_base&, char*, char const*, int&) const
001595c4 000003ec W std::ostreambuf_iterator<char, std::char_traits<char> > std::num_put<char, std::ostreambuf_iterator<char, std::char_traits<char> > >::_M_insert_float<double>(std::ostreambuf_iterator<char, std::char_traits<char> >, std::ios_base&, char, char, double) const
001599b0 0000003c W std::num_put<char, std::ostreambuf_iterator<char, std::char_traits<char> > >::do_put(std::ostreambuf_iterator<char, std::char_traits<char> >, std::ios_base&, char, double) const
001599ec 000003ec W std::ostreambuf_iterator<char, std::char_traits<char> > std::num_put<char, std::ostreambuf_iterator<char, std::char_traits<char> > >::_M_insert_float<long double>(std::ostreambuf_iterator<char, std::char_traits<char> >, std::ios_base&, char, char, long double) const
00159dd8 0000003c W std::num_put<char, std::ostreambuf_iterator<char, std::char_traits<char> > >::do_put(std::ostreambuf_iterator<char, std::char_traits<char> >, std::ios_base&, char, long double) const
00159e14 000000ac W int std::__int_to_char<char, unsigned long>(char*, unsigned long, char const*, std::_Ios_Fmtflags, bool)
00159ec0 00000240 W std::ostreambuf_iterator<char, std::char_traits<char> > std::num_put<char, std::ostreambuf_iterator<char, std::char_traits<char> > >::_M_insert_int<long>(std::ostreambuf_iterator<char, std::char_traits<char> >, std::ios_base&, char, long) const
0015a100 0000003c W std::num_put<char, std::ostreambuf_iterator<char, std::char_traits<char> > >::do_put(std::ostreambuf_iterator<char, std::char_traits<char> >, std::ios_base&, char, long) const
0015a13c 000001b0 W std::num_put<char, std::ostreambuf_iterator<char, std::char_traits<char> > >::do_put(std::ostreambuf_iterator<char, std::char_traits<char> >, std::ios_base&, char, bool) const
0015a2ec 000001dc W std::ostreambuf_iterator<char, std::char_traits<char> > std::num_put<char, std::ostreambuf_iterator<char, std::char_traits<char> > >::_M_insert_int<unsigned long>(std::ostreambuf_iterator<char, std::char_traits<char> >, std::ios_base&, char, unsigned long) const
0015a4c8 0000003c W std::num_put<char, std::ostreambuf_iterator<char, std::char_traits<char> > >::do_put(std::ostreambuf_iterator<char, std::char_traits<char> >, std::ios_base&, char, unsigned long) const
0015a504 0000006c W std::num_put<char, std::ostreambuf_iterator<char, std::char_traits<char> > >::do_put(std::ostreambuf_iterator<char, std::char_traits<char> >, std::ios_base&, char, void const*) const
0015a570 00000114 W int std::__int_to_char<char, unsigned long long>(char*, unsigned long long, char const*, std::_Ios_Fmtflags, bool)
0015a684 00000260 W std::ostreambuf_iterator<char, std::char_traits<char> > std::num_put<char, std::ostreambuf_iterator<char, std::char_traits<char> > >::_M_insert_int<long long>(std::ostreambuf_iterator<char, std::char_traits<char> >, std::ios_base&, char, long long) const
0015a8e4 0000003c W std::num_put<char, std::ostreambuf_iterator<char, std::char_traits<char> > >::do_put(std::ostreambuf_iterator<char, std::char_traits<char> >, std::ios_base&, char, long long) const
0015a920 000001fc W std::ostreambuf_iterator<char, std::char_traits<char> > std::num_put<char, std::ostreambuf_iterator<char, std::char_traits<char> > >::_M_insert_int<unsigned long long>(std::ostreambuf_iterator<char, std::char_traits<char> >, std::ios_base&, char, unsigned long long) const
0015ab1c 0000003c W std::num_put<char, std::ostreambuf_iterator<char, std::char_traits<char> > >::do_put(std::ostreambuf_iterator<char, std::char_traits<char> >, std::ios_base&, char, unsigned long long) const
0015ab58 00000100 W std::istreambuf_iterator<char, std::char_traits<char> >::equal(std::istreambuf_iterator<char, std::char_traits<char> > const&) const
0015ac58 00000068 W std::istreambuf_iterator<char, std::char_traits<char> >::_M_get() const
0015acc0 00000c54 W std::num_get<char, std::istreambuf_iterator<char, std::char_traits<char> > >::_M_extract_float(std::istreambuf_iterator<char, std::char_traits<char> >, std::istreambuf_iterator<char, std::char_traits<char> >, std::ios_base&, std::_Ios_Iostate&, std::string&) const
0015b914 000001c8 W std::num_get<char, std::istreambuf_iterator<char, std::char_traits<char> > >::do_get(std::istreambuf_iterator<char, std::char_traits<char> >, std::istreambuf_iterator<char, std::char_traits<char> >, std::ios_base&, std::_Ios_Iostate&, float&) const
0015badc 000001c8 W std::num_get<char, std::istreambuf_iterator<char, std::char_traits<char> > >::do_get(std::istreambuf_iterator<char, std::char_traits<char> >, std::istreambuf_iterator<char, std::char_traits<char> >, std::ios_base&, std::_Ios_Iostate&, double&) const
0015bca4 000001c8 W std::num_get<char, std::istreambuf_iterator<char, std::char_traits<char> > >::do_get(std::istreambuf_iterator<char, std::char_traits<char> >, std::istreambuf_iterator<char, std::char_traits<char> >, std::ios_base&, std::_Ios_Iostate&, long double&) const
0015be6c 00000968 W std::istreambuf_iterator<char, std::char_traits<char> > std::num_get<char, std::istreambuf_iterator<char, std::char_traits<char> > >::_M_extract_int<long>(std::istreambuf_iterator<char, std::char_traits<char> >, std::istreambuf_iterator<char, std::char_traits<char> >, std::ios_base&, std::_Ios_Iostate&, long&) const
0015c7d4 00000510 W std::num_get<char, std::istreambuf_iterator<char, std::char_traits<char> > >::do_get(std::istreambuf_iterator<char, std::char_traits<char> >, std::istreambuf_iterator<char, std::char_traits<char> >, std::ios_base&, std::_Ios_Iostate&, bool&) const
0015cce4 00000048 W std::num_get<char, std::istreambuf_iterator<char, std::char_traits<char> > >::do_get(std::istreambuf_iterator<char, std::char_traits<char> >, std::istreambuf_iterator<char, std::char_traits<char> >, std::ios_base&, std::_Ios_Iostate&, long&) const
0015cd2c 00000a88 W std::istreambuf_iterator<char, std::char_traits<char> > std::num_get<char, std::istreambuf_iterator<char, std::char_traits<char> > >::_M_extract_int<unsigned short>(std::istreambuf_iterator<char, std::char_traits<char> >, std::istreambuf_iterator<char, std::char_traits<char> >, std::ios_base&, std::_Ios_Iostate&, unsigned short&) const
0015d7b4 00000048 W std::num_get<char, std::istreambuf_iterator<char, std::char_traits<char> > >::do_get(std::istreambuf_iterator<char, std::char_traits<char> >, std::istreambuf_iterator<char, std::char_traits<char> >, std::ios_base&, std::_Ios_Iostate&, unsigned short&) const
0015d7fc 00000a80 W std::istreambuf_iterator<char, std::char_traits<char> > std::num_get<char, std::istreambuf_iterator<char, std::char_traits<char> > >::_M_extract_int<unsigned int>(std::istreambuf_iterator<char, std::char_traits<char> >, std::istreambuf_iterator<char, std::char_traits<char> >, std::ios_base&, std::_Ios_Iostate&, unsigned int&) const
0015e27c 00000048 W std::num_get<char, std::istreambuf_iterator<char, std::char_traits<char> > >::do_get(std::istreambuf_iterator<char, std::char_traits<char> >, std::istreambuf_iterator<char, std::char_traits<char> >, std::ios_base&, std::_Ios_Iostate&, unsigned int&) const
0015e2c4 00000a80 W std::istreambuf_iterator<char, std::char_traits<char> > std::num_get<char, std::istreambuf_iterator<char, std::char_traits<char> > >::_M_extract_int<unsigned long>(std::istreambuf_iterator<char, std::char_traits<char> >, std::istreambuf_iterator<char, std::char_traits<char> >, std::ios_base&, std::_Ios_Iostate&, unsigned long&) const
0015ed44 00000048 W std::num_get<char, std::istreambuf_iterator<char, std::char_traits<char> > >::do_get(std::istreambuf_iterator<char, std::char_traits<char> >, std::istreambuf_iterator<char, std::char_traits<char> >, std::ios_base&, std::_Ios_Iostate&, unsigned long&) const
0015ed8c 0000007c W std::num_get<char, std::istreambuf_iterator<char, std::char_traits<char> > >::do_get(std::istreambuf_iterator<char, std::char_traits<char> >, std::istreambuf_iterator<char, std::char_traits<char> >, std::ios_base&, std::_Ios_Iostate&, void*&) const
0015ee08 000009f8 W std::istreambuf_iterator<char, std::char_traits<char> > std::num_get<char, std::istreambuf_iterator<char, std::char_traits<char> > >::_M_extract_int<long long>(std::istreambuf_iterator<char, std::char_traits<char> >, std::istreambuf_iterator<char, std::char_traits<char> >, std::ios_base&, std::_Ios_Iostate&, long long&) const
0015f800 00000048 W std::num_get<char, std::istreambuf_iterator<char, std::char_traits<char> > >::do_get(std::istreambuf_iterator<char, std::char_traits<char> >, std::istreambuf_iterator<char, std::char_traits<char> >, std::ios_base&, std::_Ios_Iostate&, long long&) const
0015f848 00000a54 W std::istreambuf_iterator<char, std::char_traits<char> > std::num_get<char, std::istreambuf_iterator<char, std::char_traits<char> > >::_M_extract_int<unsigned long long>(std::istreambuf_iterator<char, std::char_traits<char> >, std::istreambuf_iterator<char, std::char_traits<char> >, std::ios_base&, std::_Ios_Iostate&, unsigned long long&) const
0016029c 00000048 W std::num_get<char, std::istreambuf_iterator<char, std::char_traits<char> > >::do_get(std::istreambuf_iterator<char, std::char_traits<char> >, std::istreambuf_iterator<char, std::char_traits<char> >, std::ios_base&, std::_Ios_Iostate&, unsigned long long&) const
001602e4 000002c8 W std::time_get<char, std::istreambuf_iterator<char, std::char_traits<char> > >::do_get_year(std::istreambuf_iterator<char, std::char_traits<char> >, std::istreambuf_iterator<char, std::char_traits<char> >, std::ios_base&, std::_Ios_Iostate&, tm*) const
001605ac 00000a5c W std::time_get<char, std::istreambuf_iterator<char, std::char_traits<char> > >::_M_extract_name(std::istreambuf_iterator<char, std::char_traits<char> >, std::istreambuf_iterator<char, std::char_traits<char> >, int&, char const**, unsigned int, std::ios_base&, std::_Ios_Iostate&) const
00161008 0000043c W std::time_get<char, std::istreambuf_iterator<char, std::char_traits<char> > >::_M_extract_wday_or_month(std::istreambuf_iterator<char, std::char_traits<char> >, std::istreambuf_iterator<char, std::char_traits<char> >, int&, char const**, unsigned int, std::ios_base&, std::_Ios_Iostate&) const
00161444 00000244 W std::time_get<char, std::istreambuf_iterator<char, std::char_traits<char> > >::do_get_weekday(std::istreambuf_iterator<char, std::char_traits<char> >, std::istreambuf_iterator<char, std::char_traits<char> >, std::ios_base&, std::_Ios_Iostate&, tm*) const
00161688 000002b4 W std::time_get<char, std::istreambuf_iterator<char, std::char_traits<char> > >::do_get_monthname(std::istreambuf_iterator<char, std::char_traits<char> >, std::istreambuf_iterator<char, std::char_traits<char> >, std::ios_base&, std::_Ios_Iostate&, tm*) const
0016193c 000013ac W std::time_get<char, std::istreambuf_iterator<char, std::char_traits<char> > >::_M_extract_via_format(std::istreambuf_iterator<char, std::char_traits<char> >, std::istreambuf_iterator<char, std::char_traits<char> >, std::ios_base&, std::_Ios_Iostate&, tm*, char const*, std::__time_get_state&) const
0016193c 000013ac t std::time_get<char, std::istreambuf_iterator<char, std::char_traits<char> > >::_M_extract_via_format(std::istreambuf_iterator<char, std::char_traits<char> >, std::istreambuf_iterator<char, std::char_traits<char> >, std::ios_base&, std::_Ios_Iostate&, tm*, char const*, std::__time_get_state&) const [clone .localalias]
00162ce8 000001b8 W std::time_get<char, std::istreambuf_iterator<char, std::char_traits<char> > >::do_get_time(std::istreambuf_iterator<char, std::char_traits<char> >, std::istreambuf_iterator<char, std::char_traits<char> >, std::ios_base&, std::_Ios_Iostate&, tm*) const
00162ea0 000001b8 W std::time_get<char, std::istreambuf_iterator<char, std::char_traits<char> > >::do_get_date(std::istreambuf_iterator<char, std::char_traits<char> >, std::istreambuf_iterator<char, std::char_traits<char> >, std::ios_base&, std::_Ios_Iostate&, tm*) const
00163058 00000e94 W std::istreambuf_iterator<char, std::char_traits<char> > std::money_get<char, std::istreambuf_iterator<char, std::char_traits<char> > >::_M_extract<true>(std::istreambuf_iterator<char, std::char_traits<char> >, std::istreambuf_iterator<char, std::char_traits<char> >, std::ios_base&, std::_Ios_Iostate&, std::string&) const
00163eec 00000e94 W std::istreambuf_iterator<char, std::char_traits<char> > std::money_get<char, std::istreambuf_iterator<char, std::char_traits<char> > >::_M_extract<false>(std::istreambuf_iterator<char, std::char_traits<char> >, std::istreambuf_iterator<char, std::char_traits<char> >, std::ios_base&, std::_Ios_Iostate&, std::string&) const
00164505 N 
00164505 N 
00164505 N 
00164505 N 
00164505 N 
00164505 N 
00164505 N 
00164505 N 
00164505 N 
00164505 N 
00164505 N 
00164505 N 
00164505 N 
00164505 N 
00164505 N 
00164505 N 
00164505 N 
00164505 N 
00164505 N 
00164505 N 
00164505 N 
00164505 N 
00164505 N 
00164505 N 
00164505 N 
00164505 N 
00164505 N 
00164505 N 
00164505 N 
00164505 N 
00164505 N 
00164505 W KoreanFFF3FFFCMemoryRule.cpp.c944d767
00164d80 000000fc W std::money_get<char, std::istreambuf_iterator<char, std::char_traits<char> > >::do_get(std::istreambuf_iterator<char, std::char_traits<char> >, std::istreambuf_iterator<char, std::char_traits<char> >, bool, std::ios_base&, std::_Ios_Iostate&, long double&) const
00164e7c 000001f8 W std::money_get<char, std::istreambuf_iterator<char, std::char_traits<char> > >::do_get(std::istreambuf_iterator<char, std::char_traits<char> >, std::istreambuf_iterator<char, std::char_traits<char> >, bool, std::ios_base&, std::_Ios_Iostate&, std::string&) const
00165074 000000f4 t _GLOBAL__sub_I__ZNSt12ctype_bynameIcEC2ERKSsj
00165168 0000002c W __gnu_cxx::__throw_concurrence_lock_error()
00165198 00000b80 T std::locale::_Impl::_Impl(unsigned int)
00165198 00000b80 T std::locale::_Impl::_Impl(unsigned int)
00165d18 00000054 T std::locale::_S_initialize_once()
00165d70 00000148 T std::locale::locale()
00165d70 00000148 T std::locale::locale()
00165eb8 000000e4 W std::ostream::sentry::~sentry()
00165eb8 000000e4 W std::ostream::sentry::~sentry()
00165f9c 000001b8 W std::ostream::flush()
00166154 000000b0 W std::ostream::sentry::sentry(std::ostream&)
00166154 000000b0 W std::ostream::sentry::sentry(std::ostream&)
00166204 000001b0 W std::ostream::write(char const*, int)
001663b4 000001c0 W std::system_error::system_error(std::error_code, char const*)
001663b4 000001c0 W std::system_error::system_error(std::error_code, char const*)
00166574 00000004 W std::basic_streambuf<char, std::char_traits<char> >::imbue(std::locale const&)
00166578 00000004 W std::basic_streambuf<char, std::char_traits<char> >::setbuf(char*, int)
00166580 00000020 W std::basic_streambuf<char, std::char_traits<char> >::seekoff(long long, std::_Ios_Seekdir, std::_Ios_Openmode)
001665a0 00000028 W std::basic_streambuf<char, std::char_traits<char> >::seekpos(std::fpos<_mbstate_t>, std::_Ios_Openmode)
001665c8 00000008 W std::basic_streambuf<char, std::char_traits<char> >::sync()
001665d0 00000008 W std::basic_streambuf<char, std::char_traits<char> >::showmanyc()
001665d8 00000008 W std::basic_streambuf<char, std::char_traits<char> >::underflow()
001665e0 00000008 W std::basic_streambuf<char, std::char_traits<char> >::pbackfail(int)
001665e8 00000008 W std::basic_streambuf<char, std::char_traits<char> >::overflow(int)
001665f0 00000020 W std::basic_streambuf<char, std::char_traits<char> >::~basic_streambuf()
001665f0 00000020 W std::basic_streambuf<char, std::char_traits<char> >::~basic_streambuf()
00166610 00000028 W std::basic_streambuf<char, std::char_traits<char> >::~basic_streambuf()
00166638 000000bc W std::basic_streambuf<char, std::char_traits<char> >::xsputn(char const*, int)
001666f4 0000004c W std::basic_streambuf<char, std::char_traits<char> >::uflow()
00166740 000000f0 W std::basic_streambuf<char, std::char_traits<char> >::xsgetn(char*, int)
00166830 00000054 W std::__cxx11::basic_string<char, std::char_traits<char>, std::allocator<char> >::_M_create(unsigned int&, unsigned int)
00166884 00000014 W std::__cxx11::basic_string<char, std::char_traits<char>, std::allocator<char> >::_M_dispose()
00166898 00000094 W std::__cxx11::basic_string<char, std::char_traits<char>, std::allocator<char> >::_M_construct(unsigned int, char)
0016692c 000000c8 W std::__cxx11::basic_string<char, std::char_traits<char>, std::allocator<char> >::_M_assign(std::__cxx11::basic_string<char, std::char_traits<char>, std::allocator<char> > const&)
001669f4 00000104 W std::__cxx11::basic_string<char, std::char_traits<char>, std::allocator<char> >::_M_mutate(unsigned int, unsigned int, char const*, unsigned int)
00166af8 00000074 W std::__cxx11::basic_string<char, std::char_traits<char>, std::allocator<char> >::_M_erase(unsigned int, unsigned int)
00166b6c 00000098 W std::__cxx11::basic_string<char, std::char_traits<char>, std::allocator<char> >::reserve(unsigned int)
00166c04 00000110 W std::__cxx11::basic_string<char, std::char_traits<char>, std::allocator<char> >::_M_replace_aux(unsigned int, unsigned int, unsigned int, char)
00166d14 00000044 W std::__cxx11::basic_string<char, std::char_traits<char>, std::allocator<char> >::resize(unsigned int, char)
00166d58 00000140 W std::__cxx11::basic_string<char, std::char_traits<char>, std::allocator<char> >::_M_replace_cold(char*, unsigned int, char const*, unsigned int, unsigned int)
00166e98 00000130 W std::__cxx11::basic_string<char, std::char_traits<char>, std::allocator<char> >::_M_replace(unsigned int, unsigned int, char const*, unsigned int)
00166fc8 00000090 W std::__cxx11::basic_string<char, std::char_traits<char>, std::allocator<char> >::_M_append(char const*, unsigned int)
00167058 00000088 W std::__cxx11::basic_string<char, std::char_traits<char>, std::allocator<char> >::copy(char*, unsigned int, unsigned int) const
001670e0 00000188 W std::__cxx11::basic_string<char, std::char_traits<char>, std::allocator<char> >::swap(std::__cxx11::basic_string<char, std::char_traits<char>, std::allocator<char> >&)
00167268 00000048 W std::__cxx11::basic_string<char, std::char_traits<char>, std::allocator<char> >::rfind(char, unsigned int) const
001672b0 00000064 W std::__cxx11::basic_string<char, std::char_traits<char>, std::allocator<char> >::find_last_of(char const*, unsigned int, unsigned int) const
00167314 0000005c W std::__cxx11::basic_string<char, std::char_traits<char>, std::allocator<char> >::find_first_not_of(char, unsigned int) const
00167370 0000000c t (anonymous namespace)::generic_error_category::name() const
0016737c 00000020 t (anonymous namespace)::generic_error_category::equivalent(int, std::error_condition const&) const
0016739c 00000004 t (anonymous namespace)::generic_error_category::~generic_error_category()
0016739c 00000004 t (anonymous namespace)::generic_error_category::~generic_error_category()
001673a0 000000cc t (anonymous namespace)::system_error_category::default_error_condition(int) const
0016746c 0000000c T std::_V2::error_category::default_error_condition(int) const
00167478 00000020 T std::_V2::error_category::equivalent(std::error_code const&, int) const
00167498 0000010c t (anonymous namespace)::strerror_string(int)
001675a4 00000020 t (anonymous namespace)::system_error_category::message[abi:cxx11](int) const
001675a4 00000020 t (anonymous namespace)::generic_error_category::message[abi:cxx11](int) const
001675c4 0000001c t (anonymous namespace)::generic_error_category::~generic_error_category()
001675e0 00000020 T std::system_error::~system_error()
001675e0 00000020 T std::system_error::~system_error()
00167600 00000028 T std::system_error::~system_error()
00167628 00000078 T std::_V2::error_category::_M_message[abi:cxx11](int) const
001676a0 00000134 T std::_V2::error_category::equivalent(int, std::error_condition const&) const
001677d4 000000c0 T std::__throw_system_error(int)
00167894 00000004 T std::_V2::error_category::~error_category()
00167894 00000004 T std::_V2::error_category::~error_category()
00167898 0000000c T std::_V2::generic_category()
001678a4 0000000c W std::moneypunct<wchar_t, false>::do_decimal_point() const
001678b0 0000000c W std::moneypunct<wchar_t, false>::do_thousands_sep() const
001678bc 0000000c W std::moneypunct<wchar_t, false>::do_frac_digits() const
001678c8 00000014 W std::moneypunct<wchar_t, false>::do_pos_format() const
001678dc 00000014 W std::moneypunct<wchar_t, false>::do_neg_format() const
001678f0 0000000c W std::moneypunct<wchar_t, true>::do_decimal_point() const
001678fc 0000000c W std::moneypunct<wchar_t, true>::do_thousands_sep() const
00167908 0000000c W std::moneypunct<wchar_t, true>::do_frac_digits() const
00167914 00000014 W std::moneypunct<wchar_t, true>::do_pos_format() const
00167928 00000014 W std::moneypunct<wchar_t, true>::do_neg_format() const
0016793c 0000000c W std::numpunct<wchar_t>::do_decimal_point() const
00167948 0000000c W std::numpunct<wchar_t>::do_thousands_sep() const
00167954 00000008 W std::time_get<wchar_t, std::istreambuf_iterator<wchar_t, std::char_traits<wchar_t> > >::do_date_order() const
0016795c 00000008 W std::messages<wchar_t>::do_open(std::string const&, std::locale const&) const
00167964 00000004 W std::messages<wchar_t>::do_close(int) const
00167968 00000020 W std::collate<wchar_t>::do_hash(wchar_t const*, wchar_t const*) const
00167988 00000020 W std::num_get<wchar_t, std::istreambuf_iterator<wchar_t, std::char_traits<wchar_t> > >::~num_get()
00167988 00000020 W std::num_get<wchar_t, std::istreambuf_iterator<wchar_t, std::char_traits<wchar_t> > >::~num_get()
001679a8 00000020 W std::num_put<wchar_t, std::ostreambuf_iterator<wchar_t, std::char_traits<wchar_t> > >::~num_put()
001679a8 00000020 W std::num_put<wchar_t, std::ostreambuf_iterator<wchar_t, std::char_traits<wchar_t> > >::~num_put()
001679c8 00000020 W std::money_get<wchar_t, std::istreambuf_iterator<wchar_t, std::char_traits<wchar_t> > >::~money_get()
001679c8 00000020 W std::money_get<wchar_t, std::istreambuf_iterator<wchar_t, std::char_traits<wchar_t> > >::~money_get()
001679e8 00000020 W std::money_put<wchar_t, std::ostreambuf_iterator<wchar_t, std::char_traits<wchar_t> > >::~money_put()
001679e8 00000020 W std::money_put<wchar_t, std::ostreambuf_iterator<wchar_t, std::char_traits<wchar_t> > >::~money_put()
00167a08 00000020 W std::__timepunct_cache<wchar_t>::~__timepunct_cache()
00167a08 00000020 W std::__timepunct_cache<wchar_t>::~__timepunct_cache()
00167a28 00000020 W std::time_put<wchar_t, std::ostreambuf_iterator<wchar_t, std::char_traits<wchar_t> > >::~time_put()
00167a28 00000020 W std::time_put<wchar_t, std::ostreambuf_iterator<wchar_t, std::char_traits<wchar_t> > >::~time_put()
00167a48 00000020 W std::time_get<wchar_t, std::istreambuf_iterator<wchar_t, std::char_traits<wchar_t> > >::~time_get()
00167a48 00000020 W std::time_get<wchar_t, std::istreambuf_iterator<wchar_t, std::char_traits<wchar_t> > >::~time_get()
00167a68 00000028 W std::num_get<wchar_t, std::istreambuf_iterator<wchar_t, std::char_traits<wchar_t> > >::~num_get()
00167a90 00000028 W std::num_put<wchar_t, std::ostreambuf_iterator<wchar_t, std::char_traits<wchar_t> > >::~num_put()
00167ab8 00000028 W std::money_get<wchar_t, std::istreambuf_iterator<wchar_t, std::char_traits<wchar_t> > >::~money_get()
00167ae0 00000028 W std::money_put<wchar_t, std::ostreambuf_iterator<wchar_t, std::char_traits<wchar_t> > >::~money_put()
00167b08 0000001c W std::__timepunct_cache<wchar_t>::~__timepunct_cache()
00167b24 00000028 W std::time_put<wchar_t, std::ostreambuf_iterator<wchar_t, std::char_traits<wchar_t> > >::~time_put()
00167b4c 00000028 W std::time_get<wchar_t, std::istreambuf_iterator<wchar_t, std::char_traits<wchar_t> > >::~time_get()
00167b74 00000070 W std::__moneypunct_cache<wchar_t, false>::~__moneypunct_cache()
00167b74 00000070 W std::__moneypunct_cache<wchar_t, false>::~__moneypunct_cache()
00167be4 0000001c W std::__moneypunct_cache<wchar_t, false>::~__moneypunct_cache()
00167c00 00000070 W std::__moneypunct_cache<wchar_t, true>::~__moneypunct_cache()
00167c00 00000070 W std::__moneypunct_cache<wchar_t, true>::~__moneypunct_cache()
00167c70 0000001c W std::__moneypunct_cache<wchar_t, true>::~__moneypunct_cache()
00167c8c 00000060 W std::__numpunct_cache<wchar_t>::~__numpunct_cache()
00167c8c 00000060 W std::__numpunct_cache<wchar_t>::~__numpunct_cache()
00167cec 0000001c W std::__numpunct_cache<wchar_t>::~__numpunct_cache()
00167d08 00000028 W std::messages<wchar_t>::~messages()
00167d08 00000028 W std::messages<wchar_t>::~messages()
00167d30 0000001c W std::messages<wchar_t>::~messages()
00167d4c 00000028 W std::collate<wchar_t>::~collate()
00167d4c 00000028 W std::collate<wchar_t>::~collate()
00167d74 00000060 W std::__timepunct<wchar_t>::~__timepunct()
00167d74 00000060 W std::__timepunct<wchar_t>::~__timepunct()
00167dd4 0000001c W std::__timepunct<wchar_t>::~__timepunct()
00167df0 00000028 t std::basic_streambuf<wchar_t, std::char_traits<wchar_t> >::sbumpc() [clone .isra.0]
00167e18 00000058 t std::basic_string<wchar_t, std::char_traits<wchar_t>, std::allocator<wchar_t> >::~basic_string() [clone .isra.0]
00167e70 000000c0 t wchar_t* std::basic_string<wchar_t, std::char_traits<wchar_t>, std::allocator<wchar_t> >::_S_construct<wchar_t const*>(wchar_t const*, wchar_t const*, std::allocator<wchar_t> const&, std::forward_iterator_tag) [clone .isra.0]
00167f30 00000058 t std::basic_string<char, std::char_traits<char>, std::allocator<char> >::~basic_string() [clone .isra.0]
00167f88 00000030 W std::collate<wchar_t>::~collate()
00167fb8 000000cc W std::moneypunct<wchar_t, false>::do_grouping() const
00168084 000000cc W std::moneypunct<wchar_t, true>::do_grouping() const
00168150 000000cc W std::numpunct<wchar_t>::do_grouping() const
0016821c 00000168 W std::collate<wchar_t>::do_compare(wchar_t const*, wchar_t const*, wchar_t const*, wchar_t const*) const
00168384 00000130 W std::time_put<wchar_t, std::ostreambuf_iterator<wchar_t, std::char_traits<wchar_t> > >::do_put(std::ostreambuf_iterator<wchar_t, std::char_traits<wchar_t> >, std::ios_base&, wchar_t, tm const*, char, char) const
001684b4 000000d4 W std::moneypunct<wchar_t, false>::do_curr_symbol() const
00168588 000000d4 W std::moneypunct<wchar_t, false>::do_positive_sign() const
0016865c 000000d4 W std::moneypunct<wchar_t, false>::do_negative_sign() const
00168730 000000d4 W std::moneypunct<wchar_t, true>::do_curr_symbol() const
00168804 000000d4 W std::moneypunct<wchar_t, true>::do_positive_sign() const
001688d8 000000d4 W std::moneypunct<wchar_t, true>::do_negative_sign() const
001689ac 000000d4 W std::numpunct<wchar_t>::do_truename() const
00168a80 000000d4 W std::numpunct<wchar_t>::do_falsename() const
00168b54 000002e0 W std::collate<wchar_t>::do_transform(wchar_t const*, wchar_t const*) const
00168e34 00000798 W std::__moneypunct_cache<wchar_t, false>::_M_cache(std::locale const&)
001695cc 00000798 W std::__moneypunct_cache<wchar_t, true>::_M_cache(std::locale const&)
00169d64 000004d8 W std::__numpunct_cache<wchar_t>::_M_cache(std::locale const&)
0016a23c 000000b8 t std::__use_cache<std::__numpunct_cache<wchar_t> >::operator()(std::locale const&) const [clone .isra.0]
0016a2f4 0000004c W std::__timepunct<wchar_t>::__timepunct(std::__timepunct_cache<wchar_t>*, unsigned int)
0016a2f4 0000004c W std::__timepunct<wchar_t>::__timepunct(std::__timepunct_cache<wchar_t>*, unsigned int)
0016a340 0000026c W std::time_get<wchar_t, std::istreambuf_iterator<wchar_t, std::char_traits<wchar_t> > >::_M_extract_num(std::istreambuf_iterator<wchar_t, std::char_traits<wchar_t> >, std::istreambuf_iterator<wchar_t, std::char_traits<wchar_t> >, int&, int, int, unsigned int, std::ios_base&, std::_Ios_Iostate&) const
0016a5ac 0000003c W std::messages<wchar_t>::messages(unsigned int)
0016a5ac 0000003c W std::messages<wchar_t>::messages(unsigned int)
0016a5e8 00000178 W wchar_t* std::__add_grouping<wchar_t>(wchar_t*, wchar_t, char const*, unsigned int, wchar_t const*, wchar_t const*)
0016a760 000000b0 W std::num_put<wchar_t, std::ostreambuf_iterator<wchar_t, std::char_traits<wchar_t> > >::_M_group_float(char const*, unsigned int, wchar_t, wchar_t const*, wchar_t*, wchar_t*, int&) const
0016a810 00000054 W std::num_put<wchar_t, std::ostreambuf_iterator<wchar_t, std::char_traits<wchar_t> > >::_M_group_int(char const*, unsigned int, wchar_t, std::ios_base&, wchar_t*, wchar_t*, int&) const
0016a864 00000628 W std::ostreambuf_iterator<wchar_t, std::char_traits<wchar_t> > std::money_put<wchar_t, std::ostreambuf_iterator<wchar_t, std::char_traits<wchar_t> > >::_M_insert<true>(std::ostreambuf_iterator<wchar_t, std::char_traits<wchar_t> >, std::ios_base&, wchar_t, std::basic_string<wchar_t, std::char_traits<wchar_t>, std::allocator<wchar_t> > const&) const
0016ae8c 000005c4 W std::ostreambuf_iterator<wchar_t, std::char_traits<wchar_t> > std::money_put<wchar_t, std::ostreambuf_iterator<wchar_t, std::char_traits<wchar_t> > >::_M_insert<false>(std::ostreambuf_iterator<wchar_t, std::char_traits<wchar_t> >, std::ios_base&, wchar_t, std::basic_string<wchar_t, std::char_traits<wchar_t>, std::allocator<wchar_t> > const&) const
0016b450 000001d0 W std::money_put<wchar_t, std::ostreambuf_iterator<wchar_t, std::char_traits<wchar_t> > >::do_put(std::ostreambuf_iterator<wchar_t, std::char_traits<wchar_t> >, bool, std::ios_base&, wchar_t, long double) const
0016b620 00000054 W std::money_put<wchar_t, std::ostreambuf_iterator<wchar_t, std::char_traits<wchar_t> > >::do_put(std::ostreambuf_iterator<wchar_t, std::char_traits<wchar_t> >, bool, std::ios_base&, wchar_t, std::basic_string<wchar_t, std::char_traits<wchar_t>, std::allocator<wchar_t> > const&) const
0016b674 00000220 W std::__pad<wchar_t, std::char_traits<wchar_t> >::_S_pad(std::ios_base&, wchar_t, wchar_t*, wchar_t const*, int, int)
0016b894 00000034 W std::num_put<wchar_t, std::ostreambuf_iterator<wchar_t, std::char_traits<wchar_t> > >::_M_pad(wchar_t, int, std::ios_base&, wchar_t*, wchar_t const*, int&) const
0016b8c8 0000034c W std::ostreambuf_iterator<wchar_t, std::char_traits<wchar_t> > std::num_put<wchar_t, std::ostreambuf_iterator<wchar_t, std::char_traits<wchar_t> > >::_M_insert_float<double>(std::ostreambuf_iterator<wchar_t, std::char_traits<wchar_t> >, std::ios_base&, wchar_t, char, double) const
0016bc14 0000003c W std::num_put<wchar_t, std::ostreambuf_iterator<wchar_t, std::char_traits<wchar_t> > >::do_put(std::ostreambuf_iterator<wchar_t, std::char_traits<wchar_t> >, std::ios_base&, wchar_t, double) const
0016bc50 0000034c W std::ostreambuf_iterator<wchar_t, std::char_traits<wchar_t> > std::num_put<wchar_t, std::ostreambuf_iterator<wchar_t, std::char_traits<wchar_t> > >::_M_insert_float<long double>(std::ostreambuf_iterator<wchar_t, std::char_traits<wchar_t> >, std::ios_base&, wchar_t, char, long double) const
0016bf9c 0000003c W std::num_put<wchar_t, std::ostreambuf_iterator<wchar_t, std::char_traits<wchar_t> > >::do_put(std::ostreambuf_iterator<wchar_t, std::char_traits<wchar_t> >, std::ios_base&, wchar_t, long double) const
0016bfd8 000000b4 W int std::__int_to_char<wchar_t, unsigned long>(wchar_t*, unsigned long, wchar_t const*, std::_Ios_Fmtflags, bool)
0016c08c 00000238 W std::ostreambuf_iterator<wchar_t, std::char_traits<wchar_t> > std::num_put<wchar_t, std::ostreambuf_iterator<wchar_t, std::char_traits<wchar_t> > >::_M_insert_int<long>(std::ostreambuf_iterator<wchar_t, std::char_traits<wchar_t> >, std::ios_base&, wchar_t, long) const
0016c2c4 0000003c W std::num_put<wchar_t, std::ostreambuf_iterator<wchar_t, std::char_traits<wchar_t> > >::do_put(std::ostreambuf_iterator<wchar_t, std::char_traits<wchar_t> >, std::ios_base&, wchar_t, long) const
0016c300 000001b8 W std::num_put<wchar_t, std::ostreambuf_iterator<wchar_t, std::char_traits<wchar_t> > >::do_put(std::ostreambuf_iterator<wchar_t, std::char_traits<wchar_t> >, std::ios_base&, wchar_t, bool) const
0016c4b8 000001d4 W std::ostreambuf_iterator<wchar_t, std::char_traits<wchar_t> > std::num_put<wchar_t, std::ostreambuf_iterator<wchar_t, std::char_traits<wchar_t> > >::_M_insert_int<unsigned long>(std::ostreambuf_iterator<wchar_t, std::char_traits<wchar_t> >, std::ios_base&, wchar_t, unsigned long) const
0016c68c 0000003c W std::num_put<wchar_t, std::ostreambuf_iterator<wchar_t, std::char_traits<wchar_t> > >::do_put(std::ostreambuf_iterator<wchar_t, std::char_traits<wchar_t> >, std::ios_base&, wchar_t, unsigned long) const
0016c6c8 0000006c W std::num_put<wchar_t, std::ostreambuf_iterator<wchar_t, std::char_traits<wchar_t> > >::do_put(std::ostreambuf_iterator<wchar_t, std::char_traits<wchar_t> >, std::ios_base&, wchar_t, void const*) const
0016c734 00000118 W int std::__int_to_char<wchar_t, unsigned long long>(wchar_t*, unsigned long long, wchar_t const*, std::_Ios_Fmtflags, bool)
0016c84c 00000258 W std::ostreambuf_iterator<wchar_t, std::char_traits<wchar_t> > std::num_put<wchar_t, std::ostreambuf_iterator<wchar_t, std::char_traits<wchar_t> > >::_M_insert_int<long long>(std::ostreambuf_iterator<wchar_t, std::char_traits<wchar_t> >, std::ios_base&, wchar_t, long long) const
0016caa4 0000003c W std::num_put<wchar_t, std::ostreambuf_iterator<wchar_t, std::char_traits<wchar_t> > >::do_put(std::ostreambuf_iterator<wchar_t, std::char_traits<wchar_t> >, std::ios_base&, wchar_t, long long) const
0016cae0 000001f8 W std::ostreambuf_iterator<wchar_t, std::char_traits<wchar_t> > std::num_put<wchar_t, std::ostreambuf_iterator<wchar_t, std::char_traits<wchar_t> > >::_M_insert_int<unsigned long long>(std::ostreambuf_iterator<wchar_t, std::char_traits<wchar_t> >, std::ios_base&, wchar_t, unsigned long long) const
0016ccd8 0000003c W std::num_put<wchar_t, std::ostreambuf_iterator<wchar_t, std::char_traits<wchar_t> > >::do_put(std::ostreambuf_iterator<wchar_t, std::char_traits<wchar_t> >, std::ios_base&, wchar_t, unsigned long long) const
0016cd14 000000fc W std::istreambuf_iterator<wchar_t, std::char_traits<wchar_t> >::equal(std::istreambuf_iterator<wchar_t, std::char_traits<wchar_t> > const&) const
0016ce10 0000007c W std::istreambuf_iterator<wchar_t, std::char_traits<wchar_t> >::_M_get() const
0016ce8c 00000d40 W std::num_get<wchar_t, std::istreambuf_iterator<wchar_t, std::char_traits<wchar_t> > >::_M_extract_float(std::istreambuf_iterator<wchar_t, std::char_traits<wchar_t> >, std::istreambuf_iterator<wchar_t, std::char_traits<wchar_t> >, std::ios_base&, std::_Ios_Iostate&, std::string&) const
0016dbcc 000001dc W std::num_get<wchar_t, std::istreambuf_iterator<wchar_t, std::char_traits<wchar_t> > >::do_get(std::istreambuf_iterator<wchar_t, std::char_traits<wchar_t> >, std::istreambuf_iterator<wchar_t, std::char_traits<wchar_t> >, std::ios_base&, std::_Ios_Iostate&, float&) const
0016dda8 000001dc W std::num_get<wchar_t, std::istreambuf_iterator<wchar_t, std::char_traits<wchar_t> > >::do_get(std::istreambuf_iterator<wchar_t, std::char_traits<wchar_t> >, std::istreambuf_iterator<wchar_t, std::char_traits<wchar_t> >, std::ios_base&, std::_Ios_Iostate&, double&) const
0016df84 000001dc W std::num_get<wchar_t, std::istreambuf_iterator<wchar_t, std::char_traits<wchar_t> > >::do_get(std::istreambuf_iterator<wchar_t, std::char_traits<wchar_t> >, std::istreambuf_iterator<wchar_t, std::char_traits<wchar_t> >, std::ios_base&, std::_Ios_Iostate&, long double&) const
0016e160 0000099c W std::istreambuf_iterator<wchar_t, std::char_traits<wchar_t> > std::num_get<wchar_t, std::istreambuf_iterator<wchar_t, std::char_traits<wchar_t> > >::_M_extract_int<long>(std::istreambuf_iterator<wchar_t, std::char_traits<wchar_t> >, std::istreambuf_iterator<wchar_t, std::char_traits<wchar_t> >, std::ios_base&, std::_Ios_Iostate&, long&) const
0016eafc 00000514 W std::num_get<wchar_t, std::istreambuf_iterator<wchar_t, std::char_traits<wchar_t> > >::do_get(std::istreambuf_iterator<wchar_t, std::char_traits<wchar_t> >, std::istreambuf_iterator<wchar_t, std::char_traits<wchar_t> >, std::ios_base&, std::_Ios_Iostate&, bool&) const
0016f010 00000048 W std::num_get<wchar_t, std::istreambuf_iterator<wchar_t, std::char_traits<wchar_t> > >::do_get(std::istreambuf_iterator<wchar_t, std::char_traits<wchar_t> >, std::istreambuf_iterator<wchar_t, std::char_traits<wchar_t> >, std::ios_base&, std::_Ios_Iostate&, long&) const
0016f058 00000a64 W std::istreambuf_iterator<wchar_t, std::char_traits<wchar_t> > std::num_get<wchar_t, std::istreambuf_iterator<wchar_t, std::char_traits<wchar_t> > >::_M_extract_int<unsigned short>(std::istreambuf_iterator<wchar_t, std::char_traits<wchar_t> >, std::istreambuf_iterator<wchar_t, std::char_traits<wchar_t> >, std::ios_base&, std::_Ios_Iostate&, unsigned short&) const
0016fabc 00000048 W std::num_get<wchar_t, std::istreambuf_iterator<wchar_t, std::char_traits<wchar_t> > >::do_get(std::istreambuf_iterator<wchar_t, std::char_traits<wchar_t> >, std::istreambuf_iterator<wchar_t, std::char_traits<wchar_t> >, std::ios_base&, std::_Ios_Iostate&, unsigned short&) const
0016fb04 00000a08 W std::istreambuf_iterator<wchar_t, std::char_traits<wchar_t> > std::num_get<wchar_t, std::istreambuf_iterator<wchar_t, std::char_traits<wchar_t> > >::_M_extract_int<unsigned int>(std::istreambuf_iterator<wchar_t, std::char_traits<wchar_t> >, std::istreambuf_iterator<wchar_t, std::char_traits<wchar_t> >, std::ios_base&, std::_Ios_Iostate&, unsigned int&) const
0017050c 00000048 W std::num_get<wchar_t, std::istreambuf_iterator<wchar_t, std::char_traits<wchar_t> > >::do_get(std::istreambuf_iterator<wchar_t, std::char_traits<wchar_t> >, std::istreambuf_iterator<wchar_t, std::char_traits<wchar_t> >, std::ios_base&, std::_Ios_Iostate&, unsigned int&) const
00170554 00000a08 W std::istreambuf_iterator<wchar_t, std::char_traits<wchar_t> > std::num_get<wchar_t, std::istreambuf_iterator<wchar_t, std::char_traits<wchar_t> > >::_M_extract_int<unsigned long>(std::istreambuf_iterator<wchar_t, std::char_traits<wchar_t> >, std::istreambuf_iterator<wchar_t, std::char_traits<wchar_t> >, std::ios_base&, std::_Ios_Iostate&, unsigned long&) const
00170f5c 00000048 W std::num_get<wchar_t, std::istreambuf_iterator<wchar_t, std::char_traits<wchar_t> > >::do_get(std::istreambuf_iterator<wchar_t, std::char_traits<wchar_t> >, std::istreambuf_iterator<wchar_t, std::char_traits<wchar_t> >, std::ios_base&, std::_Ios_Iostate&, unsigned long&) const
00170fa4 0000007c W std::num_get<wchar_t, std::istreambuf_iterator<wchar_t, std::char_traits<wchar_t> > >::do_get(std::istreambuf_iterator<wchar_t, std::char_traits<wchar_t> >, std::istreambuf_iterator<wchar_t, std::char_traits<wchar_t> >, std::ios_base&, std::_Ios_Iostate&, void*&) const
00171020 00000a34 W std::istreambuf_iterator<wchar_t, std::char_traits<wchar_t> > std::num_get<wchar_t, std::istreambuf_iterator<wchar_t, std::char_traits<wchar_t> > >::_M_extract_int<long long>(std::istreambuf_iterator<wchar_t, std::char_traits<wchar_t> >, std::istreambuf_iterator<wchar_t, std::char_traits<wchar_t> >, std::ios_base&, std::_Ios_Iostate&, long long&) const
00171a54 00000048 W std::num_get<wchar_t, std::istreambuf_iterator<wchar_t, std::char_traits<wchar_t> > >::do_get(std::istreambuf_iterator<wchar_t, std::char_traits<wchar_t> >, std::istreambuf_iterator<wchar_t, std::char_traits<wchar_t> >, std::ios_base&, std::_Ios_Iostate&, long long&) const
00171a9c 00000af0 W std::istreambuf_iterator<wchar_t, std::char_traits<wchar_t> > std::num_get<wchar_t, std::istreambuf_iterator<wchar_t, std::char_traits<wchar_t> > >::_M_extract_int<unsigned long long>(std::istreambuf_iterator<wchar_t, std::char_traits<wchar_t> >, std::istreambuf_iterator<wchar_t, std::char_traits<wchar_t> >, std::ios_base&, std::_Ios_Iostate&, unsigned long long&) const
0017258c 00000048 W std::num_get<wchar_t, std::istreambuf_iterator<wchar_t, std::char_traits<wchar_t> > >::do_get(std::istreambuf_iterator<wchar_t, std::char_traits<wchar_t> >, std::istreambuf_iterator<wchar_t, std::char_traits<wchar_t> >, std::ios_base&, std::_Ios_Iostate&, unsigned long long&) const
001725d4 000002f4 W std::time_get<wchar_t, std::istreambuf_iterator<wchar_t, std::char_traits<wchar_t> > >::do_get_year(std::istreambuf_iterator<wchar_t, std::char_traits<wchar_t> >, std::istreambuf_iterator<wchar_t, std::char_traits<wchar_t> >, std::ios_base&, std::_Ios_Iostate&, tm*) const
001728c8 00000af0 W std::time_get<wchar_t, std::istreambuf_iterator<wchar_t, std::char_traits<wchar_t> > >::_M_extract_name(std::istreambuf_iterator<wchar_t, std::char_traits<wchar_t> >, std::istreambuf_iterator<wchar_t, std::char_traits<wchar_t> >, int&, wchar_t const**, unsigned int, std::ios_base&, std::_Ios_Iostate&) const
001733b8 000005b4 W std::time_get<wchar_t, std::istreambuf_iterator<wchar_t, std::char_traits<wchar_t> > >::_M_extract_wday_or_month(std::istreambuf_iterator<wchar_t, std::char_traits<wchar_t> >, std::istreambuf_iterator<wchar_t, std::char_traits<wchar_t> >, int&, wchar_t const**, unsigned int, std::ios_base&, std::_Ios_Iostate&) const
0017396c 00000258 W std::time_get<wchar_t, std::istreambuf_iterator<wchar_t, std::char_traits<wchar_t> > >::do_get_weekday(std::istreambuf_iterator<wchar_t, std::char_traits<wchar_t> >, std::istreambuf_iterator<wchar_t, std::char_traits<wchar_t> >, std::ios_base&, std::_Ios_Iostate&, tm*) const
00173bc4 000002d0 W std::time_get<wchar_t, std::istreambuf_iterator<wchar_t, std::char_traits<wchar_t> > >::do_get_monthname(std::istreambuf_iterator<wchar_t, std::char_traits<wchar_t> >, std::istreambuf_iterator<wchar_t, std::char_traits<wchar_t> >, std::ios_base&, std::_Ios_Iostate&, tm*) const
00173e94 000016e4 W std::time_get<wchar_t, std::istreambuf_iterator<wchar_t, std::char_traits<wchar_t> > >::_M_extract_via_format(std::istreambuf_iterator<wchar_t, std::char_traits<wchar_t> >, std::istreambuf_iterator<wchar_t, std::char_traits<wchar_t> >, std::ios_base&, std::_Ios_Iostate&, tm*, wchar_t const*, std::__time_get_state&) const
00173e94 000016e4 t std::time_get<wchar_t, std::istreambuf_iterator<wchar_t, std::char_traits<wchar_t> > >::_M_extract_via_format(std::istreambuf_iterator<wchar_t, std::char_traits<wchar_t> >, std::istreambuf_iterator<wchar_t, std::char_traits<wchar_t> >, std::ios_base&, std::_Ios_Iostate&, tm*, wchar_t const*, std::__time_get_state&) const [clone .localalias]
00174c76 N 
00174c76 N 
00174c76 N 
00174c76 N 
00174c76 N 
00174c76 N 
00174c76 N 
00174c76 N 
00174c76 N 
00174c76 N 
00174c76 N 
00174c76 N 
00174c76 N 
00174c76 N 
00174c76 N 
00174c76 N 
00174c76 N 
00174c76 N 
00174c76 N 
00174c76 N 
00174c76 N 
00174c76 N 
00174c76 N 
00174c76 N 
00174c76 N 
00174c76 N 
00174c76 N 
00174c76 N 
00174c76 N 
00174c76 N 
00174c76 N 
00174c76 W KoreanFFFEMemoryRule.cpp.17d13a31
00175578 000001d0 W std::time_get<wchar_t, std::istreambuf_iterator<wchar_t, std::char_traits<wchar_t> > >::do_get_time(std::istreambuf_iterator<wchar_t, std::char_traits<wchar_t> >, std::istreambuf_iterator<wchar_t, std::char_traits<wchar_t> >, std::ios_base&, std::_Ios_Iostate&, tm*) const
00175748 000001d0 W std::time_get<wchar_t, std::istreambuf_iterator<wchar_t, std::char_traits<wchar_t> > >::do_get_date(std::istreambuf_iterator<wchar_t, std::char_traits<wchar_t> >, std::istreambuf_iterator<wchar_t, std::char_traits<wchar_t> >, std::ios_base&, std::_Ios_Iostate&, tm*) const
00175918 0000103c W std::istreambuf_iterator<wchar_t, std::char_traits<wchar_t> > std::money_get<wchar_t, std::istreambuf_iterator<wchar_t, std::char_traits<wchar_t> > >::_M_extract<true>(std::istreambuf_iterator<wchar_t, std::char_traits<wchar_t> >, std::istreambuf_iterator<wchar_t, std::char_traits<wchar_t> >, std::ios_base&, std::_Ios_Iostate&, std::string&) const
00176954 0000103c W std::istreambuf_iterator<wchar_t, std::char_traits<wchar_t> > std::money_get<wchar_t, std::istreambuf_iterator<wchar_t, std::char_traits<wchar_t> > >::_M_extract<false>(std::istreambuf_iterator<wchar_t, std::char_traits<wchar_t> >, std::istreambuf_iterator<wchar_t, std::char_traits<wchar_t> >, std::ios_base&, std::_Ios_Iostate&, std::string&) const
00177990 000000fc W std::money_get<wchar_t, std::istreambuf_iterator<wchar_t, std::char_traits<wchar_t> > >::do_get(std::istreambuf_iterator<wchar_t, std::char_traits<wchar_t> >, std::istreambuf_iterator<wchar_t, std::char_traits<wchar_t> >, bool, std::ios_base&, std::_Ios_Iostate&, long double&) const
00177a8c 00000190 W std::money_get<wchar_t, std::istreambuf_iterator<wchar_t, std::char_traits<wchar_t> > >::do_get(std::istreambuf_iterator<wchar_t, std::char_traits<wchar_t> >, std::istreambuf_iterator<wchar_t, std::char_traits<wchar_t> >, bool, std::ios_base&, std::_Ios_Iostate&, std::basic_string<wchar_t, std::char_traits<wchar_t>, std::allocator<wchar_t> >&) const
00177c1c 000000f4 t _GLOBAL__sub_I__ZNSt12ctype_bynameIwEC2ERKSsj
00177d10 0000005c W std::__cxx11::basic_string<wchar_t, std::char_traits<wchar_t>, std::allocator<wchar_t> >::_M_create(unsigned int&, unsigned int)
00177d6c 00000014 W std::__cxx11::basic_string<wchar_t, std::char_traits<wchar_t>, std::allocator<wchar_t> >::_M_dispose()
00177d80 00000090 W std::__cxx11::basic_string<wchar_t, std::char_traits<wchar_t>, std::allocator<wchar_t> >::_M_construct(unsigned int, wchar_t)
00177e10 00000104 W std::__cxx11::basic_string<wchar_t, std::char_traits<wchar_t>, std::allocator<wchar_t> >::_M_mutate(unsigned int, unsigned int, wchar_t const*, unsigned int)
00177f14 0000009c W std::__cxx11::basic_string<wchar_t, std::char_traits<wchar_t>, std::allocator<wchar_t> >::reserve(unsigned int)
00177fb0 00000108 W std::__cxx11::basic_string<wchar_t, std::char_traits<wchar_t>, std::allocator<wchar_t> >::_M_replace_aux(unsigned int, unsigned int, unsigned int, wchar_t)
001780b8 00000044 W std::__cxx11::basic_string<wchar_t, std::char_traits<wchar_t>, std::allocator<wchar_t> >::resize(unsigned int, wchar_t)
001780fc 00000144 W std::__cxx11::basic_string<wchar_t, std::char_traits<wchar_t>, std::allocator<wchar_t> >::_M_replace_cold(wchar_t*, unsigned int, wchar_t const*, unsigned int, unsigned int)
00178240 00000130 W std::__cxx11::basic_string<wchar_t, std::char_traits<wchar_t>, std::allocator<wchar_t> >::_M_replace(unsigned int, unsigned int, wchar_t const*, unsigned int)
00178370 0000008c W std::__cxx11::basic_string<wchar_t, std::char_traits<wchar_t>, std::allocator<wchar_t> >::_M_append(wchar_t const*, unsigned int)
001783fc 00000088 W std::__cxx11::basic_string<wchar_t, std::char_traits<wchar_t>, std::allocator<wchar_t> >::copy(wchar_t*, unsigned int, unsigned int) const
00178484 000000a8 W void std::__cxx11::basic_string<wchar_t, std::char_traits<wchar_t>, std::allocator<wchar_t> >::_M_construct<true>(wchar_t const*, unsigned int)
0017852c 0000000c T std::bad_alloc::what() const
00178538 00000020 T std::bad_alloc::~bad_alloc()
00178538 00000020 T std::bad_alloc::~bad_alloc()
00178558 0000002c T std::bad_alloc::~bad_alloc()
00178584 0000000c T std::bad_array_new_length::what() const
00178590 00000020 T std::bad_array_new_length::~bad_array_new_length()
00178590 00000020 T std::bad_array_new_length::~bad_array_new_length()
001785b0 0000002c T std::bad_array_new_length::~bad_array_new_length()
001785dc 0000000c T std::bad_cast::what() const
001785e8 00000020 T std::bad_cast::~bad_cast()
001785e8 00000020 T std::bad_cast::~bad_cast()
00178608 0000002c T std::bad_cast::~bad_cast()
00178634 00000014 T __cxxabiv1::__class_type_info::__do_find_public_src(int, void const*, __cxxabiv1::__class_type_info const*, void const*) const
00178648 00000020 T __cxxabiv1::__class_type_info::~__class_type_info()
00178648 00000020 T __cxxabiv1::__class_type_info::~__class_type_info()
00178668 0000002c T __cxxabiv1::__class_type_info::~__class_type_info()
00178694 00000084 T __cxxabiv1::__class_type_info::__do_dyncast(int, __cxxabiv1::__class_type_info::__sub_kind, __cxxabiv1::__class_type_info const*, void const*, __cxxabiv1::__class_type_info const*, void const*, __cxxabiv1::__class_type_info::__dyncast_result&) const
00178718 00000038 T __cxxabiv1::__class_type_info::__do_upcast(__cxxabiv1::__class_type_info const*, void const*, __cxxabiv1::__class_type_info::__upcast_result&) const
00178750 00000090 T __cxxabiv1::__class_type_info::__do_upcast(__cxxabiv1::__class_type_info const*, void**) const
001787e0 0000005c T __cxxabiv1::__class_type_info::__do_catch(std::type_info const*, void**, unsigned int) const
0017883c 00000004 T operator delete(void*, unsigned int)
00178840 00000184 T __dynamic_cast
001789c4 000000f4 t (anonymous namespace)::pool::free(void*) [clone .constprop.0]
00178ab8 000000b8 t (anonymous namespace)::pool::allocate(unsigned int) [clone .constprop.0]
00178b70 00000044 T __cxa_allocate_exception
00178bb4 00000028 T __cxa_free_exception
00178bdc 000001a0 t _GLOBAL__sub_I__ZN9__gnu_cxx9__freeresEv
00178d7c 00000018 t _GLOBAL__sub_D__ZN9__gnu_cxx9__freeresEv
00178d94 T __cxa_end_cleanup
00178da4 00000138 T __cxa_type_match
00178edc 000000b4 T __cxa_begin_cleanup
00178f90 000000b0 T __gnu_end_cleanup
00179040 0000002c T __cxa_throw_bad_array_new_length
0017906c 00000070 t __cxxabiv1::__is_gxx_exception_class(char*)
001790dc 0000002c T __cxa_call_terminate
00179108 0000014c T __cxa_call_unexpected
00179254 000000e0 T __cxa_begin_catch
00179334 000000e0 T __cxa_end_catch
00179414 00000018 T std::uncaught_exception()
0017942c 00000004 T std::exception::~exception()
0017942c 00000004 T std::exception::~exception()
00179430 00000004 T std::bad_exception::~bad_exception()
00179430 00000004 T std::bad_exception::~bad_exception()
00179434 0000000c T transaction clone for std::bad_exception::what() const
00179434 0000000c T std::bad_exception::what() const
00179440 00000020 T std::bad_exception::~bad_exception()
00179460 00000038 t eh_globals_dtor(void*)
00179498 00000038 T __cxa_get_globals_fast
001794d0 00000090 T __cxa_get_globals
00179560 00000030 t _GLOBAL__sub_I__ZN17__eh_globals_init7_S_initE
00179590 00000034 t _GLOBAL__sub_D__ZN17__eh_globals_init7_S_initE
001795c4 00000150 t read_encoded_value_with_base(unsigned char, unsigned int, unsigned char const*, unsigned int*)
00179714 00000058 t base_of_encoded_value(unsigned char, _Unwind_Context*)
0017976c 000000f0 t parse_lsda_header(_Unwind_Context*, unsigned char const*, lsda_header_info*)
0017985c 0000074c T __gxx_personality_v0
00179fa8 00000014 T __cxxabiv1::__terminate(void (*)())
00179fbc 00000018 T std::terminate()
00179fd4 0000000c T __cxxabiv1::__unexpected(void (*)())
00179fe0 00000018 T std::unexpected()
00179ff8 00000014 T std::get_terminate()
0017a00c 00000014 T std::get_unexpected()
0017a020 00000070 t __gxx_exception_cleanup(_Unwind_Reason_Code, _Unwind_Control_Block*)
0017a090 00000080 T __cxa_throw
0017a110 000000b0 T __cxa_rethrow
0017a1c0 0000000c W __gnu_cxx::__concurrence_broadcast_error::what() const
0017a1cc 0000000c W __gnu_cxx::__concurrence_wait_error::what() const
0017a1d8 00000038 t (anonymous namespace)::init()
0017a210 00000024 t (anonymous namespace)::init_static_cond()
0017a234 00000020 W __gnu_cxx::__concurrence_wait_error::~__concurrence_wait_error()
0017a234 00000020 W __gnu_cxx::__concurrence_wait_error::~__concurrence_wait_error()
0017a254 0000002c W __gnu_cxx::__concurrence_wait_error::~__concurrence_wait_error()
0017a280 00000020 W __gnu_cxx::__concurrence_broadcast_error::~__concurrence_broadcast_error()
0017a280 00000020 W __gnu_cxx::__concurrence_broadcast_error::~__concurrence_broadcast_error()
0017a2a0 0000002c W __gnu_cxx::__concurrence_broadcast_error::~__concurrence_broadcast_error()
0017a2cc 0000002c W __gnu_cxx::__throw_concurrence_broadcast_error()
0017a2f8 00000124 T __cxa_guard_acquire
0017a41c 0000008c T __cxa_guard_release
0017a4a8 00000014 T std::get_new_handler()
0017a4bc 0000001c T operator new[](unsigned int, std::nothrow_t const&)
0017a4d8 00000020 T __cxxabiv1::__si_class_type_info::~__si_class_type_info()
0017a4d8 00000020 T __cxxabiv1::__si_class_type_info::~__si_class_type_info()
0017a4f8 0000002c T __cxxabiv1::__si_class_type_info::~__si_class_type_info()
0017a524 0000006c T __cxxabiv1::__si_class_type_info::__do_find_public_src(int, void const*, __cxxabiv1::__class_type_info const*, void const*) const
0017a590 000000e4 T __cxxabiv1::__si_class_type_info::__do_dyncast(int, __cxxabiv1::__class_type_info::__sub_kind, __cxxabiv1::__class_type_info const*, void const*, __cxxabiv1::__class_type_info const*, void const*, __cxxabiv1::__class_type_info::__dyncast_result&) const
0017a674 00000044 T __cxxabiv1::__si_class_type_info::__do_upcast(__cxxabiv1::__class_type_info const*, void const*, __cxxabiv1::__class_type_info::__upcast_result&) const
0017a6b8 00000004 T std::type_info::~type_info()
0017a6b8 00000004 T std::type_info::~type_info()
0017a6bc 00000008 T std::type_info::__is_pointer_p() const
0017a6bc 00000008 T std::type_info::__is_function_p() const
0017a6c4 0000004c T std::type_info::__equal(std::type_info const&) const
0017a6c4 0000004c T std::type_info::operator==(std::type_info const&) const
0017a710 00000020 T __cxxabiv1::__vmi_class_type_info::~__vmi_class_type_info()
0017a710 00000020 T __cxxabiv1::__vmi_class_type_info::~__vmi_class_type_info()
0017a730 0000002c T __cxxabiv1::__vmi_class_type_info::~__vmi_class_type_info()
0017a75c 000000cc T __cxxabiv1::__vmi_class_type_info::__do_find_public_src(int, void const*, __cxxabiv1::__class_type_info const*, void const*) const
0017a828 000006ac T __cxxabiv1::__vmi_class_type_info::__do_dyncast(int, __cxxabiv1::__class_type_info::__sub_kind, __cxxabiv1::__class_type_info const*, void const*, __cxxabiv1::__class_type_info const*, void const*, __cxxabiv1::__class_type_info::__dyncast_result&) const
0017aed4 00000264 t __cxxabiv1::__vmi_class_type_info::__do_upcast(__cxxabiv1::__class_type_info const*, void const*, __cxxabiv1::__class_type_info::__upcast_result&) const [clone .part.0]
0017b138 00000038 T __cxxabiv1::__vmi_class_type_info::__do_upcast(__cxxabiv1::__class_type_info const*, void const*, __cxxabiv1::__class_type_info::__upcast_result&) const
0017b170 00000068 t std::(anonymous namespace)::__set_C_locale()
0017b1d8 000000c4 T void std::__convert_to_v<float>(char const*, float&, std::_Ios_Iostate&, int* const&)
0017b2a0 000000dc T void std::__convert_to_v<double>(char const*, double&, std::_Ios_Iostate&, int* const&)
0017b380 000000d0 T void std::__convert_to_v<long double>(char const*, long double&, std::_Ios_Iostate&, int* const&)
0017b450 00000034 T std::locale::facet::_S_create_c_locale(int*&, char const*, int*)
0017b484 0000000c T std::locale::facet::_S_destroy_c_locale(int*&)
0017b490 0000001c T std::codecvt<char, char, _mbstate_t>::do_in(_mbstate_t&, char const*, char const*, char const*&, char*, char*, char*&) const
0017b490 0000001c T std::codecvt<char, char, _mbstate_t>::do_out(_mbstate_t&, char const*, char const*, char const*&, char*, char*, char*&) const
0017b4ac 00000010 T std::codecvt<char, char, _mbstate_t>::do_unshift(_mbstate_t&, char*, char*, char*&) const
0017b4ac 00000010 T std::codecvt<wchar_t, char, _mbstate_t>::do_unshift(_mbstate_t&, char*, char*, char*&) const
0017b4bc 00000008 T std::codecvt<char, char, _mbstate_t>::do_encoding() const
0017b4bc 00000008 T std::codecvt<char, char, _mbstate_t>::do_max_length() const
0017b4c4 00000008 T std::codecvt<char, char, _mbstate_t>::do_always_noconv() const
0017b4cc 00000014 T std::codecvt<char, char, _mbstate_t>::do_length(_mbstate_t&, char const*, char const*, unsigned int) const
0017b4e0 00000008 T std::codecvt<wchar_t, char, _mbstate_t>::do_always_noconv() const
0017b4e8 00000048 T std::codecvt<char, char, _mbstate_t>::~codecvt()
0017b4e8 00000048 T std::codecvt<char, char, _mbstate_t>::~codecvt()
0017b530 00000048 T std::codecvt<wchar_t, char, _mbstate_t>::~codecvt()
0017b530 00000048 T std::codecvt<wchar_t, char, _mbstate_t>::~codecvt()
0017b578 0000005c T std::codecvt<char, char, _mbstate_t>::~codecvt()
0017b5d4 0000005c T std::codecvt<wchar_t, char, _mbstate_t>::~codecvt()
0017b630 00000048 T std::codecvt<char, char, _mbstate_t>::codecvt(unsigned int)
0017b630 00000048 T std::codecvt<char, char, _mbstate_t>::codecvt(unsigned int)
0017b678 00000048 T std::codecvt<wchar_t, char, _mbstate_t>::codecvt(unsigned int)
0017b678 00000048 T std::codecvt<wchar_t, char, _mbstate_t>::codecvt(unsigned int)
0017b6c0 0000015c T std::codecvt<wchar_t, char, _mbstate_t>::do_out(_mbstate_t&, wchar_t const*, wchar_t const*, wchar_t const*&, char*, char*, char*&) const
0017b81c 000000c0 T std::codecvt<wchar_t, char, _mbstate_t>::do_in(_mbstate_t&, char const*, char const*, char const*&, wchar_t*, wchar_t*, wchar_t*&) const
0017b8dc 00000028 T std::codecvt<wchar_t, char, _mbstate_t>::do_encoding() const
0017b904 0000001c T std::codecvt<wchar_t, char, _mbstate_t>::do_max_length() const
0017b920 000000a0 T std::codecvt<wchar_t, char, _mbstate_t>::do_length(_mbstate_t&, char const*, char const*, unsigned int) const
0017b9c0 00000020 T std::__cxx11::collate<char>::_M_compare(char const*, char const*) const
0017b9e0 00000010 T std::__cxx11::collate<char>::_M_transform(char*, char const*, unsigned int) const
0017b9f0 00000020 T std::__cxx11::collate<wchar_t>::_M_compare(wchar_t const*, wchar_t const*) const
0017ba10 00000010 T std::__cxx11::collate<wchar_t>::_M_transform(wchar_t*, wchar_t const*, unsigned int) const
0017ba20 00000020 T std::collate<char>::_M_compare(char const*, char const*) const
0017ba40 00000010 T std::collate<char>::_M_transform(char*, char const*, unsigned int) const
0017ba50 00000020 T std::collate<wchar_t>::_M_compare(wchar_t const*, wchar_t const*) const
0017ba70 00000010 T std::collate<wchar_t>::_M_transform(wchar_t*, wchar_t const*, unsigned int) const
0017ba80 00000048 T std::ios_base::_M_init()
0017bac8 000000d8 t std::(anonymous namespace)::day_of_the_week(int, int, int)
0017bba0 000000e4 T std::__num_base::_S_format_float(std::ios_base const&, char*, char)
0017bc84 000000e0 T std::__verify_grouping_impl(char const*, unsigned int, char const*, unsigned int)
0017bd64 0000000c T std::__verify_grouping(char const*, unsigned int, std::string const&)
0017bd70 000006c8 T std::__time_get_state::_M_finalize_state(tm*)
0017c438 000000cc T std::__cxx11::messages<char>::do_get(int, int, int, std::__cxx11::basic_string<char, std::char_traits<char>, std::allocator<char> > const&) const
0017c504 000000c8 T std::__cxx11::messages<wchar_t>::do_get(int, int, int, std::__cxx11::basic_string<wchar_t, std::char_traits<wchar_t>, std::allocator<wchar_t> > const&) const
0017c5cc 00000088 T std::messages<char>::do_get(int, int, int, std::string const&) const
0017c654 00000088 T std::messages<wchar_t>::do_get(int, int, int, std::basic_string<wchar_t, std::char_traits<wchar_t>, std::allocator<wchar_t> > const&) const
0017c6dc 00000020 T std::__verify_grouping(char const*, unsigned int, std::__cxx11::basic_string<char, std::char_traits<char>, std::allocator<char> > const&)
0017c6fc 00000108 T std::__cxx11::moneypunct<char, true>::_M_initialize_moneypunct(int*, char const*)
0017c804 00000108 T std::__cxx11::moneypunct<char, false>::_M_initialize_moneypunct(int*, char const*)
0017c90c 00000048 T std::__cxx11::moneypunct<char, true>::~moneypunct()
0017c90c 00000048 T std::__cxx11::moneypunct<char, true>::~moneypunct()
0017c954 0000005c T std::__cxx11::moneypunct<char, true>::~moneypunct()
0017c9b0 00000048 T std::__cxx11::moneypunct<char, false>::~moneypunct()
0017c9b0 00000048 T std::__cxx11::moneypunct<char, false>::~moneypunct()
0017c9f8 0000005c T std::__cxx11::moneypunct<char, false>::~moneypunct()
0017ca54 00000118 T std::__cxx11::moneypunct<wchar_t, true>::_M_initialize_moneypunct(int*, char const*)
0017cb6c 00000118 T std::__cxx11::moneypunct<wchar_t, false>::_M_initialize_moneypunct(int*, char const*)
0017cc84 00000048 T std::__cxx11::moneypunct<wchar_t, true>::~moneypunct()
0017cc84 00000048 T std::__cxx11::moneypunct<wchar_t, true>::~moneypunct()
0017cccc 0000005c T std::__cxx11::moneypunct<wchar_t, true>::~moneypunct()
0017cd28 00000048 T std::__cxx11::moneypunct<wchar_t, false>::~moneypunct()
0017cd28 00000048 T std::__cxx11::moneypunct<wchar_t, false>::~moneypunct()
0017cd70 0000005c T std::__cxx11::moneypunct<wchar_t, false>::~moneypunct()
0017cdcc 00000108 T std::moneypunct<char, true>::_M_initialize_moneypunct(int*, char const*)
0017ced4 00000108 T std::moneypunct<char, false>::_M_initialize_moneypunct(int*, char const*)
0017cfdc 00000078 T std::moneypunct<char, true>::~moneypunct()
0017cfdc 00000078 T std::moneypunct<char, true>::~moneypunct()
0017d054 00000028 T std::moneypunct<char, true>::~moneypunct()
0017d07c 00000078 T std::moneypunct<char, false>::~moneypunct()
0017d07c 00000078 T std::moneypunct<char, false>::~moneypunct()
0017d0f4 00000028 T std::moneypunct<char, false>::~moneypunct()
0017d11c 00000118 T std::moneypunct<wchar_t, true>::_M_initialize_moneypunct(int*, char const*)
0017d234 00000118 T std::moneypunct<wchar_t, false>::_M_initialize_moneypunct(int*, char const*)
0017d34c 00000078 T std::moneypunct<wchar_t, true>::~moneypunct()
0017d34c 00000078 T std::moneypunct<wchar_t, true>::~moneypunct()
0017d3c4 00000028 T std::moneypunct<wchar_t, true>::~moneypunct()
0017d3ec 00000078 T std::moneypunct<wchar_t, false>::~moneypunct()
0017d3ec 00000078 T std::moneypunct<wchar_t, false>::~moneypunct()
0017d464 00000028 T std::moneypunct<wchar_t, false>::~moneypunct()
0017d48c 0000011c T std::__cxx11::numpunct<char>::_M_initialize_numpunct(int*)
0017d5a8 00000048 T std::__cxx11::numpunct<char>::~numpunct()
0017d5a8 00000048 T std::__cxx11::numpunct<char>::~numpunct()
0017d5f0 0000005c T std::__cxx11::numpunct<char>::~numpunct()
0017d64c 00000104 T std::__cxx11::numpunct<wchar_t>::_M_initialize_numpunct(int*)
0017d750 00000048 T std::__cxx11::numpunct<wchar_t>::~numpunct()
0017d750 00000048 T std::__cxx11::numpunct<wchar_t>::~numpunct()
0017d798 0000005c T std::__cxx11::numpunct<wchar_t>::~numpunct()
0017d7f4 0000011c T std::numpunct<char>::_M_initialize_numpunct(int*)
0017d910 00000078 T std::numpunct<char>::~numpunct()
0017d910 00000078 T std::numpunct<char>::~numpunct()
0017d988 00000028 T std::numpunct<char>::~numpunct()
0017d9b0 00000104 T std::numpunct<wchar_t>::_M_initialize_numpunct(int*)
0017dab4 00000078 T std::numpunct<wchar_t>::~numpunct()
0017dab4 00000078 T std::numpunct<wchar_t>::~numpunct()
0017db2c 00000028 T std::numpunct<wchar_t>::~numpunct()
0017db54 00000008 T std::logic_error::what() const
0017db54 00000008 T std::runtime_error::what() const
0017db5c 00000078 T std::logic_error::~logic_error()
0017db5c 00000078 T std::logic_error::~logic_error()
0017dbd4 00000078 T std::runtime_error::~runtime_error()
0017dbd4 00000078 T std::runtime_error::~runtime_error()
0017dc4c 00000080 T std::runtime_error::~runtime_error()
0017dccc 00000078 T std::length_error::~length_error()
0017dccc 00000078 T std::length_error::~length_error()
0017dd44 00000078 T std::out_of_range::~out_of_range()
0017dd44 00000078 T std::out_of_range::~out_of_range()
0017ddbc 00000080 T std::logic_error::~logic_error()
0017de3c 00000080 T std::length_error::~length_error()
0017debc 00000080 T std::out_of_range::~out_of_range()
0017df3c 00000098 T std::__timepunct<char>::_M_put(char*, unsigned int, char const*, tm const*) const
0017dfd4 00000304 T std::__timepunct<char>::_M_initialize_timepunct(int*)
0017e2d8 00000098 T std::__timepunct<wchar_t>::_M_put(wchar_t*, unsigned int, wchar_t const*, tm const*) const
0017e370 00000304 T std::__timepunct<wchar_t>::_M_initialize_timepunct(int*)
0017e674 00000010 T std::__codecvt_utf8_base<char32_t>::do_unshift(_mbstate_t&, char*, char*, char*&) const
0017e674 00000010 T std::__codecvt_utf8_base<char16_t>::do_unshift(_mbstate_t&, char*, char*, char*&) const
0017e674 00000010 T std::__codecvt_utf8_base<wchar_t>::do_unshift(_mbstate_t&, char*, char*, char*&) const
0017e674 00000010 T std::__codecvt_utf16_base<char32_t>::do_unshift(_mbstate_t&, char*, char*, char*&) const
0017e674 00000010 T std::__codecvt_utf16_base<char16_t>::do_unshift(_mbstate_t&, char*, char*, char*&) const
0017e674 00000010 T std::__codecvt_utf16_base<wchar_t>::do_unshift(_mbstate_t&, char*, char*, char*&) const
0017e674 00000010 T std::__codecvt_utf8_utf16_base<char32_t>::do_unshift(_mbstate_t&, char*, char*, char*&) const
0017e674 00000010 T std::__codecvt_utf8_utf16_base<char16_t>::do_unshift(_mbstate_t&, char*, char*, char*&) const
0017e674 00000010 T std::__codecvt_utf8_utf16_base<wchar_t>::do_unshift(_mbstate_t&, char*, char*, char*&) const
0017e674 00000010 T std::codecvt<char32_t, char, _mbstate_t>::do_unshift(_mbstate_t&, char*, char*, char*&) const
0017e674 00000010 T std::codecvt<char16_t, char, _mbstate_t>::do_unshift(_mbstate_t&, char*, char*, char*&) const
0017e684 00000008 T std::__codecvt_utf8_base<char32_t>::do_encoding() const
0017e684 00000008 T std::__codecvt_utf8_base<char16_t>::do_encoding() const
0017e684 00000008 T std::__codecvt_utf8_base<wchar_t>::do_encoding() const
0017e684 00000008 T std::__codecvt_utf16_base<char32_t>::do_encoding() const
0017e684 00000008 T std::__codecvt_utf16_base<char16_t>::do_encoding() const
0017e684 00000008 T std::__codecvt_utf16_base<wchar_t>::do_encoding() const
0017e684 00000008 T std::__codecvt_utf8_utf16_base<char32_t>::do_encoding() const
0017e684 00000008 T std::__codecvt_utf8_utf16_base<char16_t>::do_encoding() const
0017e684 00000008 T std::__codecvt_utf8_utf16_base<wchar_t>::do_encoding() const
0017e684 00000008 T std::codecvt<char32_t, char8_t, _mbstate_t>::do_encoding() const
0017e684 00000008 T std::codecvt<char32_t, char, _mbstate_t>::do_encoding() const
0017e684 00000008 T std::codecvt<char16_t, char8_t, _mbstate_t>::do_encoding() const
0017e684 00000008 T std::codecvt<char16_t, char, _mbstate_t>::do_encoding() const
0017e68c 00000008 T std::__codecvt_utf8_base<char32_t>::do_always_noconv() const
0017e68c 00000008 T std::__codecvt_utf8_base<char16_t>::do_always_noconv() const
0017e68c 00000008 T std::__codecvt_utf8_base<wchar_t>::do_always_noconv() const
0017e68c 00000008 T std::__codecvt_utf16_base<char32_t>::do_always_noconv() const
0017e68c 00000008 T std::__codecvt_utf16_base<char16_t>::do_always_noconv() const
0017e68c 00000008 T std::__codecvt_utf16_base<wchar_t>::do_always_noconv() const
0017e68c 00000008 T std::__codecvt_utf8_utf16_base<char32_t>::do_always_noconv() const
0017e68c 00000008 T std::__codecvt_utf8_utf16_base<char16_t>::do_always_noconv() const
0017e68c 00000008 T std::__codecvt_utf8_utf16_base<wchar_t>::do_always_noconv() const
0017e68c 00000008 T std::codecvt<char32_t, char8_t, _mbstate_t>::do_always_noconv() const
0017e68c 00000008 T std::codecvt<char32_t, char, _mbstate_t>::do_always_noconv() const
0017e68c 00000008 T std::codecvt<char16_t, char8_t, _mbstate_t>::do_always_noconv() const
0017e68c 00000008 T std::codecvt<char16_t, char, _mbstate_t>::do_always_noconv() const
0017e694 00000008 T std::codecvt<char32_t, char8_t, _mbstate_t>::do_max_length() const
0017e694 00000008 T std::codecvt<char32_t, char, _mbstate_t>::do_max_length() const
0017e694 00000008 T std::codecvt<char16_t, char8_t, _mbstate_t>::do_max_length() const
0017e694 00000008 T std::codecvt<char16_t, char, _mbstate_t>::do_max_length() const
0017e69c 00000010 T std::codecvt<char32_t, char8_t, _mbstate_t>::do_unshift(_mbstate_t&, char8_t*, char8_t*, char8_t*&) const
0017e69c 00000010 T std::codecvt<char16_t, char8_t, _mbstate_t>::do_unshift(_mbstate_t&, char8_t*, char8_t*, char8_t*&) const
0017e6ac 000001c0 t char32_t std::(anonymous namespace)::read_utf8_code_point<char>(std::(anonymous namespace)::range<char const, true>&, unsigned long)
0017e86c 000001c0 t char32_t std::(anonymous namespace)::read_utf8_code_point<char8_t>(std::(anonymous namespace)::range<char8_t const, true>&, unsigned long)
0017ea2c 00000020 T std::codecvt<char16_t, char, _mbstate_t>::~codecvt()
0017ea2c 00000020 T std::codecvt<char16_t, char, _mbstate_t>::~codecvt()
0017ea4c 00000020 T std::codecvt<char32_t, char, _mbstate_t>::~codecvt()
0017ea4c 00000020 T std::codecvt<char32_t, char, _mbstate_t>::~codecvt()
0017ea6c 00000020 T std::codecvt<char16_t, char8_t, _mbstate_t>::~codecvt()
0017ea6c 00000020 T std::codecvt<char16_t, char8_t, _mbstate_t>::~codecvt()
0017ea8c 00000020 T std::codecvt<char32_t, char8_t, _mbstate_t>::~codecvt()
0017ea8c 00000020 T std::codecvt<char32_t, char8_t, _mbstate_t>::~codecvt()
0017eaac 00000028 T std::codecvt<char16_t, char, _mbstate_t>::~codecvt()
0017ead4 00000028 T std::codecvt<char32_t, char, _mbstate_t>::~codecvt()
0017eafc 00000028 T std::codecvt<char16_t, char8_t, _mbstate_t>::~codecvt()
0017eb24 00000028 T std::codecvt<char32_t, char8_t, _mbstate_t>::~codecvt()
0017eb4c 00000104 t bool std::(anonymous namespace)::write_utf8_code_point<char>(std::(anonymous namespace)::range<char, true>&, char32_t)
0017ec50 00000104 t bool std::(anonymous namespace)::write_utf8_code_point<char8_t>(std::(anonymous namespace)::range<char8_t, true>&, char32_t) [clone .part.0]
0017ed54 000000c8 t std::codecvt_base::result std::(anonymous namespace)::utf16_out<char16_t, char>(std::(anonymous namespace)::range<char16_t const, true>&, std::(anonymous namespace)::range<char, true>&, unsigned long, std::codecvt_mode, std::(anonymous namespace)::surrogates) [clone .part.0]
0017ee1c 00000060 T std::codecvt<char16_t, char, _mbstate_t>::do_out(_mbstate_t&, char16_t const*, char16_t const*, char16_t const*&, char*, char*, char*&) const
0017ee7c 00000060 T std::codecvt<char32_t, char8_t, _mbstate_t>::do_length(_mbstate_t&, char8_t const*, char8_t const*, unsigned int) const
0017eedc 0000008c T std::codecvt<char32_t, char8_t, _mbstate_t>::do_in(_mbstate_t&, char8_t const*, char8_t const*, char8_t const*&, char32_t*, char32_t*, char32_t*&) const
0017ef68 0000009c T std::codecvt<char16_t, char8_t, _mbstate_t>::do_length(_mbstate_t&, char8_t const*, char8_t const*, unsigned int) const
0017f004 000000e4 T std::codecvt<char16_t, char8_t, _mbstate_t>::do_out(_mbstate_t&, char16_t const*, char16_t const*, char16_t const*&, char8_t*, char8_t*, char8_t*&) const
0017f0e8 00000104 t std::codecvt_base::result std::(anonymous namespace)::utf16_in<char, char16_t>(std::(anonymous namespace)::range<char const, true>&, std::(anonymous namespace)::range<char16_t, true>&, unsigned long, std::codecvt_mode)
0017f1ec 00000060 T std::codecvt<char16_t, char, _mbstate_t>::do_in(_mbstate_t&, char const*, char const*, char const*&, char16_t*, char16_t*, char16_t*&) const
0017f24c 000000b4 T std::codecvt<char32_t, char8_t, _mbstate_t>::do_out(_mbstate_t&, char32_t const*, char32_t const*, char32_t const*&, char8_t*, char8_t*, char8_t*&) const
0017f300 00000098 T std::codecvt<char32_t, char, _mbstate_t>::do_out(_mbstate_t&, char32_t const*, char32_t const*, char32_t const*&, char*, char*, char*&) const
0017f398 000000e0 T std::codecvt<char16_t, char8_t, _mbstate_t>::do_in(_mbstate_t&, char8_t const*, char8_t const*, char8_t const*&, char16_t*, char16_t*, char16_t*&) const
0017f478 00000060 T std::codecvt<char32_t, char, _mbstate_t>::do_length(_mbstate_t&, char const*, char const*, unsigned int) const
0017f4d8 0000008c T std::codecvt<char32_t, char, _mbstate_t>::do_in(_mbstate_t&, char const*, char const*, char const*&, char32_t*, char32_t*, char32_t*&) const
0017f564 0000009c T std::codecvt<char16_t, char, _mbstate_t>::do_length(_mbstate_t&, char const*, char const*, unsigned int) const
0017f600 000006a4 T std::locale::_Impl::_M_init_extra(std::locale::facet**)
0017fca4 000000dc T std::logic_error::logic_error(char const*)
0017fca4 000000dc T std::logic_error::logic_error(char const*)
0017fd80 00000020 T std::length_error::length_error(char const*)
0017fd80 00000020 T std::length_error::length_error(char const*)
0017fda0 00000020 T std::out_of_range::out_of_range(char const*)
0017fda0 00000020 T std::out_of_range::out_of_range(char const*)
0017fdc0 000000dc T std::runtime_error::runtime_error(char const*)
0017fdc0 000000dc T std::runtime_error::runtime_error(char const*)
0017fe9c 000000c4 T std::__cow_string::__cow_string(char const*, unsigned int)
0017fe9c 000000c4 T std::__cow_string::__cow_string(char const*, unsigned int)
0017ff60 00000044 T std::ctype<char>::~ctype()
0017ff60 00000044 T std::ctype<char>::~ctype()
0017ffa4 00000034 T std::ctype<wchar_t>::~ctype()
0017ffa4 00000034 T std::ctype<wchar_t>::~ctype()
0017ffd8 0000003c W std::ctype<char>::do_narrow(char const*, char const*, char, char*) const
00180014 0000003c T std::ctype<wchar_t>::~ctype()
00180050 0000004c T std::ctype<char>::~ctype()
0018009c 00000094 T std::ctype<char>::_M_widen_init() const
00180130 00000058 T std::ctype<wchar_t>::ctype(unsigned int)
00180130 00000058 T std::ctype<wchar_t>::ctype(unsigned int)
00180188 0000001c T std::ctype<char>::do_toupper(char) const
001801a4 00000018 T std::ctype<char>::do_tolower(char) const
001801bc 00000080 T std::ctype<char>::ctype(char const*, bool, unsigned int)
001801bc 00000080 T std::ctype<char>::ctype(char const*, bool, unsigned int)
0018023c 0000007c T std::ctype<char>::do_toupper(char*, char const*) const
001802b8 00000078 T std::ctype<char>::do_tolower(char*, char const*) const
00180330 00000060 T std::ctype<wchar_t>::do_is(char, wchar_t) const
00180390 000000d4 T std::ctype<wchar_t>::_M_convert_to_wmask(char) const
00180464 00000008 T std::ctype<wchar_t>::do_toupper(wchar_t) const
0018046c 00000044 T std::ctype<wchar_t>::do_toupper(wchar_t*, wchar_t const*) const
001804b0 00000008 T std::ctype<wchar_t>::do_tolower(wchar_t) const
001804b8 00000044 T std::ctype<wchar_t>::do_tolower(wchar_t*, wchar_t const*) const
001804fc 00000088 T std::ctype<wchar_t>::do_is(wchar_t const*, wchar_t const*, char*) const
00180584 000000d8 T std::ctype<wchar_t>::do_scan_is(char, wchar_t const*, wchar_t const*) const
0018065c 000000d0 T std::ctype<wchar_t>::do_scan_not(char, wchar_t const*, wchar_t const*) const
0018072c 0000000c T std::ctype<wchar_t>::do_widen(char) const
00180738 0000003c T std::ctype<wchar_t>::do_widen(char const*, char const*, wchar_t*) const
00180774 00000040 T std::ctype<wchar_t>::do_narrow(wchar_t, char) const
001807b4 000000b4 T std::ctype<wchar_t>::do_narrow(wchar_t const*, wchar_t const*, char, char*) const
00180868 000000b0 T std::ctype<wchar_t>::_M_initialize_ctype()
00180918 00000004 T std::ios_base::failure[abi:cxx11]::what() const
0018091c 00000020 T std::ios_base::failure[abi:cxx11]::~failure()
0018091c 00000020 T std::ios_base::failure[abi:cxx11]::~failure()
0018093c 00000028 T std::ios_base::failure[abi:cxx11]::~failure()
00180964 00000020 T std::__iosfail_type_info::~__iosfail_type_info()
00180964 00000020 T std::__iosfail_type_info::~__iosfail_type_info()
00180984 00000028 T std::__iosfail_type_info::~__iosfail_type_info()
001809ac 0000004c T std::__iosfail_type_info::__do_upcast(__cxxabiv1::__class_type_info const*, void**) const
001809f8 00000034 W std::__ios_failure::~__ios_failure()
001809f8 00000034 W std::__ios_failure::~__ios_failure()
00180a2c 0000003c W std::__ios_failure::~__ios_failure()
00180a68 00000094 T std::__throw_ios_failure(char const*)
00180afc 000000b0 T std::__throw_ios_failure(char const*, int)
00180bac 0000000c W std::__cxx11::moneypunct<char, false>::do_decimal_point() const
00180bb8 0000000c W std::__cxx11::moneypunct<char, false>::do_thousands_sep() const
00180bc4 0000000c W std::__cxx11::moneypunct<char, false>::do_frac_digits() const
00180bd0 00000014 W std::__cxx11::moneypunct<char, false>::do_pos_format() const
00180be4 00000014 W std::__cxx11::moneypunct<char, false>::do_neg_format() const
00180bf8 0000000c W std::__cxx11::moneypunct<char, true>::do_decimal_point() const
00180c04 0000000c W std::__cxx11::moneypunct<char, true>::do_thousands_sep() const
00180c10 0000000c W std::__cxx11::moneypunct<char, true>::do_frac_digits() const
00180c1c 00000014 W std::__cxx11::moneypunct<char, true>::do_pos_format() const
00180c30 00000014 W std::__cxx11::moneypunct<char, true>::do_neg_format() const
00180c44 0000000c W std::__cxx11::numpunct<char>::do_decimal_point() const
00180c50 0000000c W std::__cxx11::numpunct<char>::do_thousands_sep() const
00180c5c 00000008 W std::__cxx11::time_get<char, std::istreambuf_iterator<char, std::char_traits<char> > >::do_date_order() const
00180c64 00000008 W std::__cxx11::messages<char>::do_open(std::__cxx11::basic_string<char, std::char_traits<char>, std::allocator<char> > const&, std::locale const&) const
00180c6c 00000004 W std::__cxx11::messages<char>::do_close(int) const
00180c70 00000020 W std::__cxx11::collate<char>::do_hash(char const*, char const*) const
00180c90 00000020 W std::__cxx11::money_get<char, std::istreambuf_iterator<char, std::char_traits<char> > >::~money_get()
00180c90 00000020 W std::__cxx11::money_get<char, std::istreambuf_iterator<char, std::char_traits<char> > >::~money_get()
00180cb0 00000028 W std::__cxx11::money_get<char, std::istreambuf_iterator<char, std::char_traits<char> > >::~money_get()
00180cd8 00000020 W std::__cxx11::money_put<char, std::ostreambuf_iterator<char, std::char_traits<char> > >::~money_put()
00180cd8 00000020 W std::__cxx11::money_put<char, std::ostreambuf_iterator<char, std::char_traits<char> > >::~money_put()
00180cf8 00000028 W std::__cxx11::money_put<char, std::ostreambuf_iterator<char, std::char_traits<char> > >::~money_put()
00180d20 00000020 W std::__cxx11::time_get<char, std::istreambuf_iterator<char, std::char_traits<char> > >::~time_get()
00180d20 00000020 W std::__cxx11::time_get<char, std::istreambuf_iterator<char, std::char_traits<char> > >::~time_get()
00180d40 00000028 W std::__cxx11::time_get<char, std::istreambuf_iterator<char, std::char_traits<char> > >::~time_get()
00180d68 00000028 W std::__cxx11::messages<char>::~messages()
00180d68 00000028 W std::__cxx11::messages<char>::~messages()
00180d90 0000001c W std::__cxx11::messages<char>::~messages()
00180dac 00000028 W std::__cxx11::collate<char>::~collate()
00180dac 00000028 W std::__cxx11::collate<char>::~collate()
00180dd4 00000094 t void std::__cxx11::basic_string<char, std::char_traits<char>, std::allocator<char> >::_M_construct<char const*>(char const*, char const*, std::forward_iterator_tag) [clone .isra.0]
00180e68 00000030 W std::__cxx11::collate<char>::~collate()
00180e98 00000058 W std::__cxx11::moneypunct<char, false>::do_grouping() const
00180ef0 00000058 W std::__cxx11::moneypunct<char, false>::do_curr_symbol() const
00180f48 00000058 W std::__cxx11::moneypunct<char, false>::do_positive_sign() const
00180fa0 00000058 W std::__cxx11::moneypunct<char, false>::do_negative_sign() const
00180ff8 00000058 W std::__cxx11::moneypunct<char, true>::do_grouping() const
00181050 00000058 W std::__cxx11::moneypunct<char, true>::do_curr_symbol() const
001810a8 00000058 W std::__cxx11::moneypunct<char, true>::do_positive_sign() const
00181100 00000058 W std::__cxx11::moneypunct<char, true>::do_negative_sign() const
00181158 00000058 W std::__cxx11::numpunct<char>::do_grouping() const
001811b0 00000058 W std::__cxx11::numpunct<char>::do_truename() const
00181208 00000058 W std::__cxx11::numpunct<char>::do_falsename() const
00181260 000000f8 W std::__cxx11::collate<char>::do_compare(char const*, char const*, char const*, char const*) const
00181358 000002c4 W std::__cxx11::collate<char>::do_transform(char const*, char const*) const
0018161c 00001414 W std::istreambuf_iterator<char, std::char_traits<char> > std::__cxx11::money_get<char, std::istreambuf_iterator<char, std::char_traits<char> > >::_M_extract<true>(std::istreambuf_iterator<char, std::char_traits<char> >, std::istreambuf_iterator<char, std::char_traits<char> >, std::ios_base&, std::_Ios_Iostate&, std::__cxx11::basic_string<char, std::char_traits<char>, std::allocator<char> >&) const
00182a30 00001414 W std::istreambuf_iterator<char, std::char_traits<char> > std::__cxx11::money_get<char, std::istreambuf_iterator<char, std::char_traits<char> > >::_M_extract<false>(std::istreambuf_iterator<char, std::char_traits<char> >, std::istreambuf_iterator<char, std::char_traits<char> >, std::ios_base&, std::_Ios_Iostate&, std::__cxx11::basic_string<char, std::char_traits<char>, std::allocator<char> >&) const
00183e44 000000cc W std::__cxx11::money_get<char, std::istreambuf_iterator<char, std::char_traits<char> > >::do_get(std::istreambuf_iterator<char, std::char_traits<char> >, std::istreambuf_iterator<char, std::char_traits<char> >, bool, std::ios_base&, std::_Ios_Iostate&, long double&) const
00183f10 0000018c W std::__cxx11::money_get<char, std::istreambuf_iterator<char, std::char_traits<char> > >::do_get(std::istreambuf_iterator<char, std::char_traits<char> >, std::istreambuf_iterator<char, std::char_traits<char> >, bool, std::ios_base&, std::_Ios_Iostate&, std::__cxx11::basic_string<char, std::char_traits<char>, std::allocator<char> >&) const
0018409c 0000074c W std::ostreambuf_iterator<char, std::char_traits<char> > std::__cxx11::money_put<char, std::ostreambuf_iterator<char, std::char_traits<char> > >::_M_insert<true>(std::ostreambuf_iterator<char, std::char_traits<char> >, std::ios_base&, char, std::__cxx11::basic_string<char, std::char_traits<char>, std::allocator<char> > const&) const
001847e8 0000074c W std::ostreambuf_iterator<char, std::char_traits<char> > std::__cxx11::money_put<char, std::ostreambuf_iterator<char, std::char_traits<char> > >::_M_insert<false>(std::ostreambuf_iterator<char, std::char_traits<char> >, std::ios_base&, char, std::__cxx11::basic_string<char, std::char_traits<char>, std::allocator<char> > const&) const
00184f34 000001f0 W std::__cxx11::money_put<char, std::ostreambuf_iterator<char, std::char_traits<char> > >::do_put(std::ostreambuf_iterator<char, std::char_traits<char> >, bool, std::ios_base&, char, long double) const
00185124 00000054 W std::__cxx11::money_put<char, std::ostreambuf_iterator<char, std::char_traits<char> > >::do_put(std::ostreambuf_iterator<char, std::char_traits<char> >, bool, std::ios_base&, char, std::__cxx11::basic_string<char, std::char_traits<char>, std::allocator<char> > const&) const
00185178 000002b4 W std::__cxx11::time_get<char, std::istreambuf_iterator<char, std::char_traits<char> > >::_M_extract_num(std::istreambuf_iterator<char, std::char_traits<char> >, std::istreambuf_iterator<char, std::char_traits<char> >, int&, int, int, unsigned int, std::ios_base&, std::_Ios_Iostate&) const
00185367 N 
00185367 N 
00185367 N 
00185367 N 
00185367 N 
00185367 N 
00185367 N 
00185367 N 
00185367 N 
00185367 N 
00185367 N 
00185367 N 
00185367 N 
00185367 N 
00185367 N 
00185367 N 
00185367 N 
00185367 N 
00185367 N 
00185367 N 
00185367 N 
00185367 N 
00185367 N 
00185367 N 
00185367 N 
00185367 N 
00185367 N 
00185367 N 
00185367 N 
00185367 N 
00185367 N 
00185367 W KoreanFFFFHiComMemoryRule.cpp.4f267c02
0018542c 00000918 W std::__cxx11::time_get<char, std::istreambuf_iterator<char, std::char_traits<char> > >::do_get_year(std::istreambuf_iterator<char, std::char_traits<char> >, std::istreambuf_iterator<char, std::char_traits<char> >, std::ios_base&, std::_Ios_Iostate&, tm*) const
00185d44 00000d90 W std::__cxx11::time_get<char, std::istreambuf_iterator<char, std::char_traits<char> > >::_M_extract_name(std::istreambuf_iterator<char, std::char_traits<char> >, std::istreambuf_iterator<char, std::char_traits<char> >, int&, char const**, unsigned int, std::ios_base&, std::_Ios_Iostate&) const
00186ad4 000006bc W std::__cxx11::time_get<char, std::istreambuf_iterator<char, std::char_traits<char> > >::_M_extract_wday_or_month(std::istreambuf_iterator<char, std::char_traits<char> >, std::istreambuf_iterator<char, std::char_traits<char> >, int&, char const**, unsigned int, std::ios_base&, std::_Ios_Iostate&) const
00187190 00000244 W std::__cxx11::time_get<char, std::istreambuf_iterator<char, std::char_traits<char> > >::do_get_weekday(std::istreambuf_iterator<char, std::char_traits<char> >, std::istreambuf_iterator<char, std::char_traits<char> >, std::ios_base&, std::_Ios_Iostate&, tm*) const
001873d4 000002b4 W std::__cxx11::time_get<char, std::istreambuf_iterator<char, std::char_traits<char> > >::do_get_monthname(std::istreambuf_iterator<char, std::char_traits<char> >, std::istreambuf_iterator<char, std::char_traits<char> >, std::ios_base&, std::_Ios_Iostate&, tm*) const
00187688 0000241c W std::__cxx11::time_get<char, std::istreambuf_iterator<char, std::char_traits<char> > >::_M_extract_via_format(std::istreambuf_iterator<char, std::char_traits<char> >, std::istreambuf_iterator<char, std::char_traits<char> >, std::ios_base&, std::_Ios_Iostate&, tm*, char const*, std::__time_get_state&) const
00187688 0000241c t std::__cxx11::time_get<char, std::istreambuf_iterator<char, std::char_traits<char> > >::_M_extract_via_format(std::istreambuf_iterator<char, std::char_traits<char> >, std::istreambuf_iterator<char, std::char_traits<char> >, std::ios_base&, std::_Ios_Iostate&, tm*, char const*, std::__time_get_state&) const [clone .localalias]
00189aa4 000001b8 W std::__cxx11::time_get<char, std::istreambuf_iterator<char, std::char_traits<char> > >::do_get_time(std::istreambuf_iterator<char, std::char_traits<char> >, std::istreambuf_iterator<char, std::char_traits<char> >, std::ios_base&, std::_Ios_Iostate&, tm*) const
00189c5c 000001b8 W std::__cxx11::time_get<char, std::istreambuf_iterator<char, std::char_traits<char> > >::do_get_date(std::istreambuf_iterator<char, std::char_traits<char> >, std::istreambuf_iterator<char, std::char_traits<char> >, std::ios_base&, std::_Ios_Iostate&, tm*) const
00189e14 000001f0 W std::__cxx11::time_get<char, std::istreambuf_iterator<char, std::char_traits<char> > >::do_get(std::istreambuf_iterator<char, std::char_traits<char> >, std::istreambuf_iterator<char, std::char_traits<char> >, std::ios_base&, std::_Ios_Iostate&, tm*, char, char) const
0018a004 0000003c W std::__cxx11::messages<char>::messages(unsigned int)
0018a004 0000003c W std::__cxx11::messages<char>::messages(unsigned int)
0018a040 000000a4 t _GLOBAL__sub_I__ZNSt12ctype_bynameIcEC2ERKNSt7__cxx1112basic_stringIcSt11char_traitsIcESaIcEEEj
0018a0e4 00000030 T std::runtime_error::runtime_error(std::__cxx11::basic_string<char, std::char_traits<char>, std::allocator<char> > const&)
0018a0e4 00000030 T std::runtime_error::runtime_error(std::__cxx11::basic_string<char, std::char_traits<char>, std::allocator<char> > const&)
0018a114 0000000c t (anonymous namespace)::io_error_category::name() const
0018a120 00000020 t (anonymous namespace)::io_error_category::~io_error_category()
0018a120 00000020 t (anonymous namespace)::io_error_category::~io_error_category()
0018a140 00000028 t (anonymous namespace)::io_error_category::~io_error_category()
0018a168 00000084 t (anonymous namespace)::io_error_category::message[abi:cxx11](int) const
0018a1ec 0000000c T std::iostream_category()
0018a1f8 00000008 T std::ios_base::failure::what() const
0018a200 00000078 T std::ios_base::failure::~failure()
0018a200 00000078 T std::ios_base::failure::~failure()
0018a278 00000080 T std::ios_base::failure::~failure()
0018a2f8 000000b4 T std::ios_base::failure::failure(std::string const&)
0018a2f8 000000b4 T std::ios_base::failure::failure(std::string const&)
0018a3ac 00000114 T std::__construct_ios_failure(void*, char const*)
0018a4c0 000000a0 T std::__destroy_ios_failure(void*)
0018a560 0000000c T std::__is_ios_failure_handler(__cxxabiv1::__class_type_info const*)
0018a570 00000264 T sinf
0018a7d8 00000258 T log
0018aa30 000000b0 T sin
0018aae0 00000024 t with_errno
0018ab04 00000028 t xflow
0018ab30 00000010 T __math_uflow
0018ab40 00000010 T __math_oflow
0018ab50 00000048 T __math_divzero
0018ab98 0000001c T __math_invalid
0018abb4 00000014 T __math_check_uflow
0018abc8 00000028 T __math_check_oflow
0018abf0 00000310 T __ieee754_rem_pio2
0018af00 00000740 T pow
0018b640 000008b8 T __kernel_rem_pio2
0018bef8 00000140 T scalbn
0018c038 000000c0 T __kernel_sin
0018c0f8 000000a8 T cos
0018c1a0 00000024 t with_errnof
0018c1c4 0000001c T __math_invalidf
0018c1e0 00000144 T floor
0018c328 0000025c T cosf
0018c588 00000150 T __kernel_cos
0018c6d8 00000014 T fabs
0018c6ec 0000002c T __aeabi_d2lz
0018c6ec 0000002c T __fixdfdi
0018c718 00000040 T __aeabi_d2ulz
0018c718 00000040 T __fixunsdfdi
0018c758 00000130 T __udivmoddi4
0018c888 00000018 t selfrel_offset31
0018c8a0 00000090 t search_EIT_table
0018c930 00000040 t __gnu_unwind_get_pr_addr
0018c970 00000110 t get_eit_entry
0018ca80 00000088 t restore_non_core_regs
0018cb08 00000014 t _Unwind_decode_typeinfo_ptr.constprop.0
0018cb1c 00000004 t _Unwind_DebugHook
0018cb20 00000064 t unwind_phase2
0018cb84 0000013c t unwind_phase2_forced
0018ccc0 000000a4 T __gnu_Unwind_RaiseException
0018cd64 00000020 T __gnu_Unwind_ForcedUnwind
0018cd84 00000074 T __gnu_Unwind_Resume
0018cdf8 00000020 T __gnu_Unwind_Resume_or_Rethrow
0018ce18 00000004 T _Unwind_Complete
0018ce1c 00000018 T _Unwind_DeleteException
0018ce34 0000007c T _Unwind_VRS_Get
0018ceb0 0000002c t _Unwind_GetGR
0018cedc 0000007c T _Unwind_VRS_Set
0018cf58 0000002c t _Unwind_SetGR
0018cf84 000000c0 T __gnu_Unwind_Backtrace
0018d044 00000404 t __gnu_unwind_pr_common
0018d448 00000008 T __aeabi_unwind_cpp_pr0
0018d450 00000008 W __aeabi_unwind_cpp_pr1
0018d458 00000008 W __aeabi_unwind_cpp_pr2
0018d460 00000454 T _Unwind_VRS_Pop
0018d8b4 00000064 t next_unwind_byte
0018d918 0000002c t _Unwind_GetGR.constprop.0
0018d944 00000004 t unwind_UCB_from_context
0018d948 0000046c T __gnu_unwind_execute
0018ddb4 00000048 T __gnu_unwind_frame
0018ddfc 00000010 T _Unwind_GetRegionStart
0018de0c 0000001c T _Unwind_GetLanguageSpecificData
0018de28 00000008 T _Unwind_GetDataRelBase
0018de30 00000008 T _Unwind_GetTextRelBase
0018de38 000000e4 T strncat
0018df1c 00000028 T fstat
0018df44 00000024 T getenv
0018df68 00000078 T sscanf
0018dfe0 00000128 T memcpy
0018e108 00000008 T wmemcpy
0018e110 00000008 T towupper
0018e118 0000008c T strlen
0018e1a4 00000334 T _fread_r
0018e4d8 00000038 T fread
0018e510 00000078 T bsearch
0018e588 00000140 t iso_year_adjust
0018e6c8 000011d0 t __strftime.isra.0
0018f898 00000038 T wcsftime
0018f8d0 00000050 t get_arg
0018f920 00002b88 T __ssvfscanf_r
001924a8 00000134 T _fopen_r
001925dc 00000028 T fopen
00192604 00000060 t sulp
00192668 00001428 T _strtod_l
00193a90 00000044 T _strtod_r
00193ad4 00000048 T strtod
00193b20 00000110 T strtof
00193c30 0000002c T wcslen
00193c5c 00000028 T memalign
00193c84 00000264 t _strtoull_l.isra.0
00193ee8 00000038 T _strtoull_r
00193f20 000000a0 T _wcrtomb_r
00193fc0 000000a8 T wcrtomb
00194068 000000f4 t rshift
0019415c 000008b4 T __gethex
00194a10 00000044 T towctrans
00194a54 000000c0 T fileno
00194b14 000001ec t _strtoul_l.isra.0
00194d00 00000038 T _strtoul_r
00194d38 0000003c T strtoul
00194d74 000000c4 T _mbrtowc_r
00194e38 000000b8 T mbrtowc
00194ef0 00000140 T strchr
00195030 0000000c T __tz_lock
0019503c 0000000c T __tz_unlock
00195048 000000d8 T memcmp
00195120 00000198 T _fgets_r
001952b8 00000030 T fgets
001952e8 00000028 T calloc
00195310 00000034 T wcscpy
00195344 000000f8 T __sccl
0019543c 00000334 t validate_structure
00195770 000004d8 T mktime
00195a4d N 
00195a4d N 
00195a4d N 
00195a4d N 
00195a4d N 
00195a4d N 
00195a4d N 
00195a4d N 
00195a4d N 
00195a4d N 
00195a4d N 
00195a4d N 
00195a4d N 
00195a4d N 
00195a4d N 
00195a4d N 
00195a4d N 
00195a4d N 
00195a4d N 
00195a4d N 
00195a4d N 
00195a4d N 
00195a4d N 
00195a4d N 
00195a4d N 
00195a4d N 
00195a4d N 
00195a4d N 
00195a4d N 
00195a4d N 
00195a4d N 
00195a4d W KoreanMDFFF0MemoryRule.cpp.d2ca81d3
00195c48 0000016c T _memalign_r
00195db4 0000007c T btowc
00195e30 0000000c T __errno
00195e3c 0000000c T labs
00195e48 00000014 T abort
00195e5c 00000164 T __smakebuf_r
00195fc0 00000030 T lseek
00195ff0 0000047c t _strtoll_l.isra.0
0019646c 00000038 T _strtoll_r
001964a4 00000078 T __currentlocale
0019651c 000007c8 T __loadlocale
00196ce4 0000008c T __get_locale_env
00196d70 00000358 T _setlocale_r
001970c8 00000024 T __locale_mb_cur_max
001970ec 00000028 T setlocale
00197114 000000e4 T memset
001971f8 00000030 T wmemchr
00197228 000000d8 T _calloc_r
00197300 0000022c T __sflush_r
0019752c 000000c4 T _fflush_r
001975f0 00000044 T fflush
00197634 00000088 T _vsnprintf_r
001976bc 00000038 T vsnprintf
001976f4 00000028 T realloc
0019771c 00000258 T __tzcalc_limits
00197974 0000082c T _malloc_r
001981a0 00000114 T _malloc_trim_r
001982b4 00000314 T _free_r
001985c8 00000050 t get_arg
00198618 000000e4 T _sungetc_r
001986fc 0000006c T __ssrefill_r
00198768 000000b4 T _sfread_r
0019881c 000022c4 T __ssvfiscanf_r
0019aae0 0000001c t stdio_exit_handler
0019aafc 0000005c t cleanup_stdio
0019ab58 00000154 t global_stdio_init.part.0
0019acac 00000138 T __sfp
0019ade4 0000005c T __sinit
0019ae40 0000000c T __sfp_lock_acquire
0019ae4c 0000000c T __sfp_lock_release
0019ae58 00000384 t _strtol_l.part.0
0019b1dc 0000006c T _strtol_r
0019b248 00000074 T strtol
0019b2bc 00000084 T __libc_init_array
0019b340 000000d4 T strncpy
0019b414 0000001c T _fseek_r
0019b430 00000034 T fseek
0019b464 000001c8 T _wctype_r
0019b62c 00000020 T wctype
0019b64c 00000010 T _tzset_unlocked
0019b65c 000000c4 T swprintf
0019b720 00000040 T malloc
0019b760 00000020 T free
0019b780 000000e8 T memchr
0019b868 00000024 T wmemset
0019b88c 00000004 T wcscoll
0019b890 00000030 T write
0019b8c0 00000058 T iswctype
0019b918 00000080 T wctob
0019b998 0000000c T __gettzinfo
0019b9a4 00000040 T mbstowcs
0019b9e4 000000dc T _findenv_r
0019bac0 00000018 T _getenv_r
0019bad8 00000024 T _localeconv_r
0019bafc 00000044 T __sread
0019bb40 00000008 T __seofread
0019bb48 00000068 T __swrite
0019bbb0 00000040 T __sseek
0019bbf0 00000008 T __sclose
0019bbf8 00000078 T strxfrm
0019bc70 000001a8 T memmove
0019be18 000004f0 T _realloc_r
0019c308 0000000c T __malloc_lock
0019c314 0000000c T __malloc_unlock
0019c320 00000588 T _fseeko_r
0019c8a8 00000148 T _fclose_r
0019c9f0 00000020 T fclose
0019ca10 00000048 T time
0019ca58 00000030 T read
0019ca88 00000004 W __call_exitprocs
0019ca8c 00000030 T exit
0019cabc 00000008 T towlower
0019cac4 000005e0 t get_arg
0019d0a8 0000345c T _svfprintf_r
001a0504 000000b8 T __sflags
001a05bc 00000004 T wcsxfrm
001a05c0 0000002c T __ascii_wctomb
001a05ec 000000f8 T __utf8_wctomb
001a06e4 00000088 T __sjis_wctomb
001a076c 000000b4 T __eucjp_wctomb
001a0820 000000c8 T __jis_wctomb
001a08e8 00000048 T wcslcpy
001a0930 00000008 T iswlower
001a0938 0000003c T __libc_fini_array
001a0974 0000003c T strnlen
001a09b0 00000008 T iswblank
001a09b8 000000d8 T strncmp
001a0a90 00000004 T strcoll
001a0a94 000000a0 T __xpg_strerror_r
001a0b34 00000648 T _tzset_unlocked_r
001a117c 00000020 T iswxdigit
001a119c 00000008 T wmemmove
001a11a4 0000002c T wcscmp
001a11d0 00000008 T iswalnum
001a11d8 00000070 T __match
001a1248 000002a8 T __hexnan
001a14f0 00000238 T towctrans_l
001a1728 00000068 T sprintf
001a1790 00000010 T __set_ctype
001a17a0 00000140 t iso_year_adjust
001a18e0 00001118 t __strftime.isra.0
001a29f8 00000038 T strftime
001a2a30 00000038 t lflush
001a2a68 000001a8 T __srefill_r
001a2c10 00000010 T nan
001a2c20 0000000c T nanf
001a2c30 00000088 T frexp
001a2cb8 000000bc T strcat
001a2d74 000001f0 T _wcstoul_l
001a2f64 00000054 T wcstoul
001a2fb8 000000dc T stpncpy
001a3094 0000000c T __env_lock
001a30a0 0000000c T __env_unlock
001a30ac 0000005c T __assert_func
001a3108 00000008 T iswspace
001a3110 00000088 T _Balloc
001a3198 0000001c T _Bfree
001a31b4 000000f4 T __multadd
001a32a8 0000010c T __s2b
001a33b4 00000080 T __hi0bits
001a3434 000000f0 T __lo0bits
001a3524 000000a4 T __i2b
001a35c8 00000230 T __multiply
001a37f8 00000130 T __pow5mult
001a3928 00000138 T __lshift
001a3a60 00000058 T __mcmp
001a3ab8 00000218 T __mdiff
001a3cd0 00000068 T __ulp
001a3d38 000000d4 T __b2d
001a3e0c 00000120 T __d2b
001a3f2c 00000078 T __ratio
001a3fa4 0000008c T __copybits
001a4030 0000005c T __any_on
001a408c 00000014 T iswdigit
001a40a0 0000000c T abs
001a40ac 00000070 T _fwalk_sglue
001a411c 00000044 T strlcpy
001a4160 00000068 T strcasecmp
001a41c8 00000024 T div
001a41ec 000005e0 t get_arg
001a47cc 0000226c T _svfiprintf_r
001a618d N 
001a618d N 
001a618d N 
001a618d N 
001a618d N 
001a618d N 
001a618d N 
001a618d N 
001a618d N 
001a618d N 
001a618d N 
001a618d N 
001a618d N 
001a618d N 
001a618d N 
001a618d N 
001a618d N 
001a618d N 
001a618d N 
001a618d N 
001a618d N 
001a618d N 
001a618d N 
001a618d N 
001a618d N 
001a618d N 
001a618d N 
001a618d N 
001a618d N 
001a618d N 
001a618d N 
001a618d W KoreanMDFFF5MemoryRule.cpp.e2e244a9
001a6a38 00000038 T iswalnum_l
001a6a70 000000b8 T __submore
001a6b28 000000a4 T __ssprint_r
001a6bcc 00000044 T __ascii_mbtowc
001a6c10 00000340 T __utf8_mbtowc
001a6f50 000000dc T __sjis_mbtowc
001a702c 00000150 T __eucjp_mbtowc
001a717c 000001d8 T __jis_mbtowc
001a7354 0000003c T fiprintf
001a7390 00000008 T iswprint
001a7398 00000008 T iswcntrl
001a73a0 00000094 T strncasecmp
001a7434 00000008 T iswupper
001a743c 0000009c T _raise_r
001a74d8 00000020 T raise
001a74f8 00000410 T _strerror_r
001a7908 000000b8 T _mbstowcs_r
001a79c0 000000f0 T strcpy
001a7ab0 00000008 T iswalpha
001a7ab8 00000008 T iswgraph
001a7ac0 00000090 T category
001a7b50 000001c0 t quorem
001a7d10 00001420 T _dtoa_r
001a9130 00000044 T iswlower_l
001a9174 00000020 T iswblank_l
001a9198 00000288 t wcvt
001a9420 0000057c t get_arg.isra.0
001a99a0 00003134 T _svfwprintf_r
001acad4 00000044 T iswupper_l
001acb18 00000028 T _wcsrtombs_r
001acb40 00000078 T siscanf
001acbb8 00000008 T iswpunct
001acbc0 00000038 T iswspace_l
001acbf8 00000008 T _user_strerror
001acc00 0000012c T __ssputs_r
001acd2c 000000fc T _mbsnrtowcs_r
001ace28 000005e0 t get_arg
001ad408 000022f8 T _vfiprintf_r
001af700 000000b4 t __sbprintf
001af7b4 0000015c T _wcsnrtombs_l
001af910 00000064 T _wcsnrtombs_r
001af974 000000a0 T sniprintf
001afa14 00000040 T mbrlen
001afa54 00000018 T iswprint_l
001afa6c 00000024 T iswcntrl_l
001afa90 00000024 T iswalpha_l
001afab4 00000024 T iswgraph_l
001afad8 00000020 T iswpunct_l
001afaf8 00000030 T __sprint_r
001afb28 000000a4 T __sswprint_r
001afbcc 00000140 T __swsetup_r
001afd0c 000004a4 T __sfvwrite_r
001b01b0 000000a0 T snprintf
001b0250 00000034 T printf
001b0284 0000001c T toupper
001b02a0 000000e0 T _puts_r
001b0380 00000020 T puts
001b03a0 0000001c T tolower
001b03bc 000005e0 t get_arg
001b09a0 00003554 T _vfprintf_r
001b3ef4 000000b4 t __sbprintf
001b3fa8 00000020 T _exit
001b3fc8 00000140 T chdir
001b4108 000001c8 T _concatenate_path
001b42d0 00000070 t __dirnext
001b4340 00000114 T opendir
001b4454 00000098 T closedir
001b44ec 000000f8 T readdir_r
001b45e4 00000048 T readdir
001b462c 0000009c T _fstat_r
001b46c8 00000014 T _getpid_r
001b46dc 0000002c T __getreent
001b4708 00000030 T _gettimeofday_r
001b4738 000000a0 T __release_handle
001b47d8 000000b0 T __alloc_handle
001b4888 00000058 T __get_handle
001b48e0 00000110 T _close_r
001b49f0 00000008 t null_write
001b49f8 00000018 T setDefaultDevice
001b4a10 00000098 T FindDevice
001b4aa8 00000024 T RemoveDevice
001b4acc 00000088 T AddDevice
001b4b54 00000020 T GetDeviceOpTab
001b4b74 00000008 T _isatty_r
001b4b7c 00000014 T _kill_r
001b4b90 00000094 T _lseek_r
001b4c24 00000060 T pthread_mutex_lock
001b4c84 00000060 T pthread_mutex_unlock
001b4ce4 00000018 T pthread_cond_broadcast
001b4cfc 00000060 T pthread_cond_wait
001b4d5c 0000009c T pthread_once
001b4df8 00000034 T pthread_key_create
001b4e2c 00000024 T pthread_setspecific
001b4e50 00000024 T pthread_getspecific
001b4e74 00000024 T pthread_key_delete
001b4e98 000000c0 T _open_r
001b4f58 00000094 T _read_r
001b4fec 00000078 W _sbrk_r
001b5064 0000001c T __libc_lock_acquire
001b5080 0000001c T __libc_lock_release
001b509c 0000001c T __libc_lock_acquire_recursive
001b50b8 0000001c T __libc_lock_release_recursive
001b50d4 00000024 T __libc_cond_broadcast
001b50f8 00000024 T __libc_cond_wait
001b511c 00000024 T __libc_cond_wait_recursive
001b5140 00000094 T _write_r
001b51d4 00000048 T strrchr
001b521c T _fini
001b6130 00000005 r glyph3x5(char)::blank
001b6138 000000a0 r glyph3x5(char)::glyphs
001b61d8 00000060 r kSegaScopeGames
001b6238 00000018 r readSmsProductCode(std::__cxx11::basic_string<char, std::char_traits<char>, std::allocator<char> > const&, unsigned short&)::headerOffsets
001b6250 00000040 r updateTexture(C3D_Tex&)::swizzle
001b6290 0000004c R vtable for SG1000MemoryRule
001b62dc 0000004c r vtable for CodemastersMemoryRule
001b6328 0000004c R vtable for SegaMemoryRule
001b6374 0000004c R vtable for RomOnlyMemoryRule
001b63c0 0000004c R vtable for KoreanMemoryRule
001b640c 0000004c R vtable for KoreanMSXSMS8000MemoryRule
001b6458 0000004c R vtable for KoreanSMS32KB2000MemoryRule
001b64a4 0000004c R vtable for KoreanMSX32KB2000MemoryRule
001b64f0 0000004c R vtable for Korean2000XOR1FMemoryRule
001b653c 0000004c R vtable for KoreanMSX8KB0300MemoryRule
001b6588 0000004c R vtable for Korean0000XORFFMemoryRule
001b65d4 0000004c R vtable for KoreanFFFFHiComMemoryRule
001b6620 0000004c R vtable for KoreanFFFEMemoryRule
001b666c 0000004c R vtable for KoreanBFFCMemoryRule
001b66b8 0000004c R vtable for KoreanFFF3FFFCMemoryRule
001b6704 0000004c R vtable for KoreanMDFFF5MemoryRule
001b6750 0000004c R vtable for KoreanMDFFF0MemoryRule
001b679c 0000004c R vtable for MSXMemoryRule
001b67e8 0000004c R vtable for JanggunMemoryRule
001b6834 0000004c R vtable for Multi4PAKAllActionMemoryRule
001b6880 0000004c R vtable for JumboDahjeeMemoryRule
001b68c9 N 
001b68c9 N 
001b68c9 N 
001b68c9 N 
001b68c9 N 
001b68c9 N 
001b68c9 N 
001b68c9 N 
001b68c9 N 
001b68c9 N 
001b68c9 N 
001b68c9 N 
001b68c9 N 
001b68c9 N 
001b68c9 N 
001b68c9 N 
001b68c9 N 
001b68c9 N 
001b68c9 N 
001b68c9 N 
001b68c9 N 
001b68c9 N 
001b68c9 N 
001b68c9 N 
001b68c9 N 
001b68c9 N 
001b68c9 N 
001b68c9 N 
001b68c9 N 
001b68c9 N 
001b68c9 N 
001b68c9 N 
001b68c9 W KoreanMSX32KB2000MemoryRule.cpp.da4cf379
001b68cc 0000004c r vtable for Eeprom93C46MemoryRule
001b6918 0000004c r vtable for BootromMemoryRule
001b6964 0000004c R vtable for IratahackMemoryRule
001b69b0 000000e4 R _ZL12kVdpHCounter.lto_priv.0
001b6a94 00000010 R _ZL7volumes.lto_priv.0
001b6aa4 0000000c R _ZL13noise_periods.lto_priv.0
001b6ab0 00000400 r kCRC32_tab
001b6eb0 00000006 r s_min_table_sizes.5
001b6eb8 00000013 r s_length_dezigzag.4
001b6ecc 0000001f r s_length_extra.3
001b6eec 0000003e r s_length_base.2
001b6f2c 00000020 r s_dist_extra.1
001b6f4c 00000040 r s_dist_base.0
001b6f8c 00000004 r k2bitTo5bit
001b6f90 00000004 r k2bitTo6bit
001b6f94 00000010 r k4bitTo5bit
001b6fa4 00000010 r k4bitTo6bit
001b6fb8 00000040 r initMenuIcon()::swizzle
001b6ff8 00000024 r vtable for SmsIOPorts
001b701c 00000024 r vtable for GameGearIOPorts
001b7040 00000030 r kSG1000_palette_888_normal
001b7070 00000030 r kSG1000_palette_888_sg1000ii
001b70a0 00000030 r kSG1000_palette_888_sms
001b70d0 000015c0 r kGameDatabase
001b8690 00004000 r kMenuCartridgePixels
001bcbb4 00000084 r IratahackMemoryRule::kFlashSeqs
001bcc38 00000100 r kOPCodeXYCBTStates
001bcd38 00000100 r kOPCodeCBTStates
001bce38 00000100 r kOPCodeEDTStates
001bcf38 00000100 r kOPCodeXYTStates
001bd038 00000100 r kOPCodeTStates
001bd138 00000100 r kOPCodeTStatesBranched
001bd238 00000100 R _ZL15kZ80ParityTable.lto_priv.0
001bd238 00000100 R _ZL15kZ80ParityTable.lto_priv.1
001bd238 00000100 R _ZL15kZ80ParityTable.lto_priv.2
001bd338 00001000 r kOPCodeDAATable
001be34c 000000d2 r lfo_am_table
001be420 000000e0 r eg_inc
001be500 00000110 r eg_mul
001be610 00000040 r lfo_pm_table
001be650 00000200 R ksl_tab.lto_priv.0
001be850 00000060 R eg_rate_select.lto_priv.0
001be8b0 00000060 R eg_rate_shift.lto_priv.0
001be978 00000010 r mul_tab
001be988 00000040 r sl_tab
001be9c8 00000098 r table
001bea60 00000400 r s_crc_table.9
001bee60 00000008 r s_defaultTint.0
001bf194 r .LC11
001bf194 r .LC11
001bf194 r .LC16
001bf194 r .LC16
001bf1a0 r .LC12
001bf1a0 r .LC12
001bf1a0 r .LC17
001bf1a0 r .LC17
001bf1a8 r .LC13
001bf1a8 r .LC13
001bf1a8 r .LC18
001bf1a8 r .LC18
001c0158 r .LC2
001c01d0 r .LC3
001c2b00 R render2d_shbin
001c2c8c 00000004 r depthFmtSizes
001c2c8c R render2d_shbin_end
001c2c90 00000005 r colorFmtSizes
001c2c98 00000010 r CSWTCH.11
001c2ca8 00000038 r CSWTCH.19
001c2ce8 00000030 r colorTable
001c2d18 00000080 r romFS_devoptab
001c2da4 00000011 r dsp_filename.0
001c2dd4 00000008 r morton_y.2
001c2ddc 00000008 r morton_x.3
001c2de4 00000008 r s_sleepWakeEvents.4
001c2dec 0000000c r serviceNameTable.5
001c2df8 00000030 r error_table
001c2e28 00000080 r archive_devoptab
001c2ea8 00000012 R typeinfo name for std::locale::facet
001c2ebc 00000008 R typeinfo for std::locale::facet
001c2ec4 00000027 V typeinfo name for __gnu_cxx::__concurrence_lock_error
001c2eec 0000000c V typeinfo for __gnu_cxx::__concurrence_lock_error
001c2ef8 00000029 V typeinfo name for __gnu_cxx::__concurrence_unlock_error
001c2f24 0000000c V typeinfo for __gnu_cxx::__concurrence_unlock_error
001c2f30 00000014 V vtable for __gnu_cxx::__concurrence_lock_error
001c2f44 00000014 V vtable for __gnu_cxx::__concurrence_unlock_error
001c2f58 00000002 R std::locale::facet::_S_c_name
001c2f5c 000001f0 r CSWTCH.14
001c3178 00000020 r typeinfo for std::__facet_shims::(anonymous namespace)::numpunct_shim<char>
001c3198 00000035 r typeinfo name for std::__facet_shims::(anonymous namespace)::numpunct_shim<char>
001c31d0 00000020 r typeinfo for std::__facet_shims::(anonymous namespace)::collate_shim<char>
001c31f0 00000034 r typeinfo name for std::__facet_shims::(anonymous namespace)::collate_shim<char>
001c3224 00000020 r typeinfo for std::__facet_shims::(anonymous namespace)::moneypunct_shim<char, true>
001c3244 0000003b r typeinfo name for std::__facet_shims::(anonymous namespace)::moneypunct_shim<char, true>
001c3280 00000020 r typeinfo for std::__facet_shims::(anonymous namespace)::moneypunct_shim<char, false>
001c32a0 0000003b r typeinfo name for std::__facet_shims::(anonymous namespace)::moneypunct_shim<char, false>
001c32dc 00000020 r typeinfo for std::__facet_shims::(anonymous namespace)::money_get_shim<char>
001c32fc 00000036 r typeinfo name for std::__facet_shims::(anonymous namespace)::money_get_shim<char>
001c3334 00000020 r typeinfo for std::__facet_shims::(anonymous namespace)::money_put_shim<char>
001c3354 00000036 r typeinfo name for std::__facet_shims::(anonymous namespace)::money_put_shim<char>
001c338c 00000020 r typeinfo for std::__facet_shims::(anonymous namespace)::messages_shim<char>
001c33ac 00000035 r typeinfo name for std::__facet_shims::(anonymous namespace)::messages_shim<char>
001c33e4 00000020 r typeinfo for std::__facet_shims::(anonymous namespace)::numpunct_shim<wchar_t>
001c3404 00000035 r typeinfo name for std::__facet_shims::(anonymous namespace)::numpunct_shim<wchar_t>
001c343c 00000020 r typeinfo for std::__facet_shims::(anonymous namespace)::collate_shim<wchar_t>
001c345c 00000034 r typeinfo name for std::__facet_shims::(anonymous namespace)::collate_shim<wchar_t>
001c3490 00000020 r typeinfo for std::__facet_shims::(anonymous namespace)::moneypunct_shim<wchar_t, true>
001c34b0 0000003b r typeinfo name for std::__facet_shims::(anonymous namespace)::moneypunct_shim<wchar_t, true>
001c34ec 00000020 r typeinfo for std::__facet_shims::(anonymous namespace)::moneypunct_shim<wchar_t, false>
001c350c 0000003b r typeinfo name for std::__facet_shims::(anonymous namespace)::moneypunct_shim<wchar_t, false>
001c3548 00000020 r typeinfo for std::__facet_shims::(anonymous namespace)::money_get_shim<wchar_t>
001c3568 00000036 r typeinfo name for std::__facet_shims::(anonymous namespace)::money_get_shim<wchar_t>
001c35a0 00000020 r typeinfo for std::__facet_shims::(anonymous namespace)::money_put_shim<wchar_t>
001c35c0 00000036 r typeinfo name for std::__facet_shims::(anonymous namespace)::money_put_shim<wchar_t>
001c35f8 00000020 r typeinfo for std::__facet_shims::(anonymous namespace)::messages_shim<wchar_t>
001c3618 00000035 r typeinfo name for std::__facet_shims::(anonymous namespace)::messages_shim<wchar_t>
001c3650 00000019 V typeinfo name for std::locale::facet::__shim
001c366c 00000008 V typeinfo for std::locale::facet::__shim
001c3674 00000020 r typeinfo for std::__facet_shims::(anonymous namespace)::time_get_shim<char>
001c3694 00000035 r typeinfo name for std::__facet_shims::(anonymous namespace)::time_get_shim<char>
001c36cc 00000020 r typeinfo for std::__facet_shims::(anonymous namespace)::time_get_shim<wchar_t>
001c36ec 00000035 r typeinfo name for std::__facet_shims::(anonymous namespace)::time_get_shim<wchar_t>
001c3724 00000024 r vtable for std::__facet_shims::(anonymous namespace)::numpunct_shim<char>
001c3748 0000001c r vtable for std::__facet_shims::(anonymous namespace)::collate_shim<char>
001c3764 00000034 r vtable for std::__facet_shims::(anonymous namespace)::moneypunct_shim<char, true>
001c3798 00000034 r vtable for std::__facet_shims::(anonymous namespace)::moneypunct_shim<char, false>
001c37cc 00000018 r vtable for std::__facet_shims::(anonymous namespace)::money_get_shim<char>
001c37e4 00000018 r vtable for std::__facet_shims::(anonymous namespace)::money_put_shim<char>
001c37fc 0000001c r vtable for std::__facet_shims::(anonymous namespace)::messages_shim<char>
001c3818 00000024 r vtable for std::__facet_shims::(anonymous namespace)::numpunct_shim<wchar_t>
001c383c 0000001c r vtable for std::__facet_shims::(anonymous namespace)::collate_shim<wchar_t>
001c3858 00000034 r vtable for std::__facet_shims::(anonymous namespace)::moneypunct_shim<wchar_t, true>
001c388c 00000034 r vtable for std::__facet_shims::(anonymous namespace)::moneypunct_shim<wchar_t, false>
001c38c0 00000018 r vtable for std::__facet_shims::(anonymous namespace)::money_get_shim<wchar_t>
001c38d8 00000018 r vtable for std::__facet_shims::(anonymous namespace)::money_put_shim<wchar_t>
001c38f0 0000001c r vtable for std::__facet_shims::(anonymous namespace)::messages_shim<wchar_t>
001c390c 00000028 r vtable for std::__facet_shims::(anonymous namespace)::time_get_shim<char>
001c3934 00000028 r vtable for std::__facet_shims::(anonymous namespace)::time_get_shim<wchar_t>
001c3988 00000020 r typeinfo for std::__facet_shims::(anonymous namespace)::numpunct_shim<char>
001c39a8 00000035 r typeinfo name for std::__facet_shims::(anonymous namespace)::numpunct_shim<char>
001c39e0 00000020 r typeinfo for std::__facet_shims::(anonymous namespace)::collate_shim<char>
001c3a00 00000034 r typeinfo name for std::__facet_shims::(anonymous namespace)::collate_shim<char>
001c3a34 00000020 r typeinfo for std::__facet_shims::(anonymous namespace)::moneypunct_shim<char, true>
001c3a54 0000003b r typeinfo name for std::__facet_shims::(anonymous namespace)::moneypunct_shim<char, true>
001c3a90 00000020 r typeinfo for std::__facet_shims::(anonymous namespace)::moneypunct_shim<char, false>
001c3ab0 0000003b r typeinfo name for std::__facet_shims::(anonymous namespace)::moneypunct_shim<char, false>
001c3aec 00000020 r typeinfo for std::__facet_shims::(anonymous namespace)::money_get_shim<char>
001c3b0c 00000036 r typeinfo name for std::__facet_shims::(anonymous namespace)::money_get_shim<char>
001c3b44 00000020 r typeinfo for std::__facet_shims::(anonymous namespace)::money_put_shim<char>
001c3b64 00000036 r typeinfo name for std::__facet_shims::(anonymous namespace)::money_put_shim<char>
001c3b9c 00000020 r typeinfo for std::__facet_shims::(anonymous namespace)::messages_shim<char>
001c3bbc 00000035 r typeinfo name for std::__facet_shims::(anonymous namespace)::messages_shim<char>
001c3bf4 00000020 r typeinfo for std::__facet_shims::(anonymous namespace)::numpunct_shim<wchar_t>
001c3c14 00000035 r typeinfo name for std::__facet_shims::(anonymous namespace)::numpunct_shim<wchar_t>
001c3c4c 00000020 r typeinfo for std::__facet_shims::(anonymous namespace)::collate_shim<wchar_t>
001c3c6c 00000034 r typeinfo name for std::__facet_shims::(anonymous namespace)::collate_shim<wchar_t>
001c3ca0 00000020 r typeinfo for std::__facet_shims::(anonymous namespace)::moneypunct_shim<wchar_t, true>
001c3cc0 0000003b r typeinfo name for std::__facet_shims::(anonymous namespace)::moneypunct_shim<wchar_t, true>
001c3cfc 00000020 r typeinfo for std::__facet_shims::(anonymous namespace)::moneypunct_shim<wchar_t, false>
001c3d1c 0000003b r typeinfo name for std::__facet_shims::(anonymous namespace)::moneypunct_shim<wchar_t, false>
001c3d58 00000020 r typeinfo for std::__facet_shims::(anonymous namespace)::money_get_shim<wchar_t>
001c3d78 00000036 r typeinfo name for std::__facet_shims::(anonymous namespace)::money_get_shim<wchar_t>
001c3db0 00000020 r typeinfo for std::__facet_shims::(anonymous namespace)::money_put_shim<wchar_t>
001c3dd0 00000036 r typeinfo name for std::__facet_shims::(anonymous namespace)::money_put_shim<wchar_t>
001c3e08 00000020 r typeinfo for std::__facet_shims::(anonymous namespace)::messages_shim<wchar_t>
001c3e28 00000035 r typeinfo name for std::__facet_shims::(anonymous namespace)::messages_shim<wchar_t>
001c3e60 00000020 r typeinfo for std::__facet_shims::(anonymous namespace)::time_get_shim<char>
001c3e80 00000035 r typeinfo name for std::__facet_shims::(anonymous namespace)::time_get_shim<char>
001c3eb8 00000020 r typeinfo for std::__facet_shims::(anonymous namespace)::time_get_shim<wchar_t>
001c3ed8 00000035 r typeinfo name for std::__facet_shims::(anonymous namespace)::time_get_shim<wchar_t>
001c3f10 00000024 r vtable for std::__facet_shims::(anonymous namespace)::numpunct_shim<char>
001c3f34 0000001c r vtable for std::__facet_shims::(anonymous namespace)::collate_shim<char>
001c3f50 00000034 r vtable for std::__facet_shims::(anonymous namespace)::moneypunct_shim<char, true>
001c3f84 00000034 r vtable for std::__facet_shims::(anonymous namespace)::moneypunct_shim<char, false>
001c3fb8 00000018 r vtable for std::__facet_shims::(anonymous namespace)::money_get_shim<char>
001c3fd0 00000018 r vtable for std::__facet_shims::(anonymous namespace)::money_put_shim<char>
001c3fe8 0000001c r vtable for std::__facet_shims::(anonymous namespace)::messages_shim<char>
001c4004 00000024 r vtable for std::__facet_shims::(anonymous namespace)::numpunct_shim<wchar_t>
001c4028 0000001c r vtable for std::__facet_shims::(anonymous namespace)::collate_shim<wchar_t>
001c4044 00000034 r vtable for std::__facet_shims::(anonymous namespace)::moneypunct_shim<wchar_t, true>
001c4078 00000034 r vtable for std::__facet_shims::(anonymous namespace)::moneypunct_shim<wchar_t, false>
001c40ac 00000018 r vtable for std::__facet_shims::(anonymous namespace)::money_get_shim<wchar_t>
001c40c4 00000018 r vtable for std::__facet_shims::(anonymous namespace)::money_put_shim<wchar_t>
001c40dc 0000001c r vtable for std::__facet_shims::(anonymous namespace)::messages_shim<wchar_t>
001c40f8 0000002c r vtable for std::__facet_shims::(anonymous namespace)::time_get_shim<char>
001c4124 0000002c r vtable for std::__facet_shims::(anonymous namespace)::time_get_shim<wchar_t>
001c4218 0000000d V typeinfo name for std::time_base
001c4228 00000008 V typeinfo for std::time_base
001c4230 0000000f V typeinfo name for std::money_base
001c4240 00000008 V typeinfo for std::money_base
001c4248 00000012 V typeinfo name for std::messages_base
001c425c 00000008 V typeinfo for std::messages_base
001c4264 00000018 V typeinfo name for std::__cxx11::collate<wchar_t>
001c427c 0000000c V typeinfo for std::__cxx11::collate<wchar_t>
001c4288 00000019 V typeinfo name for std::__cxx11::numpunct<wchar_t>
001c42a4 0000000c V typeinfo for std::__cxx11::numpunct<wchar_t>
001c42b0 00000020 V typeinfo name for std::__cxx11::moneypunct<wchar_t, true>
001c42d0 00000020 V typeinfo for std::__cxx11::moneypunct<wchar_t, true>
001c42f0 00000020 V typeinfo name for std::__cxx11::moneypunct<wchar_t, false>
001c4310 00000020 V typeinfo for std::__cxx11::moneypunct<wchar_t, false>
001c4330 00000019 V typeinfo name for std::__cxx11::messages<wchar_t>
001c434c 00000020 V typeinfo for std::__cxx11::messages<wchar_t>
001c436c 00000046 V typeinfo name for std::__cxx11::money_get<wchar_t, std::istreambuf_iterator<wchar_t, std::char_traits<wchar_t> > >
001c43b4 0000000c V typeinfo for std::__cxx11::money_get<wchar_t, std::istreambuf_iterator<wchar_t, std::char_traits<wchar_t> > >
001c43c0 00000046 V typeinfo name for std::__cxx11::money_put<wchar_t, std::ostreambuf_iterator<wchar_t, std::char_traits<wchar_t> > >
001c4408 0000000c V typeinfo for std::__cxx11::money_put<wchar_t, std::ostreambuf_iterator<wchar_t, std::char_traits<wchar_t> > >
001c4414 00000045 V typeinfo name for std::__cxx11::time_get<wchar_t, std::istreambuf_iterator<wchar_t, std::char_traits<wchar_t> > >
001c445c 00000020 V typeinfo for std::__cxx11::time_get<wchar_t, std::istreambuf_iterator<wchar_t, std::char_traits<wchar_t> > >
001c447c 0000001c V vtable for std::__cxx11::collate<wchar_t>
001c4498 00000024 V vtable for std::__cxx11::numpunct<wchar_t>
001c44bc 00000034 V vtable for std::__cxx11::moneypunct<wchar_t, true>
001c44f0 00000034 V vtable for std::__cxx11::moneypunct<wchar_t, false>
001c4524 0000001c V vtable for std::__cxx11::messages<wchar_t>
001c4540 00000018 V vtable for std::__cxx11::money_get<wchar_t, std::istreambuf_iterator<wchar_t, std::char_traits<wchar_t> > >
001c4558 00000018 V vtable for std::__cxx11::money_put<wchar_t, std::ostreambuf_iterator<wchar_t, std::char_traits<wchar_t> > >
001c4570 0000002c V vtable for std::__cxx11::time_get<wchar_t, std::istreambuf_iterator<wchar_t, std::char_traits<wchar_t> > >
001c459c 00000027 V typeinfo name for std::basic_filebuf<char, std::char_traits<char> >
001c45c4 0000000c V typeinfo for std::basic_filebuf<char, std::char_traits<char> >
001c45d0 00000028 V typeinfo name for std::basic_ifstream<char, std::char_traits<char> >
001c45f8 0000000c V typeinfo for std::basic_ifstream<char, std::char_traits<char> >
001c4604 00000028 V typeinfo name for std::basic_ofstream<char, std::char_traits<char> >
001c462c 0000000c V typeinfo for std::basic_ofstream<char, std::char_traits<char> >
001c4638 00000040 V vtable for std::basic_filebuf<char, std::char_traits<char> >
001c4678 00000028 V construction vtable for std::istream-in-std::basic_ifstream<char, std::char_traits<char> >
001c46a0 00000010 V VTT for std::basic_ifstream<char, std::char_traits<char> >
001c46b0 00000028 V vtable for std::basic_ifstream<char, std::char_traits<char> >
001c46d8 00000028 V construction vtable for std::ostream-in-std::basic_ofstream<char, std::char_traits<char> >
001c4700 00000010 V VTT for std::basic_ofstream<char, std::char_traits<char> >
001c4710 00000028 V vtable for std::basic_ofstream<char, std::char_traits<char> >
001c4738 00000022 V typeinfo name for std::basic_ios<char, std::char_traits<char> >
001c475c 0000000c V typeinfo for std::basic_ios<char, std::char_traits<char> >
001c4768 00000010 V vtable for std::basic_ios<char, std::char_traits<char> >
001c4778 0000000c R typeinfo name for std::ios_base
001c4784 00000008 R typeinfo for std::ios_base
001c478c 00000010 R vtable for std::ios_base
001c479c 00000003 V typeinfo name for std::istream
001c47a0 00000018 V typeinfo for std::istream
001c4880 00000011 V typeinfo name for std::codecvt_base
001c4894 00000008 V typeinfo for std::codecvt_base
001c489c 0000000f V typeinfo name for std::ctype_base
001c48ac 00000008 V typeinfo for std::ctype_base
001c48b4 0000000e V typeinfo name for std::collate<char>
001c48c4 0000000c V typeinfo for std::collate<char>
001c48d0 0000000f V typeinfo name for std::numpunct<char>
001c48e0 0000000c V typeinfo for std::numpunct<char>
001c48ec 0000003a V typeinfo name for std::num_get<char, std::istreambuf_iterator<char, std::char_traits<char> > >
001c4928 0000000c V typeinfo for std::num_get<char, std::istreambuf_iterator<char, std::char_traits<char> > >
001c4934 0000003a V typeinfo name for std::num_put<char, std::ostreambuf_iterator<char, std::char_traits<char> > >
001c4970 0000000c V typeinfo for std::num_put<char, std::ostreambuf_iterator<char, std::char_traits<char> > >
001c497c 00000019 V typeinfo name for std::__timepunct_cache<char>
001c4998 0000000c V typeinfo for std::__timepunct_cache<char>
001c49a4 00000013 V typeinfo name for std::__timepunct<char>
001c49b8 0000000c V typeinfo for std::__timepunct<char>
001c49c4 00000016 V typeinfo name for std::moneypunct<char, true>
001c49dc 00000020 V typeinfo for std::moneypunct<char, true>
001c49fc 00000016 V typeinfo name for std::moneypunct<char, false>
001c4a14 00000020 V typeinfo for std::moneypunct<char, false>
001c4a34 0000000f V typeinfo name for std::messages<char>
001c4a44 00000020 V typeinfo for std::messages<char>
001c4a64 0000002c V typeinfo name for std::__codecvt_abstract_base<char, char, _mbstate_t>
001c4a90 00000020 V typeinfo for std::__codecvt_abstract_base<char, char, _mbstate_t>
001c4ab0 0000003c V typeinfo name for std::money_get<char, std::istreambuf_iterator<char, std::char_traits<char> > >
001c4aec 0000000c V typeinfo for std::money_get<char, std::istreambuf_iterator<char, std::char_traits<char> > >
001c4af8 0000003c V typeinfo name for std::money_put<char, std::ostreambuf_iterator<char, std::char_traits<char> > >
001c4b34 0000000c V typeinfo for std::money_put<char, std::ostreambuf_iterator<char, std::char_traits<char> > >
001c4b40 0000003b V typeinfo name for std::time_put<char, std::ostreambuf_iterator<char, std::char_traits<char> > >
001c4b7c 0000000c V typeinfo for std::time_put<char, std::ostreambuf_iterator<char, std::char_traits<char> > >
001c4b88 0000003b V typeinfo name for std::time_get<char, std::istreambuf_iterator<char, std::char_traits<char> > >
001c4bc4 00000020 V typeinfo for std::time_get<char, std::istreambuf_iterator<char, std::char_traits<char> > >
001c4be4 0000001e V typeinfo name for std::__moneypunct_cache<char, false>
001c4c04 0000000c V typeinfo for std::__moneypunct_cache<char, false>
001c4c10 0000001e V typeinfo name for std::__moneypunct_cache<char, true>
001c4c30 0000000c V typeinfo for std::__moneypunct_cache<char, true>
001c4c3c 00000018 V typeinfo name for std::__numpunct_cache<char>
001c4c54 0000000c V typeinfo for std::__numpunct_cache<char>
001c4c60 0000001c V vtable for std::collate<char>
001c4c7c 00000024 V vtable for std::numpunct<char>
001c4ca0 0000003c V vtable for std::num_get<char, std::istreambuf_iterator<char, std::char_traits<char> > >
001c4cdc 00000030 V vtable for std::num_put<char, std::ostreambuf_iterator<char, std::char_traits<char> > >
001c4d0c 00000010 V vtable for std::__timepunct_cache<char>
001c4d1c 00000010 V vtable for std::__timepunct<char>
001c4d2c 00000034 V vtable for std::moneypunct<char, true>
001c4d60 00000034 V vtable for std::moneypunct<char, false>
001c4d94 0000001c V vtable for std::messages<char>
001c4db0 0000002c V vtable for std::__codecvt_abstract_base<char, char, _mbstate_t>
001c4ddc 00000018 V vtable for std::money_get<char, std::istreambuf_iterator<char, std::char_traits<char> > >
001c4df4 00000018 V vtable for std::money_put<char, std::ostreambuf_iterator<char, std::char_traits<char> > >
001c4e0c 00000014 V vtable for std::time_put<char, std::ostreambuf_iterator<char, std::char_traits<char> > >
001c4e20 00000028 V vtable for std::time_get<char, std::istreambuf_iterator<char, std::char_traits<char> > >
001c4e48 00000010 V vtable for std::__moneypunct_cache<char, false>
001c4e58 00000010 V vtable for std::__moneypunct_cache<char, true>
001c4e68 00000010 V vtable for std::__numpunct_cache<char>
001c4e78 00000088 R std::locale::_S_twinned_facets
001c4f00 00000003 V typeinfo name for std::ostream
001c4f04 00000018 V typeinfo for std::ostream
001c4f1c 00000029 V typeinfo name for std::basic_streambuf<char, std::char_traits<char> >
001c4f48 00000008 V typeinfo for std::basic_streambuf<char, std::char_traits<char> >
001c4f50 00000040 V vtable for std::basic_streambuf<char, std::char_traits<char> >
001c4f90 00000019 R typeinfo name for std::_V2::error_category
001c4fac 00000008 R typeinfo for std::_V2::error_category
001c4fb4 00000011 R typeinfo name for std::system_error
001c4fc8 0000000c R typeinfo for std::system_error
001c4fd4 0000000c r typeinfo for (anonymous namespace)::generic_error_category
001c4fe0 0000002a r typeinfo name for (anonymous namespace)::generic_error_category
001c500c 00000014 R vtable for std::system_error
001c5020 00000028 r vtable for (anonymous namespace)::generic_error_category
001c5110 0000000e V typeinfo name for std::collate<wchar_t>
001c5120 0000000c V typeinfo for std::collate<wchar_t>
001c512c 0000001d V typeinfo name for std::__ctype_abstract_base<wchar_t>
001c514c 00000020 V typeinfo for std::__ctype_abstract_base<wchar_t>
001c516c 0000000f V typeinfo name for std::numpunct<wchar_t>
001c517c 0000000c V typeinfo for std::numpunct<wchar_t>
001c5188 0000003a V typeinfo name for std::num_get<wchar_t, std::istreambuf_iterator<wchar_t, std::char_traits<wchar_t> > >
001c51c4 0000000c V typeinfo for std::num_get<wchar_t, std::istreambuf_iterator<wchar_t, std::char_traits<wchar_t> > >
001c51d0 0000003a V typeinfo name for std::num_put<wchar_t, std::ostreambuf_iterator<wchar_t, std::char_traits<wchar_t> > >
001c520c 0000000c V typeinfo for std::num_put<wchar_t, std::ostreambuf_iterator<wchar_t, std::char_traits<wchar_t> > >
001c5218 00000019 V typeinfo name for std::__timepunct_cache<wchar_t>
001c5234 0000000c V typeinfo for std::__timepunct_cache<wchar_t>
001c5240 00000013 V typeinfo name for std::__timepunct<wchar_t>
001c5254 0000000c V typeinfo for std::__timepunct<wchar_t>
001c5260 00000016 V typeinfo name for std::moneypunct<wchar_t, true>
001c5278 00000020 V typeinfo for std::moneypunct<wchar_t, true>
001c5298 00000016 V typeinfo name for std::moneypunct<wchar_t, false>
001c52b0 00000020 V typeinfo for std::moneypunct<wchar_t, false>
001c52d0 0000000f V typeinfo name for std::messages<wchar_t>
001c52e0 00000020 V typeinfo for std::messages<wchar_t>
001c5300 0000002c V typeinfo name for std::__codecvt_abstract_base<wchar_t, char, _mbstate_t>
001c532c 00000020 V typeinfo for std::__codecvt_abstract_base<wchar_t, char, _mbstate_t>
001c534c 0000003c V typeinfo name for std::money_get<wchar_t, std::istreambuf_iterator<wchar_t, std::char_traits<wchar_t> > >
001c5388 0000000c V typeinfo for std::money_get<wchar_t, std::istreambuf_iterator<wchar_t, std::char_traits<wchar_t> > >
001c5394 0000003c V typeinfo name for std::money_put<wchar_t, std::ostreambuf_iterator<wchar_t, std::char_traits<wchar_t> > >
001c53d0 0000000c V typeinfo for std::money_put<wchar_t, std::ostreambuf_iterator<wchar_t, std::char_traits<wchar_t> > >
001c53dc 0000003b V typeinfo name for std::time_put<wchar_t, std::ostreambuf_iterator<wchar_t, std::char_traits<wchar_t> > >
001c5418 0000000c V typeinfo for std::time_put<wchar_t, std::ostreambuf_iterator<wchar_t, std::char_traits<wchar_t> > >
001c5424 0000003b V typeinfo name for std::time_get<wchar_t, std::istreambuf_iterator<wchar_t, std::char_traits<wchar_t> > >
001c5460 00000020 V typeinfo for std::time_get<wchar_t, std::istreambuf_iterator<wchar_t, std::char_traits<wchar_t> > >
001c5480 0000001e V typeinfo name for std::__moneypunct_cache<wchar_t, false>
001c54a0 0000000c V typeinfo for std::__moneypunct_cache<wchar_t, false>
001c54ac 0000001e V typeinfo name for std::__moneypunct_cache<wchar_t, true>
001c54cc 0000000c V typeinfo for std::__moneypunct_cache<wchar_t, true>
001c54d8 00000018 V typeinfo name for std::__numpunct_cache<wchar_t>
001c54f0 0000000c V typeinfo for std::__numpunct_cache<wchar_t>
001c54fc 0000001c V vtable for std::collate<wchar_t>
001c5518 00000040 V vtable for std::__ctype_abstract_base<wchar_t>
001c5558 00000024 V vtable for std::numpunct<wchar_t>
001c557c 0000003c V vtable for std::num_get<wchar_t, std::istreambuf_iterator<wchar_t, std::char_traits<wchar_t> > >
001c55b8 00000030 V vtable for std::num_put<wchar_t, std::ostreambuf_iterator<wchar_t, std::char_traits<wchar_t> > >
001c55e8 00000010 V vtable for std::__timepunct_cache<wchar_t>
001c55f8 00000010 V vtable for std::__timepunct<wchar_t>
001c5608 00000034 V vtable for std::moneypunct<wchar_t, true>
001c563c 00000034 V vtable for std::moneypunct<wchar_t, false>
001c5670 0000001c V vtable for std::messages<wchar_t>
001c568c 0000002c V vtable for std::__codecvt_abstract_base<wchar_t, char, _mbstate_t>
001c56b8 00000018 V vtable for std::money_get<wchar_t, std::istreambuf_iterator<wchar_t, std::char_traits<wchar_t> > >
001c56d0 00000018 V vtable for std::money_put<wchar_t, std::ostreambuf_iterator<wchar_t, std::char_traits<wchar_t> > >
001c56e8 00000014 V vtable for std::time_put<wchar_t, std::ostreambuf_iterator<wchar_t, std::char_traits<wchar_t> > >
001c56fc 00000028 V vtable for std::time_get<wchar_t, std::istreambuf_iterator<wchar_t, std::char_traits<wchar_t> > >
001c5724 00000010 V vtable for std::__moneypunct_cache<wchar_t, false>
001c5734 00000010 V vtable for std::__moneypunct_cache<wchar_t, true>
001c5744 00000010 V vtable for std::__numpunct_cache<wchar_t>
001c5754 0000000d R typeinfo name for std::bad_alloc
001c5764 0000000c R typeinfo for std::bad_alloc
001c5770 00000014 R vtable for std::bad_alloc
001c5784 00000019 R typeinfo name for std::bad_array_new_length
001c57a0 0000000c R typeinfo for std::bad_array_new_length
001c57ac 00000014 R vtable for std::bad_array_new_length
001c57c0 0000000c R typeinfo name for std::bad_cast
001c57cc 0000000c R typeinfo for std::bad_cast
001c57d8 00000014 R vtable for std::bad_cast
001c57ec 00000022 R typeinfo name for __cxxabiv1::__class_type_info
001c5810 0000000c R typeinfo for __cxxabiv1::__class_type_info
001c581c 0000002c R vtable for __cxxabiv1::__class_type_info
001c5848 0000000d R typeinfo name for std::exception
001c5858 00000008 R typeinfo for std::exception
001c5860 00000012 R typeinfo name for std::bad_exception
001c5874 0000000c R typeinfo for std::bad_exception
001c5880 00000020 R typeinfo name for __cxxabiv1::__forced_unwind
001c58a0 00000008 R typeinfo for __cxxabiv1::__forced_unwind
001c58a8 00000024 R typeinfo name for __cxxabiv1::__foreign_exception
001c58cc 00000008 R typeinfo for __cxxabiv1::__foreign_exception
001c58d4 00000014 R vtable for std::bad_exception
001c58fc 0000002c V typeinfo name for __gnu_cxx::__concurrence_broadcast_error
001c5928 0000000c V typeinfo for __gnu_cxx::__concurrence_broadcast_error
001c5934 00000027 V typeinfo name for __gnu_cxx::__concurrence_wait_error
001c595c 0000000c V typeinfo for __gnu_cxx::__concurrence_wait_error
001c5968 00000014 V vtable for __gnu_cxx::__concurrence_broadcast_error
001c597c 00000014 V vtable for __gnu_cxx::__concurrence_wait_error
001c5990 00000001 R std::nothrow
001c5994 00000025 R typeinfo name for __cxxabiv1::__si_class_type_info
001c59bc 0000000c R typeinfo for __cxxabiv1::__si_class_type_info
001c59c8 0000002c R vtable for __cxxabiv1::__si_class_type_info
001c59f4 0000000d R typeinfo name for std::type_info
001c5a04 00000008 R typeinfo for std::type_info
001c5a0c 00000026 R typeinfo name for __cxxabiv1::__vmi_class_type_info
001c5a34 0000000c R typeinfo for __cxxabiv1::__vmi_class_type_info
001c5a40 0000002c R vtable for __cxxabiv1::__vmi_class_type_info
001c5a6c 0000001b V typeinfo name for std::codecvt<char, char, _mbstate_t>
001c5a88 0000000c V typeinfo for std::codecvt<char, char, _mbstate_t>
001c5a94 0000001b V typeinfo name for std::codecvt<wchar_t, char, _mbstate_t>
001c5ab0 0000000c V typeinfo for std::codecvt<wchar_t, char, _mbstate_t>
001c5abc 0000002c V vtable for std::codecvt<char, char, _mbstate_t>
001c5ae8 0000002c V vtable for std::codecvt<wchar_t, char, _mbstate_t>
001c5b14 00000034 r std::(anonymous namespace)::mon_yday
001c5b48 00000004 R std::money_base::_S_default_pattern
001c62d4 00000010 R typeinfo name for std::logic_error
001c62e4 0000000c R typeinfo for std::logic_error
001c62f0 00000011 R typeinfo name for std::length_error
001c6304 0000000c R typeinfo for std::length_error
001c6310 00000011 R typeinfo name for std::out_of_range
001c6324 0000000c R typeinfo for std::out_of_range
001c6330 00000012 R typeinfo name for std::runtime_error
001c6344 0000000c R typeinfo for std::runtime_error
001c6350 00000014 R vtable for std::logic_error
001c6364 00000014 R vtable for std::length_error
001c6378 00000014 R vtable for std::out_of_range
001c638c 00000014 R vtable for std::runtime_error
001c63a0 0000002d V typeinfo name for std::__codecvt_abstract_base<char16_t, char, _mbstate_t>
001c63d0 00000020 V typeinfo for std::__codecvt_abstract_base<char16_t, char, _mbstate_t>
001c63f0 0000001c V typeinfo name for std::codecvt<char16_t, char, _mbstate_t>
001c640c 0000000c V typeinfo for std::codecvt<char16_t, char, _mbstate_t>
001c6418 0000002d V typeinfo name for std::__codecvt_abstract_base<char32_t, char, _mbstate_t>
001c6448 00000020 V typeinfo for std::__codecvt_abstract_base<char32_t, char, _mbstate_t>
001c6468 0000001c V typeinfo name for std::codecvt<char32_t, char, _mbstate_t>
001c6484 0000000c V typeinfo for std::codecvt<char32_t, char, _mbstate_t>
001c6490 0000002e V typeinfo name for std::__codecvt_abstract_base<char16_t, char8_t, _mbstate_t>
001c64c0 00000020 V typeinfo for std::__codecvt_abstract_base<char16_t, char8_t, _mbstate_t>
001c64e0 0000001d V typeinfo name for std::codecvt<char16_t, char8_t, _mbstate_t>
001c6500 0000000c V typeinfo for std::codecvt<char16_t, char8_t, _mbstate_t>
001c650c 0000002e V typeinfo name for std::__codecvt_abstract_base<char32_t, char8_t, _mbstate_t>
001c653c 00000020 V typeinfo for std::__codecvt_abstract_base<char32_t, char8_t, _mbstate_t>
001c655c 0000001d V typeinfo name for std::codecvt<char32_t, char8_t, _mbstate_t>
001c657c 0000000c V typeinfo for std::codecvt<char32_t, char8_t, _mbstate_t>
001c6588 0000002c V vtable for std::__codecvt_abstract_base<char16_t, char, _mbstate_t>
001c65b4 0000002c V vtable for std::codecvt<char16_t, char, _mbstate_t>
001c65e0 0000002c V vtable for std::__codecvt_abstract_base<char32_t, char, _mbstate_t>
001c660c 0000002c V vtable for std::codecvt<char32_t, char, _mbstate_t>
001c6638 0000002c V vtable for std::__codecvt_abstract_base<char16_t, char8_t, _mbstate_t>
001c6664 0000002c V vtable for std::codecvt<char16_t, char8_t, _mbstate_t>
001c6690 0000002c V vtable for std::__codecvt_abstract_base<char32_t, char8_t, _mbstate_t>
001c66bc 0000002c V vtable for std::codecvt<char32_t, char8_t, _mbstate_t>
001c66e8 0000000c V typeinfo name for std::ctype<char>
001c66f4 00000020 V typeinfo for std::ctype<char>
001c6714 0000000c V typeinfo name for std::ctype<wchar_t>
001c6720 0000000c V typeinfo for std::ctype<wchar_t>
001c672c 00000030 V vtable for std::ctype<char>
001c675c 00000040 V vtable for std::ctype<wchar_t>
001c67e0 0000001d R typeinfo name for std::ios_base::failure[abi:cxx11]
001c6800 0000000c R typeinfo for std::ios_base::failure[abi:cxx11]
001c680c 00000012 V typeinfo name for std::__ios_failure
001c6820 0000000c V typeinfo for std::__ios_failure
001c682c 00000018 R typeinfo name for std::__iosfail_type_info
001c6844 00000018 R typeinfo for std::__iosfail_type_info
001c685c 00000014 R vtable for std::ios_base::failure[abi:cxx11]
001c6870 00000014 V vtable for std::__ios_failure
001c6884 0000002c R vtable for std::__iosfail_type_info
001c6978 00000018 V typeinfo name for std::__cxx11::collate<char>
001c6990 0000000c V typeinfo for std::__cxx11::collate<char>
001c699c 00000019 V typeinfo name for std::__cxx11::numpunct<char>
001c69b8 0000000c V typeinfo for std::__cxx11::numpunct<char>
001c69c4 00000020 V typeinfo name for std::__cxx11::moneypunct<char, true>
001c69e4 00000020 V typeinfo for std::__cxx11::moneypunct<char, true>
001c6a04 00000020 V typeinfo name for std::__cxx11::moneypunct<char, false>
001c6a24 00000020 V typeinfo for std::__cxx11::moneypunct<char, false>
001c6a44 00000019 V typeinfo name for std::__cxx11::messages<char>
001c6a60 00000020 V typeinfo for std::__cxx11::messages<char>
001c6a80 00000046 V typeinfo name for std::__cxx11::money_get<char, std::istreambuf_iterator<char, std::char_traits<char> > >
001c6ac8 0000000c V typeinfo for std::__cxx11::money_get<char, std::istreambuf_iterator<char, std::char_traits<char> > >
001c6ad4 00000046 V typeinfo name for std::__cxx11::money_put<char, std::ostreambuf_iterator<char, std::char_traits<char> > >
001c6b1c 0000000c V typeinfo for std::__cxx11::money_put<char, std::ostreambuf_iterator<char, std::char_traits<char> > >
001c6b28 00000045 V typeinfo name for std::__cxx11::time_get<char, std::istreambuf_iterator<char, std::char_traits<char> > >
001c6b70 00000020 V typeinfo for std::__cxx11::time_get<char, std::istreambuf_iterator<char, std::char_traits<char> > >
001c6b90 0000001c V vtable for std::__cxx11::collate<char>
001c6bac 00000024 V vtable for std::__cxx11::numpunct<char>
001c6bd0 00000034 V vtable for std::__cxx11::moneypunct<char, true>
001c6c04 00000034 V vtable for std::__cxx11::moneypunct<char, false>
001c6c38 0000001c V vtable for std::__cxx11::messages<char>
001c6c54 00000018 V vtable for std::__cxx11::money_get<char, std::istreambuf_iterator<char, std::char_traits<char> > >
001c6c6c 00000018 V vtable for std::__cxx11::money_put<char, std::ostreambuf_iterator<char, std::char_traits<char> > >
001c6c84 0000002c V vtable for std::__cxx11::time_get<char, std::istreambuf_iterator<char, std::char_traits<char> > >
001c6cb0 0000000c r typeinfo for (anonymous namespace)::io_error_category
001c6cbc 00000025 r typeinfo name for (anonymous namespace)::io_error_category
001c6ce4 00000028 r vtable for (anonymous namespace)::io_error_category
001c6d0c 00000016 R typeinfo name for std::ios_base::failure
001c6d24 0000000c R typeinfo for std::ios_base::failure
001c6d30 00000014 R vtable for std::ios_base::failure
001c6d44 00000080 r npio2_hw
001c6dc4 00000108 r two_over_pi
001c6ed0 00000040 r PIo2
001c6f10 00000010 r init_jk
001c6f20 00000060 R __inv_pio4
001c6f80 000000e0 R __sincosf_table
001c6f95 N 
001c6f95 N 
001c6f95 N 
001c6f95 N 
001c6f95 N 
001c6f95 N 
001c6f95 N 
001c6f95 N 
001c6f95 N 
001c6f95 N 
001c6f95 N 
001c6f95 N 
001c6f95 N 
001c6f95 N 
001c6f95 N 
001c6f95 N 
001c6f95 N 
001c6f95 N 
001c6f95 N 
001c6f95 N 
001c6f95 N 
001c6f95 N 
001c6f95 N 
001c6f95 N 
001c6f95 N 
001c6f95 N 
001c6f95 N 
001c6f95 N 
001c6f95 N 
001c6f95 N 
001c6f95 N 
001c6f95 W KoreanMSX8KB0300MemoryRule.cpp.22f4b279
001c7060 00000870 R __exp_data
001c78d0 00001048 R __pow_log_data
001c8918 00001090 R __log_data
001c9bc0 00000022 r basefix.0
001c9c44 00000014 r fpinan.0
001c9c58 00000014 r fpi.1
001c9c70 00000028 r tinytens
001c9c98 00000100 R __hexdig
001c9d98 00000030 r _DAYS_BEFORE_MONTH
001c9dc8 00000030 r DAYS_IN_MONTH
001c9e30 0000001c r categories
001c9ecc 00000022 r basefix.0
001c9f08 000000fc R _C_time_locale
001ca0fc 00000010 r zeroes.0
001ca10c 00000010 r blanks.1
001ca11c 00000101 R _ctype_
001ca2cc 00000060 R __month_lengths
001ca32c 0000000c r p05.0
001ca338 00000028 R __mprec_bigtens
001ca360 000000c8 R __mprec_tens
001ca514 00000010 r zeroes.0
001ca524 00000010 r blanks.1
001ca534 0000006c R __action_table
001ca5a0 0000006c R __state_table
001ca60c 00000100 R __chclass
001ca744 00000048 r JIS_action_table
001ca78c 00000048 r JIS_state_table
001ca864 000037f8 r categories
001ce130 00000040 r zeroes.0
001ce170 00000040 r blanks.1
001ce29c 00000010 r zeroes.0
001ce2ac 00000010 r blanks.1
001ce3a8 00000010 r zeroes.0
001ce3b8 00000010 r blanks.1
001ce3c8 00000080 R dotab_stdnull
001ce448 R __tdata_align
001ce44c r __EH_FRAME_BEGIN__
001d0ad0 R __exidx_start
001d1d90 R __exidx_end
001d2000 00000004 d previousGlassesEye
001d2004 00000008 d framerateCounter
001d200c 00000004 d framerate
001d2010 00000004 D currentConsole
001d2014 00000004 d queueLock
001d2018 00000004 d aptChainloadDeliverArgSize
001d201c 00000004 d kCount
001d2020 00000004 d kInterval
001d2024 00000004 d kDelay
001d2028 W __stacksize__
001d202c 00000004 d (anonymous namespace)::generic_category_instance
001d2030 00000004 D __cxxabiv1::__unexpected_handler
001d2034 00000004 D std::__num_base::_S_atoms_out
001d2038 00000004 D std::__num_base::_S_atoms_in
001d203c 00000004 D std::money_base::_S_atoms
001d2040 00000038 D std::__timepunct_cache<wchar_t>::_S_timezones
001d2078 00000038 D std::__timepunct_cache<char>::_S_timezones
001d20b0 00000004 d (anonymous namespace)::io_category_instance
001d20b4 00000004 D __cxxabiv1::__terminate_handler
001d20b8 00000004 D _impure_ptr
001d20c0 00000200 D _impure_data
001d22c0 00000008 D _tzname
001d22c8 00000254 D __global_locale
001d251c 00000020 D __default_locale
001d253c 00000004 D __malloc_sbrk_base
001d2540 00000004 D __malloc_trim_threshold
001d2548 00000408 D __malloc_av_
001d2950 0000000c D __sglue
001d2960 00000058 d tzinfo
001d29b8 000007e0 d caseconv_table
001d3198 00000004 D environ
001d319c 00000400 d _current_working_directory
001d35a0 00001000 d handles
001d45a0 0000000c d __stderr_handle
001d45ac 0000000c d __stdout_handle
001d45b8 0000000c d __stdin_handle
001d45c4 0000008c D devoptab_list
001d4650 00000004 d defaultDevice
001d465c d _GLOBAL_OFFSET_TABLE_
001d4668 d __frame_dummy_init_array_entry
001d4668 D __init_array_start
001d4668 B __preinit_array_end
001d4668 B __preinit_array_start
001d4668 D __tdata_lma
001d4668 D __tdata_lma_end
001d4684 d __do_global_dtors_aux_fini_array_entry
001d4684 D __fini_array_start
001d4684 D __init_array_end
001d4690 00000004 b menuTarget
001d4690 D __bss_start__
001d4690 D __fini_array_end
001d4694 00000001 b menuIconInitialized
001d4698 00000008 b menuIconImage
001d46a0 00000004 b frameBuffer
001d46a4 00000004 b uploadBuffer
001d46a8 00000090 b gameTex
001d4738 00000001 b textureInitialized
001d473c 00000078 b gameSubTex
001d47b4 00000030 b gameImage
001d47e4 00000018 b menuIconTex
001d47fc 00000004 b menuIconUploadBuffer
001d4800 00000014 b menuIconSubTex
001d4814 00000001 b audioInitialized
001d4818 00000010 b audioBuffers
001d4828 00000060 b audioWave
001d4888 00000001 b stereoActive
001d4889 00000001 b display3DEnabled
001d488c 00000004 b audioIndex
001d4890 00000004 b videoTextureSlot
001d4894 00002000 B sin_tab.lto_priv.0
001d6894 00005800 B tl_tab.lto_priv.0
001d769f N 
001d769f N 
001d769f N 
001d769f N 
001d769f N 
001d769f N 
001d769f N 
001d769f N 
001d769f N 
001d769f N 
001d769f N 
001d769f N 
001d769f N 
001d769f N 
001d769f N 
001d769f N 
001d769f N 
001d769f N 
001d769f N 
001d769f N 
001d769f N 
001d769f N 
001d769f N 
001d769f N 
001d769f N 
001d769f N 
001d769f N 
001d769f N 
001d769f N 
001d769f N 
001d769f N 
001d769f N 
001d769f W KoreanMSXSMS8000MemoryRule.cpp.b5ee07a6
001dc098 00001760 B ym2413.lto_priv.0
001dd7f8 00000008 b output
001dd800 00000004 b LFO_PM
001dd804 00000004 b LFO_AM
001dd808 000005a8 B __C2Di_Context
001dddb0 00000040 b s_projTop
001dddf0 00000040 b s_projBot
001dde30 00000004 b uLoc_mdlvMtx
001dde34 00000004 b uLoc_projMtx
001dde38 b completed.1
001dde3c b object.0
001dde54 0000000c b hookCookie
001dde60 000002d0 B __C3D_Context
001de130 00000004 b frameEndCbData
001de134 00000004 b frameEndCb
001de138 00000008 b frameCounter
001de140 00000001 b isTopStereo
001de141 00000001 b needSwapBot
001de142 00000001 b needSwapTop
001de143 00000001 b measureGpuTime
001de144 00000001 b inSafeTransfer
001de145 00000001 b inFrame
001de148 00000010 b cpuTime
001de158 00000010 b gpuTime
001de168 0000000c b linkedTarget
001de174 00000004 b lastTarget
001de178 00000004 b firstTarget
001de17c 00000008 b C3Di_IVUnifEverDirty
001de184 000000c0 b C3Di_FVUnifEverDirty
001de244 00000018 b C3Di_ShaderFVecData
001de25c 00000002 B C3D_BoolUnifsDirty
001de260 00000008 B C3D_IVUnifDirty
001de268 000000c0 B C3D_FVUnifDirty
001de328 00000004 B C3D_BoolUnifs
001de32c 00000020 B C3D_IVUnif
001de34c 00000c00 B C3D_FVUnif
001def50 00000008 b sLinearPool
001def58 0000000c b sAddrMap
001def68 00000008 b sVramPoolB
001def70 00000008 b sVramPoolA
001def78 0000000c b sAddrMap
001def84 00000048 B currentCopy
001defcc 00000004 b screenAlloc
001defd0 00000004 b screenFree
001defd4 00000002 b gfxIsDoubleBuf
001defd8 00000002 b gfxCurBuf
001defda 00000001 b gfxIsVram
001defdb 00000001 b gfxTopMode
001defdc 00000002 b gfxFramebufferFormats
001defe0 00000004 b gfxBottomFramebufferMaxSize
001defe4 00000004 b gfxTopFramebufferMaxSize
001defe8 00000008 b gfxBottomFramebuffers
001deff0 00000008 b gfxTopFramebuffers
001deff8 00000001 V __ctru_speedup
001deffc 00000004 b romfs_mount_list
001df000 00000004 V __romfs_path
001df004 00000004 B gpuCmdBufOffset
001df008 00000004 B gpuCmdBufSize
001df00c 00000004 B gpuCmdBuf
001df010 00000004 b boundQueue
001df014 00000001 b shouldStop
001df015 00000001 b isRunning
001df016 00000001 b isActive
001df018 00000004 b curQueue
001df01c 00000004 b ndspRefCount
001df020 00000048 b ndspMaster
001df068 00000004 b ndspThread
001df06c 00000001 b ndspThreadRun
001df070 00001080 b dspVar5Backup
001e00f0 00000004 b ndspMutex
001e00f4 00000008 b sleepEvent
001e00fc 00000004 b dspSem
001e0100 00000004 b irqEvent
001e0104 00000008 b ndspHookCookie
001e010c 00000001 b componentFree
001e010e 00000002 b componentDataMask
001e0110 00000002 b componentProgMask
001e0114 00000004 b componentSize
001e0118 00000004 b componentBin
001e011c 00000004 b frameCount
001e0120 00000004 b droppedFrames
001e0124 00000001 b bCancelReceived
001e0125 00000001 b bSleeping
001e0126 00000001 b bEnteringSleep
001e0127 00000001 b bDspReady
001e0128 00000080 B ndspVars
001e01a8 00000002 B ndspBufferId
001e01aa 00000002 B ndspBufferCurId
001e01ac 00000002 B ndspFrameId
001e01b0 00000c60 b ndspChn
001e0e10 00000001 b flagValue.0
001e0e11 00000001 b flagInit.1
001e0e14 00000004 b serviceName.6
001e0e18 00000001 b aptChainloadFlags
001e0e19 00000001 b aptChainloadMediatype
001e0e1c 00000020 b aptChainloadHmac
001e0e3c 00000300 b aptChainloadDeliverArg
001e1140 00000008 b aptChainloadTid
001e1148 00001000 b aptParameters
001e2148 00000004 b aptFlags
001e214c 00000001 b aptHomeButtonState
001e2150 00000004 b aptMessageFuncData
001e2154 00000004 b aptMessageFunc
001e2158 0000000c b aptFirstHook
001e2164 00000001 b aptEventHandlerThreadQuit
001e2168 00000004 b aptEventHandlerThread
001e216c 00000008 b aptSleepEvent
001e2174 00000008 b aptReceiveEvent
001e217c 00000008 b aptEvents
001e2184 00000004 b aptLockHandle
001e2188 00000004 b aptRefCount
001e218c 00000004 b cfguRefCount
001e2190 00000004 b cfguHandle
001e2194 00000002 b dspSavedCompDataMask
001e2196 00000002 b dspSavedCompProgMask
001e2198 00000004 b dspSavedCompSize
001e219c 00000004 b dspSavedCompBin
001e21a0 00000001 b dspSleeping
001e21a1 00000001 b dspComponentLoaded
001e21a4 00000008 b dspFirstHook
001e21ac 00000004 b dspRefCount
001e21b0 00000004 b dspHandle
001e21b8 00000080 b fsExemptArchives
001e2238 00000004 b fsuRefCount
001e223c 00000004 b fsuHandle
001e2240 00000007 b gspEventCbOneShot
001e2248 0000001c b gspEventCbData
001e2264 0000001c b gspEventCb
001e2280 00000038 b gspEvents
001e22b8 00000004 b gspLastEvent
001e22bc 00000001 b gspRunEvents
001e22c0 00000004 b gspEventThread
001e22c4 00000004 b gspEvent
001e22c8 00000001 b gspGpuRight
001e22c9 00000001 b gspThreadId
001e22cc 00000004 b gspSharedMem
001e22d0 00000004 b gspSharedMemHandle
001e22d4 00000004 b gspRefCount
001e22d8 00000004 b gspGpuHandle
001e22dc 00000001 b usingIrrst
001e22e0 00000004 b hidRefCount
001e22e4 00000006 b gRate
001e22ec 00000006 b aVec
001e22f4 00000004 b cPos
001e22f8 00000004 b tPos
001e22fc 00000004 b kRepeat
001e2300 00000004 b kUp
001e2304 00000004 b kDown
001e2308 00000004 b kHeld
001e230c 00000004 b kOld
001e2310 00000004 B hidSharedMem
001e2314 00000014 B hidEvents
001e2328 00000004 B hidMemHandle
001e232c 00000004 B hidHandle
001e2330 00000004 b irrstRefCount
001e2334 00000004 b csPos
001e2338 00000004 b kHeld
001e233c 00000004 B irrstSharedMem
001e2340 00000004 B irrstEvent
001e2344 00000004 B irrstMemHandle
001e2348 00000004 B irrstHandle
001e234c 00000004 b ptmSysmRefCount
001e2350 00000004 b ptmSysmHandle
001e2354 00000004 V __ctru_linear_heap_size
001e2358 00000004 V __ctru_heap_size
001e235c 00000004 B __ctru_linear_heap
001e2360 00000004 B __ctru_heap
001e2364 00000004 B __system_retAddr
001e2368 00000004 B __system_argv
001e236c 00000004 B __system_argc
001e2370 b saved_stack
001e2378 00000004 B __3dslink_host
001e237c 00000004 b srvRefCount
001e2380 00000004 b srvHandle
001e2384 00000004 b arbiter
001e2388 00000004 b currentAddr
001e238c 00000004 b maxAddr
001e2390 00000004 b minAddr
001e2394 00000004 b srvPmHandle
001e2398 000005c0 b archive_devices
001e2958 00000004 b archive_device_cwd
001e295c 00000001 b archive_initialized
001e2960 00000004 B std::locale::id::_S_refcount
001e2964 00000004 B std::locale::facet::_S_once
001e2968 00000004 B std::locale::facet::_S_c_locale
001e296c 00000004 B std::locale::_S_once
001e2970 00000004 B std::locale::_S_global
001e2974 00000004 B std::locale::_S_classic
001e2978 00000004 b guard variable for (anonymous namespace)::get_locale_cache_mutex()::locale_cache_mutex
001e2980 00000010 b (anonymous namespace)::get_locale_cache_mutex()::locale_cache_mutex
001e2990 00000010 V std::string::_Rep::_S_empty_rep_storage
001e29a0 00000010 V std::basic_string<wchar_t, std::char_traits<wchar_t>, std::allocator<wchar_t> >::_Rep::_S_empty_rep_storage
001e29b0 00000004 V guard variable for std::__cxx11::collate<wchar_t>::id
001e29b4 00000004 V guard variable for std::__cxx11::messages<wchar_t>::id
001e29b8 00000004 V guard variable for std::__cxx11::time_get<wchar_t, std::istreambuf_iterator<wchar_t, std::char_traits<wchar_t> > >::id
001e29bc 00000004 V guard variable for std::__cxx11::numpunct<wchar_t>::id
001e29c0 00000004 V guard variable for std::__cxx11::moneypunct<wchar_t, true>::id
001e29c4 00000004 V guard variable for std::__cxx11::moneypunct<wchar_t, false>::id
001e29c8 00000004 V guard variable for std::__cxx11::money_put<wchar_t, std::ostreambuf_iterator<wchar_t, std::char_traits<wchar_t> > >::id
001e29cc 00000004 V guard variable for std::__cxx11::money_get<wchar_t, std::istreambuf_iterator<wchar_t, std::char_traits<wchar_t> > >::id
001e29d0 00000004 V std::__cxx11::collate<wchar_t>::id
001e29d4 00000004 V std::__cxx11::messages<wchar_t>::id
001e29d8 00000004 V std::__cxx11::time_get<wchar_t, std::istreambuf_iterator<wchar_t, std::char_traits<wchar_t> > >::id
001e29dc 00000004 V std::__cxx11::numpunct<wchar_t>::id
001e29e0 00000004 V std::__cxx11::moneypunct<wchar_t, true>::id
001e29e4 00000004 V std::__cxx11::moneypunct<wchar_t, false>::id
001e29e8 00000004 V std::__cxx11::money_put<wchar_t, std::ostreambuf_iterator<wchar_t, std::char_traits<wchar_t> > >::id
001e29ec 00000004 V std::__cxx11::money_get<wchar_t, std::istreambuf_iterator<wchar_t, std::char_traits<wchar_t> > >::id
001e29f0 00000004 V guard variable for std::collate<char>::id
001e29f4 00000004 V guard variable for std::messages<char>::id
001e29f8 00000004 V guard variable for std::time_get<char, std::istreambuf_iterator<char, std::char_traits<char> > >::id
001e29fc 00000004 V guard variable for std::time_put<char, std::ostreambuf_iterator<char, std::char_traits<char> > >::id
001e2a00 00000004 V guard variable for std::__timepunct<char>::id
001e2a04 00000004 V guard variable for std::numpunct<char>::id
001e2a08 00000004 V guard variable for std::moneypunct<char, true>::id
001e2a0c 00000004 V guard variable for std::moneypunct<char, false>::id
001e2a10 00000004 V guard variable for std::money_put<char, std::ostreambuf_iterator<char, std::char_traits<char> > >::id
001e2a14 00000004 V guard variable for std::money_get<char, std::istreambuf_iterator<char, std::char_traits<char> > >::id
001e2a18 00000004 V guard variable for std::num_put<char, std::ostreambuf_iterator<char, std::char_traits<char> > >::id
001e2a1c 00000004 V guard variable for std::num_get<char, std::istreambuf_iterator<char, std::char_traits<char> > >::id
001e2a20 00000004 V std::collate<char>::id
001e2a24 00000004 V std::messages<char>::id
001e2a28 00000004 V std::time_get<char, std::istreambuf_iterator<char, std::char_traits<char> > >::id
001e2a2c 00000004 V std::time_put<char, std::ostreambuf_iterator<char, std::char_traits<char> > >::id
001e2a30 00000004 V std::__timepunct<char>::id
001e2a34 00000004 V std::numpunct<char>::id
001e2a38 00000004 V std::moneypunct<char, true>::id
001e2a3c 00000004 V std::moneypunct<char, false>::id
001e2a40 00000004 V std::money_put<char, std::ostreambuf_iterator<char, std::char_traits<char> > >::id
001e2a44 00000004 V std::money_get<char, std::istreambuf_iterator<char, std::char_traits<char> > >::id
001e2a48 00000004 V std::num_put<char, std::ostreambuf_iterator<char, std::char_traits<char> > >::id
001e2a4c 00000004 V std::num_get<char, std::istreambuf_iterator<char, std::char_traits<char> > >::id
001e2a50 000000c8 b (anonymous namespace)::timepunct_cache_w
001e2b18 00000070 b (anonymous namespace)::moneypunct_cache_wf
001e2b88 00000070 b (anonymous namespace)::moneypunct_cache_wt
001e2bf8 00000128 b (anonymous namespace)::numpunct_cache_w
001e2d20 000000c8 b (anonymous namespace)::timepunct_cache_c
001e2de8 00000044 b (anonymous namespace)::moneypunct_cache_cf
001e2e2c 00000044 b (anonymous namespace)::moneypunct_cache_ct
001e2e70 00000068 b (anonymous namespace)::numpunct_cache_c
001e2ed8 00000008 b (anonymous namespace)::codecvt_c32_c8
001e2ee0 00000008 b (anonymous namespace)::codecvt_c16_c8
001e2ee8 00000008 b (anonymous namespace)::codecvt_c32
001e2ef0 00000008 b (anonymous namespace)::codecvt_c16
001e2ef8 00000010 b (anonymous namespace)::messages_w
001e2f08 00000008 b (anonymous namespace)::time_put_w
001e2f10 00000008 b (anonymous namespace)::time_get_w
001e2f18 00000014 b (anonymous namespace)::timepunct_w
001e2f2c 00000008 b (anonymous namespace)::money_put_w
001e2f34 00000008 b (anonymous namespace)::money_get_w
001e2f3c 0000000c b (anonymous namespace)::moneypunct_wf
001e2f48 0000000c b (anonymous namespace)::moneypunct_wt
001e2f54 0000000c b (anonymous namespace)::codecvt_w
001e2f60 00000008 b (anonymous namespace)::num_put_w
001e2f68 00000008 b (anonymous namespace)::num_get_w
001e2f70 0000000c b (anonymous namespace)::numpunct_w
001e2f7c 0000000c b (anonymous namespace)::collate_w
001e2f88 000004e0 b (anonymous namespace)::ctype_w
001e3468 00000010 b (anonymous namespace)::messages_c
001e3478 00000008 b (anonymous namespace)::time_put_c
001e3480 00000008 b (anonymous namespace)::time_get_c
001e3488 00000014 b (anonymous namespace)::timepunct_c
001e349c 00000008 b (anonymous namespace)::money_put_c
001e34a4 00000008 b (anonymous namespace)::money_get_c
001e34ac 0000000c b (anonymous namespace)::moneypunct_cf
001e34b8 0000000c b (anonymous namespace)::moneypunct_ct
001e34c4 0000000c b (anonymous namespace)::codecvt_c
001e34d0 00000008 b (anonymous namespace)::num_put_c
001e34d8 00000008 b (anonymous namespace)::num_get_c
001e34e0 0000000c b (anonymous namespace)::numpunct_c
001e34ec 0000000c b (anonymous namespace)::collate_c
001e34f8 00000220 b (anonymous namespace)::ctype_c
001e3718 000000c0 b (anonymous namespace)::cache_vec
001e37d8 000000c0 b (anonymous namespace)::facet_vec
001e3898 0000000c b (anonymous namespace)::name_c
001e38a4 00000018 b (anonymous namespace)::name_vec
001e38bc 00000004 b (anonymous namespace)::c_locale
001e38c0 00000014 b (anonymous namespace)::c_locale_impl
001e38d4 00000004 b guard variable for (anonymous namespace)::get_locale_mutex()::locale_mutex
001e38d8 00000010 b (anonymous namespace)::get_locale_mutex()::locale_mutex
001e38e8 00000004 V guard variable for std::collate<wchar_t>::id
001e38ec 00000004 V guard variable for std::messages<wchar_t>::id
001e38f0 00000004 V guard variable for std::time_get<wchar_t, std::istreambuf_iterator<wchar_t, std::char_traits<wchar_t> > >::id
001e38f4 00000004 V guard variable for std::time_put<wchar_t, std::ostreambuf_iterator<wchar_t, std::char_traits<wchar_t> > >::id
001e38f8 00000004 V guard variable for std::__timepunct<wchar_t>::id
001e38fc 00000004 V guard variable for std::numpunct<wchar_t>::id
001e3900 00000004 V guard variable for std::moneypunct<wchar_t, true>::id
001e3904 00000004 V guard variable for std::moneypunct<wchar_t, false>::id
001e3908 00000004 V guard variable for std::money_put<wchar_t, std::ostreambuf_iterator<wchar_t, std::char_traits<wchar_t> > >::id
001e390c 00000004 V guard variable for std::money_get<wchar_t, std::istreambuf_iterator<wchar_t, std::char_traits<wchar_t> > >::id
001e3910 00000004 V guard variable for std::num_put<wchar_t, std::ostreambuf_iterator<wchar_t, std::char_traits<wchar_t> > >::id
001e3914 00000004 V guard variable for std::num_get<wchar_t, std::istreambuf_iterator<wchar_t, std::char_traits<wchar_t> > >::id
001e3918 00000004 V std::collate<wchar_t>::id
001e391c 00000004 V std::messages<wchar_t>::id
001e3920 00000004 V std::time_get<wchar_t, std::istreambuf_iterator<wchar_t, std::char_traits<wchar_t> > >::id
001e3924 00000004 V std::time_put<wchar_t, std::ostreambuf_iterator<wchar_t, std::char_traits<wchar_t> > >::id
001e3928 00000004 V std::__timepunct<wchar_t>::id
001e392c 00000004 V std::numpunct<wchar_t>::id
001e3930 00000004 V std::moneypunct<wchar_t, true>::id
001e3934 00000004 V std::moneypunct<wchar_t, false>::id
001e3938 00000004 V std::money_put<wchar_t, std::ostreambuf_iterator<wchar_t, std::char_traits<wchar_t> > >::id
001e393c 00000004 V std::money_get<wchar_t, std::istreambuf_iterator<wchar_t, std::char_traits<wchar_t> > >::id
001e3940 00000004 V std::num_put<wchar_t, std::ostreambuf_iterator<wchar_t, std::char_traits<wchar_t> > >::id
001e3944 00000004 V std::num_get<wchar_t, std::istreambuf_iterator<wchar_t, std::char_traits<wchar_t> > >::id
001e3948 0000001c b (anonymous namespace)::emergency_pool
001e3964 00000004 b init
001e3968 00000001 B __eh_globals_init::_S_init
001e396c 0000000c b (anonymous namespace)::eh_globals
001e3978 00000004 b (anonymous namespace)::get_static_cond()::once
001e3980 00000008 b (anonymous namespace)::fake_cond
001e3988 00000004 b (anonymous namespace)::static_cond
001e398c 00000004 b (anonymous namespace)::get_static_mutex()::once
001e3990 00000010 b (anonymous namespace)::fake_mutex
001e39a0 00000004 b (anonymous namespace)::static_mutex
001e39a4 00000004 b (anonymous namespace)::__new_handler
001e39a8 00000004 B std::codecvt<wchar_t, char, _mbstate_t>::id
001e39ac 00000004 B std::codecvt<char, char, _mbstate_t>::id
001e39b0 00000004 B std::codecvt<char32_t, char8_t, _mbstate_t>::id
001e39b4 00000004 B std::codecvt<char16_t, char8_t, _mbstate_t>::id
001e39b8 00000004 B std::codecvt<char32_t, char, _mbstate_t>::id
001e39bc 00000004 B std::codecvt<char16_t, char, _mbstate_t>::id
001e39c0 00000010 b std::(anonymous namespace)::messages_w
001e39d0 00000008 b std::(anonymous namespace)::time_get_w
001e39d8 00000008 b std::(anonymous namespace)::money_put_w
001e39e0 00000008 b std::(anonymous namespace)::money_get_w
001e39e8 0000000c b std::(anonymous namespace)::moneypunct_wf
001e39f4 0000000c b std::(anonymous namespace)::moneypunct_wt
001e3a00 0000000c b std::(anonymous namespace)::numpunct_w
001e3a0c 0000000c b std::(anonymous namespace)::collate_w
001e3a18 00000010 b std::(anonymous namespace)::messages_c
001e3a28 00000008 b std::(anonymous namespace)::time_get_c
001e3a30 00000008 b std::(anonymous namespace)::money_put_c
001e3a38 00000008 b std::(anonymous namespace)::money_get_c
001e3a40 0000000c b std::(anonymous namespace)::moneypunct_cf
001e3a4c 0000000c b std::(anonymous namespace)::moneypunct_ct
001e3a58 0000000c b std::(anonymous namespace)::numpunct_c
001e3a64 0000000c b std::(anonymous namespace)::collate_c
001e3a70 00000004 B std::ctype<wchar_t>::id
001e3a74 00000004 B std::ctype<char>::id
001e3a78 00000004 V guard variable for std::__cxx11::collate<char>::id
001e3a7c 00000004 V guard variable for std::__cxx11::messages<char>::id
001e3a80 00000004 V guard variable for std::__cxx11::time_get<char, std::istreambuf_iterator<char, std::char_traits<char> > >::id
001e3a84 00000004 V guard variable for std::__cxx11::numpunct<char>::id
001e3a88 00000004 V guard variable for std::__cxx11::moneypunct<char, true>::id
001e3a8c 00000004 V guard variable for std::__cxx11::moneypunct<char, false>::id
001e3a90 00000004 V guard variable for std::__cxx11::money_put<char, std::ostreambuf_iterator<char, std::char_traits<char> > >::id
001e3a94 00000004 V guard variable for std::__cxx11::money_get<char, std::istreambuf_iterator<char, std::char_traits<char> > >::id
001e3a98 00000004 V std::__cxx11::collate<char>::id
001e3a9c 00000004 V std::__cxx11::messages<char>::id
001e3aa0 00000004 V std::__cxx11::time_get<char, std::istreambuf_iterator<char, std::char_traits<char> > >::id
001e3aa4 00000004 V std::__cxx11::numpunct<char>::id
001e3aa8 00000004 V std::__cxx11::moneypunct<char, true>::id
001e3aac 00000004 V std::__cxx11::moneypunct<char, false>::id
001e3ab0 00000004 V std::__cxx11::money_put<char, std::ostreambuf_iterator<char, std::char_traits<char> > >::id
001e3ab4 00000004 V std::__cxx11::money_get<char, std::istreambuf_iterator<char, std::char_traits<char> > >::id
001e3ab8 00000004 B _timezone
001e3abc 00000004 B _daylight
001e3ac0 00000004 b __tz_mutex
001e3ac4 000000e0 b saved_categories.0
001e3ba4 000000e0 b new_categories.1
001e3c84 00000028 B __malloc_current_mallinfo
001e3cac 00000004 B __malloc_max_total_mem
001e3cb0 00000004 B __malloc_max_sbrked_mem
001e3cb4 00000004 B __malloc_top_pad
001e3cb8 0000000c b __sfp_recursive_mutex
001e3cc8 00000168 B __sf
001e3e30 00000004 B __stdio_exit_handler
001e3e34 0000000c b __malloc_recursive_mutex
001e3e40 00000004 b prev_tzenv
001e3e44 0000000c b __tzname_dst
001e3e50 0000000c b __tzname_std
001e3e5c 0000000c b __env_recursive_mutex
001e3e68 00000004 b initial_env
001e3e6c 00000400 b temp_cwd
001e426c 00000004 b __hndl_lock
001e4270 00000004 B fake_heap_start
001e4274 00000004 B fake_heap_end
001e4278 00000004 b __pthread_once_cv
001e427c 00000004 b __pthread_once_lock
001e4280 00000004 b heap_start.0
001e4284 B __tls_start
001e4e8c B __bss_end__
001e4e8c A __end__
001e4e8c B __tls_end
001e7d9a N 
001e7d9a N 
001e7d9a N 
001e7d9a N 
001e7d9a N 
001e7d9a N 
001e7d9a N 
001e7d9a N 
001e7d9a N 
001e7d9a N 
001e7d9a N 
001e7d9a N 
001e7d9a N 
001e7d9a N 
001e7d9a N 
001e7d9a N 
001e7d9a N 
001e7d9a N 
001e7d9a N 
001e7d9a N 
001e7d9a N 
001e7d9a N 
001e7d9a N 
001e7d9a N 
001e7d9a N 
001e7d9a N 
001e7d9a N 
001e7d9a N 
001e7d9a N 
001e7d9a N 
001e7d9a N 
001e7d9a N 
001e7d9a W KoreanMemoryRule.cpp.c55f2205
001f8455 N 
001f8455 N 
001f8455 N 
001f8455 N 
001f8455 N 
001f8455 N 
001f8455 N 
001f8455 N 
001f8455 N 
001f8455 N 
001f8455 N 
001f8455 N 
001f8455 N 
001f8455 N 
001f8455 N 
001f8455 N 
001f8455 N 
001f8455 N 
001f8455 N 
001f8455 N 
001f8455 N 
001f8455 N 
001f8455 N 
001f8455 N 
001f8455 N 
001f8455 N 
001f8455 N 
001f8455 N 
001f8455 N 
001f8455 N 
001f8455 N 
001f8455 N 
001f8455 W KoreanSMS32KB2000MemoryRule.cpp.d0f38364
00208b1f N 
00208b1f N 
00208b1f N 
00208b1f N 
00208b1f N 
00208b1f N 
00208b1f N 
00208b1f N 
00208b1f N 
00208b1f N 
00208b1f N 
00208b1f N 
00208b1f N 
00208b1f N 
00208b1f N 
00208b1f N 
00208b1f N 
00208b1f N 
00208b1f N 
00208b1f N 
00208b1f N 
00208b1f N 
00208b1f N 
00208b1f N 
00208b1f N 
00208b1f N 
00208b1f N 
00208b1f N 
00208b1f N 
00208b1f N 
00208b1f N 
00208b1f N 
00208b1f W MSXMemoryRule.cpp.a7ec4153
0021923e N 
0021923e N 
0021923e N 
0021923e N 
0021923e N 
0021923e N 
0021923e N 
0021923e N 
0021923e N 
0021923e N 
0021923e N 
0021923e N 
0021923e N 
0021923e N 
0021923e N 
0021923e N 
0021923e N 
0021923e N 
0021923e N 
0021923e N 
0021923e N 
0021923e N 
0021923e N 
0021923e N 
0021923e N 
0021923e N 
0021923e N 
0021923e N 
0021923e N 
0021923e N 
0021923e N 
0021923e N 
0021923e N 
0021923e N 
0021923e N 
0021923e N 
0021923e N 
0021923e N 
0021923e N 
0021923e N 
0021923e N 
0021923e N 
0021923e N 
0021923e N 
0021923e N 
0021923e N 
0021923e N 
0021923e N 
0021923e N 
0021923e N 
0021923e N 
0021923e N 
0021923e N 
0021923e N 
0021923e N 
0021923e N 
0021923e N 
0021923e N 
0021923e N 
0021923e N 
0021923e N 
0021923e N 
0021923e N 
0021923e N 
0021923e N 
0021923e N 
0021923e N 
0021923e N 
0021923e N 
0021923e N 
0021923e N 
0021923e N 
0021923e N 
0021923e N 
0021923e N 
0021923e N 
0021923e N 
0021923e N 
0021923e N 
0021923e N 
0021923e N 
0021923e N 
0021923e N 
0021923e N 
0021923e W Memory.cpp.90d36675
0022e4c8 N 
0022e4c8 N 
0022e4c8 N 
0022e4c8 N 
0022e4c8 N 
0022e4c8 N 
0022e4c8 N 
0022e4c8 N 
0022e4c8 N 
0022e4c8 N 
0022e4c8 N 
0022e4c8 N 
0022e4c8 N 
0022e4c8 N 
0022e4c8 N 
0022e4c8 N 
0022e4c8 N 
0022e4c8 N 
0022e4c8 N 
0022e4c8 N 
0022e4c8 N 
0022e4c8 N 
0022e4c8 N 
0022e4c8 N 
0022e4c8 N 
0022e4c8 N 
0022e4c8 N 
0022e4c8 N 
0022e4c8 N 
0022e4c8 N 
0022e4c8 N 
0022e4c8 N 
0022e4c8 N 
0022e4c8 N 
0022e4c8 N 
0022e4c8 W MemoryRule.cpp.6e402e53
002312b9 N 
002312b9 N 
002312b9 N 
002312b9 N 
002312b9 N 
002312b9 N 
002312b9 N 
002312b9 N 
002312b9 N 
002312b9 N 
002312b9 N 
002312b9 N 
002312b9 N 
002312b9 N 
002312b9 N 
002312b9 N 
002312b9 N 
002312b9 N 
002312b9 N 
002312b9 N 
002312b9 N 
002312b9 N 
002312b9 N 
002312b9 N 
002312b9 N 
002312b9 N 
002312b9 N 
002312b9 N 
002312b9 N 
002312b9 N 
002312b9 N 
002312b9 N 
002312b9 W Multi4PAKAllActionMemoryRule.cpp.f5032c72
00241983 N 
00241983 N 
00241983 N 
00241983 N 
00241983 N 
00241983 N 
00241983 N 
00241983 N 
00241983 N 
00241983 N 
00241983 N 
00241983 N 
00241983 N 
00241983 N 
00241983 N 
00241983 N 
00241983 N 
00241983 N 
00241983 N 
00241983 N 
00241983 N 
00241983 N 
00241983 N 
00241983 N 
00241983 N 
00241983 N 
00241983 N 
00241983 N 
00241983 N 
00241983 N 
00241983 N 
00241983 N 
00241983 N 
00241983 N 
00241983 N 
00241983 N 
00241983 N 
00241983 N 
00241983 N 
00241983 N 
00241983 N 
00241983 N 
00241983 N 
00241983 N 
00241983 N 
00241983 N 
00241983 N 
00241983 N 
00241983 N 
00241983 N 
00241983 N 
00241983 N 
00241983 N 
00241983 N 
00241983 N 
00241983 N 
00241983 N 
00241983 N 
00241983 N 
00241983 N 
00241983 N 
00241983 N 
00241983 N 
00241983 N 
00241983 N 
00241983 N 
00241983 N 
00241983 N 
00241983 N 
00241983 N 
00241983 N 
00241983 N 
00241983 N 
00241983 N 
00241983 N 
00241983 N 
00241983 N 
00241983 N 
00241983 N 
00241983 N 
00241983 N 
00241983 N 
00241983 N 
00241983 N 
00241983 N 
00241983 N 
00241983 N 
00241983 N 
00241983 N 
00241983 N 
00241983 N 
00241983 N 
00241983 N 
00241983 N 
00241983 N 
00241983 N 
00241983 N 
00241983 W Processor.cpp.f5159272
00258ec1 N 
00258ec1 N 
00258ec1 N 
00258ec1 N 
00258ec1 N 
00258ec1 N 
00258ec1 N 
00258ec1 N 
00258ec1 N 
00258ec1 N 
00258ec1 N 
00258ec1 N 
00258ec1 N 
00258ec1 N 
00258ec1 N 
00258ec1 N 
00258ec1 N 
00258ec1 N 
00258ec1 N 
00258ec1 N 
00258ec1 N 
00258ec1 N 
00258ec1 N 
00258ec1 N 
00258ec1 N 
00258ec1 N 
00258ec1 N 
00258ec1 N 
00258ec1 W RomOnlyMemoryRule.cpp.e3fe7f74
00269401 N 
00269401 N 
00269401 N 
00269401 N 
00269401 N 
00269401 N 
00269401 N 
00269401 N 
00269401 N 
00269401 N 
00269401 N 
00269401 N 
00269401 N 
00269401 N 
00269401 N 
00269401 N 
00269401 N 
00269401 N 
00269401 N 
00269401 N 
00269401 N 
00269401 N 
00269401 N 
00269401 N 
00269401 N 
00269401 N 
00269401 N 
00269401 N 
00269401 N 
00269401 W SG1000MemoryRule.cpp.2490be6d
00279950 N 
00279950 N 
00279950 N 
00279950 N 
00279950 N 
00279950 N 
00279950 N 
00279950 N 
00279950 N 
00279950 N 
00279950 N 
00279950 N 
00279950 N 
00279950 N 
00279950 N 
00279950 N 
00279950 N 
00279950 N 
00279950 N 
00279950 N 
00279950 N 
00279950 N 
00279950 N 
00279950 N 
00279950 N 
00279950 N 
00279950 N 
00279950 N 
00279950 N 
00279950 N 
00279950 N 
00279950 N 
00279950 N 
00279950 N 
00279950 N 
00279950 N 
00279950 N 
00279950 N 
00279950 N 
00279950 W SegaMemoryRule.cpp.98b05afb
0028b465 N 
0028b465 N 
0028b465 N 
0028b465 N 
0028b465 N 
0028b465 N 
0028b465 N 
0028b465 N 
0028b465 N 
0028b465 N 
0028b465 N 
0028b465 N 
0028b465 N 
0028b465 N 
0028b465 N 
0028b465 N 
0028b465 N 
0028b465 N 
0028b465 N 
0028b465 N 
0028b465 N 
0028b465 N 
0028b465 N 
0028b465 N 
0028b465 N 
0028b465 N 
0028b465 N 
0028b465 N 
0028b465 N 
0028b465 N 
0028b465 N 
0028b465 N 
0028b465 N 
0028b465 N 
0028b465 N 
0028b465 W SmsIOPorts.cpp.75c49a80
002a2414 N 
002a2414 N 
002a2414 N 
002a2414 N 
002a2414 N 
002a2414 N 
002a2414 N 
002a2414 N 
002a2414 N 
002a2414 N 
002a2414 N 
002a2414 N 
002a2414 N 
002a2414 N 
002a2414 N 
002a2414 N 
002a2414 N 
002a2414 N 
002a2414 N 
002a2414 N 
002a2414 N 
002a2414 N 
002a2414 N 
002a2414 N 
002a2414 N 
002a2414 N 
002a2414 N 
002a2414 N 
002a2414 W TraceLogger.cpp.00581c8c
002a4b3a N 
002a4b3a N 
002a4b3a N 
002a4b3a N 
002a4b3a N 
002a4b3a N 
002a4b3a N 
002a4b3a N 
002a4b3a N 
002a4b3a N 
002a4b3a N 
002a4b3a N 
002a4b3a N 
002a4b3a N 
002a4b3a N 
002a4b3a N 
002a4b3a N 
002a4b3a N 
002a4b3a N 
002a4b3a N 
002a4b3a N 
002a4b3a N 
002a4b3a N 
002a4b3a N 
002a4b3a N 
002a4b3a N 
002a4b3a N 
002a4b3a N 
002a4b3a N 
002a4b3a N 
002a4b3a N 
002a4b3a N 
002a4b3a N 
002a4b3a N 
002a4b3a N 
002a4b3a N 
002a4b3a N 
002a4b3a N 
002a4b3a N 
002a4b3a N 
002a4b3a N 
002a4b3a N 
002a4b3a N 
002a4b3a N 
002a4b3a N 
002a4b3a N 
002a4b3a N 
002a4b3a N 
002a4b3a N 
002a4b3a N 
002a4b3a N 
002a4b3a N 
002a4b3a N 
002a4b3a N 
002a4b3a N 
002a4b3a W VgmRecorder.cpp.2eb54925
002adb24 N 
002adb24 N 
002adb24 N 
002adb24 N 
002adb24 N 
002adb24 N 
002adb24 N 
002adb24 N 
002adb24 N 
002adb24 N 
002adb24 N 
002adb24 N 
002adb24 N 
002adb24 N 
002adb24 N 
002adb24 N 
002adb24 N 
002adb24 N 
002adb24 N 
002adb24 N 
002adb24 N 
002adb24 N 
002adb24 N 
002adb24 N 
002adb24 N 
002adb24 N 
002adb24 N 
002adb24 N 
002adb24 N 
002adb24 N 
002adb24 N 
002adb24 N 
002adb24 N 
002adb24 N 
002adb24 N 
002adb24 N 
002adb24 N 
002adb24 N 
002adb24 N 
002adb24 N 
002adb24 N 
002adb24 N 
002adb24 N 
002adb24 N 
002adb24 N 
002adb24 N 
002adb24 N 
002adb24 N 
002adb24 N 
002adb24 N 
002adb24 N 
002adb24 N 
002adb24 N 
002adb24 N 
002adb24 N 
002adb24 N 
002adb24 N 
002adb24 N 
002adb24 N 
002adb24 N 
002adb24 N 
002adb24 N 
002adb24 N 
002adb24 N 
002adb24 N 
002adb24 N 
002adb24 N 
002adb24 N 
002adb24 N 
002adb24 W Video.cpp.cc2d3fb1
002bff0d N 
002bff0d N 
002bff0d N 
002bff0d N 
002bff0d N 
002bff0d N 
002bff0d N 
002bff0d N 
002bff0d N 
002bff0d N 
002bff0d N 
002bff0d N 
002bff0d N 
002bff0d N 
002bff0d N 
002bff0d N 
002bff0d N 
002bff0d N 
002bff0d N 
002bff0d N 
002bff0d N 
002bff0d N 
002bff0d N 
002bff0d N 
002bff0d N 
002bff0d N 
002bff0d N 
002bff0d N 
002bff0d N 
002bff0d N 
002bff0d N 
002bff0d N 
002bff0d W YM2413.cpp.ad1a09e0
002c29b2 N 
002c29b2 N 
002c29b2 N 
002c29b2 N 
002c29b2 N 
002c29b2 N 
002c29b2 N 
002c29b2 N 
002c29b2 N 
002c29b2 N 
002c29b2 N 
002c29b2 N 
002c29b2 N 
002c29b2 N 
002c29b2 N 
002c29b2 N 
002c29b2 N 
002c29b2 N 
002c29b2 N 
002c29b2 N 
002c29b2 N 
002c29b2 N 
002c29b2 N 
002c29b2 N 
002c29b2 N 
002c29b2 N 
002c29b2 N 
002c29b2 N 
002c29b2 N 
002c29b2 N 
002c29b2 N 
002c29b2 N 
002c29b2 N 
002c29b2 N 
002c29b2 N 
002c29b2 N 
002c29b2 N 
002c29b2 N 
002c29b2 N 
002c29b2 N 
002c29b2 N 
002c29b2 N 
002c29b2 N 
002c29b2 N 
002c29b2 N 
002c29b2 N 
002c29b2 N 
002c29b2 N 
002c29b2 N 
002c29b2 N 
002c29b2 N 
002c29b2 N 
002c29b2 N 
002c29b2 N 
002c29b2 N 
002c29b2 N 
002c29b2 N 
002c29b2 N 
002c29b2 N 
002c29b2 N 
002c29b2 N 
002c29b2 N 
002c29b2 N 
002c29b2 N 
002c29b2 N 
002c29b2 N 
002c29b2 N 
002c29b2 N 
002c29b2 N 
002c29b2 N 
002c29b2 N 
002c29b2 N 
002c29b2 N 
002c29b2 N 
002c29b2 N 
002c29b2 N 
002c29b2 N 
002c29b2 N 
002c29b2 N 
002c29b2 N 
002c29b2 N 
002c29b2 N 
002c29b2 N 
002c29b2 N 
002c29b2 N 
002c29b2 N 
002c29b2 N 
002c29b2 N 
002c29b2 N 
002c29b2 N 
002c29b2 N 
002c29b2 N 
002c29b2 N 
002c29b2 N 
002c29b2 N 
002c29b2 N 
002c29b2 N 
002c29b2 N 
002c29b2 N 
002c29b2 N 
002c29b2 N 
002c29b2 N 
002c29b2 N 
002c29b2 N 
002c29b2 N 
002c29b2 N 
002c29b2 N 
002c29b2 N 
002c29b2 N 
002c29b2 N 
002c29b2 N 
002c29b2 N 
002c29b2 N 
002c29b2 N 
002c29b2 N 
002c29b2 N 
002c29b2 N 
002c29b2 N 
002c29b2 N 
002c29b2 N 
002c29b2 N 
002c29b2 N 
002c29b2 N 
002c29b2 N 
002c29b2 N 
002c29b2 N 
002c29b2 N 
002c29b2 N 
002c29b2 N 
002c29b2 N 
002c29b2 N 
002c29b2 N 
002c29b2 N 
002c29b2 N 
002c29b2 N 
002c29b2 N 
002c29b2 N 
002c29b2 N 
002c29b2 N 
002c29b2 N 
002c29b2 N 
002c29b2 N 
002c29b2 N 
002c29b2 N 
002c29b2 N 
002c29b2 N 
002c29b2 N 
002c29b2 N 
002c29b2 N 
002c29b2 N 
002c29b2 N 
002c29b2 N 
002c29b2 N 
002c29b2 N 
002c29b2 N 
002c29b2 N 
002c29b2 N 
002c29b2 N 
002c29b2 N 
002c29b2 N 
002c29b2 N 
002c29b2 N 
002c29b2 N 
002c29b2 N 
002c29b2 N 
002c29b2 N 
002c29b2 N 
002c29b2 N 
002c29b2 N 
002c29b2 N 
002c29b2 N 
002c29b2 N 
002c29b2 N 
002c29b2 N 
002c29b2 N 
002c29b2 N 
002c29b2 N 
002c29b2 N 
002c29b2 N 
002c29b2 N 
002c29b2 N 
002c29b2 N 
002c29b2 N 
002c29b2 N 
002c29b2 N 
002c29b2 N 
002c29b2 N 
002c29b2 N 
002c29b2 N 
002c29b2 N 
002c29b2 N 
002c29b2 N 
002c29b2 N 
002c29b2 N 
002c29b2 N 
002c29b2 N 
002c29b2 N 
002c29b2 N 
002c29b2 N 
002c29b2 N 
002c29b2 N 
002c29b2 N 
002c29b2 N 
002c29b2 N 
002c29b2 N 
002c29b2 N 
002c29b2 N 
002c29b2 N 
002c29b2 N 
002c29b2 N 
002c29b2 N 
002c29b2 N 
002c29b2 N 
002c29b2 N 
002c29b2 N 
002c29b2 N 
002c29b2 N 
002c29b2 N 
002c29b2 N 
002c29b2 N 
002c29b2 N 
002c29b2 N 
002c29b2 N 
002c29b2 N 
002c29b2 N 
002c29b2 N 
002c29b2 N 
002c29b2 N 
002c29b2 N 
002c29b2 N 
002c29b2 N 
002c29b2 N 
002c29b2 N 
002c29b2 N 
002c29b2 N 
002c29b2 N 
002c29b2 N 
002c29b2 N 
002c29b2 N 
002c29b2 N 
002c29b2 N 
002c29b2 N 
002c29b2 N 
002c29b2 N 
002c29b2 N 
002c29b2 N 
002c29b2 N 
002c29b2 N 
002c29b2 N 
002c29b2 N 
002c29b2 N 
002c29b2 N 
002c29b2 N 
002c29b2 N 
002c29b2 N 
002c29b2 N 
002c29b2 N 
002c29b2 N 
002c29b2 N 
002c29b2 N 
002c29b2 N 
002c29b2 N 
002c29b2 N 
002c29b2 N 
002c29b2 N 
002c29b2 N 
002c29b2 N 
002c29b2 N 
002c29b2 N 
002c29b2 N 
002c29b2 N 
002c29b2 N 
002c29b2 N 
002c29b2 N 
002c29b2 N 
002c29b2 N 
002c29b2 N 
002c29b2 N 
002c29b2 N 
002c29b2 N 
002c29b2 N 
002c29b2 N 
002c29b2 N 
002c29b2 N 
002c29b2 N 
002c29b2 N 
002c29b2 N 
002c29b2 N 
002c29b2 N 
002c29b2 N 
002c29b2 N 
002c29b2 N 
002c29b2 N 
002c29b2 N 
002c29b2 N 
002c29b2 N 
002c29b2 N 
002c29b2 N 
002c29b2 N 
002c29b2 N 
002c29b2 N 
002c29b2 N 
002c29b2 N 
002c29b2 N 
002c29b2 N 
002c29b2 N 
002c29b2 N 
002c29b2 N 
002c29b2 N 
002c29b2 N 
002c29b2 N 
002c29b2 N 
002c29b2 N 
002c29b2 N 
002c29b2 N 
002c29b2 N 
002c29b2 N 
002c29b2 N 
002c29b2 N 
002c29b2 N 
002c29b2 W opcodes.cpp.c4670807
002d56d9 N 
002d56d9 N 
002d56d9 N 
002d56d9 N 
002d56d9 N 
002d56d9 N 
002d56d9 N 
002d56d9 N 
002d56d9 N 
002d56d9 N 
002d56d9 N 
002d56d9 N 
002d56d9 N 
002d56d9 N 
002d56d9 N 
002d56d9 N 
002d56d9 N 
002d56d9 N 
002d56d9 N 
002d56d9 N 
002d56d9 N 
002d56d9 N 
002d56d9 N 
002d56d9 N 
002d56d9 N 
002d56d9 N 
002d56d9 N 
002d56d9 N 
002d56d9 N 
002d56d9 N 
002d56d9 N 
002d56d9 N 
002d56d9 N 
002d56d9 N 
002d56d9 N 
002d56d9 N 
002d56d9 N 
002d56d9 N 
002d56d9 N 
002d56d9 N 
002d56d9 N 
002d56d9 N 
002d56d9 N 
002d56d9 N 
002d56d9 N 
002d56d9 N 
002d56d9 N 
002d56d9 N 
002d56d9 N 
002d56d9 N 
002d56d9 N 
002d56d9 N 
002d56d9 N 
002d56d9 N 
002d56d9 N 
002d56d9 N 
002d56d9 N 
002d56d9 N 
002d56d9 N 
002d56d9 N 
002d56d9 N 
002d56d9 N 
002d56d9 N 
002d56d9 N 
002d56d9 N 
002d56d9 N 
002d56d9 N 
002d56d9 N 
002d56d9 N 
002d56d9 N 
002d56d9 N 
002d56d9 N 
002d56d9 N 
002d56d9 N 
002d56d9 N 
002d56d9 N 
002d56d9 N 
002d56d9 N 
002d56d9 N 
002d56d9 N 
002d56d9 N 
002d56d9 N 
002d56d9 N 
002d56d9 N 
002d56d9 N 
002d56d9 N 
002d56d9 N 
002d56d9 N 
002d56d9 N 
002d56d9 N 
002d56d9 N 
002d56d9 N 
002d56d9 N 
002d56d9 N 
002d56d9 N 
002d56d9 N 
002d56d9 N 
002d56d9 N 
002d56d9 N 
002d56d9 N 
002d56d9 N 
002d56d9 N 
002d56d9 N 
002d56d9 N 
002d56d9 N 
002d56d9 N 
002d56d9 N 
002d56d9 N 
002d56d9 N 
002d56d9 N 
002d56d9 N 
002d56d9 N 
002d56d9 N 
002d56d9 N 
002d56d9 N 
002d56d9 N 
002d56d9 N 
002d56d9 N 
002d56d9 N 
002d56d9 N 
002d56d9 N 
002d56d9 N 
002d56d9 N 
002d56d9 N 
002d56d9 N 
002d56d9 N 
002d56d9 N 
002d56d9 N 
002d56d9 N 
002d56d9 N 
002d56d9 N 
002d56d9 N 
002d56d9 N 
002d56d9 N 
002d56d9 N 
002d56d9 N 
002d56d9 N 
002d56d9 N 
002d56d9 N 
002d56d9 N 
002d56d9 N 
002d56d9 N 
002d56d9 N 
002d56d9 N 
002d56d9 N 
002d56d9 N 
002d56d9 N 
002d56d9 N 
002d56d9 N 
002d56d9 N 
002d56d9 N 
002d56d9 N 
002d56d9 N 
002d56d9 N 
002d56d9 N 
002d56d9 N 
002d56d9 N 
002d56d9 N 
002d56d9 N 
002d56d9 N 
002d56d9 N 
002d56d9 N 
002d56d9 N 
002d56d9 N 
002d56d9 N 
002d56d9 N 
002d56d9 N 
002d56d9 N 
002d56d9 N 
002d56d9 N 
002d56d9 N 
002d56d9 N 
002d56d9 N 
002d56d9 N 
002d56d9 N 
002d56d9 N 
002d56d9 N 
002d56d9 N 
002d56d9 N 
002d56d9 N 
002d56d9 N 
002d56d9 N 
002d56d9 N 
002d56d9 N 
002d56d9 N 
002d56d9 N 
002d56d9 N 
002d56d9 N 
002d56d9 N 
002d56d9 N 
002d56d9 N 
002d56d9 N 
002d56d9 N 
002d56d9 N 
002d56d9 N 
002d56d9 N 
002d56d9 N 
002d56d9 N 
002d56d9 N 
002d56d9 N 
002d56d9 N 
002d56d9 N 
002d56d9 N 
002d56d9 N 
002d56d9 N 
002d56d9 N 
002d56d9 N 
002d56d9 N 
002d56d9 N 
002d56d9 N 
002d56d9 N 
002d56d9 N 
002d56d9 N 
002d56d9 N 
002d56d9 N 
002d56d9 N 
002d56d9 N 
002d56d9 N 
002d56d9 N 
002d56d9 N 
002d56d9 N 
002d56d9 N 
002d56d9 N 
002d56d9 N 
002d56d9 N 
002d56d9 N 
002d56d9 N 
002d56d9 N 
002d56d9 N 
002d56d9 N 
002d56d9 N 
002d56d9 N 
002d56d9 N 
002d56d9 N 
002d56d9 N 
002d56d9 N 
002d56d9 N 
002d56d9 N 
002d56d9 N 
002d56d9 N 
002d56d9 N 
002d56d9 N 
002d56d9 N 
002d56d9 N 
002d56d9 N 
002d56d9 N 
002d56d9 N 
002d56d9 N 
002d56d9 N 
002d56d9 N 
002d56d9 N 
002d56d9 N 
002d56d9 N 
002d56d9 N 
002d56d9 N 
002d56d9 N 
002d56d9 N 
002d56d9 N 
002d56d9 N 
002d56d9 N 
002d56d9 N 
002d56d9 N 
002d56d9 N 
002d56d9 N 
002d56d9 N 
002d56d9 N 
002d56d9 N 
002d56d9 N 
002d56d9 N 
002d56d9 N 
002d56d9 N 
002d56d9 N 
002d56d9 N 
002d56d9 N 
002d56d9 N 
002d56d9 N 
002d56d9 N 
002d56d9 N 
002d56d9 N 
002d56d9 N 
002d56d9 N 
002d56d9 N 
002d56d9 N 
002d56d9 N 
002d56d9 N 
002d56d9 N 
002d56d9 N 
002d56d9 N 
002d56d9 N 
002d56d9 N 
002d56d9 N 
002d56d9 N 
002d56d9 N 
002d56d9 N 
002d56d9 N 
002d56d9 N 
002d56d9 N 
002d56d9 N 
002d56d9 N 
002d56d9 N 
002d56d9 N 
002d56d9 N 
002d56d9 N 
002d56d9 W opcodes_cb.cpp.b30812fa
002e79ea N 
002e79ea N 
002e79ea N 
002e79ea N 
002e79ea N 
002e79ea N 
002e79ea N 
002e79ea N 
002e79ea N 
002e79ea N 
002e79ea N 
002e79ea N 
002e79ea N 
002e79ea N 
002e79ea N 
002e79ea N 
002e79ea N 
002e79ea N 
002e79ea N 
002e79ea N 
002e79ea N 
002e79ea N 
002e79ea N 
002e79ea N 
002e79ea N 
002e79ea N 
002e79ea N 
002e79ea N 
002e79ea N 
002e79ea N 
002e79ea N 
002e79ea N 
002e79ea N 
002e79ea N 
002e79ea N 
002e79ea N 
002e79ea N 
002e79ea N 
002e79ea N 
002e79ea N 
002e79ea N 
002e79ea N 
002e79ea N 
002e79ea N 
002e79ea N 
002e79ea N 
002e79ea N 
002e79ea N 
002e79ea N 
002e79ea N 
002e79ea N 
002e79ea N 
002e79ea N 
002e79ea N 
002e79ea N 
002e79ea N 
002e79ea N 
002e79ea N 
002e79ea N 
002e79ea N 
002e79ea N 
002e79ea N 
002e79ea N 
002e79ea N 
002e79ea N 
002e79ea N 
002e79ea N 
002e79ea N 
002e79ea N 
002e79ea N 
002e79ea N 
002e79ea N 
002e79ea N 
002e79ea N 
002e79ea N 
002e79ea N 
002e79ea N 
002e79ea N 
002e79ea N 
002e79ea N 
002e79ea N 
002e79ea N 
002e79ea N 
002e79ea N 
002e79ea N 
002e79ea N 
002e79ea N 
002e79ea N 
002e79ea N 
002e79ea N 
002e79ea N 
002e79ea N 
002e79ea N 
002e79ea N 
002e79ea N 
002e79ea N 
002e79ea N 
002e79ea N 
002e79ea N 
002e79ea N 
002e79ea N 
002e79ea N 
002e79ea N 
002e79ea N 
002e79ea N 
002e79ea N 
002e79ea N 
002e79ea N 
002e79ea N 
002e79ea N 
002e79ea N 
002e79ea N 
002e79ea N 
002e79ea N 
002e79ea N 
002e79ea N 
002e79ea N 
002e79ea N 
002e79ea N 
002e79ea N 
002e79ea N 
002e79ea N 
002e79ea N 
002e79ea W opcodes_ed.cpp.0c014393
002f89b3 N 
002f89b3 N 
002f89b3 N 
002f89b3 N 
002f89b3 N 
002f89b3 N 
002f89b3 N 
002f89b3 N 
002f89b3 N 
002f89b3 N 
002f89b3 N 
002f89b3 N 
002f89b3 N 
002f89b3 N 
002f89b3 N 
002f89b3 N 
002f89b3 N 
002f89b3 N 
002f89b3 N 
002f89b3 N 
002f89b3 N 
002f89b3 N 
002f89b3 N 
002f89b3 N 
002f89b3 N 
002f89b3 N 
002f89b3 N 
002f89b3 N 
002f89b3 N 
002f89b3 N 
002f89b3 N 
002f89b3 N 
002f89b3 N 
002f89b3 N 
002f89b3 N 
002f89b3 N 
002f89b3 N 
002f89b3 N 
002f89b3 N 
002f89b3 N 
002f89b3 N 
002f89b3 N 
002f89b3 N 
002f89b3 W Blip_Buffer.cpp.5aee4bc4
002fb750 N 
002fb750 N 
002fb750 N 
002fb750 N 
002fb750 N 
002fb750 N 
002fb750 N 
002fb750 N 
002fb750 N 
002fb750 N 
002fb750 N 
002fb750 N 
002fb750 N 
002fb750 N 
002fb750 N 
002fb750 N 
002fb750 N 
002fb750 N 
002fb750 N 
002fb750 N 
002fb750 N 
002fb750 N 
002fb750 N 
002fb750 N 
002fb750 N 
002fb750 N 
002fb750 N 
002fb750 N 
002fb750 N 
002fb750 N 
002fb750 N 
002fb750 N 
002fb750 N 
002fb750 N 
002fb750 N 
002fb750 N 
002fb750 N 
002fb750 N 
002fb750 N 
002fb750 N 
002fb750 N 
002fb750 N 
002fb750 N 
002fb750 N 
002fb750 N 
002fb750 N 
002fb750 N 
002fb750 N 
002fb750 W Sms_Apu.cpp.068e5f3f
002ffa64 N 
002ffa64 N 
002ffa64 N 
002ffa64 N 
002ffa64 N 
002ffa64 N 
002ffa64 N 
002ffa64 N 
002ffa64 N 
002ffa64 N 
002ffa64 N 
002ffa64 N 
002ffa64 N 
002ffa64 N 
002ffa64 N 
002ffa64 N 
002ffa64 N 
002ffa64 N 
002ffa64 N 
002ffa64 N 
002ffa64 N 
002ffa64 N 
002ffa64 N 
002ffa64 N 
002ffa64 N 
002ffa64 N 
002ffa64 N 
002ffa64 N 
002ffa64 N 
002ffa64 N 
002ffa64 W Stereo_Buffer.cpp.d5b9f803
00302a50 N 
00302a50 N 
00302a50 N 
00302a50 N 
00302a50 N 
00302a50 N 
00302a50 N 
00302a50 N 
00302a50 N 
00302a50 N 
00302a50 N 
00302a50 N 
00302a50 N 
00302a50 N 
00302a50 N 
00302a50 N 
00302a50 N 
00302a50 N 
00302a50 N 
00302a50 N 
00302a50 N 
00302a50 N 
00302a50 N 
00302a50 N 
00302a50 N 
00302a50 N 
00302a50 N 
00302a50 N 
00302a50 N 
00302a50 N 
00302a50 N 
00302a50 N 
00302a50 N 
00302a50 N 
00302a50 N 
00302a50 N 
00302a50 N 
00302a50 N 
00302a50 N 
00302a50 N 
00302a50 N 
00302a50 N 
00302a50 N 
00302a50 N 
00302a50 N 
00302a50 N 
00302a50 N 
00302a50 N 
00302a50 W emu2413.c.9a3c85bf
00303708 N 
00303708 N 
00303708 N 
00303708 N 
00303708 N 
00303708 N 
00303708 N 
00303708 N 
00303708 N 
00303708 N 
00303708 N 
00303708 N 
00303708 N 
00303708 N 
00303708 N 
00303708 N 
00303708 N 
00303708 N 
00303708 N 
00303708 N 
00303708 N 
00303708 N 
00303708 N 
00303708 N 
00303708 N 
00303708 N 
00303708 N 
00303708 N 
00303708 N 
00303708 N 
00303708 N 
00303708 N 
00303708 N 
00303708 N 
00303708 N 
00303708 N 
00303708 N 
00303708 N 
00303708 N 
00303708 N 
00303708 N 
00303708 N 
00303708 N 
00303708 N 
00303708 N 
00303708 N 
00303708 N 
00303708 N 
00303708 N 
00303708 N 
00303708 N 
00303708 N 
00303708 N 
00303708 N 
00303708 N 
00303708 N 
00303708 N 
00303708 N 
00303708 N 
00303708 N 
00303708 N 
00303708 N 
00303708 N 
00303708 N 
00303708 N 
00303708 N 
00303708 N 
00303708 N 
00303708 N 
00303708 N 
00303708 N 
00303708 N 
00303708 N 
00303708 N 
00303708 N 
00303708 N 
00303708 N 
00303708 N 
00303708 N 
00303708 N 
00303708 N 
00303708 N 
00303708 N 
00303708 N 
00303708 N 
00303708 N 
00303708 N 
00303708 N 
00303708 N 
00303708 N 
00303708 N 
00303708 N 
00303708 N 
00303708 N 
00303708 N 
00303708 N 
00303708 N 
00303708 N 
00303708 N 
00303708 N 
00303708 N 
00303708 N 
00303708 N 
00303708 N 
00303708 N 
00303708 N 
00303708 N 
00303708 N 
00303708 N 
00303708 N 
00303708 N 
00303708 N 
00303708 N 
00303708 N 
00303708 N 
00303708 N 
00303708 N 
00303708 N 
00303708 N 
00303708 N 
00303708 N 
00303708 N 
00303708 N 
00303708 N 
00303708 N 
00303708 N 
00303708 N 
00303708 N 
00303708 N 
00303708 N 
00303708 N 
00303708 N 
00303708 N 
00303708 N 
00303708 N 
00303708 N 
00303708 N 
00303708 N 
00303708 N 
00303708 N 
00303708 N 
00303708 N 
00303708 N 
00303708 N 
00303708 N 
00303708 N 
00303708 N 
00303708 N 
00303708 N 
00303708 N 
00303708 N 
00303708 N 
00303708 N 
00303708 N 
00303708 N 
00303708 N 
00303708 N 
00303708 N 
00303708 N 
00303708 N 
00303708 N 
00303708 N 
00303708 N 
00303708 N 
00303708 N 
00303708 N 
00303708 N 
00303708 N 
00303708 N 
00303708 N 
00303708 N 
00303708 N 
00303708 N 
00303708 N 
00303708 N 
00303708 N 
00303708 N 
00303708 N 
00303708 N 
00303708 N 
00303708 N 
00303708 N 
00303708 N 
00303708 N 
00303708 N 
00303708 N 
00303708 N 
00303708 N 
00303708 N 
00303708 N 
00303708 N 
00303708 N 
00303708 N 
00303708 N 
00303708 N 
00303708 N 
00303708 N 
00303708 N 
00303708 N 
00303708 N 
00303708 N 
00303708 N 
00303708 N 
00303708 N 
00303708 N 
00303708 N 
00303708 N 
00303708 N 
00303708 N 
00303708 N 
00303708 N 
00303708 N 
00303708 N 
00303708 N 
00303708 W miniz.c.9ad0ece9
