         w __cxa_pure_virtual
         w __deregister_frame_info
         w __gnu_Unwind_Find_exidx
         w __register_frame_info
         w __syscall_tls_create
         w __syscall_tls_delete
         w __syscall_tls_get
         w __syscall_tls_set
         w userAppExit
         w userAppInit
00000000 b _TLS_MODULE_BASE_
00000000 00000802 B __ctru_dev_utf16_buf
00000000 A __sync_synchronize
00000000 a shift
00000000 a shift
00000804 00000401 B __ctru_dev_path_buf
00054e44 N 
00054e44 N 
00054e44 N 
00054e44 N 
00054e44 N 
00054e44 N 
00054e44 N 
00054e44 N 
00054e44 N 
00054e44 N 
00054e44 N 
00054e44 N 
00054e44 N 
00054e44 N 
00054e44 N 
00054e44 N 
00054e44 N 
00054e44 N 
00054e44 N 
00054e44 N 
00054e44 N 
00054e44 N 
00054e44 N 
00054e44 N 
00054e44 N 
00054e44 N 
00054e44 N 
00054e44 N 
00054e44 N 
00054e44 N 
00054e44 N 
00054e44 N 
00054e44 N 
00054e44 N 
00054e44 N 
00054e44 N 
00054e44 N 
00054e44 N 
00054e44 N 
00054e44 N 
00054e44 N 
00054e44 N 
00054e44 N 
00054e44 N 
00054e44 N 
00054e44 N 
00054e44 N 
00054e44 N 
00054e44 N 
00054e44 N 
00054e44 N 
00054e44 N 
00054e44 N 
00054e44 N 
00054e44 N 
00054e44 N 
00054e44 N 
00054e44 N 
00054e44 N 
00054e44 N 
00054e44 N 
00054e44 N 
00054e44 W main.cpp.d67da891
0006f89c N 
0006f89c N 
0006f89c N 
0006f89c N 
0006f89c N 
0006f89c N 
0006f89c N 
0006f89c N 
0006f89c N 
0006f89c N 
0006f89c N 
0006f89c N 
0006f89c N 
0006f89c N 
0006f89c N 
0006f89c N 
0006f89c N 
0006f89c N 
0006f89c N 
0006f89c N 
0006f89c N 
0006f89c N 
0006f89c N 
0006f89c N 
0006f89c N 
0006f89c N 
0006f89c N 
0006f89c N 
0006f89c N 
0006f89c N 
0006f89c N 
0006f89c N 
0006f89c N 
0006f89c N 
0006f89c N 
0006f89c N 
0006f89c W Audio.cpp.3a5a7748
0007a446 N 
0007a446 N 
0007a446 N 
0007a446 N 
0007a446 N 
0007a446 N 
0007a446 N 
0007a446 N 
0007a446 N 
0007a446 N 
0007a446 N 
0007a446 N 
0007a446 N 
0007a446 N 
0007a446 N 
0007a446 N 
0007a446 N 
0007a446 N 
0007a446 N 
0007a446 N 
0007a446 N 
0007a446 N 
0007a446 N 
0007a446 N 
0007a446 N 
0007a446 N 
0007a446 N 
0007a446 N 
0007a446 N 
0007a446 N 
0007a446 N 
0007a446 W BootromMemoryRule.cpp.ec143855
0008ab16 N 
0008ab16 N 
0008ab16 N 
0008ab16 N 
0008ab16 N 
0008ab16 N 
0008ab16 N 
0008ab16 N 
0008ab16 N 
0008ab16 N 
0008ab16 N 
0008ab16 N 
0008ab16 N 
0008ab16 N 
0008ab16 N 
0008ab16 N 
0008ab16 N 
0008ab16 N 
0008ab16 N 
0008ab16 N 
0008ab16 N 
0008ab16 N 
0008ab16 N 
0008ab16 N 
0008ab16 N 
0008ab16 N 
0008ab16 N 
0008ab16 N 
0008ab16 N 
0008ab16 N 
0008ab16 N 
0008ab16 N 
0008ab16 N 
0008ab16 N 
0008ab16 N 
0008ab16 N 
0008ab16 N 
0008ab16 N 
0008ab16 N 
0008ab16 N 
0008ab16 N 
0008ab16 N 
0008ab16 N 
0008ab16 N 
0008ab16 N 
0008ab16 N 
0008ab16 N 
0008ab16 N 
0008ab16 N 
0008ab16 N 
0008ab16 N 
0008ab16 N 
0008ab16 N 
0008ab16 N 
0008ab16 N 
0008ab16 N 
0008ab16 N 
0008ab16 N 
0008ab16 N 
0008ab16 N 
0008ab16 N 
0008ab16 N 
0008ab16 N 
0008ab16 N 
0008ab16 N 
0008ab16 N 
0008ab16 N 
0008ab16 N 
0008ab16 N 
0008ab16 N 
0008ab16 N 
0008ab16 N 
0008ab16 N 
0008ab16 N 
0008ab16 N 
0008ab16 N 
0008ab16 N 
0008ab16 N 
0008ab16 N 
0008ab16 N 
0008ab16 N 
0008ab16 N 
0008ab16 W Cartridge.cpp.d8e47ed5
00096aaf N 
00096aaf N 
00096aaf N 
00096aaf N 
00096aaf N 
00096aaf N 
00096aaf N 
00096aaf N 
00096aaf N 
00096aaf N 
00096aaf N 
00096aaf N 
00096aaf N 
00096aaf N 
00096aaf N 
00096aaf N 
00096aaf N 
00096aaf N 
00096aaf N 
00096aaf N 
00096aaf N 
00096aaf N 
00096aaf N 
00096aaf N 
00096aaf N 
00096aaf N 
00096aaf N 
00096aaf N 
00096aaf N 
00096aaf N 
00096aaf N 
00096aaf N 
00096aaf N 
00096aaf W CodemastersMemoryRule.cpp.1988e4f3
000a7229 N 
000a7229 N 
000a7229 N 
000a7229 N 
000a7229 N 
000a7229 N 
000a7229 N 
000a7229 N 
000a7229 N 
000a7229 N 
000a7229 N 
000a7229 N 
000a7229 N 
000a7229 N 
000a7229 N 
000a7229 N 
000a7229 N 
000a7229 N 
000a7229 N 
000a7229 N 
000a7229 N 
000a7229 N 
000a7229 N 
000a7229 N 
000a7229 N 
000a7229 N 
000a7229 N 
000a7229 N 
000a7229 N 
000a7229 N 
000a7229 N 
000a7229 N 
000a7229 N 
000a7229 N 
000a7229 N 
000a7229 N 
000a7229 N 
000a7229 N 
000a7229 N 
000a7229 N 
000a7229 N 
000a7229 N 
000a7229 N 
000a7229 N 
000a7229 N 
000a7229 N 
000a7229 N 
000a7229 N 
000a7229 N 
000a7229 W Eeprom93C46MemoryRule.cpp.180159ea
000b7e98 N 
000b7e98 N 
000b7e98 N 
000b7e98 N 
000b7e98 N 
000b7e98 N 
000b7e98 N 
000b7e98 N 
000b7e98 N 
000b7e98 N 
000b7e98 N 
000b7e98 N 
000b7e98 N 
000b7e98 N 
000b7e98 N 
000b7e98 N 
000b7e98 N 
000b7e98 N 
000b7e98 N 
000b7e98 N 
000b7e98 N 
000b7e98 N 
000b7e98 N 
000b7e98 N 
000b7e98 N 
000b7e98 N 
000b7e98 N 
000b7e98 N 
000b7e98 N 
000b7e98 N 
000b7e98 N 
000b7e98 N 
000b7e98 N 
000b7e98 N 
000b7e98 N 
000b7e98 W GameGearIOPorts.cpp.1dbaf954
000cee14 N 
000cee14 N 
000cee14 N 
000cee14 N 
000cee14 N 
000cee14 N 
000cee14 N 
000cee14 N 
000cee14 N 
000cee14 N 
000cee14 N 
000cee14 N 
000cee14 N 
000cee14 N 
000cee14 N 
000cee14 N 
000cee14 N 
000cee14 N 
000cee14 N 
000cee14 N 
000cee14 N 
000cee14 N 
000cee14 N 
000cee14 N 
000cee14 N 
000cee14 N 
000cee14 N 
000cee14 N 
000cee14 N 
000cee14 N 
000cee14 N 
000cee14 N 
000cee14 N 
000cee14 N 
000cee14 N 
000cee14 N 
000cee14 N 
000cee14 N 
000cee14 N 
000cee14 N 
000cee14 N 
000cee14 N 
000cee14 N 
000cee14 N 
000cee14 N 
000cee14 N 
000cee14 N 
000cee14 N 
000cee14 N 
000cee14 N 
000cee14 N 
000cee14 N 
000cee14 N 
000cee14 N 
000cee14 N 
000cee14 N 
000cee14 N 
000cee14 N 
000cee14 N 
000cee14 N 
000cee14 N 
000cee14 N 
000cee14 N 
000cee14 N 
000cee14 N 
000cee14 N 
000cee14 N 
000cee14 N 
000cee14 N 
000cee14 N 
000cee14 N 
000cee14 N 
000cee14 N 
000cee14 N 
000cee14 N 
000cee14 N 
000cee14 N 
000cee14 N 
000cee14 N 
000cee14 N 
000cee14 N 
000cee14 N 
000cee14 N 
000cee14 N 
000cee14 N 
000cee14 N 
000cee14 N 
000cee14 N 
000cee14 N 
000cee14 N 
000cee14 N 
000cee14 N 
000cee14 N 
000cee14 N 
000cee14 N 
000cee14 N 
000cee14 N 
000cee14 N 
000cee14 N 
000cee14 N 
000cee14 N 
000cee14 N 
000cee14 N 
000cee14 N 
000cee14 N 
000cee14 N 
000cee14 N 
000cee14 N 
000cee14 N 
000cee14 N 
000cee14 N 
000cee14 N 
000cee14 N 
000cee14 N 
000cee14 N 
000cee14 N 
000cee14 N 
000cee14 N 
000cee14 N 
000cee14 N 
000cee14 N 
000cee14 N 
000cee14 N 
000cee14 N 
000cee14 N 
000cee14 N 
000cee14 N 
000cee14 N 
000cee14 N 
000cee14 N 
000cee14 N 
000cee14 N 
000cee14 N 
000cee14 N 
000cee14 N 
000cee14 N 
000cee14 N 
000cee14 N 
000cee14 N 
000cee14 N 
000cee14 N 
000cee14 N 
000cee14 N 
000cee14 N 
000cee14 N 
000cee14 N 
000cee14 N 
000cee14 N 
000cee14 N 
000cee14 N 
000cee14 N 
000cee14 N 
000cee14 N 
000cee14 N 
000cee14 N 
000cee14 N 
000cee14 N 
000cee14 N 
000cee14 N 
000cee14 N 
000cee14 N 
000cee14 N 
000cee14 N 
000cee14 N 
000cee14 N 
000cee14 N 
000cee14 N 
000cee14 N 
000cee14 N 
000cee14 N 
000cee14 N 
000cee14 W GearsystemCore.cpp.02939ee4
000ecac8 N 
000ecac8 N 
000ecac8 N 
000ecac8 N 
000ecac8 N 
000ecac8 N 
000ecac8 N 
000ecac8 N 
000ecac8 N 
000ecac8 N 
000ecac8 N 
000ecac8 N 
000ecac8 N 
000ecac8 N 
000ecac8 N 
000ecac8 N 
000ecac8 N 
000ecac8 N 
000ecac8 N 
000ecac8 N 
000ecac8 N 
000ecac8 N 
000ecac8 N 
000ecac8 N 
000ecac8 N 
000ecac8 N 
000ecac8 N 
000ecac8 N 
000ecac8 N 
000ecac8 N 
000ecac8 N 
000ecac8 N 
000ecac8 N 
000ecac8 N 
000ecac8 N 
000ecac8 N 
000ecac8 N 
000ecac8 N 
000ecac8 W Input.cpp.71280c34
000ff5bf N 
000ff5bf N 
000ff5bf N 
000ff5bf N 
000ff5bf N 
000ff5bf N 
000ff5bf N 
000ff5bf N 
000ff5bf N 
000ff5bf N 
000ff5bf N 
000ff5bf N 
000ff5bf N 
000ff5bf N 
000ff5bf N 
000ff5bf N 
000ff5bf N 
000ff5bf N 
000ff5bf N 
000ff5bf N 
000ff5bf N 
000ff5bf N 
000ff5bf N 
000ff5bf N 
000ff5bf N 
000ff5bf N 
000ff5bf N 
000ff5bf N 
000ff5bf N 
000ff5bf N 
000ff5bf N 
000ff5bf N 
000ff5bf N 
000ff5bf N 
000ff5bf N 
000ff5bf N 
000ff5bf N 
000ff5bf N 
000ff5bf N 
000ff5bf N 
000ff5bf N 
000ff5bf N 
000ff5bf W IratahackMemoryRule.cpp.d1139d41
00100000 A __start__
00100000 T _start
00100008 T __service_ptr
0010000c T __apt_appid
00100010 T __heap_size
00100014 T __linear_heap_size
00100018 T __system_arglist
0010001c T __system_runflags
00100020 t startup
00100058 t ClearMem
0010006c t ClrLoop
00100094 T _init
001000b0 00000098 t BootromMemoryRule::Reset()
00100148 00000004 t BootromMemoryRule::~BootromMemoryRule()
00100148 00000004 t BootromMemoryRule::~BootromMemoryRule()
0010014c 00000090 t BootromMemoryRule::PerformRead(unsigned short)
001001dc 000000cc t BootromMemoryRule::PerformWrite(unsigned short, unsigned char)
001002a8 0000001c t BootromMemoryRule::GetPage(int)
001002c4 00000014 t BootromMemoryRule::GetBank(int)
001002d8 000000a0 t CodemastersMemoryRule::PerformRead(unsigned short)
00100378 000000ec t CodemastersMemoryRule::PerformWrite(unsigned short, unsigned char)
00100464 00000014 t CodemastersMemoryRule::GetRamBanks()
00100478 00000058 t CodemastersMemoryRule::GetPage(int)
001004d0 00000014 t CodemastersMemoryRule::GetBank(int)
001004e4 00000004 t Eeprom93C46MemoryRule::~Eeprom93C46MemoryRule()
001004e4 00000004 t Eeprom93C46MemoryRule::~Eeprom93C46MemoryRule()
001004e8 000000f8 t Eeprom93C46MemoryRule::PerformRead(unsigned short)
001005e0 00000008 t MSXMemoryRule::Has8kBanks()
001005e0 00000008 t JanggunMemoryRule::Has8kBanks()
001005e0 00000008 t IratahackMemoryRule::PersistedRAM()
001005e0 00000008 t KoreanBFFCMemoryRule::Has8kBanks()
001005e0 00000008 t KoreanFFFEMemoryRule::Has8kBanks()
001005e0 00000008 t Eeprom93C46MemoryRule::PersistedRAM()
001005e0 00000008 t KoreanMDFFF0MemoryRule::Has8kBanks()
001005e0 00000008 t KoreanMDFFF5MemoryRule::Has8kBanks()
001005e0 00000008 t KoreanFFF3FFFCMemoryRule::Has8kBanks()
001005e0 00000008 t Korean0000XORFFMemoryRule::Has8kBanks()
001005e0 00000008 t Korean2000XOR1FMemoryRule::Has8kBanks()
001005e0 00000008 t KoreanMSX8KB0300MemoryRule::Has8kBanks()
001005e0 00000008 t KoreanMSXSMS8000MemoryRule::Has8kBanks()
001005e8 00000008 t Eeprom93C46MemoryRule::GetRamSize()
001005f0 00000008 t Eeprom93C46MemoryRule::GetRamBanks()
001005f8 00000020 t Eeprom93C46MemoryRule::GetPage(int)
00100618 00000014 t Eeprom93C46MemoryRule::GetBank(int)
0010062c 0000028c T GameGearIOPorts::DoInput(unsigned char)
001008b8 00000004 t GameGearIOPorts::~GameGearIOPorts()
001008b8 00000004 t GameGearIOPorts::~GameGearIOPorts()
001008bc 00000020 t GameGearIOPorts::Reset()
001008dc 0000001c t BootromMemoryRule::~BootromMemoryRule()
001008f8 0000001c t Eeprom93C46MemoryRule::~Eeprom93C46MemoryRule()
00100914 0000001c t GameGearIOPorts::~GameGearIOPorts()
00100930 00000edc t chooseRom(std::__cxx11::basic_string<char, std::char_traits<char>, std::allocator<char> >&)
0010180c 000000a8 t updateTexture(C3D_Tex&)
001018b4 00000070 t Eeprom93C46MemoryRule::Reset()
00101924 00000058 t CodemastersMemoryRule::Reset()
0010197c 0000046c t Eeprom93C46MemoryRule::PerformWrite(unsigned short, unsigned char)
00101de8 00000034 t CodemastersMemoryRule::~CodemastersMemoryRule()
00101de8 00000034 t CodemastersMemoryRule::~CodemastersMemoryRule()
00101e1c 00000028 t CodemastersMemoryRule::~CodemastersMemoryRule()
00101e44 00000908 t Audio::Init()
0010274c 00000030 t BootromMemoryRule::SaveState(std::ostream&)
0010277c 00000050 t CodemastersMemoryRule::SaveState(std::ostream&)
001027cc 00000070 t Eeprom93C46MemoryRule::SaveRam(std::ostream&)
0010283c 00000040 t Eeprom93C46MemoryRule::SaveState(std::ostream&)
0010287c 00000030 t GameGearIOPorts::SaveState(std::ostream&)
001028ac 00000030 t BootromMemoryRule::LoadState(std::istream&, int)
001028dc 00000050 t CodemastersMemoryRule::LoadState(std::istream&, int)
0010292c 00000040 t Eeprom93C46MemoryRule::LoadState(std::istream&, int)
0010296c 00000030 t GameGearIOPorts::LoadState(std::istream&)
0010299c 000004d4 t GameGearIOPorts::DoOutput(unsigned char, unsigned char)
00102e70 00000a78 t GearsystemCore::~GearsystemCore() [clone .isra.0]
001038e8 00001030 t GearsystemCore::Reset()
00104918 000000a8 T void std::__cxx11::basic_string<char, std::char_traits<char>, std::allocator<char> >::_M_construct<true>(char const*, unsigned int)
001049c0 00000094 T void std::__cxx11::basic_string<char, std::char_traits<char>, std::allocator<char> >::_M_construct<char const*>(char const*, char const*, std::forward_iterator_tag)
00104a54 00000048 T Log_func(char const*, ...)
00104a9c 00000c88 t Cartridge::LoadFromBuffer(unsigned char const*, int, char const*) [clone .part.0] [clone .constprop.0]
00105724 00002f20 t Cartridge::LoadFromZipFile(unsigned char const*, int)
00108644 00000a1c t Cartridge::LoadFromFile(char const*)
00109060 000000a0 t Eeprom93C46MemoryRule::LoadRam(std::istream&, long)
00109100 000001f0 t GearsystemCore::AddMemoryRules()
001092f0 0000004c T Memory::Write(unsigned short, unsigned char)
0010933c 000000d4 T Processor::StackPush(SixteenBitRegister*)
00109410 00000098 T IratahackMemoryRule::PerformRead(unsigned short)
001094a8 00000008 T IratahackMemoryRule::GetRamSize()
001094b0 00000008 T IratahackMemoryRule::GetRamBanks()
001094b8 0000001c T IratahackMemoryRule::GetPage(int)
001094d4 00000030 T IratahackMemoryRule::GetBank(int)
00109504 000000f4 T JanggunMemoryRule::PerformRead(unsigned short)
001095f8 0000018c T JanggunMemoryRule::PerformWrite(unsigned short, unsigned char)
00109784 00000060 T JanggunMemoryRule::Reset()
001097e4 0000005c T JanggunMemoryRule::GetPage(int)
00109840 00000050 T JanggunMemoryRule::GetBank(int)
00109890 00000048 T JumboDahjeeMemoryRule::PerformRead(unsigned short)
001098d8 0000004c T JumboDahjeeMemoryRule::PerformWrite(unsigned short, unsigned char)
00109924 00000020 T JumboDahjeeMemoryRule::Reset()
00109944 00000018 T JumboDahjeeMemoryRule::GetPage(int)
0010995c 00000010 T SG1000MemoryRule::GetBank(int)
0010995c 00000010 T RomOnlyMemoryRule::GetBank(int)
0010995c 00000010 T JumboDahjeeMemoryRule::GetBank(int)
0010996c 0000003c T Korean0000XORFFMemoryRule::PerformRead(unsigned short)
001099a8 000000c8 T Korean0000XORFFMemoryRule::PerformWrite(unsigned short, unsigned char)
00109a70 00000064 T Korean0000XORFFMemoryRule::Reset()
00109ad4 00000018 T Korean0000XORFFMemoryRule::GetPage(int)
00109aec 0000000c T Korean0000XORFFMemoryRule::GetBank(int)
00109af8 0000003c T Korean2000XOR1FMemoryRule::PerformRead(unsigned short)
00109b34 000000a0 T Korean2000XOR1FMemoryRule::PerformWrite(unsigned short, unsigned char)
00109bd4 0000006c T Korean2000XOR1FMemoryRule::Reset()
00109c40 00000018 T Korean2000XOR1FMemoryRule::GetPage(int)
00109c58 0000000c T Korean2000XOR1FMemoryRule::GetBank(int)
00109c64 0000003c T KoreanBFFCMemoryRule::PerformRead(unsigned short)
00109ca0 00000138 T KoreanBFFCMemoryRule::PerformWrite(unsigned short, unsigned char)
00109dd8 0000007c T KoreanBFFCMemoryRule::Reset()
00109e54 00000018 T KoreanBFFCMemoryRule::GetPage(int)
00109e6c 0000000c T KoreanBFFCMemoryRule::GetBank(int)
00109e78 0000003c T KoreanFFF3FFFCMemoryRule::PerformRead(unsigned short)
00109eb4 00000234 T KoreanFFF3FFFCMemoryRule::PerformWrite(unsigned short, unsigned char)
0010a0e8 00000060 T KoreanFFF3FFFCMemoryRule::Reset()
0010a148 00000018 T KoreanFFF3FFFCMemoryRule::GetPage(int)
0010a160 0000000c T KoreanFFF3FFFCMemoryRule::GetBank(int)
0010a16c 0000003c T KoreanFFFEMemoryRule::PerformRead(unsigned short)
0010a1a8 00000128 T KoreanFFFEMemoryRule::PerformWrite(unsigned short, unsigned char)
0010a2d0 0000006c T KoreanFFFEMemoryRule::Reset()
0010a33c 00000018 T KoreanFFFEMemoryRule::GetPage(int)
0010a354 0000000c T KoreanFFFEMemoryRule::GetBank(int)
0010a360 0000003c T KoreanFFFFHiComMemoryRule::PerformRead(unsigned short)
0010a39c 00000090 T KoreanFFFFHiComMemoryRule::PerformWrite(unsigned short, unsigned char)
0010a42c 00000040 T KoreanFFFFHiComMemoryRule::Reset()
0010a46c 00000018 T KoreanFFFFHiComMemoryRule::GetPage(int)
0010a484 0000000c T KoreanFFFFHiComMemoryRule::GetBank(int)
0010a490 0000003c T KoreanMDFFF0MemoryRule::PerformRead(unsigned short)
0010a4cc 000001d0 T KoreanMDFFF0MemoryRule::PerformWrite(unsigned short, unsigned char)
0010a69c 00000074 T KoreanMDFFF0MemoryRule::Reset()
0010a710 00000018 T KoreanMDFFF0MemoryRule::GetPage(int)
0010a728 0000000c T KoreanMDFFF0MemoryRule::GetBank(int)
0010a734 0000003c T KoreanMDFFF5MemoryRule::PerformRead(unsigned short)
0010a770 000001cc T KoreanMDFFF5MemoryRule::PerformWrite(unsigned short, unsigned char)
0010a93c 00000068 T KoreanMDFFF5MemoryRule::Reset()
0010a9a4 00000018 T KoreanMDFFF5MemoryRule::GetPage(int)
0010a9bc 0000000c T KoreanMDFFF5MemoryRule::GetBank(int)
0010a9c8 0000003c T KoreanMSX32KB2000MemoryRule::PerformRead(unsigned short)
0010aa04 00000080 T KoreanMSX32KB2000MemoryRule::PerformWrite(unsigned short, unsigned char)
0010aa84 00000040 T KoreanMSX32KB2000MemoryRule::Reset()
0010aac4 00000020 T KoreanMSX32KB2000MemoryRule::GetPage(int)
0010aae4 00000014 T KoreanMSX32KB2000MemoryRule::GetBank(int)
0010aaf8 0000003c T KoreanMSX8KB0300MemoryRule::PerformRead(unsigned short)
0010ab34 000000bc T KoreanMSX8KB0300MemoryRule::PerformWrite(unsigned short, unsigned char)
0010abf0 00000078 T KoreanMSX8KB0300MemoryRule::Reset()
0010ac68 00000018 T KoreanMSX8KB0300MemoryRule::GetPage(int)
0010ac80 0000000c T KoreanMSX8KB0300MemoryRule::GetBank(int)
0010ac8c 0000003c T KoreanMSXSMS8000MemoryRule::PerformRead(unsigned short)
0010acc8 00000138 T KoreanMSXSMS8000MemoryRule::PerformWrite(unsigned short, unsigned char)
0010ae00 00000070 T KoreanMSXSMS8000MemoryRule::Reset()
0010ae70 00000018 T KoreanMSXSMS8000MemoryRule::GetPage(int)
0010ae88 0000000c T KoreanMSXSMS8000MemoryRule::GetBank(int)
0010ae94 0000005c T KoreanMemoryRule::PerformRead(unsigned short)
0010aef0 00000054 T KoreanMemoryRule::PerformWrite(unsigned short, unsigned char)
0010af44 0000002c T KoreanMemoryRule::Reset()
0010af70 00000050 T KoreanMemoryRule::GetPage(int)
0010afc0 00000034 T KoreanMemoryRule::GetBank(int)
0010aff4 0000003c T KoreanSMS32KB2000MemoryRule::PerformRead(unsigned short)
0010b030 000000a0 T KoreanSMS32KB2000MemoryRule::PerformWrite(unsigned short, unsigned char)
0010b0d0 0000003c T KoreanSMS32KB2000MemoryRule::Reset()
0010b10c 00000020 T KoreanSMS32KB2000MemoryRule::GetPage(int)
0010b12c 00000014 T KoreanSMS32KB2000MemoryRule::GetBank(int)
0010b140 00000108 T MSXMemoryRule::PerformRead(unsigned short)
0010b248 00000060 T MSXMemoryRule::PerformWrite(unsigned short, unsigned char)
0010b2a8 00000028 T MSXMemoryRule::Reset()
0010b2d0 00000090 T MSXMemoryRule::GetPage(int)
0010b360 00000050 T MSXMemoryRule::GetBank(int)
0010b3b0 00000004 T SG1000MemoryRule::Reset()
0010b3b0 00000004 T RomOnlyMemoryRule::Reset()
0010b3b0 00000004 T Memory::ResetDisassemblerRecords()
0010b3b4 00000004 T MemoryRule::SaveRam(std::ostream&)
0010b3b4 00000004 T MemoryRule::SaveState(std::ostream&)
0010b3b8 00000008 T MemoryRule::LoadRam(std::istream&, long)
0010b3c0 00000008 T MemoryRule::SetRamChangedCallback(void (*)())
0010b3c8 00000008 T MemoryRule::Has8kBanks()
0010b3c8 00000008 T MemoryRule::PersistedRAM()
0010b3d0 00000008 T MemoryRule::GetRamSize()
0010b3d8 00000008 T MemoryRule::GetRamBanks()
0010b3e0 00000008 T MemoryRule::GetRamBank()
0010b3e8 00000008 T MemoryRule::GetPage(int)
0010b3f0 00000008 T MemoryRule::GetBank(int)
0010b3f8 00000004 T MemoryRule::LoadState(std::istream&, int)
0010b3fc 0000003c T Multi4PAKAllActionMemoryRule::PerformRead(unsigned short)
0010b438 000000ec T Multi4PAKAllActionMemoryRule::PerformWrite(unsigned short, unsigned char)
0010b524 00000040 T Multi4PAKAllActionMemoryRule::Reset()
0010b564 00000020 T Multi4PAKAllActionMemoryRule::GetPage(int)
0010b584 00000030 T Multi4PAKAllActionMemoryRule::GetBank(int)
0010b5b4 000002d4 T IratahackMemoryRule::PerformWrite(unsigned short, unsigned char)
0010b888 00000028 T IratahackMemoryRule::~IratahackMemoryRule()
0010b8b0 0000001c T JanggunMemoryRule::~JanggunMemoryRule()
0010b8cc 00000028 T JumboDahjeeMemoryRule::~JumboDahjeeMemoryRule()
0010b8f4 0000001c T Korean0000XORFFMemoryRule::~Korean0000XORFFMemoryRule()
0010b910 0000001c T Korean2000XOR1FMemoryRule::~Korean2000XOR1FMemoryRule()
0010b92c 0000001c T KoreanBFFCMemoryRule::~KoreanBFFCMemoryRule()
0010b948 0000001c T KoreanFFF3FFFCMemoryRule::~KoreanFFF3FFFCMemoryRule()
0010b964 0000001c T KoreanFFFEMemoryRule::~KoreanFFFEMemoryRule()
0010b980 0000001c T KoreanFFFFHiComMemoryRule::~KoreanFFFFHiComMemoryRule()
0010b99c 0000001c T KoreanMDFFF0MemoryRule::~KoreanMDFFF0MemoryRule()
0010b9b8 0000001c T KoreanMDFFF5MemoryRule::~KoreanMDFFF5MemoryRule()
0010b9d4 0000001c T KoreanMSX32KB2000MemoryRule::~KoreanMSX32KB2000MemoryRule()
0010b9f0 0000001c T KoreanMSX8KB0300MemoryRule::~KoreanMSX8KB0300MemoryRule()
0010ba0c 0000001c T KoreanMSXSMS8000MemoryRule::~KoreanMSXSMS8000MemoryRule()
0010ba28 0000001c T KoreanMemoryRule::~KoreanMemoryRule()
0010ba44 0000001c T KoreanSMS32KB2000MemoryRule::~KoreanSMS32KB2000MemoryRule()
0010ba60 0000001c T MSXMemoryRule::~MSXMemoryRule()
0010ba7c 0000001c T Multi4PAKAllActionMemoryRule::~Multi4PAKAllActionMemoryRule()
0010ba98 00000084 T IratahackMemoryRule::Reset()
0010bb1c 00000044 T IratahackMemoryRule::SaveRam(std::ostream&)
0010bb60 00000070 T IratahackMemoryRule::SaveState(std::ostream&)
0010bbd0 00000078 T JanggunMemoryRule::SaveState(std::ostream&)
0010bc48 00000014 T JumboDahjeeMemoryRule::SaveState(std::ostream&)
0010bc5c 00000030 T Korean0000XORFFMemoryRule::SaveState(std::ostream&)
0010bc8c 00000030 T KoreanBFFCMemoryRule::SaveState(std::ostream&)
0010bc8c 00000030 T KoreanFFFEMemoryRule::SaveState(std::ostream&)
0010bc8c 00000030 T Korean2000XOR1FMemoryRule::SaveState(std::ostream&)
0010bcbc 00000040 T KoreanFFF3FFFCMemoryRule::SaveState(std::ostream&)
0010bcfc 00000030 T KoreanFFFFHiComMemoryRule::SaveState(std::ostream&)
0010bd2c 00000040 T KoreanMDFFF0MemoryRule::SaveState(std::ostream&)
0010bd6c 00000040 T KoreanMDFFF5MemoryRule::SaveState(std::ostream&)
0010bdac 00000030 T KoreanMSX32KB2000MemoryRule::SaveState(std::ostream&)
0010bdac 00000030 T KoreanSMS32KB2000MemoryRule::SaveState(std::ostream&)
0010bdac 00000030 T Multi4PAKAllActionMemoryRule::SaveState(std::ostream&)
0010bddc 00000030 T KoreanMSX8KB0300MemoryRule::SaveState(std::ostream&)
0010be0c 00000040 T KoreanMSXSMS8000MemoryRule::SaveState(std::ostream&)
0010be4c 00000030 T KoreanMemoryRule::SaveState(std::ostream&)
0010be7c 00000030 T MSXMemoryRule::SaveState(std::ostream&)
0010beac 00000070 T IratahackMemoryRule::LoadState(std::istream&, int)
0010bf1c 0000008c T JanggunMemoryRule::LoadState(std::istream&, int)
0010bfa8 0000001c T JumboDahjeeMemoryRule::LoadState(std::istream&, int)
0010bfc4 00000030 T Korean0000XORFFMemoryRule::LoadState(std::istream&, int)
0010bff4 00000030 T KoreanBFFCMemoryRule::LoadState(std::istream&, int)
0010bff4 00000030 T KoreanFFFEMemoryRule::LoadState(std::istream&, int)
0010bff4 00000030 T Korean2000XOR1FMemoryRule::LoadState(std::istream&, int)
0010c024 00000040 T KoreanFFF3FFFCMemoryRule::LoadState(std::istream&, int)
0010c064 00000030 T KoreanFFFFHiComMemoryRule::LoadState(std::istream&, int)
0010c094 00000040 T KoreanMDFFF0MemoryRule::LoadState(std::istream&, int)
0010c0d4 00000040 T KoreanMDFFF5MemoryRule::LoadState(std::istream&, int)
0010c114 00000030 T KoreanMSX32KB2000MemoryRule::LoadState(std::istream&, int)
0010c114 00000030 T KoreanSMS32KB2000MemoryRule::LoadState(std::istream&, int)
0010c114 00000030 T Multi4PAKAllActionMemoryRule::LoadState(std::istream&, int)
0010c144 00000030 T KoreanMSX8KB0300MemoryRule::LoadState(std::istream&, int)
0010c174 00000040 T KoreanMSXSMS8000MemoryRule::LoadState(std::istream&, int)
0010c1b4 00000030 T KoreanMemoryRule::LoadState(std::istream&, int)
0010c1e4 00000030 T MSXMemoryRule::LoadState(std::istream&, int)
0010c214 0000007c T IratahackMemoryRule::LoadRam(std::istream&, long)
0010c290 000000e4 T Memory::Read(unsigned short)
0010c374 00002964 t Processor::DispatchOpcode(unsigned char)
0010ecd8 00001788 t Processor::DispatchOpcodeCB(unsigned char)
0011009a N 
0011009a N 
0011009a N 
0011009a N 
0011009a N 
0011009a N 
0011009a N 
0011009a N 
0011009a N 
0011009a N 
0011009a N 
0011009a N 
0011009a N 
0011009a N 
0011009a N 
0011009a N 
0011009a N 
0011009a N 
0011009a N 
0011009a N 
0011009a N 
0011009a N 
0011009a N 
0011009a N 
0011009a N 
0011009a N 
0011009a N 
0011009a N 
0011009a N 
0011009a N 
0011009a N 
0011009a N 
0011009a W JanggunMemoryRule.cpp.15a66b86
00110460 00000af0 t Processor::DispatchOpcodeED(unsigned char)
00110f50 00003a50 T GearsystemCore::RunToVBlank(unsigned char*, short*, int*, GearsystemCore::GS_Debug_Run*) [clone .part.0] [clone .constprop.0]
001149a0 00000034 T IratahackMemoryRule::~IratahackMemoryRule()
001149a0 00000034 T IratahackMemoryRule::~IratahackMemoryRule()
001149d4 00000004 T JanggunMemoryRule::~JanggunMemoryRule()
001149d4 00000004 T JanggunMemoryRule::~JanggunMemoryRule()
001149d8 00000034 T JumboDahjeeMemoryRule::~JumboDahjeeMemoryRule()
001149d8 00000034 T JumboDahjeeMemoryRule::~JumboDahjeeMemoryRule()
00114a0c 00000004 T Korean0000XORFFMemoryRule::~Korean0000XORFFMemoryRule()
00114a0c 00000004 T Korean0000XORFFMemoryRule::~Korean0000XORFFMemoryRule()
00114a10 00000004 T Korean2000XOR1FMemoryRule::~Korean2000XOR1FMemoryRule()
00114a10 00000004 T Korean2000XOR1FMemoryRule::~Korean2000XOR1FMemoryRule()
00114a14 00000004 T KoreanBFFCMemoryRule::~KoreanBFFCMemoryRule()
00114a14 00000004 T KoreanBFFCMemoryRule::~KoreanBFFCMemoryRule()
00114a18 00000004 T KoreanFFF3FFFCMemoryRule::~KoreanFFF3FFFCMemoryRule()
00114a18 00000004 T KoreanFFF3FFFCMemoryRule::~KoreanFFF3FFFCMemoryRule()
00114a1c 00000004 T KoreanFFFEMemoryRule::~KoreanFFFEMemoryRule()
00114a1c 00000004 T KoreanFFFEMemoryRule::~KoreanFFFEMemoryRule()
00114a20 00000004 T KoreanFFFFHiComMemoryRule::~KoreanFFFFHiComMemoryRule()
00114a20 00000004 T KoreanFFFFHiComMemoryRule::~KoreanFFFFHiComMemoryRule()
00114a24 00000004 T KoreanMDFFF0MemoryRule::~KoreanMDFFF0MemoryRule()
00114a24 00000004 T KoreanMDFFF0MemoryRule::~KoreanMDFFF0MemoryRule()
00114a28 00000004 T KoreanMDFFF5MemoryRule::~KoreanMDFFF5MemoryRule()
00114a28 00000004 T KoreanMDFFF5MemoryRule::~KoreanMDFFF5MemoryRule()
00114a2c 00000004 T KoreanMSX32KB2000MemoryRule::~KoreanMSX32KB2000MemoryRule()
00114a2c 00000004 T KoreanMSX32KB2000MemoryRule::~KoreanMSX32KB2000MemoryRule()
00114a30 00000004 T KoreanMSX8KB0300MemoryRule::~KoreanMSX8KB0300MemoryRule()
00114a30 00000004 T KoreanMSX8KB0300MemoryRule::~KoreanMSX8KB0300MemoryRule()
00114a34 00000004 T KoreanMSXSMS8000MemoryRule::~KoreanMSXSMS8000MemoryRule()
00114a34 00000004 T KoreanMSXSMS8000MemoryRule::~KoreanMSXSMS8000MemoryRule()
00114a38 00000004 T KoreanMemoryRule::~KoreanMemoryRule()
00114a38 00000004 T KoreanMemoryRule::~KoreanMemoryRule()
00114a3c 00000004 T KoreanSMS32KB2000MemoryRule::~KoreanSMS32KB2000MemoryRule()
00114a3c 00000004 T KoreanSMS32KB2000MemoryRule::~KoreanSMS32KB2000MemoryRule()
00114a40 00000004 T MSXMemoryRule::~MSXMemoryRule()
00114a40 00000004 T MSXMemoryRule::~MSXMemoryRule()
00114a44 000002a0 T Memory::Reset(bool)
00114ce4 00000004 T Multi4PAKAllActionMemoryRule::~Multi4PAKAllActionMemoryRule()
00114ce4 00000004 T Multi4PAKAllActionMemoryRule::~Multi4PAKAllActionMemoryRule()
00114ce8 00000120 T Processor::Reset(bool)
00114e08 00000010 T RomOnlyMemoryRule::PerformRead(unsigned short)
00114e18 00000034 T RomOnlyMemoryRule::PerformWrite(unsigned short, unsigned char)
00114e4c 00000018 T RomOnlyMemoryRule::GetPage(int)
00114e64 000000c0 T SG1000MemoryRule::PerformRead(unsigned short)
00114f24 0000005c T SG1000MemoryRule::PerformWrite(unsigned short, unsigned char)
00114f80 00000018 T SG1000MemoryRule::GetPage(int)
00114f98 00000094 T SegaMemoryRule::PerformRead(unsigned short)
0011502c 00000154 T SegaMemoryRule::PerformWrite(unsigned short, unsigned char)
00115180 00000014 T SegaMemoryRule::PersistedRAM()
00115194 00000014 T SegaMemoryRule::GetRamSize()
001151a8 00000014 T SegaMemoryRule::GetRamBanks()
001151bc 00000014 T SegaMemoryRule::GetRamBank()
001151d0 0000005c T SegaMemoryRule::GetPage(int)
0011522c 00000014 T SegaMemoryRule::GetBank(int)
00115240 000002cc T SmsIOPorts::DoInput(unsigned char)
0011550c 0000000c T SmsIOPorts::Reset()
00115518 0000001c T RomOnlyMemoryRule::~RomOnlyMemoryRule()
00115534 0000001c T SG1000MemoryRule::~SG1000MemoryRule()
00115550 0000001c T SmsIOPorts::~SmsIOPorts()
0011556c 00000028 T SegaMemoryRule::~SegaMemoryRule()
00115594 00000074 T SegaMemoryRule::Reset()
00115608 00000044 T SegaMemoryRule::SaveRam(std::ostream&)
0011564c 00000070 T SegaMemoryRule::SaveState(std::ostream&)
001156bc 00000014 T SmsIOPorts::SaveState(std::ostream&)
001156d0 00000070 T SegaMemoryRule::LoadState(std::istream&, int)
00115740 00000014 T SmsIOPorts::LoadState(std::istream&)
00115754 0000007c T SegaMemoryRule::LoadRam(std::istream&, long)
001157d0 00000004 T RomOnlyMemoryRule::~RomOnlyMemoryRule()
001157d0 00000004 T RomOnlyMemoryRule::~RomOnlyMemoryRule()
001157d4 00000004 T SG1000MemoryRule::~SG1000MemoryRule()
001157d4 00000004 T SG1000MemoryRule::~SG1000MemoryRule()
001157d8 00000034 T SegaMemoryRule::~SegaMemoryRule()
001157d8 00000034 T SegaMemoryRule::~SegaMemoryRule()
0011580c 00000004 T SmsIOPorts::~SmsIOPorts()
0011580c 00000004 T SmsIOPorts::~SmsIOPorts()
00115810 000000a4 T void std::vector<unsigned char, std::allocator<unsigned char> >::_M_realloc_append<unsigned char const&>(unsigned char const&) [clone .isra.0]
001158b4 00000414 T VgmRecorder::WriteWait(int) [clone .part.0]
00115cc8 00000274 T VgmRecorder::Stop() [clone .part.0]
00115f3c 00000224 T Video::Reset(bool, bool, int, bool)
00116160 000000b4 T Video::InitPalettes(unsigned char const*, unsigned short*, unsigned short*, unsigned short*, unsigned short*) [clone .isra.0]
00116214 00000264 T Video::WriteControl(unsigned char) [clone .part.0]
00116478 00001384 T YM2413::Sync()
001177fc 00000fdc T SmsIOPorts::DoOutput(unsigned char, unsigned char)
001187d8 00000114 T YM2413::EndFrame(short*) [clone .part.0]
001188ec 00000240 T Processor::FetchArg16()
00118b2c 00000208 T Processor::StackPop(SixteenBitRegister*)
00118d34 000001c8 T Processor::GetEffectiveAddress()
00118efc 000004bc T Processor::OPCodes_LD_dd_nn(SixteenBitRegister*)
001193b8 0000031c T Processor::OPCodes_LD_nn_dd(SixteenBitRegister*)
001196d4 000002a4 T Processor::OPCodes_JP_nn_Conditional(bool)
00119978 00000038 T Processor::OPCodes_OR(unsigned char)
001199b0 0000005c T Processor::OPCodes_XOR(unsigned char)
00119a0c 00000060 T Processor::OPCodes_AND(unsigned char)
00119a6c 00000088 T Processor::OPCodes_CP(unsigned char)
00119af4 000000a0 T Processor::OPCodes_INC(unsigned char*)
00119b94 000000a4 T Processor::OPCodes_DEC(unsigned char*)
00119c38 00000058 T Processor::OPCodes_ADD(unsigned char)
00119c90 00000064 T Processor::OPCodes_ADC(unsigned char)
00119cf4 00000080 T Processor::OPCodes_SUB(unsigned char)
00119d74 0000008c T Processor::OPCodes_SBC(unsigned char)
00119e00 0000008c T Processor::OPCodes_ADD_HL(unsigned short)
00119e8c 000002d8 T Processor::OPCodes_RLC(unsigned char*, bool) [clone .constprop.0]
0011a164 000002cc T Processor::OPCodes_RL(unsigned char*, bool) [clone .constprop.0]
0011a430 000002c4 T Processor::OPCodes_RRC(unsigned char*, bool) [clone .constprop.0]
0011a6f4 000002cc T Processor::OPCodes_RR(unsigned char*, bool) [clone .constprop.0]
0011a9c0 0000009c T Processor::OPCode0x29()
0011aa5c 000004a0 T Processor::OPCode0x36()
0011aefc 00000324 T Processor::OPCode0xC4()
0011b220 00000324 T Processor::OPCode0xCC()
0011b544 00000328 T Processor::OPCode0xD4()
0011b86c 00000324 T Processor::OPCode0xE4()
0011bb90 00000324 T Processor::OPCode0xEC()
0011beb4 00000320 T Processor::OPCode0xF4()
0011c1d4 00000320 T Processor::OPCode0xFC()
0011c4f4 0000025c T Processor::OPCodes_SLL(unsigned char*)
0011c750 00000284 T Processor::OPCodes_SLA(unsigned char*)
0011c9d4 000002ec T Processor::OPCodes_SRA(unsigned char*)
0011ccc0 0000000c T miniz_def_realloc_func
0011cccc 00000008 T miniz_def_alloc_func
0011ccd4 00000008 T miniz_def_free_func
0011ccdc 0000005c T mz_zip_mem_read_func.lto_priv.0
0011cd38 00000290 T Processor::OPCodes_SRL(unsigned char*)
0011cfc8 00000250 T Processor::OPCodes_BIT(unsigned char*, int)
0011d218 00000240 T Processor::OPCodes_BIT(unsigned char*, int) [clone .constprop.6]
0011d458 00000240 T Processor::OPCodes_BIT(unsigned char*, int) [clone .constprop.5]
0011d698 00000240 T Processor::OPCodes_BIT(unsigned char*, int) [clone .constprop.4]
0011d8d8 00000240 T Processor::OPCodes_BIT(unsigned char*, int) [clone .constprop.3]
0011db18 00000240 T Processor::OPCodes_BIT(unsigned char*, int) [clone .constprop.2]
0011dd58 00000240 T Processor::OPCodes_BIT(unsigned char*, int) [clone .constprop.1]
0011df98 00000240 T Processor::OPCodes_BIT(unsigned char*, int) [clone .constprop.0]
0011e1d8 000001e4 T Processor::OPCodes_BIT_HL(int)
0011e3bc 000001f8 T Processor::OPCodes_SET(unsigned char*, int) [clone .constprop.7]
0011e5b4 000001f4 T Processor::OPCodes_SET(unsigned char*, int) [clone .constprop.6]
0011e7a8 000001f4 T Processor::OPCodes_SET(unsigned char*, int) [clone .constprop.5]
0011e99c 000001f4 T Processor::OPCodes_SET(unsigned char*, int) [clone .constprop.4]
0011eb90 000001f4 T Processor::OPCodes_SET(unsigned char*, int) [clone .constprop.3]
0011ed84 000001f4 T Processor::OPCodes_SET(unsigned char*, int) [clone .constprop.2]
0011ef78 000001f4 T Processor::OPCodes_SET(unsigned char*, int) [clone .constprop.1]
0011f16c 000001f4 T Processor::OPCodes_SET(unsigned char*, int) [clone .constprop.0]
0011f360 000001f0 T Processor::OPCodes_RES(unsigned char*, int) [clone .constprop.7]
0011f550 000001f0 T Processor::OPCodes_RES(unsigned char*, int) [clone .constprop.6]
0011f740 000001f0 T Processor::OPCodes_RES(unsigned char*, int) [clone .constprop.5]
0011f930 000001f0 T Processor::OPCodes_RES(unsigned char*, int) [clone .constprop.4]
0011fb20 000001f0 T Processor::OPCodes_RES(unsigned char*, int) [clone .constprop.3]
0011fd10 000001f0 T Processor::OPCodes_RES(unsigned char*, int) [clone .constprop.2]
0011ff00 000001f0 T Processor::OPCodes_RES(unsigned char*, int) [clone .constprop.1]
001200f0 000001f0 T Processor::OPCodes_RES(unsigned char*, int) [clone .constprop.0]
001202e0 00000434 T Processor::OPCodes_IN_C(unsigned char*)
00120714 00000470 T Processor::OPCodes_INI()
00120b84 00000470 T Processor::OPCodes_IND()
00120ff4 00000218 T Processor::OPCodes_OUTI()
0012120c 00000218 T Processor::OPCodes_OUTD()
00121424 000000b4 T Processor::OPCodes_BlockIORepeat(unsigned char)
001214d8 000001d8 T Processor::OPCodes_CPI()
001216b0 000001d8 T Processor::OPCodes_CPD()
00121888 00000080 T Processor::OPCodes_ADC_HL(unsigned short)
00121908 000000a0 T Processor::OPCodes_SBC_HL(unsigned short)
001219a8 0000007c T Processor::OPCodeED0x4C()
001219a8 0000007c T Processor::OPCodeED0x54()
001219a8 0000007c T Processor::OPCodeED0x5C()
001219a8 0000007c T Processor::OPCodeED0x64()
001219a8 0000007c T Processor::OPCodeED0x6C()
001219a8 0000007c T Processor::OPCodeED0x74()
001219a8 0000007c T Processor::OPCodeED0x7C()
00121a24 00000260 T Processor::OPCodeED0x55()
00121a24 00000260 T Processor::OPCodeED0x5D()
00121a24 00000260 T Processor::OPCodeED0x65()
00121a24 00000260 T Processor::OPCodeED0x6D()
00121a24 00000260 T Processor::OPCodeED0x75()
00121a24 00000260 T Processor::OPCodeED0x7D()
00121a48 N 
00121a48 N 
00121a48 N 
00121a48 N 
00121a48 N 
00121a48 N 
00121a48 N 
00121a48 N 
00121a48 N 
00121a48 N 
00121a48 N 
00121a48 N 
00121a48 N 
00121a48 N 
00121a48 N 
00121a48 N 
00121a48 N 
00121a48 N 
00121a48 N 
00121a48 N 
00121a48 N 
00121a48 N 
00121a48 N 
00121a48 N 
00121a48 N 
00121a48 N 
00121a48 N 
00121a48 N 
00121a48 N 
00121a48 N 
00121a48 N 
00121a48 N 
00121a48 W JumboDahjeeMemoryRule.cpp.f8830285
00121c84 000001fc T Blip_Buffer::set_sample_rate(long, int) [clone .constprop.0]
00121e80 00000048 T Blip_Buffer::clock_rate_factor(long) const [clone .isra.0]
00121ec8 000001d8 T Blip_Synth_::volume_unit(double) [clone .part.0]
001220a0 000004c8 t Blip_Synth_::treble_eq(blip_eq_t const&) [clone .constprop.0]
00122568 00000020 T Blip_Synth_::volume_unit(double) [clone .constprop.0]
00122588 00000130 T Blip_Synth<12, 1>::offset_resampled(unsigned long, int, Blip_Buffer*) const [clone .isra.0]
001226b8 00000da0 T Sms_Apu::run_until(long) [clone .part.0]
00123458 000005a0 T load_instrument.lto_priv.0
001239f8 00002a30 T update_instrument_zero.lto_priv.0
00126428 0000051c T YM2413ResetChip
00126944 00000118 T mz_crc32.constprop.0
00126a5c 000001b0 T mz_zip_reader_end_internal.isra.0
00126c0c 000003e0 T mz_zip_file_stat_internal.part.0.constprop.0
00126fec t .udivsi3_skip_div0_test
00126fec T __aeabi_uidiv
00126fec 000001ec T __udivsi3
001271d8 00000020 T __aeabi_uidivmod
001271f8 T __aeabi_idiv
001271f8 00000220 T __divsi3
00127200 t .divsi3_skip_div0_test
00127418 00000020 T __aeabi_idivmod
00127438 00000004 W __aeabi_idiv0
00127438 00000004 W __aeabi_ldiv0
0012743c T __aeabi_drsub
00127444 000002b0 T __aeabi_dsub
00127444 000002b0 T __subdf3
00127448 000002ac T __adddf3
00127448 000002ac T __aeabi_dadd
001276f4 00000024 T __aeabi_ui2d
001276f4 00000024 T __floatunsidf
00127718 00000028 T __aeabi_i2d
00127718 00000028 T __floatsidf
00127740 00000048 T __aeabi_f2d
00127740 00000048 T __extendsfdf2
00127788 00000074 T __aeabi_ul2d
00127788 00000074 T __floatundidf
0012779c 00000060 T __aeabi_l2d
0012779c 00000060 T __floatdidf
001277fc T __aeabi_ldivmod
001278d0 T __aeabi_uldivmod
0012790c 00000014 T __restore_core_regs
0012790c 00000014 T restore_core_regs
00127920 T __gnu_Unwind_Restore_VFP
00127928 T __gnu_Unwind_Save_VFP
00127930 T __gnu_Unwind_Restore_VFP_D
00127938 T __gnu_Unwind_Save_VFP_D
00127940 T __gnu_Unwind_Restore_VFP_D_16_to_31
00127948 T __gnu_Unwind_Save_VFP_D_16_to_31
00127950 T __gnu_Unwind_Restore_WMMXD
00127994 T __gnu_Unwind_Save_WMMXD
001279d8 T __gnu_Unwind_Restore_WMMXC
001279ec T __gnu_Unwind_Save_WMMXC
00127a00 00000024 T _Unwind_RaiseException
00127a00 00000024 T ___Unwind_RaiseException
00127a24 00000024 T _Unwind_Resume
00127a24 00000024 T ___Unwind_Resume
00127a48 00000024 T _Unwind_Resume_or_Rethrow
00127a48 00000024 T ___Unwind_Resume_or_Rethrow
00127a6c 00000024 T _Unwind_ForcedUnwind
00127a6c 00000024 T ___Unwind_ForcedUnwind
00127a90 00000024 T _Unwind_Backtrace
00127a90 00000024 T ___Unwind_Backtrace
00127ac8 00000390 T strcmp
00127e50 t __do_global_dtors_aux
00127ea0 t frame_dummy
00127ed0 00002c1c T main
0012aaec 00000044 t C2Di_FrameEndHook
0012ab30 00000368 T C2D_Init
0012ae98 0000004c T C2D_Fini
0012aee4 000000bc T C2D_Prepare
0012afa0 00000048 T C2D_Flush
0012afe8 000000fc T C2D_SceneSize
0012b0e4 00000060 T C2D_CreateScreenTarget
0012b144 00000060 T C2D_TargetClear
0012b1a4 0000014c T C2Di_CalcQuad
0012b2f0 00000054 T C2Di_AppendQuad
0012b344 00000040 T C2Di_AppendVtx
0012b384 00000738 T C2Di_Update
0012babc 000002e8 T C2D_DrawImage
0012bda4 00000168 T C2D_DrawRectangle
0012bf0c 00000018 t C2Di_GlyphComp
0012bf24 00000180 t C2Di_CalcLineWidths
0012c0a4 000001d0 T C2D_TextBufNew
0012c274 00000004 T C2D_TextBufDelete
0012c278 000001c4 T C2D_TextFontParseLine
0012c43c 000000a4 T C2D_TextFontParse
0012c4e0 00000010 T C2D_TextParse
0012c4f0 00000030 T C2D_TextOptimize
0012c520 00000fdc T C2D_DrawText
0012d4fc 00000050 T C2D_FontGlyphIndexFromCodePoint
0012d54c 00000074 T C2D_FontCalcGlyphPos
0012d5c0 00000028 T AttrInfo_Init
0012d5e8 00000094 T AttrInfo_AddLoader
0012d67c 00000054 T C3D_SetAttrInfo
0012d6d0 00000080 T C3Di_AttrInfoBind
0012d750 00000004 W C3Di_LightEnvUpdate
0012d754 00000004 W C3Di_LightEnvDirty
0012d758 000000b4 t C3Di_AptEventHook
0012d80c 00000004 W C3Di_GasUpdate
0012d810 000001d0 T C3D_Init
0012d9e0 00000098 T C3D_SetViewport
0012da78 000004e8 T C3Di_UpdateContext
0012df60 000000e0 T C3Di_SplitFrame
0012e040 00000044 T C3D_Fini
0012e084 00000194 T C3D_BindProgram
0012e218 00000024 T BufInfo_Init
0012e23c 00000080 T BufInfo_Add
0012e2bc 0000003c T C3D_SetBufInfo
0012e2f8 00000048 T C3Di_BufInfoBind
0012e340 0000021c T C3D_DrawElements
0012e55c 00000040 T C3D_DepthMap
0012e59c 0000001c T C3D_CullFace
0012e5b8 00000040 T C3D_StencilTest
0012e5f8 00000024 T C3D_StencilOp
0012e61c 0000001c T C3D_BlendingColor
0012e638 00000024 T C3D_EarlyDepthTest
0012e65c 0000002c T C3D_DepthTest
0012e688 0000002c T C3D_AlphaTest
0012e6b4 00000050 T C3D_AlphaBlend
0012e704 00000030 T C3D_FragOpMode
0012e734 00000044 T C3D_FragOpShadow
0012e778 000001ac T C3Di_EffectBind
0012e924 0000001c T C3D_CalcColorBufSize
0012e940 0000001c T C3D_CalcDepthBufSize
0012e95c 00000044 T C3D_SetFrameBuf
0012e9a0 0000016c T C3Di_FrameBufBind
0012eb0c 000000c8 T C3D_FrameBufClear
0012ebd4 00000044 T C3D_FrameBufTransfer
0012ec18 000000a8 T C3D_ImmSendAttrib
0012ecc0 00000070 T C3D_ProcTexInit
0012ed30 00000054 T C3D_ProcTexBind
0012ed84 0000005c T C3D_ProcTexLutBind
0012ede0 000000a4 T ProcTexLut_FromArray
0012ee84 00000178 T C3Di_ProcTexUpdate
0012effc 00000068 T C3Di_ProcTexDirty
0012f064 0000004c t onVBlank0
0012f0b0 0000004c t onVBlank1
0012f0fc 00000080 t C3Di_RenderTargetDestroy
0012f17c 000000f4 t onQueueFinish
0012f270 00000038 T C3Di_RenderQueueEnableVBlank
0012f2a8 00000030 T C3Di_RenderQueueDisableVBlank
0012f2d8 00000060 T C3Di_RenderQueueInit
0012f338 000000b4 T C3Di_RenderQueueExit
0012f3ec 00000034 T C3Di_RenderQueueWaitDone
0012f420 000000e8 T C3D_FrameBegin
0012f508 00000048 T C3D_FrameDrawOn
0012f550 00000058 T C3D_FrameSplit
0012f5a8 000001d0 T C3D_FrameEnd
0012f778 0000001c T C3D_FrameEndHook
0012f794 00000170 T C3D_RenderTargetCreate
0012f904 000000f0 T C3D_RenderTargetDelete
0012f9f4 000000a8 T C3D_RenderTargetSetOutput
0012fa9c 000000fc T C3D_SyncTextureCopy
0012fb98 00000034 T C3D_GetTexEnv
0012fbcc 00000024 T C3Di_TexEnvBind
0012fbf0 00000290 T C3D_TexInitWithParams
0012fe80 000000c8 T C3D_TexLoadImage
0012ff48 00000044 T C3D_TexBind
0012ff8c 00000044 T C3D_TexFlush
0012ffd0 00000074 T C3D_TexDelete
00130044 0000014c T C3Di_SetTex
00130190 00000290 T C3D_UpdateUniforms
00130420 000000c0 T C3Di_DirtyUniforms
001304e0 000000d8 T C3Di_LoadShaderUniforms
001305b8 00000028 T C3Di_ClearShaderUniforms
001305e0 000000cc T Mtx_Ortho
001306ac 000000cc T Mtx_OrthoTilt
00130778 00000024 t addrMapNodeComparator(rbtree_node const*, rbtree_node const*)
0013079c 00000004 t addrMapNodeDestructor(rbtree_node*)
001307a0 0000012c T linearMemAlign
001308cc 00000008 T linearAlloc
001308d4 0000005c T linearFree
00130930 00000088 T MemPool::CoalesceRight(MemBlock*)
001309b8 00000178 T MemPool::Allocate(MemChunk&, unsigned long, int)
00130b30 00000118 T MemPool::Deallocate(MemChunk const&)
00130c48 00000030 T MemPool::GetFreeSpace()
00130c78 00000024 t addrMapNodeComparator(rbtree_node const*, rbtree_node const*)
00130c9c 00000004 t addrMapNodeDestructor(rbtree_node*)
00130ca0 00000248 T vramMemAlignAt
00130ee8 0000000c T vramAlloc
00130ef4 0000000c T vramAllocAt
00130f00 00000094 T vramFree
00130f94 000001c8 T consoleDrawChar
0013115c 00000170 T consolePrintChar
001312cc 000000fc t newRow
001313c8 000000b8 T consoleClear
00131480 0000009c T fontEnsureMapped
0013151c 00000100 T fontGlyphIndexFromCodePoint
0013161c 00000214 T fontCalcGlyphPos
00131830 000000cc t gfxPresentFramebuffer
001318fc 00000010 T gfxSet3D
0013190c 0000001c T gfxIsWide
00131928 000000f8 T gfxSetScreenFormat
00131a20 000000d8 T gfxInit
00131af8 00000010 T gfxInitDefault
00131b08 000000b8 T gfxExit
00131bc0 000000a0 T gfxGetFramebuffer
00131c60 00000100 T gfxFlushBuffers
00131d60 00000028 T gfxScreenSwapBuffers
00131d88 00000074 T osConvertVirtToPhys
00131dfc 00000054 T osGetTimeRef
00131e50 000000ec T osGetTime
00131f3c 00000034 T __ctru_speedup_config
00131f70 00000038 T osSetSpeedupEnable
00131fa8 00000008 t romfs_close
00131fb0 000000ac t romfs_seek
0013205c 00000024 t romfs_dirreset
00132080 000000c0 t fill_dir
001320bc N 
001320bc N 
001320bc N 
001320bc N 
001320bc N 
001320bc N 
001320bc N 
001320bc N 
001320bc N 
001320bc N 
001320bc N 
001320bc N 
001320bc N 
001320bc N 
001320bc N 
001320bc N 
001320bc N 
001320bc N 
001320bc N 
001320bc N 
001320bc N 
001320bc N 
001320bc N 
001320bc N 
001320bc N 
001320bc N 
001320bc N 
001320bc N 
001320bc N 
001320bc N 
001320bc N 
001320bc N 
001320bc W Korean0000XORFFMemoryRule.cpp.85aca5fe
00132140 000002ac t romfs_dirnext
001323ec 00000074 t romfs_free
00132460 000000d0 t searchForFile.constprop.0
00132530 000000d4 t searchForDir.constprop.0
00132604 000001c0 t navigateToDir.constprop.0
001327c4 00000114 t romfs_open
001328d8 0000004c t romfs_chdir
00132924 00000068 t romfs_diropen
0013298c 00000178 t romfs_stat
00132b04 00000008 t romfs_dirclose
00132b10 0000007c t romfs_fstat
00132b8c 000000d0 t romfs_read
00132c5c 00000294 T romfsMountFromFile
00132ef0 00000098 T romfsMountFromCurrentProcess
00132f88 00000258 T romfsMountSelf
001331e0 000000a0 T romfsUnmount
00133280 0000013c T GPUCMD_Add
001333bc 000000b0 T GPUCMD_Split
0013346c 00000034 T f32tof16
001334a0 00000034 T f32tof24
001334d4 00000038 T f32tof31
0013350c 00000010 T GX_BindQueue
0013351c 0000007c T GX_ProcessCommandList
00133598 00000074 T GX_MemoryFill
0013360c 00000074 T GX_DisplayTransfer
00133680 00000078 T GX_TextureCopy
001336f8 00000064 t gxCmdQueueDoCommands.part.0
0013375c 000000e4 T gxCmdQueueInterrupt
00133840 00000068 T gxCmdQueueClear
001338a8 00000108 T gxCmdQueueAdd
001339b0 00000080 T gxCmdQueueRun
00133a30 00000064 T gxCmdQueueStop
00133a94 000000ac T gxCmdQueueWait
00133b40 000001e0 T shaderInstanceInit
00133d20 00000018 T shaderInstanceGetUniformLocation
00133d38 0000001c T shaderProgramInit
00133d54 00000074 T shaderProgramFree
00133dc8 00000094 T shaderProgramSetVsh
00133e5c 000008d0 T shaderProgramConfigure
0013472c 000001dc t DVLE_GenerateOutmap.part.0
00134908 000001ac T DVLB_ParseFile
00134ab4 00000050 T DVLB_Free
00134b04 00000074 T DVLE_GetUniformRegister
00134b78 00000158 t ndspUpdateMaster
00134cd0 00000108 t ndspFinalize
00134dd8 0000025c t ndspInitialize.part.0
00135034 00000108 t ndspHookCallback
00135140 00000318 t ndspThreadMain
00135458 000003f0 T ndspInit
00135848 000000d8 T ndspExit
00135920 000000e0 T ndspChnReset
00135a00 00000018 T ndspChnSetFormat
00135a18 00000050 T ndspChnSetInterp
00135a68 00000060 T ndspChnSetRate
00135ac8 00000080 T ndspChnSetMix
00135b48 000000c8 T ndspChnWaveBufAdd
00135c10 00000040 T ndspiInitChn
00135c50 0000002c T ndspiDirtyChn
00135c7c 0000043c T ndspiUpdateChn
001360b8 00000180 T ndspiReadChnState
00136238 00000180 t aptConvertScreenForCapture
001363b8 00000138 T aptSendCommand
001364f0 00000044 t aptExitProcess
00136534 00000394 T aptExit
001368c8 000000d8 T aptHandleSleep
001369a0 00000034 T aptHook
001369d4 00000030 T aptUnhook
00136a04 00000084 T APT_SleepIfShellClosed
00136a88 00000078 T aptSetSleepAllowed
00136b00 00000084 T APT_UnlockTransition
00136b88 00000470 t aptEventHandler
00136ff8 000000bc T APT_ReceiveParameter
001370b4 000000b0 t aptReceiveParameter.constprop.0
00137168 00000294 t aptScreenTransfer
001373fc 000002d0 t aptWaitForWakeUp.isra.0
001376cc 000000f4 T aptJumpToHomeMenu
001377c0 00000058 T aptMainLoop
00137818 00000240 T aptInit
00137a58 0000002c T APT_SetAppCpuTimeLimit
00137a84 00000090 T APT_CheckNew3DS
00137b14 00000048 T APT_GetSharedFont
00137b5c 000000a8 T cfguInit
00137c04 0000003c T cfguExit
00137c40 0000004c T CFGU_GetConfigInfoBlk2
00137c8c 000000a4 t DSP_LoadComponent.part.0
00137d30 000000fc T dspInit
00137e2c 0000008c T dspExit
00137eb8 00000024 T dspHook
00137edc 00000030 T dspUnhook
00137f0c 000000b4 T aptDspSleep
00137fc0 000000b4 T aptDspWakeup
00138074 00000044 T aptDspCancel
001380b8 00000050 T DSP_FlushDataCache
00138108 00000034 T DSP_SetSemaphore
0013813c 00000034 T DSP_SetSemaphoreMask
00138170 00000038 T DSP_GetSemaphoreHandle
001381a8 0000003c T DSP_LoadComponent
001381e4 00000044 T DSP_RegisterInterruptEvents
00138228 00000078 T DSP_ReadPipeIfPossible
001382a0 0000004c T DSP_WriteProcessPipe
001382ec 00000044 T DSP_ConvertProcessAddressFromDspDram
00138330 00000044 T DSP_RecvData
00138374 00000050 T DSP_RecvDataIsReady
001383c4 00000104 T fsInit
001384c8 0000003c T fsExit
00138504 00000068 T fsExemptFromSession
0013856c 00000050 T fsUnexemptFromSession
001385bc 000000cc T FSUSER_OpenFile
00138688 000000cc T FSUSER_OpenFileDirectly
00138754 000000b8 T FSUSER_DeleteFile
0013880c 000000f4 T FSUSER_RenameFile
00138900 000000b8 T FSUSER_DeleteDirectory
001389b8 000000d0 T FSUSER_CreateFile
00138a88 000000c0 T FSUSER_CreateDirectory
00138b48 000000f4 T FSUSER_RenameDirectory
00138c3c 000000b4 T FSUSER_OpenDirectory
00138cf0 00000090 T FSUSER_OpenArchive
00138d80 0000008c T FSUSER_CloseArchive
00138e0c 00000074 T FSUSER_GetSdmcArchiveResource
00138e80 00000064 T FSUSER_IsSdmcWritable
00138ee4 00000064 T FSFILE_Read
00138f48 0000006c T FSFILE_Write
00138fb4 00000044 T FSFILE_GetSize
00138ff8 00000028 T FSFILE_SetSize
00139020 0000003c T FSFILE_Close
0013905c 00000024 T FSFILE_Flush
00139080 00000060 T FSDIR_Read
001390e0 0000003c T FSDIR_Close
0013911c 00000c70 t gspHardwareInit
00139d8c 00000288 T gspInit
0013a014 00000104 T gspExit
0013a118 00000010 T gspHasGpuRight
0013a128 000000a4 T gspPresentBuffer
0013a1cc 00000030 T gspSetEventCallback
0013a1fc 00000050 T gspWaitForEvent
0013a24c 0000004c T gspWaitForAnyEvent
0013a298 00000154 t gspEventThreadMain
0013a3ec 0000012c T gspSubmitGxCommand
0013a518 00000050 T GSPGPU_FlushDataCache
0013a568 00000034 T GSPGPU_SetLcdForceBlack
0013a59c 00000084 T GSPGPU_AcquireRight
0013a620 00000064 T GSPGPU_ReleaseRight
0013a684 0000007c T GSPGPU_ImportDisplayCaptureInfo
0013a700 0000002c T GSPGPU_SaveVramSysArea
0013a72c 0000002c T GSPGPU_RestoreVramSysArea
0013a758 00000024 W hidShouldUseIrrst
0013a77c 000001cc T hidInit
0013a948 000000e8 T hidExit
0013aa30 000002a0 T hidScanInput
0013acd0 00000010 T hidKeysHeld
0013ace0 00000010 T hidKeysDown
0013acf0 00000018 T hidTouchRead
0013ad08 000001a4 T irrstInit
0013aeac 000000dc T irrstExit
0013af88 000000b4 T irrstScanInput
0013b03c 00000024 T irrstKeysHeld
0013b060 00000078 T ptmSysmInit
0013b0d8 0000003c T ptmSysmExit
0013b114 00000034 T PTMSYSM_ConfigureNew3DSCPU
0013b148 00000074 T rbtree_find
0013b1bc 00000010 T rbtree_init
0013b1cc 00000198 t do_insert
0013b364 00000008 T rbtree_insert
0013b36c 00000310 T rbtree_remove
0013b67c 00000090 T rbtree_rotate
0013b70c 00000140 T decode_utf8
0013b84c 000000e8 T utf16_to_utf8
0013b934 000000c0 T utf8_to_utf16
0013b9f8 000001e8 W __system_allocateHeaps
0013bbe0 00000038 W __libctru_init
0013bc18 0000016c W __system_initArgv
0013bd84 00000030 T __syscall_getreent
0013bdb4 00000064 T __syscall_gettod_r
0013be18 00000004 T __syscall_lock_acquire
0013be1c 00000004 T __syscall_lock_release
0013be20 00000004 T __syscall_lock_acquire_recursive
0013be24 00000004 T __syscall_lock_release_recursive
0013be28 00000004 T __syscall_exit
0013be2c 00000014 T __syscall_cond_broadcast
0013be40 00000014 T __syscall_cond_wait
0013be54 00000044 T __syscall_cond_wait_recursive
0013be98 00000054 T initThreadVars
0013beec 00000080 T __system_initSyscalls
0013bf6c T svcControlMemory
0013bf8c T svcQueryMemory
0013bfbc T svcExitProcess
0013bfc4 T svcCreateThread
0013bfe4 T svcExitThread
0013bfec T svcSleepThread
0013bff4 T svcReleaseMutex
0013bffc T svcCreateEvent
0013c010 T svcSignalEvent
0013c018 T svcClearEvent
0013c020 T svcMapMemoryBlock
0013c028 T svcUnmapMemoryBlock
0013c030 T svcCreateAddressArbiter
0013c044 T svcArbitrateAddress
0013c05c T svcArbitrateAddressNoTimeout
0013c064 T svcCloseHandle
0013c06c T svcWaitSynchronization
0013c074 T svcWaitSynchronizationN
0013c09c T svcDuplicateHandle
0013c0b0 T svcGetSystemTick
0013c0b8 T svcConnectToPort
0013c0cc T svcSendSyncRequest
0013c0d4 T svcGetResourceLimit
0013c0e8 T svcGetResourceLimitLimitValues
0013c0f0 T svcGetResourceLimitCurrentValues
0013c0f8 T svcBreak
0013c100 T __aeabi_read_tp
0013c10c W initSystem
0013c15c W __ctru_exit
0013c170 0000008c W envGetHandle
0013c1fc 00000050 W envDestroyHandles
0013c24c 00000164 T srvInit
0013c3b0 00000064 T srvExit
0013c414 00000060 T srvEnableNotification
0013c474 000000a0 T srvGetServiceHandleDirect
0013c514 00000048 T srvGetServiceHandle
0013c55c 00000034 T srvSubscribe
0013c590 00000060 T srvReceiveNotification
0013c5f0 00000038 T srvPublishToSubscriber
0013c628 0000000c T __sync_init
0013c634 00000018 T __sync_fini
0013c64c 00000028 T syncArbitrateAddress
0013c674 0000001c T LightLock_Init
0013c690 000000ac T LightLock_Lock
0013c73c 00000040 T LightLock_Unlock
0013c77c 00000054 T RecursiveLock_Lock
0013c7d0 00000054 T RecursiveLock_Unlock
0013c824 000000ec T CondVar_WaitTimeout
0013c910 00000124 T CondVar_WakeUp
0013ca34 00000044 T LightEvent_Init
0013ca78 000000b8 T LightEvent_Clear
0013cb30 000000dc T LightEvent_Signal
0013cc0c 00000050 T LightEvent_TryWait
0013cc5c 000000ac T LightEvent_Wait
0013cd08 000001fc T threadCreate
0013cf04 00000038 T threadFree
0013cf3c 00000024 T threadJoin
0013cf60 00000030 T threadGetCurrent
0013cf90 00000040 T threadExit
0013cfd0 00000020 t _thread_begin
0013cff0 00000090 t mappableFindAddressWithin
0013d080 00000028 T mappableInit
0013d0a8 0000007c T mappableAlloc
0013d124 00000004 T mappableFree
0013d128 0000000c T srvPmGetSessionHandle
0013d134 00000060 T rbtree_node_next
0013d194 00000054 T decode_utf16
0013d1e8 00000054 T encode_utf16
0013d23c 000000e0 T encode_utf8
0013d31c 00000030 W __appExit
0013d34c 00000030 W __appInit
0013d37c 00000090 W __libctru_exit
0013d40c 00000024 t error_cmp
0013d430 00000050 t archive_translate_error
0013d480 000000c0 t archive_seek
0013d540 00000078 t _archiveInit.part.0
0013d5b8 00000110 t archiveFindDevice.part.0
0013d6c8 00000298 t archive_utf16path
0013d960 00000098 t _archiveUnmountDeviceStruct.part.0
0013d9f8 00000178 t _archiveMountDevice
0013db70 000000f8 t archive_diropen
0013dc68 000000ac t archive_fstat
0013dd14 00000074 t archive_fsync
0013dd88 00000074 t archive_close
0013ddfc 00000078 t archive_dirclose
0013de74 000000ec t sdmc_statvfs
0013df60 000000f8 t archive_chdir
0013e058 0000008c t archive_ftruncate
0013e0e4 000000bc t archive_read
0013e1a0 000000a8 t archive_unlink
0013e248 000000c0 t archive_rmdir
0013e308 000000d8 t archive_mkdir
0013e3e0 000001a0 t archive_stat
0013e580 00000164 t archive_dirnext
0013e6e4 0000013c t archive_write
0013e820 00000254 t archive_open
0013ea74 00000270 t archive_rename
0013ece4 000001c8 T archiveMountSdmc
0013eeac 00000054 T archiveUnmountAll
0013ef00 00000004 T operator delete(void*)
0013ef04 00000004 T operator delete[](void*)
0013ef08 0000005c T operator new(unsigned int)
0013ef64 00000004 T operator new[](unsigned int)
0013ef68 0000000c W __gnu_cxx::__concurrence_lock_error::what() const
0013ef74 0000000c W __gnu_cxx::__concurrence_unlock_error::what() const
0013ef80 00000004 T std::locale::facet::~facet()
0013ef80 00000004 T std::locale::facet::~facet()
0013ef84 0000001c T std::locale::facet::~facet()
0013efa0 00000020 W __gnu_cxx::__concurrence_lock_error::~__concurrence_lock_error()
0013efa0 00000020 W __gnu_cxx::__concurrence_lock_error::~__concurrence_lock_error()
0013efc0 00000028 W __gnu_cxx::__concurrence_lock_error::~__concurrence_lock_error()
0013efe8 00000020 W __gnu_cxx::__concurrence_unlock_error::~__concurrence_unlock_error()
0013efe8 00000020 W __gnu_cxx::__concurrence_unlock_error::~__concurrence_unlock_error()
0013f008 00000028 W __gnu_cxx::__concurrence_unlock_error::~__concurrence_unlock_error()
0013f030 00000020 T std::locale::facet::_S_initialize_once()
0013f050 0000002c W __gnu_cxx::__throw_concurrence_unlock_error()
0013f07c 0000003c T std::locale::locale(std::locale const&)
0013f07c 0000003c T std::locale::locale(std::locale const&)
0013f0b8 00000008 T std::locale::locale(std::locale::_Impl*)
0013f0b8 00000008 T std::locale::locale(std::locale::_Impl*)
0013f0c0 0000004c T std::locale::facet::_S_get_c_locale()
0013f10c 0000000c T std::locale::facet::_S_get_c_name()
0013f118 000001dc T std::locale::_Impl::~_Impl()
0013f118 000001dc T std::locale::_Impl::~_Impl()
0013f2f4 000000b0 T std::locale::operator=(std::locale const&)
0013f3a4 00000078 T std::locale::~locale()
0013f3a4 00000078 T std::locale::~locale()
0013f41c 000005ac T std::locale::_Impl::_M_install_facet(std::locale::id const*, std::locale::facet const*)
0013f9c8 00000388 T std::locale::_Impl::_M_install_cache(std::locale::facet const*, unsigned int)
0013fd50 00000064 T std::locale::id::_M_id() const
0013fdb4 00000010 T std::__basic_file<char>::__basic_file(pthread_mutex_t*)
0013fdb4 00000010 T std::__basic_file<char>::__basic_file(pthread_mutex_t*)
0013fdc4 00000044 T std::__basic_file<char>::~__basic_file()
0013fdc4 00000044 T std::__basic_file<char>::~__basic_file()
0013fe08 00000078 T std::__basic_file<char>::open(char const*, std::_Ios_Openmode, int)
0013fe80 00000010 T std::__basic_file<char>::is_open() const
0013fe90 00000058 T std::__basic_file<char>::close()
0013fee8 00000060 T std::__basic_file<char>::xsgetn(char*, int)
0013ff48 00000074 T std::__basic_file<char>::xsputn(char const*, int)
0013ffbc 000000d8 T std::__basic_file<char>::xsputn_2(char const*, int, char const*, int)
00140094 00000048 T std::__basic_file<char>::seekoff(long long, std::_Ios_Seekdir)
001400dc 00000094 T std::__basic_file<char>::showmanyc()
00140170 00000034 t std::__facet_shims::(anonymous namespace)::collate_shim<char>::do_compare(char const*, char const*, char const*, char const*) const
001401a4 00000060 t std::__facet_shims::(anonymous namespace)::time_get_shim<char>::do_get_year(std::istreambuf_iterator<char, std::char_traits<char> >, std::istreambuf_iterator<char, std::char_traits<char> >, std::ios_base&, std::_Ios_Iostate&, tm*) const
00140204 00000060 t std::__facet_shims::(anonymous namespace)::time_get_shim<char>::do_get_monthname(std::istreambuf_iterator<char, std::char_traits<char> >, std::istreambuf_iterator<char, std::char_traits<char> >, std::ios_base&, std::_Ios_Iostate&, tm*) const
00140264 00000060 t std::__facet_shims::(anonymous namespace)::time_get_shim<char>::do_get_weekday(std::istreambuf_iterator<char, std::char_traits<char> >, std::istreambuf_iterator<char, std::char_traits<char> >, std::ios_base&, std::_Ios_Iostate&, tm*) const
001402c4 00000060 t std::__facet_shims::(anonymous namespace)::time_get_shim<char>::do_get_date(std::istreambuf_iterator<char, std::char_traits<char> >, std::istreambuf_iterator<char, std::char_traits<char> >, std::ios_base&, std::_Ios_Iostate&, tm*) const
00140324 00000060 t std::__facet_shims::(anonymous namespace)::time_get_shim<char>::do_get_time(std::istreambuf_iterator<char, std::char_traits<char> >, std::istreambuf_iterator<char, std::char_traits<char> >, std::ios_base&, std::_Ios_Iostate&, tm*) const
00140384 0000000c t std::__facet_shims::(anonymous namespace)::time_get_shim<char>::do_date_order() const
00140390 00000098 t std::__facet_shims::(anonymous namespace)::money_get_shim<char>::do_get(std::istreambuf_iterator<char, std::char_traits<char> >, std::istreambuf_iterator<char, std::char_traits<char> >, bool, std::ios_base&, std::_Ios_Iostate&, long double&) const
00140428 00000054 t std::__facet_shims::(anonymous namespace)::money_put_shim<char>::do_put(std::ostreambuf_iterator<char, std::char_traits<char> >, bool, std::ios_base&, char, long double) const
0014047c 00000010 t std::__facet_shims::(anonymous namespace)::messages_shim<char>::do_close(int) const
0014048c 00000030 t std::__facet_shims::(anonymous namespace)::messages_shim<char>::do_open(std::string const&, std::locale const&) const
001404bc 00000034 t std::__facet_shims::(anonymous namespace)::collate_shim<wchar_t>::do_compare(wchar_t const*, wchar_t const*, wchar_t const*, wchar_t const*) const
001404f0 00000060 t std::__facet_shims::(anonymous namespace)::time_get_shim<wchar_t>::do_get_year(std::istreambuf_iterator<wchar_t, std::char_traits<wchar_t> >, std::istreambuf_iterator<wchar_t, std::char_traits<wchar_t> >, std::ios_base&, std::_Ios_Iostate&, tm*) const
00140550 00000060 t std::__facet_shims::(anonymous namespace)::time_get_shim<wchar_t>::do_get_monthname(std::istreambuf_iterator<wchar_t, std::char_traits<wchar_t> >, std::istreambuf_iterator<wchar_t, std::char_traits<wchar_t> >, std::ios_base&, std::_Ios_Iostate&, tm*) const
001405b0 00000060 t std::__facet_shims::(anonymous namespace)::time_get_shim<wchar_t>::do_get_weekday(std::istreambuf_iterator<wchar_t, std::char_traits<wchar_t> >, std::istreambuf_iterator<wchar_t, std::char_traits<wchar_t> >, std::ios_base&, std::_Ios_Iostate&, tm*) const
00140610 00000060 t std::__facet_shims::(anonymous namespace)::time_get_shim<wchar_t>::do_get_date(std::istreambuf_iterator<wchar_t, std::char_traits<wchar_t> >, std::istreambuf_iterator<wchar_t, std::char_traits<wchar_t> >, std::ios_base&, std::_Ios_Iostate&, tm*) const
00140670 00000060 t std::__facet_shims::(anonymous namespace)::time_get_shim<wchar_t>::do_get_time(std::istreambuf_iterator<wchar_t, std::char_traits<wchar_t> >, std::istreambuf_iterator<wchar_t, std::char_traits<wchar_t> >, std::ios_base&, std::_Ios_Iostate&, tm*) const
001406d0 0000000c t std::__facet_shims::(anonymous namespace)::time_get_shim<wchar_t>::do_date_order() const
001406dc 00000098 t std::__facet_shims::(anonymous namespace)::money_get_shim<wchar_t>::do_get(std::istreambuf_iterator<wchar_t, std::char_traits<wchar_t> >, std::istreambuf_iterator<wchar_t, std::char_traits<wchar_t> >, bool, std::ios_base&, std::_Ios_Iostate&, long double&) const
00140774 00000054 t std::__facet_shims::(anonymous namespace)::money_put_shim<wchar_t>::do_put(std::ostreambuf_iterator<wchar_t, std::char_traits<wchar_t> >, bool, std::ios_base&, wchar_t, long double) const
001407c8 00000010 t std::__facet_shims::(anonymous namespace)::messages_shim<wchar_t>::do_close(int) const
001407d8 00000030 t std::__facet_shims::(anonymous namespace)::messages_shim<wchar_t>::do_open(std::string const&, std::locale const&) const
00140808 000000c0 t wchar_t* std::basic_string<wchar_t, std::char_traits<wchar_t>, std::allocator<wchar_t> >::_S_construct<wchar_t const*>(wchar_t const*, wchar_t const*, std::allocator<wchar_t> const&, std::forward_iterator_tag) [clone .isra.0]
001408c8 000000b8 t char* std::string::_S_construct<char const*>(char const*, char const*, std::allocator<char> const&, std::forward_iterator_tag) [clone .isra.0]
00140980 00000058 t std::basic_string<wchar_t, std::char_traits<wchar_t>, std::allocator<wchar_t> >::~basic_string() [clone .isra.0]
001409d8 00000058 t std::basic_string<char, std::char_traits<char>, std::allocator<char> >::~basic_string() [clone .isra.0]
00140a30 00000090 t std::__facet_shims::(anonymous namespace)::collate_shim<wchar_t>::do_transform(wchar_t const*, wchar_t const*) const
00140ac0 000000ac t std::__facet_shims::(anonymous namespace)::messages_shim<wchar_t>::do_get(int, int, int, std::basic_string<wchar_t, std::char_traits<wchar_t>, std::allocator<wchar_t> > const&) const
00140b70 00000118 t std::__facet_shims::(anonymous namespace)::money_put_shim<wchar_t>::do_put(std::ostreambuf_iterator<wchar_t, std::char_traits<wchar_t> >, bool, std::ios_base&, wchar_t, std::basic_string<wchar_t, std::char_traits<wchar_t>, std::allocator<wchar_t> > const&) const
00140c88 00000118 t std::__facet_shims::(anonymous namespace)::money_put_shim<char>::do_put(std::ostreambuf_iterator<char, std::char_traits<char> >, bool, std::ios_base&, char, std::string const&) const
00140da0 00000090 t std::__facet_shims::(anonymous namespace)::collate_shim<char>::do_transform(char const*, char const*) const
00140e30 000000ac t std::__facet_shims::(anonymous namespace)::messages_shim<char>::do_get(int, int, int, std::string const&) const
00140edc 00000058 t void std::__facet_shims::(anonymous namespace)::__destroy_string<wchar_t>(void*)
00140f34 00000058 t void std::__facet_shims::(anonymous namespace)::__destroy_string<char>(void*)
00140f8c 0000005c t std::__facet_shims::(anonymous namespace)::messages_shim<char>::~messages_shim()
00140f8c 0000005c t std::__facet_shims::(anonymous namespace)::messages_shim<char>::~messages_shim()
00140fe8 0000005c t std::__facet_shims::(anonymous namespace)::messages_shim<wchar_t>::~messages_shim()
00140fe8 0000005c t std::__facet_shims::(anonymous namespace)::messages_shim<wchar_t>::~messages_shim()
00141044 00000068 t std::__facet_shims::(anonymous namespace)::money_get_shim<char>::~money_get_shim()
00141044 00000068 t std::__facet_shims::(anonymous namespace)::money_get_shim<char>::~money_get_shim()
001410ac 00000068 t std::__facet_shims::(anonymous namespace)::money_put_shim<char>::~money_put_shim()
001410ac 00000068 t std::__facet_shims::(anonymous namespace)::money_put_shim<char>::~money_put_shim()
00141114 00000068 t std::__facet_shims::(anonymous namespace)::money_get_shim<wchar_t>::~money_get_shim()
00141114 00000068 t std::__facet_shims::(anonymous namespace)::money_get_shim<wchar_t>::~money_get_shim()
0014117c 00000068 t std::__facet_shims::(anonymous namespace)::money_put_shim<wchar_t>::~money_put_shim()
0014117c 00000068 t std::__facet_shims::(anonymous namespace)::money_put_shim<wchar_t>::~money_put_shim()
001411e4 00000068 t std::__facet_shims::(anonymous namespace)::time_get_shim<char>::~time_get_shim()
001411e4 00000068 t std::__facet_shims::(anonymous namespace)::time_get_shim<char>::~time_get_shim()
0014124c 00000068 t std::__facet_shims::(anonymous namespace)::time_get_shim<wchar_t>::~time_get_shim()
0014124c 00000068 t std::__facet_shims::(anonymous namespace)::time_get_shim<wchar_t>::~time_get_shim()
001412b4 00000064 t std::__facet_shims::(anonymous namespace)::messages_shim<char>::~messages_shim()
00141318 00000064 t std::__facet_shims::(anonymous namespace)::messages_shim<wchar_t>::~messages_shim()
0014137c 00000068 t std::__facet_shims::(anonymous namespace)::numpunct_shim<char>::~numpunct_shim()
0014137c 00000068 t std::__facet_shims::(anonymous namespace)::numpunct_shim<char>::~numpunct_shim()
001413e4 00000068 t std::__facet_shims::(anonymous namespace)::numpunct_shim<wchar_t>::~numpunct_shim()
001413e4 00000068 t std::__facet_shims::(anonymous namespace)::numpunct_shim<wchar_t>::~numpunct_shim()
0014144c 00000070 t std::__facet_shims::(anonymous namespace)::money_get_shim<char>::~money_get_shim()
001414bc 00000070 t std::__facet_shims::(anonymous namespace)::money_put_shim<char>::~money_put_shim()
0014152c 00000070 t std::__facet_shims::(anonymous namespace)::money_get_shim<wchar_t>::~money_get_shim()
0014159c 00000070 t std::__facet_shims::(anonymous namespace)::money_put_shim<wchar_t>::~money_put_shim()
0014160c 00000070 t std::__facet_shims::(anonymous namespace)::time_get_shim<char>::~time_get_shim()
0014167c 00000070 t std::__facet_shims::(anonymous namespace)::time_get_shim<wchar_t>::~time_get_shim()
001416ec 00000070 t std::__facet_shims::(anonymous namespace)::collate_shim<char>::~collate_shim()
001416ec 00000070 t std::__facet_shims::(anonymous namespace)::collate_shim<char>::~collate_shim()
0014175c 00000070 t std::__facet_shims::(anonymous namespace)::collate_shim<wchar_t>::~collate_shim()
0014175c 00000070 t std::__facet_shims::(anonymous namespace)::collate_shim<wchar_t>::~collate_shim()
001417cc 00000070 t std::__facet_shims::(anonymous namespace)::numpunct_shim<char>::~numpunct_shim()
0014183c 00000070 t std::__facet_shims::(anonymous namespace)::numpunct_shim<wchar_t>::~numpunct_shim()
001418ac 00000078 t std::__facet_shims::(anonymous namespace)::collate_shim<char>::~collate_shim()
00141924 00000078 t std::__facet_shims::(anonymous namespace)::collate_shim<wchar_t>::~collate_shim()
0014199c 00000074 t std::__facet_shims::(anonymous namespace)::moneypunct_shim<char, true>::~moneypunct_shim()
0014199c 00000074 t std::__facet_shims::(anonymous namespace)::moneypunct_shim<char, true>::~moneypunct_shim()
00141a10 00000074 t std::__facet_shims::(anonymous namespace)::moneypunct_shim<char, false>::~moneypunct_shim()
00141a10 00000074 t std::__facet_shims::(anonymous namespace)::moneypunct_shim<char, false>::~moneypunct_shim()
00141a84 00000074 t std::__facet_shims::(anonymous namespace)::moneypunct_shim<wchar_t, true>::~moneypunct_shim()
00141a84 00000074 t std::__facet_shims::(anonymous namespace)::moneypunct_shim<wchar_t, true>::~moneypunct_shim()
00141af8 00000074 t std::__facet_shims::(anonymous namespace)::moneypunct_shim<wchar_t, false>::~moneypunct_shim()
00141af8 00000074 t std::__facet_shims::(anonymous namespace)::moneypunct_shim<wchar_t, false>::~moneypunct_shim()
00141b6c 0000007c t std::__facet_shims::(anonymous namespace)::moneypunct_shim<char, true>::~moneypunct_shim()
00141be8 0000007c t std::__facet_shims::(anonymous namespace)::moneypunct_shim<char, false>::~moneypunct_shim()
00141c64 0000007c t std::__facet_shims::(anonymous namespace)::moneypunct_shim<wchar_t, true>::~moneypunct_shim()
00141ce0 0000007c t std::__facet_shims::(anonymous namespace)::moneypunct_shim<wchar_t, false>::~moneypunct_shim()
00141d5c 00000148 t std::__facet_shims::(anonymous namespace)::money_get_shim<wchar_t>::do_get(std::istreambuf_iterator<wchar_t, std::char_traits<wchar_t> >, std::istreambuf_iterator<wchar_t, std::char_traits<wchar_t> >, bool, std::ios_base&, std::_Ios_Iostate&, std::basic_string<wchar_t, std::char_traits<wchar_t>, std::allocator<wchar_t> >&) const
00141ea4 00000148 t std::__facet_shims::(anonymous namespace)::money_get_shim<char>::do_get(std::istreambuf_iterator<char, std::char_traits<char> >, std::istreambuf_iterator<char, std::char_traits<char> >, bool, std::ios_base&, std::_Ios_Iostate&, std::string&) const
00141fec 00000034 W std::locale::facet::_M_remove_reference() const
00142020 0000022c W void std::__facet_shims::__numpunct_fill_cache<char>(std::integral_constant<bool, false>, std::locale::facet const*, std::__numpunct_cache<char>*)
0014224c 00000258 W void std::__facet_shims::__numpunct_fill_cache<wchar_t>(std::integral_constant<bool, false>, std::locale::facet const*, std::__numpunct_cache<wchar_t>*)
001424a4 00000060 W int std::__facet_shims::__collate_compare<char>(std::integral_constant<bool, false>, std::locale::facet const*, char const*, char const*, char const*, char const*)
00142504 00000060 W int std::__facet_shims::__collate_compare<wchar_t>(std::integral_constant<bool, false>, std::locale::facet const*, wchar_t const*, wchar_t const*, wchar_t const*, wchar_t const*)
00142564 00000194 W void std::__facet_shims::__collate_transform<char>(std::integral_constant<bool, false>, std::locale::facet const*, std::__facet_shims::__any_string&, char const*, char const*)
001426f8 00000194 W void std::__facet_shims::__collate_transform<wchar_t>(std::integral_constant<bool, false>, std::locale::facet const*, std::__facet_shims::__any_string&, wchar_t const*, wchar_t const*)
001427c8 N 
001427c8 N 
001427c8 N 
001427c8 N 
001427c8 N 
001427c8 N 
001427c8 N 
001427c8 N 
001427c8 N 
001427c8 N 
001427c8 N 
001427c8 N 
001427c8 N 
001427c8 N 
001427c8 N 
001427c8 N 
001427c8 N 
001427c8 N 
001427c8 N 
001427c8 N 
001427c8 N 
001427c8 N 
001427c8 N 
001427c8 N 
001427c8 N 
001427c8 N 
001427c8 N 
001427c8 N 
001427c8 N 
001427c8 N 
001427c8 N 
001427c8 N 
001427c8 W Korean2000XOR1FMemoryRule.cpp.831e46b1
0014288c 00000314 W void std::__facet_shims::__moneypunct_fill_cache<char, true>(std::integral_constant<bool, false>, std::locale::facet const*, std::__moneypunct_cache<char, true>*)
00142ba0 00000314 W void std::__facet_shims::__moneypunct_fill_cache<char, false>(std::integral_constant<bool, false>, std::locale::facet const*, std::__moneypunct_cache<char, false>*)
00142eb4 00000350 W void std::__facet_shims::__moneypunct_fill_cache<wchar_t, true>(std::integral_constant<bool, false>, std::locale::facet const*, std::__moneypunct_cache<wchar_t, true>*)
00143204 00000350 W void std::__facet_shims::__moneypunct_fill_cache<wchar_t, false>(std::integral_constant<bool, false>, std::locale::facet const*, std::__moneypunct_cache<wchar_t, false>*)
00143554 000000d0 W int std::__facet_shims::__messages_open<char>(std::integral_constant<bool, false>, std::locale::facet const*, char const*, unsigned int, std::locale const&)
00143624 000000d0 W int std::__facet_shims::__messages_open<wchar_t>(std::integral_constant<bool, false>, std::locale::facet const*, char const*, unsigned int, std::locale const&)
001436f4 00000230 W void std::__facet_shims::__messages_get<char>(std::integral_constant<bool, false>, std::locale::facet const*, std::__facet_shims::__any_string&, int, int, int, char const*, unsigned int)
00143924 00000230 W void std::__facet_shims::__messages_get<wchar_t>(std::integral_constant<bool, false>, std::locale::facet const*, std::__facet_shims::__any_string&, int, int, int, wchar_t const*, unsigned int)
00143b54 00000044 W void std::__facet_shims::__messages_close<char>(std::integral_constant<bool, false>, std::locale::facet const*, int)
00143b98 00000044 W void std::__facet_shims::__messages_close<wchar_t>(std::integral_constant<bool, false>, std::locale::facet const*, int)
00143bdc 0000002c W std::time_base::dateorder std::__facet_shims::__time_get_dateorder<char>(std::integral_constant<bool, false>, std::locale::facet const*)
00143c08 0000002c W std::time_base::dateorder std::__facet_shims::__time_get_dateorder<wchar_t>(std::integral_constant<bool, false>, std::locale::facet const*)
00143c34 0000023c W std::istreambuf_iterator<char, std::char_traits<char> > std::__facet_shims::__time_get<char>(std::integral_constant<bool, false>, std::locale::facet const*, std::istreambuf_iterator<char, std::char_traits<char> >, std::istreambuf_iterator<char, std::char_traits<char> >, std::ios_base&, std::_Ios_Iostate&, tm*, char)
00143e70 0000023c W std::istreambuf_iterator<wchar_t, std::char_traits<wchar_t> > std::__facet_shims::__time_get<wchar_t>(std::integral_constant<bool, false>, std::locale::facet const*, std::istreambuf_iterator<wchar_t, std::char_traits<wchar_t> >, std::istreambuf_iterator<wchar_t, std::char_traits<wchar_t> >, std::ios_base&, std::_Ios_Iostate&, tm*, char)
001440ac 000003c4 W std::istreambuf_iterator<char, std::char_traits<char> > std::__facet_shims::__money_get<char>(std::integral_constant<bool, false>, std::locale::facet const*, std::istreambuf_iterator<char, std::char_traits<char> >, std::istreambuf_iterator<char, std::char_traits<char> >, bool, std::ios_base&, std::_Ios_Iostate&, long double*, std::__facet_shims::__any_string*)
00144470 000003c4 W std::istreambuf_iterator<wchar_t, std::char_traits<wchar_t> > std::__facet_shims::__money_get<wchar_t>(std::integral_constant<bool, false>, std::locale::facet const*, std::istreambuf_iterator<wchar_t, std::char_traits<wchar_t> >, std::istreambuf_iterator<wchar_t, std::char_traits<wchar_t> >, bool, std::ios_base&, std::_Ios_Iostate&, long double*, std::__facet_shims::__any_string*)
00144838 00000264 W std::ostreambuf_iterator<char, std::char_traits<char> > std::__facet_shims::__money_put<char>(std::integral_constant<bool, false>, std::locale::facet const*, std::ostreambuf_iterator<char, std::char_traits<char> >, bool, std::ios_base&, char, long double, std::__facet_shims::__any_string const*)
00144aa0 00000274 W std::ostreambuf_iterator<wchar_t, std::char_traits<wchar_t> > std::__facet_shims::__money_put<wchar_t>(std::integral_constant<bool, false>, std::locale::facet const*, std::ostreambuf_iterator<wchar_t, std::char_traits<wchar_t> >, bool, std::ios_base&, wchar_t, long double, std::__facet_shims::__any_string const*)
00144d14 00000a0c T std::locale::facet::_M_cow_shim(std::locale::id const*) const
00145720 00000088 W std::string::copy(char*, unsigned int, unsigned int) const
001457a8 00000034 W std::string::swap(std::string&)
001457dc 0000005c W std::string::find_first_not_of(char, unsigned int) const
00145838 00000088 W std::string::_Rep::_S_create(unsigned int, unsigned int, std::allocator<char> const&)
001458c0 00000084 W std::string::_S_construct(unsigned int, char, std::allocator<char> const&)
00145944 00000004 W std::string::_Rep::_M_destroy(std::allocator<char> const&)
00145948 000001a8 W std::string::_M_mutate(unsigned int, unsigned int, unsigned int)
00145af0 00000048 W std::string::_M_leak_hard()
00145b38 0000001c W std::string::_M_leak()
00145b54 0000006c W std::string::_M_replace_aux(unsigned int, unsigned int, unsigned int, char)
00145bc0 0000005c W std::string::_M_replace_safe(unsigned int, unsigned int, char const*, unsigned int)
00145c1c 000000f4 W std::string::assign(char const*, unsigned int)
00145d10 00000090 W std::string::_Rep::_M_clone(std::allocator<char> const&, unsigned int)
00145da0 000000b4 W std::string::reserve(unsigned int)
00145e54 000000c8 W std::string::append(std::string const&)
00145f1c 0000012c W std::string::append(char const*, unsigned int)
00146048 000000d4 W std::string::append(unsigned int, char)
0014611c 00000048 W std::string::resize(unsigned int, char)
00146164 00000080 W std::string::push_back(char)
001461e4 00000088 W std::basic_string<wchar_t, std::char_traits<wchar_t>, std::allocator<wchar_t> >::copy(wchar_t*, unsigned int, unsigned int) const
0014626c 00000034 W std::basic_string<wchar_t, std::char_traits<wchar_t>, std::allocator<wchar_t> >::swap(std::basic_string<wchar_t, std::char_traits<wchar_t>, std::allocator<wchar_t> >&)
001462a0 000000a0 W std::basic_string<wchar_t, std::char_traits<wchar_t>, std::allocator<wchar_t> >::_Rep::_S_create(unsigned int, unsigned int, std::allocator<wchar_t> const&)
00146340 00000090 W std::basic_string<wchar_t, std::char_traits<wchar_t>, std::allocator<wchar_t> >::_S_construct(unsigned int, wchar_t, std::allocator<wchar_t> const&)
001463d0 00000004 W std::basic_string<wchar_t, std::char_traits<wchar_t>, std::allocator<wchar_t> >::_Rep::_M_destroy(std::allocator<wchar_t> const&)
001463d4 000001b8 W std::basic_string<wchar_t, std::char_traits<wchar_t>, std::allocator<wchar_t> >::_M_mutate(unsigned int, unsigned int, unsigned int)
0014658c 00000048 W std::basic_string<wchar_t, std::char_traits<wchar_t>, std::allocator<wchar_t> >::_M_leak_hard()
001465d4 00000074 W std::basic_string<wchar_t, std::char_traits<wchar_t>, std::allocator<wchar_t> >::_M_replace_aux(unsigned int, unsigned int, unsigned int, wchar_t)
00146648 0000005c W std::basic_string<wchar_t, std::char_traits<wchar_t>, std::allocator<wchar_t> >::_M_replace_safe(unsigned int, unsigned int, wchar_t const*, unsigned int)
001466a4 000000f4 W std::basic_string<wchar_t, std::char_traits<wchar_t>, std::allocator<wchar_t> >::assign(wchar_t const*, unsigned int)
00146798 00000090 W std::basic_string<wchar_t, std::char_traits<wchar_t>, std::allocator<wchar_t> >::_Rep::_M_clone(std::allocator<wchar_t> const&, unsigned int)
00146828 000000b4 W std::basic_string<wchar_t, std::char_traits<wchar_t>, std::allocator<wchar_t> >::reserve(unsigned int)
001468dc 000000c8 W std::basic_string<wchar_t, std::char_traits<wchar_t>, std::allocator<wchar_t> >::append(std::basic_string<wchar_t, std::char_traits<wchar_t>, std::allocator<wchar_t> > const&)
001469a4 0000011c W std::basic_string<wchar_t, std::char_traits<wchar_t>, std::allocator<wchar_t> >::append(wchar_t const*, unsigned int)
00146ac0 000000d4 W std::basic_string<wchar_t, std::char_traits<wchar_t>, std::allocator<wchar_t> >::append(unsigned int, wchar_t)
00146b94 00000048 W std::basic_string<wchar_t, std::char_traits<wchar_t>, std::allocator<wchar_t> >::resize(unsigned int, wchar_t)
00146bdc 00000074 W std::basic_string<wchar_t, std::char_traits<wchar_t>, std::allocator<wchar_t> >::push_back(wchar_t)
00146c50 00000034 t std::__facet_shims::(anonymous namespace)::collate_shim<char>::do_compare(char const*, char const*, char const*, char const*) const
00146c84 00000060 t std::__facet_shims::(anonymous namespace)::time_get_shim<char>::do_get_year(std::istreambuf_iterator<char, std::char_traits<char> >, std::istreambuf_iterator<char, std::char_traits<char> >, std::ios_base&, std::_Ios_Iostate&, tm*) const
00146ce4 00000060 t std::__facet_shims::(anonymous namespace)::time_get_shim<char>::do_get_monthname(std::istreambuf_iterator<char, std::char_traits<char> >, std::istreambuf_iterator<char, std::char_traits<char> >, std::ios_base&, std::_Ios_Iostate&, tm*) const
00146d44 00000060 t std::__facet_shims::(anonymous namespace)::time_get_shim<char>::do_get_weekday(std::istreambuf_iterator<char, std::char_traits<char> >, std::istreambuf_iterator<char, std::char_traits<char> >, std::ios_base&, std::_Ios_Iostate&, tm*) const
00146da4 00000060 t std::__facet_shims::(anonymous namespace)::time_get_shim<char>::do_get_date(std::istreambuf_iterator<char, std::char_traits<char> >, std::istreambuf_iterator<char, std::char_traits<char> >, std::ios_base&, std::_Ios_Iostate&, tm*) const
00146e04 00000060 t std::__facet_shims::(anonymous namespace)::time_get_shim<char>::do_get_time(std::istreambuf_iterator<char, std::char_traits<char> >, std::istreambuf_iterator<char, std::char_traits<char> >, std::ios_base&, std::_Ios_Iostate&, tm*) const
00146e64 0000000c t std::__facet_shims::(anonymous namespace)::time_get_shim<char>::do_date_order() const
00146e70 00000098 t std::__facet_shims::(anonymous namespace)::money_get_shim<char>::do_get(std::istreambuf_iterator<char, std::char_traits<char> >, std::istreambuf_iterator<char, std::char_traits<char> >, bool, std::ios_base&, std::_Ios_Iostate&, long double&) const
00146f08 00000054 t std::__facet_shims::(anonymous namespace)::money_put_shim<char>::do_put(std::ostreambuf_iterator<char, std::char_traits<char> >, bool, std::ios_base&, char, long double) const
00146f5c 00000010 t std::__facet_shims::(anonymous namespace)::messages_shim<char>::do_close(int) const
00146f6c 0000002c t std::__facet_shims::(anonymous namespace)::messages_shim<char>::do_open(std::__cxx11::basic_string<char, std::char_traits<char>, std::allocator<char> > const&, std::locale const&) const
00146f98 00000034 t std::__facet_shims::(anonymous namespace)::collate_shim<wchar_t>::do_compare(wchar_t const*, wchar_t const*, wchar_t const*, wchar_t const*) const
00146fcc 00000060 t std::__facet_shims::(anonymous namespace)::time_get_shim<wchar_t>::do_get_year(std::istreambuf_iterator<wchar_t, std::char_traits<wchar_t> >, std::istreambuf_iterator<wchar_t, std::char_traits<wchar_t> >, std::ios_base&, std::_Ios_Iostate&, tm*) const
0014702c 00000060 t std::__facet_shims::(anonymous namespace)::time_get_shim<wchar_t>::do_get_monthname(std::istreambuf_iterator<wchar_t, std::char_traits<wchar_t> >, std::istreambuf_iterator<wchar_t, std::char_traits<wchar_t> >, std::ios_base&, std::_Ios_Iostate&, tm*) const
0014708c 00000060 t std::__facet_shims::(anonymous namespace)::time_get_shim<wchar_t>::do_get_weekday(std::istreambuf_iterator<wchar_t, std::char_traits<wchar_t> >, std::istreambuf_iterator<wchar_t, std::char_traits<wchar_t> >, std::ios_base&, std::_Ios_Iostate&, tm*) const
001470ec 00000060 t std::__facet_shims::(anonymous namespace)::time_get_shim<wchar_t>::do_get_date(std::istreambuf_iterator<wchar_t, std::char_traits<wchar_t> >, std::istreambuf_iterator<wchar_t, std::char_traits<wchar_t> >, std::ios_base&, std::_Ios_Iostate&, tm*) const
0014714c 00000060 t std::__facet_shims::(anonymous namespace)::time_get_shim<wchar_t>::do_get_time(std::istreambuf_iterator<wchar_t, std::char_traits<wchar_t> >, std::istreambuf_iterator<wchar_t, std::char_traits<wchar_t> >, std::ios_base&, std::_Ios_Iostate&, tm*) const
001471ac 0000000c t std::__facet_shims::(anonymous namespace)::time_get_shim<wchar_t>::do_date_order() const
001471b8 00000098 t std::__facet_shims::(anonymous namespace)::money_get_shim<wchar_t>::do_get(std::istreambuf_iterator<wchar_t, std::char_traits<wchar_t> >, std::istreambuf_iterator<wchar_t, std::char_traits<wchar_t> >, bool, std::ios_base&, std::_Ios_Iostate&, long double&) const
00147250 00000054 t std::__facet_shims::(anonymous namespace)::money_put_shim<wchar_t>::do_put(std::ostreambuf_iterator<wchar_t, std::char_traits<wchar_t> >, bool, std::ios_base&, wchar_t, long double) const
001472a4 00000010 t std::__facet_shims::(anonymous namespace)::messages_shim<wchar_t>::do_close(int) const
001472b4 0000002c t std::__facet_shims::(anonymous namespace)::messages_shim<wchar_t>::do_open(std::__cxx11::basic_string<char, std::char_traits<char>, std::allocator<char> > const&, std::locale const&) const
001472e0 00000094 t void std::__cxx11::basic_string<char, std::char_traits<char>, std::allocator<char> >::_M_construct<char const*>(char const*, char const*, std::forward_iterator_tag) [clone .isra.0]
00147374 00000098 t void std::__cxx11::basic_string<wchar_t, std::char_traits<wchar_t>, std::allocator<wchar_t> >::_M_construct<wchar_t const*>(wchar_t const*, wchar_t const*, std::forward_iterator_tag) [clone .isra.0]
0014740c 000000bc t std::__facet_shims::(anonymous namespace)::collate_shim<wchar_t>::do_transform(wchar_t const*, wchar_t const*) const
001474c8 000000d4 t std::__facet_shims::(anonymous namespace)::messages_shim<wchar_t>::do_get(int, int, int, std::__cxx11::basic_string<wchar_t, std::char_traits<wchar_t>, std::allocator<wchar_t> > const&) const
001475a0 000000bc t std::__facet_shims::(anonymous namespace)::money_put_shim<char>::do_put(std::ostreambuf_iterator<char, std::char_traits<char> >, bool, std::ios_base&, char, std::__cxx11::basic_string<char, std::char_traits<char>, std::allocator<char> > const&) const
00147660 000000bc t std::__facet_shims::(anonymous namespace)::money_put_shim<wchar_t>::do_put(std::ostreambuf_iterator<wchar_t, std::char_traits<wchar_t> >, bool, std::ios_base&, wchar_t, std::__cxx11::basic_string<wchar_t, std::char_traits<wchar_t>, std::allocator<wchar_t> > const&) const
0014771c 000000bc t std::__facet_shims::(anonymous namespace)::collate_shim<char>::do_transform(char const*, char const*) const
001477d8 000000d4 t std::__facet_shims::(anonymous namespace)::messages_shim<char>::do_get(int, int, int, std::__cxx11::basic_string<char, std::char_traits<char>, std::allocator<char> > const&) const
001478ac 00000014 t void std::__facet_shims::(anonymous namespace)::__destroy_string<wchar_t>(void*)
001478c0 00000014 t void std::__facet_shims::(anonymous namespace)::__destroy_string<char>(void*)
001478d4 0000005c t std::__facet_shims::(anonymous namespace)::messages_shim<char>::~messages_shim()
001478d4 0000005c t std::__facet_shims::(anonymous namespace)::messages_shim<char>::~messages_shim()
00147930 0000005c t std::__facet_shims::(anonymous namespace)::messages_shim<wchar_t>::~messages_shim()
00147930 0000005c t std::__facet_shims::(anonymous namespace)::messages_shim<wchar_t>::~messages_shim()
0014798c 00000068 t std::__facet_shims::(anonymous namespace)::money_get_shim<char>::~money_get_shim()
0014798c 00000068 t std::__facet_shims::(anonymous namespace)::money_get_shim<char>::~money_get_shim()
001479f4 00000068 t std::__facet_shims::(anonymous namespace)::money_put_shim<char>::~money_put_shim()
001479f4 00000068 t std::__facet_shims::(anonymous namespace)::money_put_shim<char>::~money_put_shim()
00147a5c 00000068 t std::__facet_shims::(anonymous namespace)::money_get_shim<wchar_t>::~money_get_shim()
00147a5c 00000068 t std::__facet_shims::(anonymous namespace)::money_get_shim<wchar_t>::~money_get_shim()
00147ac4 00000068 t std::__facet_shims::(anonymous namespace)::money_put_shim<wchar_t>::~money_put_shim()
00147ac4 00000068 t std::__facet_shims::(anonymous namespace)::money_put_shim<wchar_t>::~money_put_shim()
00147b2c 00000068 t std::__facet_shims::(anonymous namespace)::time_get_shim<char>::~time_get_shim()
00147b2c 00000068 t std::__facet_shims::(anonymous namespace)::time_get_shim<char>::~time_get_shim()
00147b94 00000068 t std::__facet_shims::(anonymous namespace)::time_get_shim<wchar_t>::~time_get_shim()
00147b94 00000068 t std::__facet_shims::(anonymous namespace)::time_get_shim<wchar_t>::~time_get_shim()
00147bfc 00000064 t std::__facet_shims::(anonymous namespace)::messages_shim<char>::~messages_shim()
00147c60 00000064 t std::__facet_shims::(anonymous namespace)::messages_shim<wchar_t>::~messages_shim()
00147cc4 00000068 t std::__facet_shims::(anonymous namespace)::numpunct_shim<char>::~numpunct_shim()
00147cc4 00000068 t std::__facet_shims::(anonymous namespace)::numpunct_shim<char>::~numpunct_shim()
00147d2c 00000068 t std::__facet_shims::(anonymous namespace)::numpunct_shim<wchar_t>::~numpunct_shim()
00147d2c 00000068 t std::__facet_shims::(anonymous namespace)::numpunct_shim<wchar_t>::~numpunct_shim()
00147d94 00000070 t std::__facet_shims::(anonymous namespace)::money_get_shim<char>::~money_get_shim()
00147e04 00000070 t std::__facet_shims::(anonymous namespace)::money_put_shim<char>::~money_put_shim()
00147e74 00000070 t std::__facet_shims::(anonymous namespace)::money_get_shim<wchar_t>::~money_get_shim()
00147ee4 00000070 t std::__facet_shims::(anonymous namespace)::money_put_shim<wchar_t>::~money_put_shim()
00147f54 00000070 t std::__facet_shims::(anonymous namespace)::time_get_shim<char>::~time_get_shim()
00147fc4 00000070 t std::__facet_shims::(anonymous namespace)::time_get_shim<wchar_t>::~time_get_shim()
00148034 00000070 t std::__facet_shims::(anonymous namespace)::collate_shim<char>::~collate_shim()
00148034 00000070 t std::__facet_shims::(anonymous namespace)::collate_shim<char>::~collate_shim()
001480a4 00000070 t std::__facet_shims::(anonymous namespace)::collate_shim<wchar_t>::~collate_shim()
001480a4 00000070 t std::__facet_shims::(anonymous namespace)::collate_shim<wchar_t>::~collate_shim()
00148114 00000070 t std::__facet_shims::(anonymous namespace)::numpunct_shim<char>::~numpunct_shim()
00148184 00000070 t std::__facet_shims::(anonymous namespace)::numpunct_shim<wchar_t>::~numpunct_shim()
001481f4 00000078 t std::__facet_shims::(anonymous namespace)::collate_shim<char>::~collate_shim()
0014826c 00000078 t std::__facet_shims::(anonymous namespace)::collate_shim<wchar_t>::~collate_shim()
001482e4 00000074 t std::__facet_shims::(anonymous namespace)::moneypunct_shim<char, true>::~moneypunct_shim()
001482e4 00000074 t std::__facet_shims::(anonymous namespace)::moneypunct_shim<char, true>::~moneypunct_shim()
00148358 00000074 t std::__facet_shims::(anonymous namespace)::moneypunct_shim<char, false>::~moneypunct_shim()
00148358 00000074 t std::__facet_shims::(anonymous namespace)::moneypunct_shim<char, false>::~moneypunct_shim()
001483cc 00000074 t std::__facet_shims::(anonymous namespace)::moneypunct_shim<wchar_t, true>::~moneypunct_shim()
001483cc 00000074 t std::__facet_shims::(anonymous namespace)::moneypunct_shim<wchar_t, true>::~moneypunct_shim()
00148440 00000074 t std::__facet_shims::(anonymous namespace)::moneypunct_shim<wchar_t, false>::~moneypunct_shim()
00148440 00000074 t std::__facet_shims::(anonymous namespace)::moneypunct_shim<wchar_t, false>::~moneypunct_shim()
001484b4 0000007c t std::__facet_shims::(anonymous namespace)::moneypunct_shim<char, true>::~moneypunct_shim()
00148530 0000007c t std::__facet_shims::(anonymous namespace)::moneypunct_shim<char, false>::~moneypunct_shim()
001485ac 0000007c t std::__facet_shims::(anonymous namespace)::moneypunct_shim<wchar_t, true>::~moneypunct_shim()
00148628 0000007c t std::__facet_shims::(anonymous namespace)::moneypunct_shim<wchar_t, false>::~moneypunct_shim()
001486a4 000001e0 t std::__facet_shims::(anonymous namespace)::money_get_shim<wchar_t>::do_get(std::istreambuf_iterator<wchar_t, std::char_traits<wchar_t> >, std::istreambuf_iterator<wchar_t, std::char_traits<wchar_t> >, bool, std::ios_base&, std::_Ios_Iostate&, std::__cxx11::basic_string<wchar_t, std::char_traits<wchar_t>, std::allocator<wchar_t> >&) const
00148884 00000264 t std::__facet_shims::(anonymous namespace)::money_get_shim<char>::do_get(std::istreambuf_iterator<char, std::char_traits<char> >, std::istreambuf_iterator<char, std::char_traits<char> >, bool, std::ios_base&, std::_Ios_Iostate&, std::__cxx11::basic_string<char, std::char_traits<char>, std::allocator<char> >&) const
00148ae8 00000180 W void std::__facet_shims::__numpunct_fill_cache<char>(std::integral_constant<bool, true>, std::locale::facet const*, std::__numpunct_cache<char>*)
00148c68 000001a8 W void std::__facet_shims::__numpunct_fill_cache<wchar_t>(std::integral_constant<bool, true>, std::locale::facet const*, std::__numpunct_cache<wchar_t>*)
00148e10 00000060 W int std::__facet_shims::__collate_compare<char>(std::integral_constant<bool, true>, std::locale::facet const*, char const*, char const*, char const*, char const*)
00148e70 00000060 W int std::__facet_shims::__collate_compare<wchar_t>(std::integral_constant<bool, true>, std::locale::facet const*, wchar_t const*, wchar_t const*, wchar_t const*, wchar_t const*)
00148ed0 00000144 W void std::__facet_shims::__collate_transform<char>(std::integral_constant<bool, true>, std::locale::facet const*, std::__facet_shims::__any_string&, char const*, char const*)
00149014 00000144 W void std::__facet_shims::__collate_transform<wchar_t>(std::integral_constant<bool, true>, std::locale::facet const*, std::__facet_shims::__any_string&, wchar_t const*, wchar_t const*)
00149158 00000230 W void std::__facet_shims::__moneypunct_fill_cache<char, true>(std::integral_constant<bool, true>, std::locale::facet const*, std::__moneypunct_cache<char, true>*)
00149388 00000230 W void std::__facet_shims::__moneypunct_fill_cache<char, false>(std::integral_constant<bool, true>, std::locale::facet const*, std::__moneypunct_cache<char, false>*)
001495b8 00000268 W void std::__facet_shims::__moneypunct_fill_cache<wchar_t, true>(std::integral_constant<bool, true>, std::locale::facet const*, std::__moneypunct_cache<wchar_t, true>*)
00149820 00000268 W void std::__facet_shims::__moneypunct_fill_cache<wchar_t, false>(std::integral_constant<bool, true>, std::locale::facet const*, std::__moneypunct_cache<wchar_t, false>*)
00149a88 000000bc W int std::__facet_shims::__messages_open<char>(std::integral_constant<bool, true>, std::locale::facet const*, char const*, unsigned int, std::locale const&)
00149b44 000000bc W int std::__facet_shims::__messages_open<wchar_t>(std::integral_constant<bool, true>, std::locale::facet const*, char const*, unsigned int, std::locale const&)
00149c00 000001d0 W void std::__facet_shims::__messages_get<char>(std::integral_constant<bool, true>, std::locale::facet const*, std::__facet_shims::__any_string&, int, int, int, char const*, unsigned int)
00149dd0 000001d0 W void std::__facet_shims::__messages_get<wchar_t>(std::integral_constant<bool, true>, std::locale::facet const*, std::__facet_shims::__any_string&, int, int, int, wchar_t const*, unsigned int)
00149fa0 00000044 W void std::__facet_shims::__messages_close<char>(std::integral_constant<bool, true>, std::locale::facet const*, int)
00149fe4 00000044 W void std::__facet_shims::__messages_close<wchar_t>(std::integral_constant<bool, true>, std::locale::facet const*, int)
0014a028 0000002c W std::time_base::dateorder std::__facet_shims::__time_get_dateorder<char>(std::integral_constant<bool, true>, std::locale::facet const*)
0014a054 0000002c W std::time_base::dateorder std::__facet_shims::__time_get_dateorder<wchar_t>(std::integral_constant<bool, true>, std::locale::facet const*)
0014a080 0000023c W std::istreambuf_iterator<char, std::char_traits<char> > std::__facet_shims::__time_get<char>(std::integral_constant<bool, true>, std::locale::facet const*, std::istreambuf_iterator<char, std::char_traits<char> >, std::istreambuf_iterator<char, std::char_traits<char> >, std::ios_base&, std::_Ios_Iostate&, tm*, char)
0014a2bc 0000023c W std::istreambuf_iterator<wchar_t, std::char_traits<wchar_t> > std::__facet_shims::__time_get<wchar_t>(std::integral_constant<bool, true>, std::locale::facet const*, std::istreambuf_iterator<wchar_t, std::char_traits<wchar_t> >, std::istreambuf_iterator<wchar_t, std::char_traits<wchar_t> >, std::ios_base&, std::_Ios_Iostate&, tm*, char)
0014a4f8 00000210 W std::istreambuf_iterator<char, std::char_traits<char> > std::__facet_shims::__money_get<char>(std::integral_constant<bool, true>, std::locale::facet const*, std::istreambuf_iterator<char, std::char_traits<char> >, std::istreambuf_iterator<char, std::char_traits<char> >, bool, std::ios_base&, std::_Ios_Iostate&, long double*, std::__facet_shims::__any_string*)
0014a708 0000020c W std::istreambuf_iterator<wchar_t, std::char_traits<wchar_t> > std::__facet_shims::__money_get<wchar_t>(std::integral_constant<bool, true>, std::locale::facet const*, std::istreambuf_iterator<wchar_t, std::char_traits<wchar_t> >, std::istreambuf_iterator<wchar_t, std::char_traits<wchar_t> >, bool, std::ios_base&, std::_Ios_Iostate&, long double*, std::__facet_shims::__any_string*)
0014a918 0000026c W std::ostreambuf_iterator<char, std::char_traits<char> > std::__facet_shims::__money_put<char>(std::integral_constant<bool, true>, std::locale::facet const*, std::ostreambuf_iterator<char, std::char_traits<char> >, bool, std::ios_base&, char, long double, std::__facet_shims::__any_string const*)
0014ab88 00000214 W std::ostreambuf_iterator<wchar_t, std::char_traits<wchar_t> > std::__facet_shims::__money_put<wchar_t>(std::integral_constant<bool, true>, std::locale::facet const*, std::ostreambuf_iterator<wchar_t, std::char_traits<wchar_t> >, bool, std::ios_base&, wchar_t, long double, std::__facet_shims::__any_string const*)
0014ad9c 00000a0c T std::locale::facet::_M_sso_shim(std::locale::id const*) const
0014b7a8 0000000c W std::__cxx11::moneypunct<wchar_t, false>::do_decimal_point() const
0014b7b4 0000000c W std::__cxx11::moneypunct<wchar_t, false>::do_thousands_sep() const
0014b7c0 0000000c W std::__cxx11::moneypunct<wchar_t, false>::do_frac_digits() const
0014b7cc 00000014 W std::__cxx11::moneypunct<wchar_t, false>::do_pos_format() const
0014b7e0 00000014 W std::__cxx11::moneypunct<wchar_t, false>::do_neg_format() const
0014b7f4 0000000c W std::__cxx11::moneypunct<wchar_t, true>::do_decimal_point() const
0014b800 0000000c W std::__cxx11::moneypunct<wchar_t, true>::do_thousands_sep() const
0014b80c 0000000c W std::__cxx11::moneypunct<wchar_t, true>::do_frac_digits() const
0014b818 00000014 W std::__cxx11::moneypunct<wchar_t, true>::do_pos_format() const
0014b82c 00000014 W std::__cxx11::moneypunct<wchar_t, true>::do_neg_format() const
0014b840 0000000c W std::__cxx11::numpunct<wchar_t>::do_decimal_point() const
0014b84c 0000000c W std::__cxx11::numpunct<wchar_t>::do_thousands_sep() const
0014b858 00000008 W std::__cxx11::time_get<wchar_t, std::istreambuf_iterator<wchar_t, std::char_traits<wchar_t> > >::do_date_order() const
0014b860 00000008 W std::__cxx11::messages<wchar_t>::do_open(std::__cxx11::basic_string<char, std::char_traits<char>, std::allocator<char> > const&, std::locale const&) const
0014b868 00000004 W std::__cxx11::messages<wchar_t>::do_close(int) const
0014b86c 00000020 W std::__cxx11::collate<wchar_t>::do_hash(wchar_t const*, wchar_t const*) const
0014b88c 00000020 W std::__cxx11::money_get<wchar_t, std::istreambuf_iterator<wchar_t, std::char_traits<wchar_t> > >::~money_get()
0014b88c 00000020 W std::__cxx11::money_get<wchar_t, std::istreambuf_iterator<wchar_t, std::char_traits<wchar_t> > >::~money_get()
0014b8ac 00000028 W std::__cxx11::money_get<wchar_t, std::istreambuf_iterator<wchar_t, std::char_traits<wchar_t> > >::~money_get()
0014b8d4 00000020 W std::__cxx11::money_put<wchar_t, std::ostreambuf_iterator<wchar_t, std::char_traits<wchar_t> > >::~money_put()
0014b8d4 00000020 W std::__cxx11::money_put<wchar_t, std::ostreambuf_iterator<wchar_t, std::char_traits<wchar_t> > >::~money_put()
0014b8f4 00000028 W std::__cxx11::money_put<wchar_t, std::ostreambuf_iterator<wchar_t, std::char_traits<wchar_t> > >::~money_put()
0014b91c 00000020 W std::__cxx11::time_get<wchar_t, std::istreambuf_iterator<wchar_t, std::char_traits<wchar_t> > >::~time_get()
0014b91c 00000020 W std::__cxx11::time_get<wchar_t, std::istreambuf_iterator<wchar_t, std::char_traits<wchar_t> > >::~time_get()
0014b93c 00000028 W std::__cxx11::time_get<wchar_t, std::istreambuf_iterator<wchar_t, std::char_traits<wchar_t> > >::~time_get()
0014b964 00000028 W std::__cxx11::messages<wchar_t>::~messages()
0014b964 00000028 W std::__cxx11::messages<wchar_t>::~messages()
0014b98c 0000001c W std::__cxx11::messages<wchar_t>::~messages()
0014b9a8 00000028 W std::__cxx11::collate<wchar_t>::~collate()
0014b9a8 00000028 W std::__cxx11::collate<wchar_t>::~collate()
0014b9d0 00000098 t void std::__cxx11::basic_string<wchar_t, std::char_traits<wchar_t>, std::allocator<wchar_t> >::_M_construct<wchar_t const*>(wchar_t const*, wchar_t const*, std::forward_iterator_tag) [clone .isra.0]
0014ba68 00000030 W std::__cxx11::collate<wchar_t>::~collate()
0014ba98 000000c0 W std::__cxx11::moneypunct<wchar_t, false>::do_grouping() const
0014bb58 000000c0 W std::__cxx11::moneypunct<wchar_t, true>::do_grouping() const
0014bc18 000000c0 W std::__cxx11::numpunct<wchar_t>::do_grouping() const
0014bcd8 00000058 W std::__cxx11::moneypunct<wchar_t, false>::do_curr_symbol() const
0014bd30 00000058 W std::__cxx11::moneypunct<wchar_t, false>::do_positive_sign() const
0014bd88 00000058 W std::__cxx11::moneypunct<wchar_t, false>::do_negative_sign() const
0014bde0 00000058 W std::__cxx11::moneypunct<wchar_t, true>::do_curr_symbol() const
0014be38 00000058 W std::__cxx11::moneypunct<wchar_t, true>::do_positive_sign() const
0014be90 00000058 W std::__cxx11::moneypunct<wchar_t, true>::do_negative_sign() const
0014bee8 00000058 W std::__cxx11::numpunct<wchar_t>::do_truename() const
0014bf40 00000058 W std::__cxx11::numpunct<wchar_t>::do_falsename() const
0014bf98 000000f8 W std::__cxx11::collate<wchar_t>::do_compare(wchar_t const*, wchar_t const*, wchar_t const*, wchar_t const*) const
0014c090 000002dc W std::__cxx11::collate<wchar_t>::do_transform(wchar_t const*, wchar_t const*) const
0014c36c 000000d4 W std::__convert_from_v(int* const&, char*, int, char const*, ...)
0014c440 000012e4 W std::istreambuf_iterator<wchar_t, std::char_traits<wchar_t> > std::__cxx11::money_get<wchar_t, std::istreambuf_iterator<wchar_t, std::char_traits<wchar_t> > >::_M_extract<true>(std::istreambuf_iterator<wchar_t, std::char_traits<wchar_t> >, std::istreambuf_iterator<wchar_t, std::char_traits<wchar_t> >, std::ios_base&, std::_Ios_Iostate&, std::__cxx11::basic_string<char, std::char_traits<char>, std::allocator<char> >&) const
0014d724 000012e4 W std::istreambuf_iterator<wchar_t, std::char_traits<wchar_t> > std::__cxx11::money_get<wchar_t, std::istreambuf_iterator<wchar_t, std::char_traits<wchar_t> > >::_M_extract<false>(std::istreambuf_iterator<wchar_t, std::char_traits<wchar_t> >, std::istreambuf_iterator<wchar_t, std::char_traits<wchar_t> >, std::ios_base&, std::_Ios_Iostate&, std::__cxx11::basic_string<char, std::char_traits<char>, std::allocator<char> >&) const
0014ea08 000000cc W std::__cxx11::money_get<wchar_t, std::istreambuf_iterator<wchar_t, std::char_traits<wchar_t> > >::do_get(std::istreambuf_iterator<wchar_t, std::char_traits<wchar_t> >, std::istreambuf_iterator<wchar_t, std::char_traits<wchar_t> >, bool, std::ios_base&, std::_Ios_Iostate&, long double&) const
0014ead4 0000013c W std::__cxx11::money_get<wchar_t, std::istreambuf_iterator<wchar_t, std::char_traits<wchar_t> > >::do_get(std::istreambuf_iterator<wchar_t, std::char_traits<wchar_t> >, std::istreambuf_iterator<wchar_t, std::char_traits<wchar_t> >, bool, std::ios_base&, std::_Ios_Iostate&, std::__cxx11::basic_string<wchar_t, std::char_traits<wchar_t>, std::allocator<wchar_t> >&) const
0014ec10 00000740 W std::ostreambuf_iterator<wchar_t, std::char_traits<wchar_t> > std::__cxx11::money_put<wchar_t, std::ostreambuf_iterator<wchar_t, std::char_traits<wchar_t> > >::_M_insert<true>(std::ostreambuf_iterator<wchar_t, std::char_traits<wchar_t> >, std::ios_base&, wchar_t, std::__cxx11::basic_string<wchar_t, std::char_traits<wchar_t>, std::allocator<wchar_t> > const&) const
0014f350 00000740 W std::ostreambuf_iterator<wchar_t, std::char_traits<wchar_t> > std::__cxx11::money_put<wchar_t, std::ostreambuf_iterator<wchar_t, std::char_traits<wchar_t> > >::_M_insert<false>(std::ostreambuf_iterator<wchar_t, std::char_traits<wchar_t> >, std::ios_base&, wchar_t, std::__cxx11::basic_string<wchar_t, std::char_traits<wchar_t>, std::allocator<wchar_t> > const&) const
0014fa90 00000188 W std::__cxx11::money_put<wchar_t, std::ostreambuf_iterator<wchar_t, std::char_traits<wchar_t> > >::do_put(std::ostreambuf_iterator<wchar_t, std::char_traits<wchar_t> >, bool, std::ios_base&, wchar_t, long double) const
0014fc18 00000054 W std::__cxx11::money_put<wchar_t, std::ostreambuf_iterator<wchar_t, std::char_traits<wchar_t> > >::do_put(std::ostreambuf_iterator<wchar_t, std::char_traits<wchar_t> >, bool, std::ios_base&, wchar_t, std::__cxx11::basic_string<wchar_t, std::char_traits<wchar_t>, std::allocator<wchar_t> > const&) const
0014fc6c 0000026c W std::__cxx11::time_get<wchar_t, std::istreambuf_iterator<wchar_t, std::char_traits<wchar_t> > >::_M_extract_num(std::istreambuf_iterator<wchar_t, std::char_traits<wchar_t> >, std::istreambuf_iterator<wchar_t, std::char_traits<wchar_t> >, int&, int, int, unsigned int, std::ios_base&, std::_Ios_Iostate&) const
0014fed8 00000680 W std::__cxx11::time_get<wchar_t, std::istreambuf_iterator<wchar_t, std::char_traits<wchar_t> > >::do_get_year(std::istreambuf_iterator<wchar_t, std::char_traits<wchar_t> >, std::istreambuf_iterator<wchar_t, std::char_traits<wchar_t> >, std::ios_base&, std::_Ios_Iostate&, tm*) const
00150558 00000dac W std::__cxx11::time_get<wchar_t, std::istreambuf_iterator<wchar_t, std::char_traits<wchar_t> > >::_M_extract_name(std::istreambuf_iterator<wchar_t, std::char_traits<wchar_t> >, std::istreambuf_iterator<wchar_t, std::char_traits<wchar_t> >, int&, wchar_t const**, unsigned int, std::ios_base&, std::_Ios_Iostate&) const
00151304 00000698 W std::__cxx11::time_get<wchar_t, std::istreambuf_iterator<wchar_t, std::char_traits<wchar_t> > >::_M_extract_wday_or_month(std::istreambuf_iterator<wchar_t, std::char_traits<wchar_t> >, std::istreambuf_iterator<wchar_t, std::char_traits<wchar_t> >, int&, wchar_t const**, unsigned int, std::ios_base&, std::_Ios_Iostate&) const
0015199c 00000258 W std::__cxx11::time_get<wchar_t, std::istreambuf_iterator<wchar_t, std::char_traits<wchar_t> > >::do_get_weekday(std::istreambuf_iterator<wchar_t, std::char_traits<wchar_t> >, std::istreambuf_iterator<wchar_t, std::char_traits<wchar_t> >, std::ios_base&, std::_Ios_Iostate&, tm*) const
00151bf4 000002d0 W std::__cxx11::time_get<wchar_t, std::istreambuf_iterator<wchar_t, std::char_traits<wchar_t> > >::do_get_monthname(std::istreambuf_iterator<wchar_t, std::char_traits<wchar_t> >, std::istreambuf_iterator<wchar_t, std::char_traits<wchar_t> >, std::ios_base&, std::_Ios_Iostate&, tm*) const
00151ec4 00001f6c W std::__cxx11::time_get<wchar_t, std::istreambuf_iterator<wchar_t, std::char_traits<wchar_t> > >::_M_extract_via_format(std::istreambuf_iterator<wchar_t, std::char_traits<wchar_t> >, std::istreambuf_iterator<wchar_t, std::char_traits<wchar_t> >, std::ios_base&, std::_Ios_Iostate&, tm*, wchar_t const*, std::__time_get_state&) const
00151ec4 00001f6c t std::__cxx11::time_get<wchar_t, std::istreambuf_iterator<wchar_t, std::char_traits<wchar_t> > >::_M_extract_via_format(std::istreambuf_iterator<wchar_t, std::char_traits<wchar_t> >, std::istreambuf_iterator<wchar_t, std::char_traits<wchar_t> >, std::ios_base&, std::_Ios_Iostate&, tm*, wchar_t const*, std::__time_get_state&) const [clone .localalias]
00152eb9 N 
00152eb9 N 
00152eb9 N 
00152eb9 N 
00152eb9 N 
00152eb9 N 
00152eb9 N 
00152eb9 N 
00152eb9 N 
00152eb9 N 
00152eb9 N 
00152eb9 N 
00152eb9 N 
00152eb9 N 
00152eb9 N 
00152eb9 N 
00152eb9 N 
00152eb9 N 
00152eb9 N 
00152eb9 N 
00152eb9 N 
00152eb9 N 
00152eb9 N 
00152eb9 N 
00152eb9 N 
00152eb9 N 
00152eb9 N 
00152eb9 N 
00152eb9 N 
00152eb9 N 
00152eb9 N 
00152eb9 N 
00152eb9 W KoreanBFFCMemoryRule.cpp.ab76d2be
00153e30 000001d0 W std::__cxx11::time_get<wchar_t, std::istreambuf_iterator<wchar_t, std::char_traits<wchar_t> > >::do_get_time(std::istreambuf_iterator<wchar_t, std::char_traits<wchar_t> >, std::istreambuf_iterator<wchar_t, std::char_traits<wchar_t> >, std::ios_base&, std::_Ios_Iostate&, tm*) const
00154000 000001d0 W std::__cxx11::time_get<wchar_t, std::istreambuf_iterator<wchar_t, std::char_traits<wchar_t> > >::do_get_date(std::istreambuf_iterator<wchar_t, std::char_traits<wchar_t> >, std::istreambuf_iterator<wchar_t, std::char_traits<wchar_t> >, std::ios_base&, std::_Ios_Iostate&, tm*) const
001541d0 000001d0 W std::__cxx11::time_get<wchar_t, std::istreambuf_iterator<wchar_t, std::char_traits<wchar_t> > >::do_get(std::istreambuf_iterator<wchar_t, std::char_traits<wchar_t> >, std::istreambuf_iterator<wchar_t, std::char_traits<wchar_t> >, std::ios_base&, std::_Ios_Iostate&, tm*, char, char) const
001543a0 0000003c W std::__cxx11::messages<wchar_t>::messages(unsigned int)
001543a0 0000003c W std::__cxx11::messages<wchar_t>::messages(unsigned int)
001543dc 000000a4 t _GLOBAL__sub_I__ZNSt12ctype_bynameIwEC2ERKNSt7__cxx1112basic_stringIcSt11char_traitsIcESaIcEEEj
00154480 00000040 W std::basic_filebuf<char, std::char_traits<char> >::sync()
001544c0 00000058 W std::basic_filebuf<char, std::char_traits<char> >::setbuf(char*, int)
00154518 00000094 W std::basic_filebuf<char, std::char_traits<char> >::showmanyc()
001545ac 00000158 W std::basic_filebuf<char, std::char_traits<char> >::pbackfail(int)
00154704 000004c0 W std::basic_filebuf<char, std::char_traits<char> >::underflow()
00154bc4 00000134 W std::basic_filebuf<char, std::char_traits<char> >::xsputn(char const*, int)
00154cf8 00000210 W std::basic_filebuf<char, std::char_traits<char> >::xsgetn(char*, int)
00154f08 000000d4 W std::basic_filebuf<char, std::char_traits<char> >::basic_filebuf()
00154f08 000000d4 W std::basic_filebuf<char, std::char_traits<char> >::basic_filebuf()
00154fdc 00000048 W std::basic_filebuf<char, std::char_traits<char> >::_M_allocate_internal_buffer()
00155024 00000070 W std::basic_filebuf<char, std::char_traits<char> >::_M_destroy_internal_buffer()
00155094 0000016c W std::basic_filebuf<char, std::char_traits<char> >::_M_convert_to_external(char*, int)
00155200 00000080 W std::basic_filebuf<char, std::char_traits<char> >::_M_get_ext_pos(_mbstate_t&)
00155280 00000110 W std::basic_filebuf<char, std::char_traits<char> >::_M_terminate_output()
00155390 000000c0 W std::basic_filebuf<char, std::char_traits<char> >::_M_seek(long long, std::_Ios_Seekdir, _mbstate_t)
00155450 00000224 W std::basic_filebuf<char, std::char_traits<char> >::overflow(int)
00155674 00000234 W std::basic_filebuf<char, std::char_traits<char> >::seekoff(long long, std::_Ios_Seekdir, std::_Ios_Openmode)
001558a8 000000b4 W std::basic_filebuf<char, std::char_traits<char> >::seekpos(std::fpos<_mbstate_t>, std::_Ios_Openmode)
0015595c 00000210 W std::basic_filebuf<char, std::char_traits<char> >::imbue(std::locale const&)
00155b6c 00000064 W std::basic_filebuf<char, std::char_traits<char> >::close()::__close_sentry::~__close_sentry()
00155b6c 00000064 W std::basic_filebuf<char, std::char_traits<char> >::close()::__close_sentry::~__close_sentry()
00155bd0 000000c0 W std::basic_filebuf<char, std::char_traits<char> >::close()
00155c90 00000048 W std::basic_filebuf<char, std::char_traits<char> >::~basic_filebuf()
00155c90 00000048 W std::basic_filebuf<char, std::char_traits<char> >::~basic_filebuf()
00155cd8 000000e4 W std::basic_filebuf<char, std::char_traits<char> >::open(char const*, std::_Ios_Openmode)
00155dbc 00000050 W std::basic_filebuf<char, std::char_traits<char> >::~basic_filebuf()
00155e0c 0000007c W std::basic_ofstream<char, std::char_traits<char> >::~basic_ofstream()
00155e88 0000008c W virtual thunk to std::basic_ofstream<char, std::char_traits<char> >::~basic_ofstream()
00155f14 00000084 W std::basic_ofstream<char, std::char_traits<char> >::~basic_ofstream()
00155f98 00000094 W virtual thunk to std::basic_ofstream<char, std::char_traits<char> >::~basic_ofstream()
0015602c 00000080 W std::basic_ifstream<char, std::char_traits<char> >::~basic_ifstream()
001560ac 00000094 W virtual thunk to std::basic_ifstream<char, std::char_traits<char> >::~basic_ifstream()
00156140 00000088 W std::basic_ifstream<char, std::char_traits<char> >::~basic_ifstream()
001561c8 0000009c W virtual thunk to std::basic_ifstream<char, std::char_traits<char> >::~basic_ifstream()
00156264 0000002c T std::__throw_bad_cast()
00156290 00000040 T std::__throw_logic_error(char const*)
001562d0 00000040 T std::__throw_length_error(char const*)
00156310 00000040 T std::__throw_out_of_range(char const*)
00156350 00000010 T std::__throw_out_of_range_fmt(char const*, ...)
00156360 00000040 T std::__throw_runtime_error(char const*)
001563a0 00000008 W std::ctype<char>::do_widen(char) const
001563a8 00000008 W std::ctype<char>::do_narrow(char, char) const
001563b0 00000020 W std::basic_ios<char, std::char_traits<char> >::~basic_ios()
001563b0 00000020 W std::basic_ios<char, std::char_traits<char> >::~basic_ios()
001563d0 00000028 W std::basic_ios<char, std::char_traits<char> >::~basic_ios()
001563f8 0000002c W std::basic_ios<char, std::char_traits<char> >::clear(std::_Ios_Iostate)
00156424 0000001c W std::basic_ios<char, std::char_traits<char> >::_M_setstate(std::_Ios_Iostate)
00156440 0000006c W std::basic_ios<char, std::char_traits<char> >::_M_cache_locale(std::locale const&)
001564ac 000000a0 W std::basic_ios<char, std::char_traits<char> >::init(std::basic_streambuf<char, std::char_traits<char> >*)
0015654c 0000006c T std::ios_base::ios_base()
0015654c 0000006c T std::ios_base::ios_base()
001565b8 00000058 T std::ios_base::_M_call_callbacks(std::ios_base::event)
00156610 000000a4 T std::ios_base::~ios_base()
00156610 000000a4 T std::ios_base::~ios_base()
001566b4 0000001c T std::ios_base::~ios_base()
001566d0 00000204 W std::istream::sentry::sentry(std::istream&, bool)
001566d0 00000204 W std::istream::sentry::sentry(std::istream&, bool)
001568d4 000000f0 W std::istream::read(char*, int)
001569c8 000000f8 W std::istream::tellg()
00156ac0 00000120 W std::istream::seekg(long long, std::_Ios_Seekdir)
00156be0 0000000c W std::moneypunct<char, false>::do_decimal_point() const
00156bec 0000000c W std::moneypunct<char, false>::do_thousands_sep() const
00156bf8 0000000c W std::moneypunct<char, false>::do_frac_digits() const
00156c04 00000014 W std::moneypunct<char, false>::do_pos_format() const
00156c18 00000014 W std::moneypunct<char, false>::do_neg_format() const
00156c2c 0000000c W std::moneypunct<char, true>::do_decimal_point() const
00156c38 0000000c W std::moneypunct<char, true>::do_thousands_sep() const
00156c44 0000000c W std::moneypunct<char, true>::do_frac_digits() const
00156c50 00000014 W std::moneypunct<char, true>::do_pos_format() const
00156c64 00000014 W std::moneypunct<char, true>::do_neg_format() const
00156c78 0000000c W std::numpunct<char>::do_decimal_point() const
00156c84 0000000c W std::numpunct<char>::do_thousands_sep() const
00156c90 00000008 W std::time_get<char, std::istreambuf_iterator<char, std::char_traits<char> > >::do_date_order() const
00156c98 00000008 W std::messages<char>::do_open(std::string const&, std::locale const&) const
00156ca0 00000004 W std::messages<char>::do_close(int) const
00156ca4 00000020 W std::collate<char>::do_hash(char const*, char const*) const
00156cc4 00000020 W std::num_get<char, std::istreambuf_iterator<char, std::char_traits<char> > >::~num_get()
00156cc4 00000020 W std::num_get<char, std::istreambuf_iterator<char, std::char_traits<char> > >::~num_get()
00156ce4 00000020 W std::num_put<char, std::ostreambuf_iterator<char, std::char_traits<char> > >::~num_put()
00156ce4 00000020 W std::num_put<char, std::ostreambuf_iterator<char, std::char_traits<char> > >::~num_put()
00156d04 00000020 W std::money_get<char, std::istreambuf_iterator<char, std::char_traits<char> > >::~money_get()
00156d04 00000020 W std::money_get<char, std::istreambuf_iterator<char, std::char_traits<char> > >::~money_get()
00156d24 00000020 W std::money_put<char, std::ostreambuf_iterator<char, std::char_traits<char> > >::~money_put()
00156d24 00000020 W std::money_put<char, std::ostreambuf_iterator<char, std::char_traits<char> > >::~money_put()
00156d44 00000020 W std::__timepunct_cache<char>::~__timepunct_cache()
00156d44 00000020 W std::__timepunct_cache<char>::~__timepunct_cache()
00156d64 00000020 W std::time_put<char, std::ostreambuf_iterator<char, std::char_traits<char> > >::~time_put()
00156d64 00000020 W std::time_put<char, std::ostreambuf_iterator<char, std::char_traits<char> > >::~time_put()
00156d84 00000020 W std::time_get<char, std::istreambuf_iterator<char, std::char_traits<char> > >::~time_get()
00156d84 00000020 W std::time_get<char, std::istreambuf_iterator<char, std::char_traits<char> > >::~time_get()
00156da4 00000028 W std::num_get<char, std::istreambuf_iterator<char, std::char_traits<char> > >::~num_get()
00156dcc 00000028 W std::num_put<char, std::ostreambuf_iterator<char, std::char_traits<char> > >::~num_put()
00156df4 00000028 W std::money_get<char, std::istreambuf_iterator<char, std::char_traits<char> > >::~money_get()
00156e1c 00000028 W std::money_put<char, std::ostreambuf_iterator<char, std::char_traits<char> > >::~money_put()
00156e44 0000001c W std::__timepunct_cache<char>::~__timepunct_cache()
00156e60 00000028 W std::time_put<char, std::ostreambuf_iterator<char, std::char_traits<char> > >::~time_put()
00156e88 00000028 W std::time_get<char, std::istreambuf_iterator<char, std::char_traits<char> > >::~time_get()
00156eb0 00000024 W std::ctype<char>::do_widen(char const*, char const*, char*) const
00156ed4 00000070 W std::__moneypunct_cache<char, false>::~__moneypunct_cache()
00156ed4 00000070 W std::__moneypunct_cache<char, false>::~__moneypunct_cache()
00156f44 0000001c W std::__moneypunct_cache<char, false>::~__moneypunct_cache()
00156f60 00000070 W std::__moneypunct_cache<char, true>::~__moneypunct_cache()
00156f60 00000070 W std::__moneypunct_cache<char, true>::~__moneypunct_cache()
00156fd0 0000001c W std::__moneypunct_cache<char, true>::~__moneypunct_cache()
00156fec 00000060 W std::__numpunct_cache<char>::~__numpunct_cache()
00156fec 00000060 W std::__numpunct_cache<char>::~__numpunct_cache()
0015704c 0000001c W std::__numpunct_cache<char>::~__numpunct_cache()
00157068 00000028 W std::messages<char>::~messages()
00157068 00000028 W std::messages<char>::~messages()
00157090 0000001c W std::messages<char>::~messages()
001570ac 00000028 W std::collate<char>::~collate()
001570ac 00000028 W std::collate<char>::~collate()
001570d4 00000060 W std::__timepunct<char>::~__timepunct()
001570d4 00000060 W std::__timepunct<char>::~__timepunct()
00157134 0000001c W std::__timepunct<char>::~__timepunct()
00157150 00000028 t std::basic_streambuf<char, std::char_traits<char> >::sbumpc() [clone .isra.0]
00157178 0000004c t std::ctype<char>::widen(char) const [clone .part.0]
001571c4 0000009c t std::ctype<char>::widen(char const*, char const*, char*) const [clone .isra.0]
00157260 000000b8 t char* std::string::_S_construct<char const*>(char const*, char const*, std::allocator<char> const&, std::forward_iterator_tag) [clone .isra.0]
00157318 00000058 t std::basic_string<char, std::char_traits<char>, std::allocator<char> >::~basic_string() [clone .isra.0]
00157370 00000030 W std::collate<char>::~collate()
001573a0 00000160 W std::time_put<char, std::ostreambuf_iterator<char, std::char_traits<char> > >::do_put(std::ostreambuf_iterator<char, std::char_traits<char> >, std::ios_base&, char, tm const*, char, char) const
00157500 000000cc W std::moneypunct<char, false>::do_grouping() const
001575cc 000000cc W std::moneypunct<char, false>::do_curr_symbol() const
00157698 000000cc W std::moneypunct<char, false>::do_positive_sign() const
00157764 000000cc W std::moneypunct<char, false>::do_negative_sign() const
00157830 000000cc W std::moneypunct<char, true>::do_grouping() const
001578fc 000000cc W std::moneypunct<char, true>::do_curr_symbol() const
001579c8 000000cc W std::moneypunct<char, true>::do_positive_sign() const
00157a94 000000cc W std::moneypunct<char, true>::do_negative_sign() const
00157b60 000000cc W std::numpunct<char>::do_grouping() const
00157c2c 000000cc W std::numpunct<char>::do_truename() const
00157cf8 000000cc W std::numpunct<char>::do_falsename() const
00157dc4 00000168 W std::collate<char>::do_compare(char const*, char const*, char const*, char const*) const
00157f2c 000002c4 W std::collate<char>::do_transform(char const*, char const*) const
001581f0 00000068 W std::ctype<char>::narrow(char, char) const
00158258 00000738 W std::__moneypunct_cache<char, false>::_M_cache(std::locale const&)
00158990 00000738 W std::__moneypunct_cache<char, true>::_M_cache(std::locale const&)
001590c8 0000058c W std::__numpunct_cache<char>::_M_cache(std::locale const&)
00159654 000000b4 t std::__use_cache<std::__numpunct_cache<char> >::operator()(std::locale const&) const [clone .isra.0]
00159708 0000004c W std::__timepunct<char>::__timepunct(std::__timepunct_cache<char>*, unsigned int)
00159708 0000004c W std::__timepunct<char>::__timepunct(std::__timepunct_cache<char>*, unsigned int)
00159754 000002b4 W std::time_get<char, std::istreambuf_iterator<char, std::char_traits<char> > >::_M_extract_num(std::istreambuf_iterator<char, std::char_traits<char> >, std::istreambuf_iterator<char, std::char_traits<char> >, int&, int, int, unsigned int, std::ios_base&, std::_Ios_Iostate&) const
00159a08 0000003c W std::messages<char>::messages(unsigned int)
00159a08 0000003c W std::messages<char>::messages(unsigned int)
00159a44 00000178 W char* std::__add_grouping<char>(char*, char, char const*, unsigned int, char const*, char const*)
00159bbc 000000ac W std::num_put<char, std::ostreambuf_iterator<char, std::char_traits<char> > >::_M_group_float(char const*, unsigned int, char, char const*, char*, char*, int&) const
00159c68 00000050 W std::num_put<char, std::ostreambuf_iterator<char, std::char_traits<char> > >::_M_group_int(char const*, unsigned int, char, std::ios_base&, char*, char*, int&) const
00159cb8 0000055c W std::ostreambuf_iterator<char, std::char_traits<char> > std::money_put<char, std::ostreambuf_iterator<char, std::char_traits<char> > >::_M_insert<true>(std::ostreambuf_iterator<char, std::char_traits<char> >, std::ios_base&, char, std::string const&) const
0015a214 0000055c W std::ostreambuf_iterator<char, std::char_traits<char> > std::money_put<char, std::ostreambuf_iterator<char, std::char_traits<char> > >::_M_insert<false>(std::ostreambuf_iterator<char, std::char_traits<char> >, std::ios_base&, char, std::string const&) const
0015a770 0000023c W std::money_put<char, std::ostreambuf_iterator<char, std::char_traits<char> > >::do_put(std::ostreambuf_iterator<char, std::char_traits<char> >, bool, std::ios_base&, char, long double) const
0015a9ac 00000054 W std::money_put<char, std::ostreambuf_iterator<char, std::char_traits<char> > >::do_put(std::ostreambuf_iterator<char, std::char_traits<char> >, bool, std::ios_base&, char, std::string const&) const
0015aa00 00000308 W std::__pad<char, std::char_traits<char> >::_S_pad(std::ios_base&, char, char*, char const*, int, int)
0015ad08 00000034 W std::num_put<char, std::ostreambuf_iterator<char, std::char_traits<char> > >::_M_pad(char, int, std::ios_base&, char*, char const*, int&) const
0015ad3c 000003ec W std::ostreambuf_iterator<char, std::char_traits<char> > std::num_put<char, std::ostreambuf_iterator<char, std::char_traits<char> > >::_M_insert_float<double>(std::ostreambuf_iterator<char, std::char_traits<char> >, std::ios_base&, char, char, double) const
0015b128 0000003c W std::num_put<char, std::ostreambuf_iterator<char, std::char_traits<char> > >::do_put(std::ostreambuf_iterator<char, std::char_traits<char> >, std::ios_base&, char, double) const
0015b164 000003ec W std::ostreambuf_iterator<char, std::char_traits<char> > std::num_put<char, std::ostreambuf_iterator<char, std::char_traits<char> > >::_M_insert_float<long double>(std::ostreambuf_iterator<char, std::char_traits<char> >, std::ios_base&, char, char, long double) const
0015b550 0000003c W std::num_put<char, std::ostreambuf_iterator<char, std::char_traits<char> > >::do_put(std::ostreambuf_iterator<char, std::char_traits<char> >, std::ios_base&, char, long double) const
0015b58c 000000ac W int std::__int_to_char<char, unsigned long>(char*, unsigned long, char const*, std::_Ios_Fmtflags, bool)
0015b638 00000240 W std::ostreambuf_iterator<char, std::char_traits<char> > std::num_put<char, std::ostreambuf_iterator<char, std::char_traits<char> > >::_M_insert_int<long>(std::ostreambuf_iterator<char, std::char_traits<char> >, std::ios_base&, char, long) const
0015b878 0000003c W std::num_put<char, std::ostreambuf_iterator<char, std::char_traits<char> > >::do_put(std::ostreambuf_iterator<char, std::char_traits<char> >, std::ios_base&, char, long) const
0015b8b4 000001b0 W std::num_put<char, std::ostreambuf_iterator<char, std::char_traits<char> > >::do_put(std::ostreambuf_iterator<char, std::char_traits<char> >, std::ios_base&, char, bool) const
0015ba64 000001dc W std::ostreambuf_iterator<char, std::char_traits<char> > std::num_put<char, std::ostreambuf_iterator<char, std::char_traits<char> > >::_M_insert_int<unsigned long>(std::ostreambuf_iterator<char, std::char_traits<char> >, std::ios_base&, char, unsigned long) const
0015bc40 0000003c W std::num_put<char, std::ostreambuf_iterator<char, std::char_traits<char> > >::do_put(std::ostreambuf_iterator<char, std::char_traits<char> >, std::ios_base&, char, unsigned long) const
0015bc7c 0000006c W std::num_put<char, std::ostreambuf_iterator<char, std::char_traits<char> > >::do_put(std::ostreambuf_iterator<char, std::char_traits<char> >, std::ios_base&, char, void const*) const
0015bce8 00000114 W int std::__int_to_char<char, unsigned long long>(char*, unsigned long long, char const*, std::_Ios_Fmtflags, bool)
0015bdfc 00000260 W std::ostreambuf_iterator<char, std::char_traits<char> > std::num_put<char, std::ostreambuf_iterator<char, std::char_traits<char> > >::_M_insert_int<long long>(std::ostreambuf_iterator<char, std::char_traits<char> >, std::ios_base&, char, long long) const
0015c05c 0000003c W std::num_put<char, std::ostreambuf_iterator<char, std::char_traits<char> > >::do_put(std::ostreambuf_iterator<char, std::char_traits<char> >, std::ios_base&, char, long long) const
0015c098 000001fc W std::ostreambuf_iterator<char, std::char_traits<char> > std::num_put<char, std::ostreambuf_iterator<char, std::char_traits<char> > >::_M_insert_int<unsigned long long>(std::ostreambuf_iterator<char, std::char_traits<char> >, std::ios_base&, char, unsigned long long) const
0015c294 0000003c W std::num_put<char, std::ostreambuf_iterator<char, std::char_traits<char> > >::do_put(std::ostreambuf_iterator<char, std::char_traits<char> >, std::ios_base&, char, unsigned long long) const
0015c2d0 00000100 W std::istreambuf_iterator<char, std::char_traits<char> >::equal(std::istreambuf_iterator<char, std::char_traits<char> > const&) const
0015c3d0 00000068 W std::istreambuf_iterator<char, std::char_traits<char> >::_M_get() const
0015c438 00000c54 W std::num_get<char, std::istreambuf_iterator<char, std::char_traits<char> > >::_M_extract_float(std::istreambuf_iterator<char, std::char_traits<char> >, std::istreambuf_iterator<char, std::char_traits<char> >, std::ios_base&, std::_Ios_Iostate&, std::string&) const
0015d08c 000001c8 W std::num_get<char, std::istreambuf_iterator<char, std::char_traits<char> > >::do_get(std::istreambuf_iterator<char, std::char_traits<char> >, std::istreambuf_iterator<char, std::char_traits<char> >, std::ios_base&, std::_Ios_Iostate&, float&) const
0015d254 000001c8 W std::num_get<char, std::istreambuf_iterator<char, std::char_traits<char> > >::do_get(std::istreambuf_iterator<char, std::char_traits<char> >, std::istreambuf_iterator<char, std::char_traits<char> >, std::ios_base&, std::_Ios_Iostate&, double&) const
0015d41c 000001c8 W std::num_get<char, std::istreambuf_iterator<char, std::char_traits<char> > >::do_get(std::istreambuf_iterator<char, std::char_traits<char> >, std::istreambuf_iterator<char, std::char_traits<char> >, std::ios_base&, std::_Ios_Iostate&, long double&) const
0015d5e4 00000968 W std::istreambuf_iterator<char, std::char_traits<char> > std::num_get<char, std::istreambuf_iterator<char, std::char_traits<char> > >::_M_extract_int<long>(std::istreambuf_iterator<char, std::char_traits<char> >, std::istreambuf_iterator<char, std::char_traits<char> >, std::ios_base&, std::_Ios_Iostate&, long&) const
0015df4c 00000510 W std::num_get<char, std::istreambuf_iterator<char, std::char_traits<char> > >::do_get(std::istreambuf_iterator<char, std::char_traits<char> >, std::istreambuf_iterator<char, std::char_traits<char> >, std::ios_base&, std::_Ios_Iostate&, bool&) const
0015e45c 00000048 W std::num_get<char, std::istreambuf_iterator<char, std::char_traits<char> > >::do_get(std::istreambuf_iterator<char, std::char_traits<char> >, std::istreambuf_iterator<char, std::char_traits<char> >, std::ios_base&, std::_Ios_Iostate&, long&) const
0015e4a4 00000a88 W std::istreambuf_iterator<char, std::char_traits<char> > std::num_get<char, std::istreambuf_iterator<char, std::char_traits<char> > >::_M_extract_int<unsigned short>(std::istreambuf_iterator<char, std::char_traits<char> >, std::istreambuf_iterator<char, std::char_traits<char> >, std::ios_base&, std::_Ios_Iostate&, unsigned short&) const
0015ef2c 00000048 W std::num_get<char, std::istreambuf_iterator<char, std::char_traits<char> > >::do_get(std::istreambuf_iterator<char, std::char_traits<char> >, std::istreambuf_iterator<char, std::char_traits<char> >, std::ios_base&, std::_Ios_Iostate&, unsigned short&) const
0015ef74 00000a80 W std::istreambuf_iterator<char, std::char_traits<char> > std::num_get<char, std::istreambuf_iterator<char, std::char_traits<char> > >::_M_extract_int<unsigned int>(std::istreambuf_iterator<char, std::char_traits<char> >, std::istreambuf_iterator<char, std::char_traits<char> >, std::ios_base&, std::_Ios_Iostate&, unsigned int&) const
0015f9f4 00000048 W std::num_get<char, std::istreambuf_iterator<char, std::char_traits<char> > >::do_get(std::istreambuf_iterator<char, std::char_traits<char> >, std::istreambuf_iterator<char, std::char_traits<char> >, std::ios_base&, std::_Ios_Iostate&, unsigned int&) const
0015fa3c 00000a80 W std::istreambuf_iterator<char, std::char_traits<char> > std::num_get<char, std::istreambuf_iterator<char, std::char_traits<char> > >::_M_extract_int<unsigned long>(std::istreambuf_iterator<char, std::char_traits<char> >, std::istreambuf_iterator<char, std::char_traits<char> >, std::ios_base&, std::_Ios_Iostate&, unsigned long&) const
001604bc 00000048 W std::num_get<char, std::istreambuf_iterator<char, std::char_traits<char> > >::do_get(std::istreambuf_iterator<char, std::char_traits<char> >, std::istreambuf_iterator<char, std::char_traits<char> >, std::ios_base&, std::_Ios_Iostate&, unsigned long&) const
00160504 0000007c W std::num_get<char, std::istreambuf_iterator<char, std::char_traits<char> > >::do_get(std::istreambuf_iterator<char, std::char_traits<char> >, std::istreambuf_iterator<char, std::char_traits<char> >, std::ios_base&, std::_Ios_Iostate&, void*&) const
00160580 000009f8 W std::istreambuf_iterator<char, std::char_traits<char> > std::num_get<char, std::istreambuf_iterator<char, std::char_traits<char> > >::_M_extract_int<long long>(std::istreambuf_iterator<char, std::char_traits<char> >, std::istreambuf_iterator<char, std::char_traits<char> >, std::ios_base&, std::_Ios_Iostate&, long long&) const
00160f78 00000048 W std::num_get<char, std::istreambuf_iterator<char, std::char_traits<char> > >::do_get(std::istreambuf_iterator<char, std::char_traits<char> >, std::istreambuf_iterator<char, std::char_traits<char> >, std::ios_base&, std::_Ios_Iostate&, long long&) const
00160fc0 00000a54 W std::istreambuf_iterator<char, std::char_traits<char> > std::num_get<char, std::istreambuf_iterator<char, std::char_traits<char> > >::_M_extract_int<unsigned long long>(std::istreambuf_iterator<char, std::char_traits<char> >, std::istreambuf_iterator<char, std::char_traits<char> >, std::ios_base&, std::_Ios_Iostate&, unsigned long long&) const
00161a14 00000048 W std::num_get<char, std::istreambuf_iterator<char, std::char_traits<char> > >::do_get(std::istreambuf_iterator<char, std::char_traits<char> >, std::istreambuf_iterator<char, std::char_traits<char> >, std::ios_base&, std::_Ios_Iostate&, unsigned long long&) const
00161a5c 000002c8 W std::time_get<char, std::istreambuf_iterator<char, std::char_traits<char> > >::do_get_year(std::istreambuf_iterator<char, std::char_traits<char> >, std::istreambuf_iterator<char, std::char_traits<char> >, std::ios_base&, std::_Ios_Iostate&, tm*) const
00161d24 00000a5c W std::time_get<char, std::istreambuf_iterator<char, std::char_traits<char> > >::_M_extract_name(std::istreambuf_iterator<char, std::char_traits<char> >, std::istreambuf_iterator<char, std::char_traits<char> >, int&, char const**, unsigned int, std::ios_base&, std::_Ios_Iostate&) const
00162780 0000043c W std::time_get<char, std::istreambuf_iterator<char, std::char_traits<char> > >::_M_extract_wday_or_month(std::istreambuf_iterator<char, std::char_traits<char> >, std::istreambuf_iterator<char, std::char_traits<char> >, int&, char const**, unsigned int, std::ios_base&, std::_Ios_Iostate&) const
00162bbc 00000244 W std::time_get<char, std::istreambuf_iterator<char, std::char_traits<char> > >::do_get_weekday(std::istreambuf_iterator<char, std::char_traits<char> >, std::istreambuf_iterator<char, std::char_traits<char> >, std::ios_base&, std::_Ios_Iostate&, tm*) const
00162e00 000002b4 W std::time_get<char, std::istreambuf_iterator<char, std::char_traits<char> > >::do_get_monthname(std::istreambuf_iterator<char, std::char_traits<char> >, std::istreambuf_iterator<char, std::char_traits<char> >, std::ios_base&, std::_Ios_Iostate&, tm*) const
001630b4 000013ac W std::time_get<char, std::istreambuf_iterator<char, std::char_traits<char> > >::_M_extract_via_format(std::istreambuf_iterator<char, std::char_traits<char> >, std::istreambuf_iterator<char, std::char_traits<char> >, std::ios_base&, std::_Ios_Iostate&, tm*, char const*, std::__time_get_state&) const
001630b4 000013ac t std::time_get<char, std::istreambuf_iterator<char, std::char_traits<char> > >::_M_extract_via_format(std::istreambuf_iterator<char, std::char_traits<char> >, std::istreambuf_iterator<char, std::char_traits<char> >, std::ios_base&, std::_Ios_Iostate&, tm*, char const*, std::__time_get_state&) const [clone .localalias]
001635c4 N 
001635c4 N 
001635c4 N 
001635c4 N 
001635c4 N 
001635c4 N 
001635c4 N 
001635c4 N 
001635c4 N 
001635c4 N 
001635c4 N 
001635c4 N 
001635c4 N 
001635c4 N 
001635c4 N 
001635c4 N 
001635c4 N 
001635c4 N 
001635c4 N 
001635c4 N 
001635c4 N 
001635c4 N 
001635c4 N 
001635c4 N 
001635c4 N 
001635c4 N 
001635c4 N 
001635c4 N 
001635c4 N 
001635c4 N 
001635c4 N 
001635c4 W KoreanFFF3FFFCMemoryRule.cpp.3e220adb
00164460 000001b8 W std::time_get<char, std::istreambuf_iterator<char, std::char_traits<char> > >::do_get_time(std::istreambuf_iterator<char, std::char_traits<char> >, std::istreambuf_iterator<char, std::char_traits<char> >, std::ios_base&, std::_Ios_Iostate&, tm*) const
00164618 000001b8 W std::time_get<char, std::istreambuf_iterator<char, std::char_traits<char> > >::do_get_date(std::istreambuf_iterator<char, std::char_traits<char> >, std::istreambuf_iterator<char, std::char_traits<char> >, std::ios_base&, std::_Ios_Iostate&, tm*) const
001647d0 00000e94 W std::istreambuf_iterator<char, std::char_traits<char> > std::money_get<char, std::istreambuf_iterator<char, std::char_traits<char> > >::_M_extract<true>(std::istreambuf_iterator<char, std::char_traits<char> >, std::istreambuf_iterator<char, std::char_traits<char> >, std::ios_base&, std::_Ios_Iostate&, std::string&) const
00165664 00000e94 W std::istreambuf_iterator<char, std::char_traits<char> > std::money_get<char, std::istreambuf_iterator<char, std::char_traits<char> > >::_M_extract<false>(std::istreambuf_iterator<char, std::char_traits<char> >, std::istreambuf_iterator<char, std::char_traits<char> >, std::ios_base&, std::_Ios_Iostate&, std::string&) const
001664f8 000000fc W std::money_get<char, std::istreambuf_iterator<char, std::char_traits<char> > >::do_get(std::istreambuf_iterator<char, std::char_traits<char> >, std::istreambuf_iterator<char, std::char_traits<char> >, bool, std::ios_base&, std::_Ios_Iostate&, long double&) const
001665f4 000001f8 W std::money_get<char, std::istreambuf_iterator<char, std::char_traits<char> > >::do_get(std::istreambuf_iterator<char, std::char_traits<char> >, std::istreambuf_iterator<char, std::char_traits<char> >, bool, std::ios_base&, std::_Ios_Iostate&, std::string&) const
001667ec 000000f4 t _GLOBAL__sub_I__ZNSt12ctype_bynameIcEC2ERKSsj
001668e0 0000002c W __gnu_cxx::__throw_concurrence_lock_error()
00166910 00000b80 T std::locale::_Impl::_Impl(unsigned int)
00166910 00000b80 T std::locale::_Impl::_Impl(unsigned int)
00167490 00000054 T std::locale::_S_initialize_once()
001674e8 00000148 T std::locale::locale()
001674e8 00000148 T std::locale::locale()
00167630 000000e4 W std::ostream::sentry::~sentry()
00167630 000000e4 W std::ostream::sentry::~sentry()
00167714 000001b8 W std::ostream::flush()
001678cc 000000b0 W std::ostream::sentry::sentry(std::ostream&)
001678cc 000000b0 W std::ostream::sentry::sentry(std::ostream&)
0016797c 000001b0 W std::ostream::write(char const*, int)
00167b2c 000001c0 W std::system_error::system_error(std::error_code, char const*)
00167b2c 000001c0 W std::system_error::system_error(std::error_code, char const*)
00167cec 00000004 W std::basic_streambuf<char, std::char_traits<char> >::imbue(std::locale const&)
00167cf0 00000004 W std::basic_streambuf<char, std::char_traits<char> >::setbuf(char*, int)
00167cf8 00000020 W std::basic_streambuf<char, std::char_traits<char> >::seekoff(long long, std::_Ios_Seekdir, std::_Ios_Openmode)
00167d18 00000028 W std::basic_streambuf<char, std::char_traits<char> >::seekpos(std::fpos<_mbstate_t>, std::_Ios_Openmode)
00167d40 00000008 W std::basic_streambuf<char, std::char_traits<char> >::sync()
00167d48 00000008 W std::basic_streambuf<char, std::char_traits<char> >::showmanyc()
00167d50 00000008 W std::basic_streambuf<char, std::char_traits<char> >::underflow()
00167d58 00000008 W std::basic_streambuf<char, std::char_traits<char> >::pbackfail(int)
00167d60 00000008 W std::basic_streambuf<char, std::char_traits<char> >::overflow(int)
00167d68 00000020 W std::basic_streambuf<char, std::char_traits<char> >::~basic_streambuf()
00167d68 00000020 W std::basic_streambuf<char, std::char_traits<char> >::~basic_streambuf()
00167d88 00000028 W std::basic_streambuf<char, std::char_traits<char> >::~basic_streambuf()
00167db0 000000bc W std::basic_streambuf<char, std::char_traits<char> >::xsputn(char const*, int)
00167e6c 0000004c W std::basic_streambuf<char, std::char_traits<char> >::uflow()
00167eb8 000000f0 W std::basic_streambuf<char, std::char_traits<char> >::xsgetn(char*, int)
00167fa8 00000054 W std::__cxx11::basic_string<char, std::char_traits<char>, std::allocator<char> >::_M_create(unsigned int&, unsigned int)
00167ffc 00000014 W std::__cxx11::basic_string<char, std::char_traits<char>, std::allocator<char> >::_M_dispose()
00168010 00000094 W std::__cxx11::basic_string<char, std::char_traits<char>, std::allocator<char> >::_M_construct(unsigned int, char)
001680a4 000000c8 W std::__cxx11::basic_string<char, std::char_traits<char>, std::allocator<char> >::_M_assign(std::__cxx11::basic_string<char, std::char_traits<char>, std::allocator<char> > const&)
0016816c 00000104 W std::__cxx11::basic_string<char, std::char_traits<char>, std::allocator<char> >::_M_mutate(unsigned int, unsigned int, char const*, unsigned int)
00168270 00000074 W std::__cxx11::basic_string<char, std::char_traits<char>, std::allocator<char> >::_M_erase(unsigned int, unsigned int)
001682e4 00000098 W std::__cxx11::basic_string<char, std::char_traits<char>, std::allocator<char> >::reserve(unsigned int)
0016837c 00000110 W std::__cxx11::basic_string<char, std::char_traits<char>, std::allocator<char> >::_M_replace_aux(unsigned int, unsigned int, unsigned int, char)
0016848c 00000044 W std::__cxx11::basic_string<char, std::char_traits<char>, std::allocator<char> >::resize(unsigned int, char)
001684d0 00000140 W std::__cxx11::basic_string<char, std::char_traits<char>, std::allocator<char> >::_M_replace_cold(char*, unsigned int, char const*, unsigned int, unsigned int)
00168610 00000130 W std::__cxx11::basic_string<char, std::char_traits<char>, std::allocator<char> >::_M_replace(unsigned int, unsigned int, char const*, unsigned int)
00168740 00000090 W std::__cxx11::basic_string<char, std::char_traits<char>, std::allocator<char> >::_M_append(char const*, unsigned int)
001687d0 00000088 W std::__cxx11::basic_string<char, std::char_traits<char>, std::allocator<char> >::copy(char*, unsigned int, unsigned int) const
00168858 00000188 W std::__cxx11::basic_string<char, std::char_traits<char>, std::allocator<char> >::swap(std::__cxx11::basic_string<char, std::char_traits<char>, std::allocator<char> >&)
001689e0 000000a4 W std::__cxx11::basic_string<char, std::char_traits<char>, std::allocator<char> >::find(char const*, unsigned int, unsigned int) const
00168a84 00000048 W std::__cxx11::basic_string<char, std::char_traits<char>, std::allocator<char> >::rfind(char, unsigned int) const
00168acc 00000064 W std::__cxx11::basic_string<char, std::char_traits<char>, std::allocator<char> >::find_last_of(char const*, unsigned int, unsigned int) const
00168b30 0000005c W std::__cxx11::basic_string<char, std::char_traits<char>, std::allocator<char> >::find_first_not_of(char, unsigned int) const
00168b8c 0000000c t (anonymous namespace)::generic_error_category::name() const
00168b98 00000020 t (anonymous namespace)::generic_error_category::equivalent(int, std::error_condition const&) const
00168bb8 00000004 t (anonymous namespace)::generic_error_category::~generic_error_category()
00168bb8 00000004 t (anonymous namespace)::generic_error_category::~generic_error_category()
00168bbc 000000cc t (anonymous namespace)::system_error_category::default_error_condition(int) const
00168c88 0000000c T std::_V2::error_category::default_error_condition(int) const
00168c94 00000020 T std::_V2::error_category::equivalent(std::error_code const&, int) const
00168cb4 0000010c t (anonymous namespace)::strerror_string(int)
00168dc0 00000020 t (anonymous namespace)::system_error_category::message[abi:cxx11](int) const
00168dc0 00000020 t (anonymous namespace)::generic_error_category::message[abi:cxx11](int) const
00168de0 0000001c t (anonymous namespace)::generic_error_category::~generic_error_category()
00168dfc 00000020 T std::system_error::~system_error()
00168dfc 00000020 T std::system_error::~system_error()
00168e1c 00000028 T std::system_error::~system_error()
00168e44 00000078 T std::_V2::error_category::_M_message[abi:cxx11](int) const
00168ebc 00000134 T std::_V2::error_category::equivalent(int, std::error_condition const&) const
00168ff0 000000c0 T std::__throw_system_error(int)
001690b0 00000004 T std::_V2::error_category::~error_category()
001690b0 00000004 T std::_V2::error_category::~error_category()
001690b4 0000000c T std::_V2::generic_category()
001690c0 0000000c W std::moneypunct<wchar_t, false>::do_decimal_point() const
001690cc 0000000c W std::moneypunct<wchar_t, false>::do_thousands_sep() const
001690d8 0000000c W std::moneypunct<wchar_t, false>::do_frac_digits() const
001690e4 00000014 W std::moneypunct<wchar_t, false>::do_pos_format() const
001690f8 00000014 W std::moneypunct<wchar_t, false>::do_neg_format() const
0016910c 0000000c W std::moneypunct<wchar_t, true>::do_decimal_point() const
00169118 0000000c W std::moneypunct<wchar_t, true>::do_thousands_sep() const
00169124 0000000c W std::moneypunct<wchar_t, true>::do_frac_digits() const
00169130 00000014 W std::moneypunct<wchar_t, true>::do_pos_format() const
00169144 00000014 W std::moneypunct<wchar_t, true>::do_neg_format() const
00169158 0000000c W std::numpunct<wchar_t>::do_decimal_point() const
00169164 0000000c W std::numpunct<wchar_t>::do_thousands_sep() const
00169170 00000008 W std::time_get<wchar_t, std::istreambuf_iterator<wchar_t, std::char_traits<wchar_t> > >::do_date_order() const
00169178 00000008 W std::messages<wchar_t>::do_open(std::string const&, std::locale const&) const
00169180 00000004 W std::messages<wchar_t>::do_close(int) const
00169184 00000020 W std::collate<wchar_t>::do_hash(wchar_t const*, wchar_t const*) const
001691a4 00000020 W std::num_get<wchar_t, std::istreambuf_iterator<wchar_t, std::char_traits<wchar_t> > >::~num_get()
001691a4 00000020 W std::num_get<wchar_t, std::istreambuf_iterator<wchar_t, std::char_traits<wchar_t> > >::~num_get()
001691c4 00000020 W std::num_put<wchar_t, std::ostreambuf_iterator<wchar_t, std::char_traits<wchar_t> > >::~num_put()
001691c4 00000020 W std::num_put<wchar_t, std::ostreambuf_iterator<wchar_t, std::char_traits<wchar_t> > >::~num_put()
001691e4 00000020 W std::money_get<wchar_t, std::istreambuf_iterator<wchar_t, std::char_traits<wchar_t> > >::~money_get()
001691e4 00000020 W std::money_get<wchar_t, std::istreambuf_iterator<wchar_t, std::char_traits<wchar_t> > >::~money_get()
00169204 00000020 W std::money_put<wchar_t, std::ostreambuf_iterator<wchar_t, std::char_traits<wchar_t> > >::~money_put()
00169204 00000020 W std::money_put<wchar_t, std::ostreambuf_iterator<wchar_t, std::char_traits<wchar_t> > >::~money_put()
00169224 00000020 W std::__timepunct_cache<wchar_t>::~__timepunct_cache()
00169224 00000020 W std::__timepunct_cache<wchar_t>::~__timepunct_cache()
00169244 00000020 W std::time_put<wchar_t, std::ostreambuf_iterator<wchar_t, std::char_traits<wchar_t> > >::~time_put()
00169244 00000020 W std::time_put<wchar_t, std::ostreambuf_iterator<wchar_t, std::char_traits<wchar_t> > >::~time_put()
00169264 00000020 W std::time_get<wchar_t, std::istreambuf_iterator<wchar_t, std::char_traits<wchar_t> > >::~time_get()
00169264 00000020 W std::time_get<wchar_t, std::istreambuf_iterator<wchar_t, std::char_traits<wchar_t> > >::~time_get()
00169284 00000028 W std::num_get<wchar_t, std::istreambuf_iterator<wchar_t, std::char_traits<wchar_t> > >::~num_get()
001692ac 00000028 W std::num_put<wchar_t, std::ostreambuf_iterator<wchar_t, std::char_traits<wchar_t> > >::~num_put()
001692d4 00000028 W std::money_get<wchar_t, std::istreambuf_iterator<wchar_t, std::char_traits<wchar_t> > >::~money_get()
001692fc 00000028 W std::money_put<wchar_t, std::ostreambuf_iterator<wchar_t, std::char_traits<wchar_t> > >::~money_put()
00169324 0000001c W std::__timepunct_cache<wchar_t>::~__timepunct_cache()
00169340 00000028 W std::time_put<wchar_t, std::ostreambuf_iterator<wchar_t, std::char_traits<wchar_t> > >::~time_put()
00169368 00000028 W std::time_get<wchar_t, std::istreambuf_iterator<wchar_t, std::char_traits<wchar_t> > >::~time_get()
00169390 00000070 W std::__moneypunct_cache<wchar_t, false>::~__moneypunct_cache()
00169390 00000070 W std::__moneypunct_cache<wchar_t, false>::~__moneypunct_cache()
00169400 0000001c W std::__moneypunct_cache<wchar_t, false>::~__moneypunct_cache()
0016941c 00000070 W std::__moneypunct_cache<wchar_t, true>::~__moneypunct_cache()
0016941c 00000070 W std::__moneypunct_cache<wchar_t, true>::~__moneypunct_cache()
0016948c 0000001c W std::__moneypunct_cache<wchar_t, true>::~__moneypunct_cache()
001694a8 00000060 W std::__numpunct_cache<wchar_t>::~__numpunct_cache()
001694a8 00000060 W std::__numpunct_cache<wchar_t>::~__numpunct_cache()
00169508 0000001c W std::__numpunct_cache<wchar_t>::~__numpunct_cache()
00169524 00000028 W std::messages<wchar_t>::~messages()
00169524 00000028 W std::messages<wchar_t>::~messages()
0016954c 0000001c W std::messages<wchar_t>::~messages()
00169568 00000028 W std::collate<wchar_t>::~collate()
00169568 00000028 W std::collate<wchar_t>::~collate()
00169590 00000060 W std::__timepunct<wchar_t>::~__timepunct()
00169590 00000060 W std::__timepunct<wchar_t>::~__timepunct()
001695f0 0000001c W std::__timepunct<wchar_t>::~__timepunct()
0016960c 00000028 t std::basic_streambuf<wchar_t, std::char_traits<wchar_t> >::sbumpc() [clone .isra.0]
00169634 00000058 t std::basic_string<wchar_t, std::char_traits<wchar_t>, std::allocator<wchar_t> >::~basic_string() [clone .isra.0]
0016968c 000000c0 t wchar_t* std::basic_string<wchar_t, std::char_traits<wchar_t>, std::allocator<wchar_t> >::_S_construct<wchar_t const*>(wchar_t const*, wchar_t const*, std::allocator<wchar_t> const&, std::forward_iterator_tag) [clone .isra.0]
0016974c 00000058 t std::basic_string<char, std::char_traits<char>, std::allocator<char> >::~basic_string() [clone .isra.0]
001697a4 00000030 W std::collate<wchar_t>::~collate()
001697d4 000000cc W std::moneypunct<wchar_t, false>::do_grouping() const
001698a0 000000cc W std::moneypunct<wchar_t, true>::do_grouping() const
0016996c 000000cc W std::numpunct<wchar_t>::do_grouping() const
00169a38 00000168 W std::collate<wchar_t>::do_compare(wchar_t const*, wchar_t const*, wchar_t const*, wchar_t const*) const
00169ba0 00000130 W std::time_put<wchar_t, std::ostreambuf_iterator<wchar_t, std::char_traits<wchar_t> > >::do_put(std::ostreambuf_iterator<wchar_t, std::char_traits<wchar_t> >, std::ios_base&, wchar_t, tm const*, char, char) const
00169cd0 000000d4 W std::moneypunct<wchar_t, false>::do_curr_symbol() const
00169da4 000000d4 W std::moneypunct<wchar_t, false>::do_positive_sign() const
00169e78 000000d4 W std::moneypunct<wchar_t, false>::do_negative_sign() const
00169f4c 000000d4 W std::moneypunct<wchar_t, true>::do_curr_symbol() const
0016a020 000000d4 W std::moneypunct<wchar_t, true>::do_positive_sign() const
0016a0f4 000000d4 W std::moneypunct<wchar_t, true>::do_negative_sign() const
0016a1c8 000000d4 W std::numpunct<wchar_t>::do_truename() const
0016a29c 000000d4 W std::numpunct<wchar_t>::do_falsename() const
0016a370 000002e0 W std::collate<wchar_t>::do_transform(wchar_t const*, wchar_t const*) const
0016a650 00000798 W std::__moneypunct_cache<wchar_t, false>::_M_cache(std::locale const&)
0016ade8 00000798 W std::__moneypunct_cache<wchar_t, true>::_M_cache(std::locale const&)
0016b580 000004d8 W std::__numpunct_cache<wchar_t>::_M_cache(std::locale const&)
0016ba58 000000b8 t std::__use_cache<std::__numpunct_cache<wchar_t> >::operator()(std::locale const&) const [clone .isra.0]
0016bb10 0000004c W std::__timepunct<wchar_t>::__timepunct(std::__timepunct_cache<wchar_t>*, unsigned int)
0016bb10 0000004c W std::__timepunct<wchar_t>::__timepunct(std::__timepunct_cache<wchar_t>*, unsigned int)
0016bb5c 0000026c W std::time_get<wchar_t, std::istreambuf_iterator<wchar_t, std::char_traits<wchar_t> > >::_M_extract_num(std::istreambuf_iterator<wchar_t, std::char_traits<wchar_t> >, std::istreambuf_iterator<wchar_t, std::char_traits<wchar_t> >, int&, int, int, unsigned int, std::ios_base&, std::_Ios_Iostate&) const
0016bdc8 0000003c W std::messages<wchar_t>::messages(unsigned int)
0016bdc8 0000003c W std::messages<wchar_t>::messages(unsigned int)
0016be04 00000178 W wchar_t* std::__add_grouping<wchar_t>(wchar_t*, wchar_t, char const*, unsigned int, wchar_t const*, wchar_t const*)
0016bf7c 000000b0 W std::num_put<wchar_t, std::ostreambuf_iterator<wchar_t, std::char_traits<wchar_t> > >::_M_group_float(char const*, unsigned int, wchar_t, wchar_t const*, wchar_t*, wchar_t*, int&) const
0016c02c 00000054 W std::num_put<wchar_t, std::ostreambuf_iterator<wchar_t, std::char_traits<wchar_t> > >::_M_group_int(char const*, unsigned int, wchar_t, std::ios_base&, wchar_t*, wchar_t*, int&) const
0016c080 00000628 W std::ostreambuf_iterator<wchar_t, std::char_traits<wchar_t> > std::money_put<wchar_t, std::ostreambuf_iterator<wchar_t, std::char_traits<wchar_t> > >::_M_insert<true>(std::ostreambuf_iterator<wchar_t, std::char_traits<wchar_t> >, std::ios_base&, wchar_t, std::basic_string<wchar_t, std::char_traits<wchar_t>, std::allocator<wchar_t> > const&) const
0016c6a8 000005c4 W std::ostreambuf_iterator<wchar_t, std::char_traits<wchar_t> > std::money_put<wchar_t, std::ostreambuf_iterator<wchar_t, std::char_traits<wchar_t> > >::_M_insert<false>(std::ostreambuf_iterator<wchar_t, std::char_traits<wchar_t> >, std::ios_base&, wchar_t, std::basic_string<wchar_t, std::char_traits<wchar_t>, std::allocator<wchar_t> > const&) const
0016cc6c 000001d0 W std::money_put<wchar_t, std::ostreambuf_iterator<wchar_t, std::char_traits<wchar_t> > >::do_put(std::ostreambuf_iterator<wchar_t, std::char_traits<wchar_t> >, bool, std::ios_base&, wchar_t, long double) const
0016ce3c 00000054 W std::money_put<wchar_t, std::ostreambuf_iterator<wchar_t, std::char_traits<wchar_t> > >::do_put(std::ostreambuf_iterator<wchar_t, std::char_traits<wchar_t> >, bool, std::ios_base&, wchar_t, std::basic_string<wchar_t, std::char_traits<wchar_t>, std::allocator<wchar_t> > const&) const
0016ce90 00000220 W std::__pad<wchar_t, std::char_traits<wchar_t> >::_S_pad(std::ios_base&, wchar_t, wchar_t*, wchar_t const*, int, int)
0016d0b0 00000034 W std::num_put<wchar_t, std::ostreambuf_iterator<wchar_t, std::char_traits<wchar_t> > >::_M_pad(wchar_t, int, std::ios_base&, wchar_t*, wchar_t const*, int&) const
0016d0e4 0000034c W std::ostreambuf_iterator<wchar_t, std::char_traits<wchar_t> > std::num_put<wchar_t, std::ostreambuf_iterator<wchar_t, std::char_traits<wchar_t> > >::_M_insert_float<double>(std::ostreambuf_iterator<wchar_t, std::char_traits<wchar_t> >, std::ios_base&, wchar_t, char, double) const
0016d430 0000003c W std::num_put<wchar_t, std::ostreambuf_iterator<wchar_t, std::char_traits<wchar_t> > >::do_put(std::ostreambuf_iterator<wchar_t, std::char_traits<wchar_t> >, std::ios_base&, wchar_t, double) const
0016d46c 0000034c W std::ostreambuf_iterator<wchar_t, std::char_traits<wchar_t> > std::num_put<wchar_t, std::ostreambuf_iterator<wchar_t, std::char_traits<wchar_t> > >::_M_insert_float<long double>(std::ostreambuf_iterator<wchar_t, std::char_traits<wchar_t> >, std::ios_base&, wchar_t, char, long double) const
0016d7b8 0000003c W std::num_put<wchar_t, std::ostreambuf_iterator<wchar_t, std::char_traits<wchar_t> > >::do_put(std::ostreambuf_iterator<wchar_t, std::char_traits<wchar_t> >, std::ios_base&, wchar_t, long double) const
0016d7f4 000000b4 W int std::__int_to_char<wchar_t, unsigned long>(wchar_t*, unsigned long, wchar_t const*, std::_Ios_Fmtflags, bool)
0016d8a8 00000238 W std::ostreambuf_iterator<wchar_t, std::char_traits<wchar_t> > std::num_put<wchar_t, std::ostreambuf_iterator<wchar_t, std::char_traits<wchar_t> > >::_M_insert_int<long>(std::ostreambuf_iterator<wchar_t, std::char_traits<wchar_t> >, std::ios_base&, wchar_t, long) const
0016dae0 0000003c W std::num_put<wchar_t, std::ostreambuf_iterator<wchar_t, std::char_traits<wchar_t> > >::do_put(std::ostreambuf_iterator<wchar_t, std::char_traits<wchar_t> >, std::ios_base&, wchar_t, long) const
0016db1c 000001b8 W std::num_put<wchar_t, std::ostreambuf_iterator<wchar_t, std::char_traits<wchar_t> > >::do_put(std::ostreambuf_iterator<wchar_t, std::char_traits<wchar_t> >, std::ios_base&, wchar_t, bool) const
0016dcd4 000001d4 W std::ostreambuf_iterator<wchar_t, std::char_traits<wchar_t> > std::num_put<wchar_t, std::ostreambuf_iterator<wchar_t, std::char_traits<wchar_t> > >::_M_insert_int<unsigned long>(std::ostreambuf_iterator<wchar_t, std::char_traits<wchar_t> >, std::ios_base&, wchar_t, unsigned long) const
0016dea8 0000003c W std::num_put<wchar_t, std::ostreambuf_iterator<wchar_t, std::char_traits<wchar_t> > >::do_put(std::ostreambuf_iterator<wchar_t, std::char_traits<wchar_t> >, std::ios_base&, wchar_t, unsigned long) const
0016dee4 0000006c W std::num_put<wchar_t, std::ostreambuf_iterator<wchar_t, std::char_traits<wchar_t> > >::do_put(std::ostreambuf_iterator<wchar_t, std::char_traits<wchar_t> >, std::ios_base&, wchar_t, void const*) const
0016df50 00000118 W int std::__int_to_char<wchar_t, unsigned long long>(wchar_t*, unsigned long long, wchar_t const*, std::_Ios_Fmtflags, bool)
0016e068 00000258 W std::ostreambuf_iterator<wchar_t, std::char_traits<wchar_t> > std::num_put<wchar_t, std::ostreambuf_iterator<wchar_t, std::char_traits<wchar_t> > >::_M_insert_int<long long>(std::ostreambuf_iterator<wchar_t, std::char_traits<wchar_t> >, std::ios_base&, wchar_t, long long) const
0016e2c0 0000003c W std::num_put<wchar_t, std::ostreambuf_iterator<wchar_t, std::char_traits<wchar_t> > >::do_put(std::ostreambuf_iterator<wchar_t, std::char_traits<wchar_t> >, std::ios_base&, wchar_t, long long) const
0016e2fc 000001f8 W std::ostreambuf_iterator<wchar_t, std::char_traits<wchar_t> > std::num_put<wchar_t, std::ostreambuf_iterator<wchar_t, std::char_traits<wchar_t> > >::_M_insert_int<unsigned long long>(std::ostreambuf_iterator<wchar_t, std::char_traits<wchar_t> >, std::ios_base&, wchar_t, unsigned long long) const
0016e4f4 0000003c W std::num_put<wchar_t, std::ostreambuf_iterator<wchar_t, std::char_traits<wchar_t> > >::do_put(std::ostreambuf_iterator<wchar_t, std::char_traits<wchar_t> >, std::ios_base&, wchar_t, unsigned long long) const
0016e530 000000fc W std::istreambuf_iterator<wchar_t, std::char_traits<wchar_t> >::equal(std::istreambuf_iterator<wchar_t, std::char_traits<wchar_t> > const&) const
0016e62c 0000007c W std::istreambuf_iterator<wchar_t, std::char_traits<wchar_t> >::_M_get() const
0016e6a8 00000d40 W std::num_get<wchar_t, std::istreambuf_iterator<wchar_t, std::char_traits<wchar_t> > >::_M_extract_float(std::istreambuf_iterator<wchar_t, std::char_traits<wchar_t> >, std::istreambuf_iterator<wchar_t, std::char_traits<wchar_t> >, std::ios_base&, std::_Ios_Iostate&, std::string&) const
0016f3e8 000001dc W std::num_get<wchar_t, std::istreambuf_iterator<wchar_t, std::char_traits<wchar_t> > >::do_get(std::istreambuf_iterator<wchar_t, std::char_traits<wchar_t> >, std::istreambuf_iterator<wchar_t, std::char_traits<wchar_t> >, std::ios_base&, std::_Ios_Iostate&, float&) const
0016f5c4 000001dc W std::num_get<wchar_t, std::istreambuf_iterator<wchar_t, std::char_traits<wchar_t> > >::do_get(std::istreambuf_iterator<wchar_t, std::char_traits<wchar_t> >, std::istreambuf_iterator<wchar_t, std::char_traits<wchar_t> >, std::ios_base&, std::_Ios_Iostate&, double&) const
0016f7a0 000001dc W std::num_get<wchar_t, std::istreambuf_iterator<wchar_t, std::char_traits<wchar_t> > >::do_get(std::istreambuf_iterator<wchar_t, std::char_traits<wchar_t> >, std::istreambuf_iterator<wchar_t, std::char_traits<wchar_t> >, std::ios_base&, std::_Ios_Iostate&, long double&) const
0016f97c 0000099c W std::istreambuf_iterator<wchar_t, std::char_traits<wchar_t> > std::num_get<wchar_t, std::istreambuf_iterator<wchar_t, std::char_traits<wchar_t> > >::_M_extract_int<long>(std::istreambuf_iterator<wchar_t, std::char_traits<wchar_t> >, std::istreambuf_iterator<wchar_t, std::char_traits<wchar_t> >, std::ios_base&, std::_Ios_Iostate&, long&) const
00170318 00000514 W std::num_get<wchar_t, std::istreambuf_iterator<wchar_t, std::char_traits<wchar_t> > >::do_get(std::istreambuf_iterator<wchar_t, std::char_traits<wchar_t> >, std::istreambuf_iterator<wchar_t, std::char_traits<wchar_t> >, std::ios_base&, std::_Ios_Iostate&, bool&) const
0017082c 00000048 W std::num_get<wchar_t, std::istreambuf_iterator<wchar_t, std::char_traits<wchar_t> > >::do_get(std::istreambuf_iterator<wchar_t, std::char_traits<wchar_t> >, std::istreambuf_iterator<wchar_t, std::char_traits<wchar_t> >, std::ios_base&, std::_Ios_Iostate&, long&) const
00170874 00000a64 W std::istreambuf_iterator<wchar_t, std::char_traits<wchar_t> > std::num_get<wchar_t, std::istreambuf_iterator<wchar_t, std::char_traits<wchar_t> > >::_M_extract_int<unsigned short>(std::istreambuf_iterator<wchar_t, std::char_traits<wchar_t> >, std::istreambuf_iterator<wchar_t, std::char_traits<wchar_t> >, std::ios_base&, std::_Ios_Iostate&, unsigned short&) const
001712d8 00000048 W std::num_get<wchar_t, std::istreambuf_iterator<wchar_t, std::char_traits<wchar_t> > >::do_get(std::istreambuf_iterator<wchar_t, std::char_traits<wchar_t> >, std::istreambuf_iterator<wchar_t, std::char_traits<wchar_t> >, std::ios_base&, std::_Ios_Iostate&, unsigned short&) const
00171320 00000a08 W std::istreambuf_iterator<wchar_t, std::char_traits<wchar_t> > std::num_get<wchar_t, std::istreambuf_iterator<wchar_t, std::char_traits<wchar_t> > >::_M_extract_int<unsigned int>(std::istreambuf_iterator<wchar_t, std::char_traits<wchar_t> >, std::istreambuf_iterator<wchar_t, std::char_traits<wchar_t> >, std::ios_base&, std::_Ios_Iostate&, unsigned int&) const
00171d28 00000048 W std::num_get<wchar_t, std::istreambuf_iterator<wchar_t, std::char_traits<wchar_t> > >::do_get(std::istreambuf_iterator<wchar_t, std::char_traits<wchar_t> >, std::istreambuf_iterator<wchar_t, std::char_traits<wchar_t> >, std::ios_base&, std::_Ios_Iostate&, unsigned int&) const
00171d70 00000a08 W std::istreambuf_iterator<wchar_t, std::char_traits<wchar_t> > std::num_get<wchar_t, std::istreambuf_iterator<wchar_t, std::char_traits<wchar_t> > >::_M_extract_int<unsigned long>(std::istreambuf_iterator<wchar_t, std::char_traits<wchar_t> >, std::istreambuf_iterator<wchar_t, std::char_traits<wchar_t> >, std::ios_base&, std::_Ios_Iostate&, unsigned long&) const
00172778 00000048 W std::num_get<wchar_t, std::istreambuf_iterator<wchar_t, std::char_traits<wchar_t> > >::do_get(std::istreambuf_iterator<wchar_t, std::char_traits<wchar_t> >, std::istreambuf_iterator<wchar_t, std::char_traits<wchar_t> >, std::ios_base&, std::_Ios_Iostate&, unsigned long&) const
001727c0 0000007c W std::num_get<wchar_t, std::istreambuf_iterator<wchar_t, std::char_traits<wchar_t> > >::do_get(std::istreambuf_iterator<wchar_t, std::char_traits<wchar_t> >, std::istreambuf_iterator<wchar_t, std::char_traits<wchar_t> >, std::ios_base&, std::_Ios_Iostate&, void*&) const
0017283c 00000a34 W std::istreambuf_iterator<wchar_t, std::char_traits<wchar_t> > std::num_get<wchar_t, std::istreambuf_iterator<wchar_t, std::char_traits<wchar_t> > >::_M_extract_int<long long>(std::istreambuf_iterator<wchar_t, std::char_traits<wchar_t> >, std::istreambuf_iterator<wchar_t, std::char_traits<wchar_t> >, std::ios_base&, std::_Ios_Iostate&, long long&) const
00173270 00000048 W std::num_get<wchar_t, std::istreambuf_iterator<wchar_t, std::char_traits<wchar_t> > >::do_get(std::istreambuf_iterator<wchar_t, std::char_traits<wchar_t> >, std::istreambuf_iterator<wchar_t, std::char_traits<wchar_t> >, std::ios_base&, std::_Ios_Iostate&, long long&) const
001732b8 00000af0 W std::istreambuf_iterator<wchar_t, std::char_traits<wchar_t> > std::num_get<wchar_t, std::istreambuf_iterator<wchar_t, std::char_traits<wchar_t> > >::_M_extract_int<unsigned long long>(std::istreambuf_iterator<wchar_t, std::char_traits<wchar_t> >, std::istreambuf_iterator<wchar_t, std::char_traits<wchar_t> >, std::ios_base&, std::_Ios_Iostate&, unsigned long long&) const
00173d35 N 
00173d35 N 
00173d35 N 
00173d35 N 
00173d35 N 
00173d35 N 
00173d35 N 
00173d35 N 
00173d35 N 
00173d35 N 
00173d35 N 
00173d35 N 
00173d35 N 
00173d35 N 
00173d35 N 
00173d35 N 
00173d35 N 
00173d35 N 
00173d35 N 
00173d35 N 
00173d35 N 
00173d35 N 
00173d35 N 
00173d35 N 
00173d35 N 
00173d35 N 
00173d35 N 
00173d35 N 
00173d35 N 
00173d35 N 
00173d35 N 
00173d35 W KoreanFFFEMemoryRule.cpp.e9ed3efa
00173da8 00000048 W std::num_get<wchar_t, std::istreambuf_iterator<wchar_t, std::char_traits<wchar_t> > >::do_get(std::istreambuf_iterator<wchar_t, std::char_traits<wchar_t> >, std::istreambuf_iterator<wchar_t, std::char_traits<wchar_t> >, std::ios_base&, std::_Ios_Iostate&, unsigned long long&) const
00173df0 000002f4 W std::time_get<wchar_t, std::istreambuf_iterator<wchar_t, std::char_traits<wchar_t> > >::do_get_year(std::istreambuf_iterator<wchar_t, std::char_traits<wchar_t> >, std::istreambuf_iterator<wchar_t, std::char_traits<wchar_t> >, std::ios_base&, std::_Ios_Iostate&, tm*) const
001740e4 00000af0 W std::time_get<wchar_t, std::istreambuf_iterator<wchar_t, std::char_traits<wchar_t> > >::_M_extract_name(std::istreambuf_iterator<wchar_t, std::char_traits<wchar_t> >, std::istreambuf_iterator<wchar_t, std::char_traits<wchar_t> >, int&, wchar_t const**, unsigned int, std::ios_base&, std::_Ios_Iostate&) const
00174bd4 000005b4 W std::time_get<wchar_t, std::istreambuf_iterator<wchar_t, std::char_traits<wchar_t> > >::_M_extract_wday_or_month(std::istreambuf_iterator<wchar_t, std::char_traits<wchar_t> >, std::istreambuf_iterator<wchar_t, std::char_traits<wchar_t> >, int&, wchar_t const**, unsigned int, std::ios_base&, std::_Ios_Iostate&) const
00175188 00000258 W std::time_get<wchar_t, std::istreambuf_iterator<wchar_t, std::char_traits<wchar_t> > >::do_get_weekday(std::istreambuf_iterator<wchar_t, std::char_traits<wchar_t> >, std::istreambuf_iterator<wchar_t, std::char_traits<wchar_t> >, std::ios_base&, std::_Ios_Iostate&, tm*) const
001753e0 000002d0 W std::time_get<wchar_t, std::istreambuf_iterator<wchar_t, std::char_traits<wchar_t> > >::do_get_monthname(std::istreambuf_iterator<wchar_t, std::char_traits<wchar_t> >, std::istreambuf_iterator<wchar_t, std::char_traits<wchar_t> >, std::ios_base&, std::_Ios_Iostate&, tm*) const
001756b0 000016e4 W std::time_get<wchar_t, std::istreambuf_iterator<wchar_t, std::char_traits<wchar_t> > >::_M_extract_via_format(std::istreambuf_iterator<wchar_t, std::char_traits<wchar_t> >, std::istreambuf_iterator<wchar_t, std::char_traits<wchar_t> >, std::ios_base&, std::_Ios_Iostate&, tm*, wchar_t const*, std::__time_get_state&) const
001756b0 000016e4 t std::time_get<wchar_t, std::istreambuf_iterator<wchar_t, std::char_traits<wchar_t> > >::_M_extract_via_format(std::istreambuf_iterator<wchar_t, std::char_traits<wchar_t> >, std::istreambuf_iterator<wchar_t, std::char_traits<wchar_t> >, std::ios_base&, std::_Ios_Iostate&, tm*, wchar_t const*, std::__time_get_state&) const [clone .localalias]
00176d94 000001d0 W std::time_get<wchar_t, std::istreambuf_iterator<wchar_t, std::char_traits<wchar_t> > >::do_get_time(std::istreambuf_iterator<wchar_t, std::char_traits<wchar_t> >, std::istreambuf_iterator<wchar_t, std::char_traits<wchar_t> >, std::ios_base&, std::_Ios_Iostate&, tm*) const
00176f64 000001d0 W std::time_get<wchar_t, std::istreambuf_iterator<wchar_t, std::char_traits<wchar_t> > >::do_get_date(std::istreambuf_iterator<wchar_t, std::char_traits<wchar_t> >, std::istreambuf_iterator<wchar_t, std::char_traits<wchar_t> >, std::ios_base&, std::_Ios_Iostate&, tm*) const
00177134 0000103c W std::istreambuf_iterator<wchar_t, std::char_traits<wchar_t> > std::money_get<wchar_t, std::istreambuf_iterator<wchar_t, std::char_traits<wchar_t> > >::_M_extract<true>(std::istreambuf_iterator<wchar_t, std::char_traits<wchar_t> >, std::istreambuf_iterator<wchar_t, std::char_traits<wchar_t> >, std::ios_base&, std::_Ios_Iostate&, std::string&) const
00178170 0000103c W std::istreambuf_iterator<wchar_t, std::char_traits<wchar_t> > std::money_get<wchar_t, std::istreambuf_iterator<wchar_t, std::char_traits<wchar_t> > >::_M_extract<false>(std::istreambuf_iterator<wchar_t, std::char_traits<wchar_t> >, std::istreambuf_iterator<wchar_t, std::char_traits<wchar_t> >, std::ios_base&, std::_Ios_Iostate&, std::string&) const
001791ac 000000fc W std::money_get<wchar_t, std::istreambuf_iterator<wchar_t, std::char_traits<wchar_t> > >::do_get(std::istreambuf_iterator<wchar_t, std::char_traits<wchar_t> >, std::istreambuf_iterator<wchar_t, std::char_traits<wchar_t> >, bool, std::ios_base&, std::_Ios_Iostate&, long double&) const
001792a8 00000190 W std::money_get<wchar_t, std::istreambuf_iterator<wchar_t, std::char_traits<wchar_t> > >::do_get(std::istreambuf_iterator<wchar_t, std::char_traits<wchar_t> >, std::istreambuf_iterator<wchar_t, std::char_traits<wchar_t> >, bool, std::ios_base&, std::_Ios_Iostate&, std::basic_string<wchar_t, std::char_traits<wchar_t>, std::allocator<wchar_t> >&) const
00179438 000000f4 t _GLOBAL__sub_I__ZNSt12ctype_bynameIwEC2ERKSsj
0017952c 0000005c W std::__cxx11::basic_string<wchar_t, std::char_traits<wchar_t>, std::allocator<wchar_t> >::_M_create(unsigned int&, unsigned int)
00179588 00000014 W std::__cxx11::basic_string<wchar_t, std::char_traits<wchar_t>, std::allocator<wchar_t> >::_M_dispose()
0017959c 00000090 W std::__cxx11::basic_string<wchar_t, std::char_traits<wchar_t>, std::allocator<wchar_t> >::_M_construct(unsigned int, wchar_t)
0017962c 00000104 W std::__cxx11::basic_string<wchar_t, std::char_traits<wchar_t>, std::allocator<wchar_t> >::_M_mutate(unsigned int, unsigned int, wchar_t const*, unsigned int)
00179730 0000009c W std::__cxx11::basic_string<wchar_t, std::char_traits<wchar_t>, std::allocator<wchar_t> >::reserve(unsigned int)
001797cc 00000108 W std::__cxx11::basic_string<wchar_t, std::char_traits<wchar_t>, std::allocator<wchar_t> >::_M_replace_aux(unsigned int, unsigned int, unsigned int, wchar_t)
001798d4 00000044 W std::__cxx11::basic_string<wchar_t, std::char_traits<wchar_t>, std::allocator<wchar_t> >::resize(unsigned int, wchar_t)
00179918 00000144 W std::__cxx11::basic_string<wchar_t, std::char_traits<wchar_t>, std::allocator<wchar_t> >::_M_replace_cold(wchar_t*, unsigned int, wchar_t const*, unsigned int, unsigned int)
00179a5c 00000130 W std::__cxx11::basic_string<wchar_t, std::char_traits<wchar_t>, std::allocator<wchar_t> >::_M_replace(unsigned int, unsigned int, wchar_t const*, unsigned int)
00179b8c 0000008c W std::__cxx11::basic_string<wchar_t, std::char_traits<wchar_t>, std::allocator<wchar_t> >::_M_append(wchar_t const*, unsigned int)
00179c18 00000088 W std::__cxx11::basic_string<wchar_t, std::char_traits<wchar_t>, std::allocator<wchar_t> >::copy(wchar_t*, unsigned int, unsigned int) const
00179ca0 000000a8 W void std::__cxx11::basic_string<wchar_t, std::char_traits<wchar_t>, std::allocator<wchar_t> >::_M_construct<true>(wchar_t const*, unsigned int)
00179d48 0000000c T std::bad_alloc::what() const
00179d54 00000020 T std::bad_alloc::~bad_alloc()
00179d54 00000020 T std::bad_alloc::~bad_alloc()
00179d74 0000002c T std::bad_alloc::~bad_alloc()
00179da0 0000000c T std::bad_array_new_length::what() const
00179dac 00000020 T std::bad_array_new_length::~bad_array_new_length()
00179dac 00000020 T std::bad_array_new_length::~bad_array_new_length()
00179dcc 0000002c T std::bad_array_new_length::~bad_array_new_length()
00179df8 0000000c T std::bad_cast::what() const
00179e04 00000020 T std::bad_cast::~bad_cast()
00179e04 00000020 T std::bad_cast::~bad_cast()
00179e24 0000002c T std::bad_cast::~bad_cast()
00179e50 00000014 T __cxxabiv1::__class_type_info::__do_find_public_src(int, void const*, __cxxabiv1::__class_type_info const*, void const*) const
00179e64 00000020 T __cxxabiv1::__class_type_info::~__class_type_info()
00179e64 00000020 T __cxxabiv1::__class_type_info::~__class_type_info()
00179e84 0000002c T __cxxabiv1::__class_type_info::~__class_type_info()
00179eb0 00000084 T __cxxabiv1::__class_type_info::__do_dyncast(int, __cxxabiv1::__class_type_info::__sub_kind, __cxxabiv1::__class_type_info const*, void const*, __cxxabiv1::__class_type_info const*, void const*, __cxxabiv1::__class_type_info::__dyncast_result&) const
00179f34 00000038 T __cxxabiv1::__class_type_info::__do_upcast(__cxxabiv1::__class_type_info const*, void const*, __cxxabiv1::__class_type_info::__upcast_result&) const
00179f6c 00000090 T __cxxabiv1::__class_type_info::__do_upcast(__cxxabiv1::__class_type_info const*, void**) const
00179ffc 0000005c T __cxxabiv1::__class_type_info::__do_catch(std::type_info const*, void**, unsigned int) const
0017a058 00000004 T operator delete(void*, unsigned int)
0017a05c 00000184 T __dynamic_cast
0017a1e0 000000f4 t (anonymous namespace)::pool::free(void*) [clone .constprop.0]
0017a2d4 000000b8 t (anonymous namespace)::pool::allocate(unsigned int) [clone .constprop.0]
0017a38c 00000044 T __cxa_allocate_exception
0017a3d0 00000028 T __cxa_free_exception
0017a3f8 000001a0 t _GLOBAL__sub_I__ZN9__gnu_cxx9__freeresEv
0017a598 00000018 t _GLOBAL__sub_D__ZN9__gnu_cxx9__freeresEv
0017a5b0 T __cxa_end_cleanup
0017a5c0 00000138 T __cxa_type_match
0017a6f8 000000b4 T __cxa_begin_cleanup
0017a7ac 000000b0 T __gnu_end_cleanup
0017a85c 0000002c T __cxa_throw_bad_array_new_length
0017a888 00000070 t __cxxabiv1::__is_gxx_exception_class(char*)
0017a8f8 0000002c T __cxa_call_terminate
0017a924 0000014c T __cxa_call_unexpected
0017aa70 000000e0 T __cxa_begin_catch
0017ab50 000000e0 T __cxa_end_catch
0017ac30 00000018 T std::uncaught_exception()
0017ac48 00000004 T std::exception::~exception()
0017ac48 00000004 T std::exception::~exception()
0017ac4c 00000004 T std::bad_exception::~bad_exception()
0017ac4c 00000004 T std::bad_exception::~bad_exception()
0017ac50 0000000c T transaction clone for std::bad_exception::what() const
0017ac50 0000000c T std::bad_exception::what() const
0017ac5c 00000020 T std::bad_exception::~bad_exception()
0017ac7c 00000038 t eh_globals_dtor(void*)
0017acb4 00000038 T __cxa_get_globals_fast
0017acec 00000090 T __cxa_get_globals
0017ad7c 00000030 t _GLOBAL__sub_I__ZN17__eh_globals_init7_S_initE
0017adac 00000034 t _GLOBAL__sub_D__ZN17__eh_globals_init7_S_initE
0017ade0 00000150 t read_encoded_value_with_base(unsigned char, unsigned int, unsigned char const*, unsigned int*)
0017af30 00000058 t base_of_encoded_value(unsigned char, _Unwind_Context*)
0017af88 000000f0 t parse_lsda_header(_Unwind_Context*, unsigned char const*, lsda_header_info*)
0017b078 0000074c T __gxx_personality_v0
0017b7c4 00000014 T __cxxabiv1::__terminate(void (*)())
0017b7d8 00000018 T std::terminate()
0017b7f0 0000000c T __cxxabiv1::__unexpected(void (*)())
0017b7fc 00000018 T std::unexpected()
0017b814 00000014 T std::get_terminate()
0017b828 00000014 T std::get_unexpected()
0017b83c 00000070 t __gxx_exception_cleanup(_Unwind_Reason_Code, _Unwind_Control_Block*)
0017b8ac 00000080 T __cxa_throw
0017b92c 000000b0 T __cxa_rethrow
0017b9dc 0000000c W __gnu_cxx::__concurrence_broadcast_error::what() const
0017b9e8 0000000c W __gnu_cxx::__concurrence_wait_error::what() const
0017b9f8 00000038 t (anonymous namespace)::init()
0017ba30 00000024 t (anonymous namespace)::init_static_cond()
0017ba54 00000020 W __gnu_cxx::__concurrence_wait_error::~__concurrence_wait_error()
0017ba54 00000020 W __gnu_cxx::__concurrence_wait_error::~__concurrence_wait_error()
0017ba74 0000002c W __gnu_cxx::__concurrence_wait_error::~__concurrence_wait_error()
0017baa0 00000020 W __gnu_cxx::__concurrence_broadcast_error::~__concurrence_broadcast_error()
0017baa0 00000020 W __gnu_cxx::__concurrence_broadcast_error::~__concurrence_broadcast_error()
0017bac0 0000002c W __gnu_cxx::__concurrence_broadcast_error::~__concurrence_broadcast_error()
0017baec 0000002c W __gnu_cxx::__throw_concurrence_broadcast_error()
0017bb18 00000124 T __cxa_guard_acquire
0017bc3c 0000008c T __cxa_guard_release
0017bcc8 00000014 T std::get_new_handler()
0017bcdc 0000001c T operator new[](unsigned int, std::nothrow_t const&)
0017bcf8 00000020 T __cxxabiv1::__si_class_type_info::~__si_class_type_info()
0017bcf8 00000020 T __cxxabiv1::__si_class_type_info::~__si_class_type_info()
0017bd18 0000002c T __cxxabiv1::__si_class_type_info::~__si_class_type_info()
0017bd44 0000006c T __cxxabiv1::__si_class_type_info::__do_find_public_src(int, void const*, __cxxabiv1::__class_type_info const*, void const*) const
0017bdb0 000000e4 T __cxxabiv1::__si_class_type_info::__do_dyncast(int, __cxxabiv1::__class_type_info::__sub_kind, __cxxabiv1::__class_type_info const*, void const*, __cxxabiv1::__class_type_info const*, void const*, __cxxabiv1::__class_type_info::__dyncast_result&) const
0017be94 00000044 T __cxxabiv1::__si_class_type_info::__do_upcast(__cxxabiv1::__class_type_info const*, void const*, __cxxabiv1::__class_type_info::__upcast_result&) const
0017bed8 00000004 T std::type_info::~type_info()
0017bed8 00000004 T std::type_info::~type_info()
0017bedc 00000008 T std::type_info::__is_pointer_p() const
0017bedc 00000008 T std::type_info::__is_function_p() const
0017bee4 0000004c T std::type_info::__equal(std::type_info const&) const
0017bee4 0000004c T std::type_info::operator==(std::type_info const&) const
0017bf30 00000020 T __cxxabiv1::__vmi_class_type_info::~__vmi_class_type_info()
0017bf30 00000020 T __cxxabiv1::__vmi_class_type_info::~__vmi_class_type_info()
0017bf50 0000002c T __cxxabiv1::__vmi_class_type_info::~__vmi_class_type_info()
0017bf7c 000000cc T __cxxabiv1::__vmi_class_type_info::__do_find_public_src(int, void const*, __cxxabiv1::__class_type_info const*, void const*) const
0017c048 000006ac T __cxxabiv1::__vmi_class_type_info::__do_dyncast(int, __cxxabiv1::__class_type_info::__sub_kind, __cxxabiv1::__class_type_info const*, void const*, __cxxabiv1::__class_type_info const*, void const*, __cxxabiv1::__class_type_info::__dyncast_result&) const
0017c6f4 00000264 t __cxxabiv1::__vmi_class_type_info::__do_upcast(__cxxabiv1::__class_type_info const*, void const*, __cxxabiv1::__class_type_info::__upcast_result&) const [clone .part.0]
0017c958 00000038 T __cxxabiv1::__vmi_class_type_info::__do_upcast(__cxxabiv1::__class_type_info const*, void const*, __cxxabiv1::__class_type_info::__upcast_result&) const
0017c990 00000068 t std::(anonymous namespace)::__set_C_locale()
0017c9f8 000000c4 T void std::__convert_to_v<float>(char const*, float&, std::_Ios_Iostate&, int* const&)
0017cac0 000000dc T void std::__convert_to_v<double>(char const*, double&, std::_Ios_Iostate&, int* const&)
0017cba0 000000d0 T void std::__convert_to_v<long double>(char const*, long double&, std::_Ios_Iostate&, int* const&)
0017cc70 00000034 T std::locale::facet::_S_create_c_locale(int*&, char const*, int*)
0017cca4 0000000c T std::locale::facet::_S_destroy_c_locale(int*&)
0017ccb0 0000001c T std::codecvt<char, char, _mbstate_t>::do_in(_mbstate_t&, char const*, char const*, char const*&, char*, char*, char*&) const
0017ccb0 0000001c T std::codecvt<char, char, _mbstate_t>::do_out(_mbstate_t&, char const*, char const*, char const*&, char*, char*, char*&) const
0017cccc 00000010 T std::codecvt<char, char, _mbstate_t>::do_unshift(_mbstate_t&, char*, char*, char*&) const
0017cccc 00000010 T std::codecvt<wchar_t, char, _mbstate_t>::do_unshift(_mbstate_t&, char*, char*, char*&) const
0017ccdc 00000008 T std::codecvt<char, char, _mbstate_t>::do_encoding() const
0017ccdc 00000008 T std::codecvt<char, char, _mbstate_t>::do_max_length() const
0017cce4 00000008 T std::codecvt<char, char, _mbstate_t>::do_always_noconv() const
0017ccec 00000014 T std::codecvt<char, char, _mbstate_t>::do_length(_mbstate_t&, char const*, char const*, unsigned int) const
0017cd00 00000008 T std::codecvt<wchar_t, char, _mbstate_t>::do_always_noconv() const
0017cd08 00000048 T std::codecvt<char, char, _mbstate_t>::~codecvt()
0017cd08 00000048 T std::codecvt<char, char, _mbstate_t>::~codecvt()
0017cd50 00000048 T std::codecvt<wchar_t, char, _mbstate_t>::~codecvt()
0017cd50 00000048 T std::codecvt<wchar_t, char, _mbstate_t>::~codecvt()
0017cd98 0000005c T std::codecvt<char, char, _mbstate_t>::~codecvt()
0017cdf4 0000005c T std::codecvt<wchar_t, char, _mbstate_t>::~codecvt()
0017ce50 00000048 T std::codecvt<char, char, _mbstate_t>::codecvt(unsigned int)
0017ce50 00000048 T std::codecvt<char, char, _mbstate_t>::codecvt(unsigned int)
0017ce98 00000048 T std::codecvt<wchar_t, char, _mbstate_t>::codecvt(unsigned int)
0017ce98 00000048 T std::codecvt<wchar_t, char, _mbstate_t>::codecvt(unsigned int)
0017cee0 0000015c T std::codecvt<wchar_t, char, _mbstate_t>::do_out(_mbstate_t&, wchar_t const*, wchar_t const*, wchar_t const*&, char*, char*, char*&) const
0017d03c 000000c0 T std::codecvt<wchar_t, char, _mbstate_t>::do_in(_mbstate_t&, char const*, char const*, char const*&, wchar_t*, wchar_t*, wchar_t*&) const
0017d0fc 00000028 T std::codecvt<wchar_t, char, _mbstate_t>::do_encoding() const
0017d124 0000001c T std::codecvt<wchar_t, char, _mbstate_t>::do_max_length() const
0017d140 000000a0 T std::codecvt<wchar_t, char, _mbstate_t>::do_length(_mbstate_t&, char const*, char const*, unsigned int) const
0017d1e0 00000020 T std::__cxx11::collate<char>::_M_compare(char const*, char const*) const
0017d200 00000010 T std::__cxx11::collate<char>::_M_transform(char*, char const*, unsigned int) const
0017d210 00000020 T std::__cxx11::collate<wchar_t>::_M_compare(wchar_t const*, wchar_t const*) const
0017d230 00000010 T std::__cxx11::collate<wchar_t>::_M_transform(wchar_t*, wchar_t const*, unsigned int) const
0017d240 00000020 T std::collate<char>::_M_compare(char const*, char const*) const
0017d260 00000010 T std::collate<char>::_M_transform(char*, char const*, unsigned int) const
0017d270 00000020 T std::collate<wchar_t>::_M_compare(wchar_t const*, wchar_t const*) const
0017d290 00000010 T std::collate<wchar_t>::_M_transform(wchar_t*, wchar_t const*, unsigned int) const
0017d2a0 00000048 T std::ios_base::_M_init()
0017d2e8 000000d8 t std::(anonymous namespace)::day_of_the_week(int, int, int)
0017d3c0 000000e4 T std::__num_base::_S_format_float(std::ios_base const&, char*, char)
0017d4a4 000000e0 T std::__verify_grouping_impl(char const*, unsigned int, char const*, unsigned int)
0017d584 0000000c T std::__verify_grouping(char const*, unsigned int, std::string const&)
0017d590 000006c8 T std::__time_get_state::_M_finalize_state(tm*)
0017dc58 000000cc T std::__cxx11::messages<char>::do_get(int, int, int, std::__cxx11::basic_string<char, std::char_traits<char>, std::allocator<char> > const&) const
0017dd24 000000c8 T std::__cxx11::messages<wchar_t>::do_get(int, int, int, std::__cxx11::basic_string<wchar_t, std::char_traits<wchar_t>, std::allocator<wchar_t> > const&) const
0017ddec 00000088 T std::messages<char>::do_get(int, int, int, std::string const&) const
0017de74 00000088 T std::messages<wchar_t>::do_get(int, int, int, std::basic_string<wchar_t, std::char_traits<wchar_t>, std::allocator<wchar_t> > const&) const
0017defc 00000020 T std::__verify_grouping(char const*, unsigned int, std::__cxx11::basic_string<char, std::char_traits<char>, std::allocator<char> > const&)
0017df1c 00000108 T std::__cxx11::moneypunct<char, true>::_M_initialize_moneypunct(int*, char const*)
0017e024 00000108 T std::__cxx11::moneypunct<char, false>::_M_initialize_moneypunct(int*, char const*)
0017e12c 00000048 T std::__cxx11::moneypunct<char, true>::~moneypunct()
0017e12c 00000048 T std::__cxx11::moneypunct<char, true>::~moneypunct()
0017e174 0000005c T std::__cxx11::moneypunct<char, true>::~moneypunct()
0017e1d0 00000048 T std::__cxx11::moneypunct<char, false>::~moneypunct()
0017e1d0 00000048 T std::__cxx11::moneypunct<char, false>::~moneypunct()
0017e218 0000005c T std::__cxx11::moneypunct<char, false>::~moneypunct()
0017e274 00000118 T std::__cxx11::moneypunct<wchar_t, true>::_M_initialize_moneypunct(int*, char const*)
0017e38c 00000118 T std::__cxx11::moneypunct<wchar_t, false>::_M_initialize_moneypunct(int*, char const*)
0017e4a4 00000048 T std::__cxx11::moneypunct<wchar_t, true>::~moneypunct()
0017e4a4 00000048 T std::__cxx11::moneypunct<wchar_t, true>::~moneypunct()
0017e4ec 0000005c T std::__cxx11::moneypunct<wchar_t, true>::~moneypunct()
0017e548 00000048 T std::__cxx11::moneypunct<wchar_t, false>::~moneypunct()
0017e548 00000048 T std::__cxx11::moneypunct<wchar_t, false>::~moneypunct()
0017e590 0000005c T std::__cxx11::moneypunct<wchar_t, false>::~moneypunct()
0017e5ec 00000108 T std::moneypunct<char, true>::_M_initialize_moneypunct(int*, char const*)
0017e6f4 00000108 T std::moneypunct<char, false>::_M_initialize_moneypunct(int*, char const*)
0017e7fc 00000078 T std::moneypunct<char, true>::~moneypunct()
0017e7fc 00000078 T std::moneypunct<char, true>::~moneypunct()
0017e874 00000028 T std::moneypunct<char, true>::~moneypunct()
0017e89c 00000078 T std::moneypunct<char, false>::~moneypunct()
0017e89c 00000078 T std::moneypunct<char, false>::~moneypunct()
0017e914 00000028 T std::moneypunct<char, false>::~moneypunct()
0017e93c 00000118 T std::moneypunct<wchar_t, true>::_M_initialize_moneypunct(int*, char const*)
0017ea54 00000118 T std::moneypunct<wchar_t, false>::_M_initialize_moneypunct(int*, char const*)
0017eb6c 00000078 T std::moneypunct<wchar_t, true>::~moneypunct()
0017eb6c 00000078 T std::moneypunct<wchar_t, true>::~moneypunct()
0017ebe4 00000028 T std::moneypunct<wchar_t, true>::~moneypunct()
0017ec0c 00000078 T std::moneypunct<wchar_t, false>::~moneypunct()
0017ec0c 00000078 T std::moneypunct<wchar_t, false>::~moneypunct()
0017ec84 00000028 T std::moneypunct<wchar_t, false>::~moneypunct()
0017ecac 0000011c T std::__cxx11::numpunct<char>::_M_initialize_numpunct(int*)
0017edc8 00000048 T std::__cxx11::numpunct<char>::~numpunct()
0017edc8 00000048 T std::__cxx11::numpunct<char>::~numpunct()
0017ee10 0000005c T std::__cxx11::numpunct<char>::~numpunct()
0017ee6c 00000104 T std::__cxx11::numpunct<wchar_t>::_M_initialize_numpunct(int*)
0017ef70 00000048 T std::__cxx11::numpunct<wchar_t>::~numpunct()
0017ef70 00000048 T std::__cxx11::numpunct<wchar_t>::~numpunct()
0017efb8 0000005c T std::__cxx11::numpunct<wchar_t>::~numpunct()
0017f014 0000011c T std::numpunct<char>::_M_initialize_numpunct(int*)
0017f130 00000078 T std::numpunct<char>::~numpunct()
0017f130 00000078 T std::numpunct<char>::~numpunct()
0017f1a8 00000028 T std::numpunct<char>::~numpunct()
0017f1d0 00000104 T std::numpunct<wchar_t>::_M_initialize_numpunct(int*)
0017f2d4 00000078 T std::numpunct<wchar_t>::~numpunct()
0017f2d4 00000078 T std::numpunct<wchar_t>::~numpunct()
0017f34c 00000028 T std::numpunct<wchar_t>::~numpunct()
0017f374 00000008 T std::logic_error::what() const
0017f374 00000008 T std::runtime_error::what() const
0017f37c 00000078 T std::logic_error::~logic_error()
0017f37c 00000078 T std::logic_error::~logic_error()
0017f3f4 00000078 T std::runtime_error::~runtime_error()
0017f3f4 00000078 T std::runtime_error::~runtime_error()
0017f46c 00000080 T std::runtime_error::~runtime_error()
0017f4ec 00000078 T std::length_error::~length_error()
0017f4ec 00000078 T std::length_error::~length_error()
0017f564 00000078 T std::out_of_range::~out_of_range()
0017f564 00000078 T std::out_of_range::~out_of_range()
0017f5dc 00000080 T std::logic_error::~logic_error()
0017f65c 00000080 T std::length_error::~length_error()
0017f6dc 00000080 T std::out_of_range::~out_of_range()
0017f75c 00000098 T std::__timepunct<char>::_M_put(char*, unsigned int, char const*, tm const*) const
0017f7f4 00000304 T std::__timepunct<char>::_M_initialize_timepunct(int*)
0017faf8 00000098 T std::__timepunct<wchar_t>::_M_put(wchar_t*, unsigned int, wchar_t const*, tm const*) const
0017fb90 00000304 T std::__timepunct<wchar_t>::_M_initialize_timepunct(int*)
0017fe94 00000010 T std::__codecvt_utf8_base<char32_t>::do_unshift(_mbstate_t&, char*, char*, char*&) const
0017fe94 00000010 T std::__codecvt_utf8_base<char16_t>::do_unshift(_mbstate_t&, char*, char*, char*&) const
0017fe94 00000010 T std::__codecvt_utf8_base<wchar_t>::do_unshift(_mbstate_t&, char*, char*, char*&) const
0017fe94 00000010 T std::__codecvt_utf16_base<char32_t>::do_unshift(_mbstate_t&, char*, char*, char*&) const
0017fe94 00000010 T std::__codecvt_utf16_base<char16_t>::do_unshift(_mbstate_t&, char*, char*, char*&) const
0017fe94 00000010 T std::__codecvt_utf16_base<wchar_t>::do_unshift(_mbstate_t&, char*, char*, char*&) const
0017fe94 00000010 T std::__codecvt_utf8_utf16_base<char32_t>::do_unshift(_mbstate_t&, char*, char*, char*&) const
0017fe94 00000010 T std::__codecvt_utf8_utf16_base<char16_t>::do_unshift(_mbstate_t&, char*, char*, char*&) const
0017fe94 00000010 T std::__codecvt_utf8_utf16_base<wchar_t>::do_unshift(_mbstate_t&, char*, char*, char*&) const
0017fe94 00000010 T std::codecvt<char32_t, char, _mbstate_t>::do_unshift(_mbstate_t&, char*, char*, char*&) const
0017fe94 00000010 T std::codecvt<char16_t, char, _mbstate_t>::do_unshift(_mbstate_t&, char*, char*, char*&) const
0017fea4 00000008 T std::__codecvt_utf8_base<char32_t>::do_encoding() const
0017fea4 00000008 T std::__codecvt_utf8_base<char16_t>::do_encoding() const
0017fea4 00000008 T std::__codecvt_utf8_base<wchar_t>::do_encoding() const
0017fea4 00000008 T std::__codecvt_utf16_base<char32_t>::do_encoding() const
0017fea4 00000008 T std::__codecvt_utf16_base<char16_t>::do_encoding() const
0017fea4 00000008 T std::__codecvt_utf16_base<wchar_t>::do_encoding() const
0017fea4 00000008 T std::__codecvt_utf8_utf16_base<char32_t>::do_encoding() const
0017fea4 00000008 T std::__codecvt_utf8_utf16_base<char16_t>::do_encoding() const
0017fea4 00000008 T std::__codecvt_utf8_utf16_base<wchar_t>::do_encoding() const
0017fea4 00000008 T std::codecvt<char32_t, char8_t, _mbstate_t>::do_encoding() const
0017fea4 00000008 T std::codecvt<char32_t, char, _mbstate_t>::do_encoding() const
0017fea4 00000008 T std::codecvt<char16_t, char8_t, _mbstate_t>::do_encoding() const
0017fea4 00000008 T std::codecvt<char16_t, char, _mbstate_t>::do_encoding() const
0017feac 00000008 T std::__codecvt_utf8_base<char32_t>::do_always_noconv() const
0017feac 00000008 T std::__codecvt_utf8_base<char16_t>::do_always_noconv() const
0017feac 00000008 T std::__codecvt_utf8_base<wchar_t>::do_always_noconv() const
0017feac 00000008 T std::__codecvt_utf16_base<char32_t>::do_always_noconv() const
0017feac 00000008 T std::__codecvt_utf16_base<char16_t>::do_always_noconv() const
0017feac 00000008 T std::__codecvt_utf16_base<wchar_t>::do_always_noconv() const
0017feac 00000008 T std::__codecvt_utf8_utf16_base<char32_t>::do_always_noconv() const
0017feac 00000008 T std::__codecvt_utf8_utf16_base<char16_t>::do_always_noconv() const
0017feac 00000008 T std::__codecvt_utf8_utf16_base<wchar_t>::do_always_noconv() const
0017feac 00000008 T std::codecvt<char32_t, char8_t, _mbstate_t>::do_always_noconv() const
0017feac 00000008 T std::codecvt<char32_t, char, _mbstate_t>::do_always_noconv() const
0017feac 00000008 T std::codecvt<char16_t, char8_t, _mbstate_t>::do_always_noconv() const
0017feac 00000008 T std::codecvt<char16_t, char, _mbstate_t>::do_always_noconv() const
0017feb4 00000008 T std::codecvt<char32_t, char8_t, _mbstate_t>::do_max_length() const
0017feb4 00000008 T std::codecvt<char32_t, char, _mbstate_t>::do_max_length() const
0017feb4 00000008 T std::codecvt<char16_t, char8_t, _mbstate_t>::do_max_length() const
0017feb4 00000008 T std::codecvt<char16_t, char, _mbstate_t>::do_max_length() const
0017febc 00000010 T std::codecvt<char32_t, char8_t, _mbstate_t>::do_unshift(_mbstate_t&, char8_t*, char8_t*, char8_t*&) const
0017febc 00000010 T std::codecvt<char16_t, char8_t, _mbstate_t>::do_unshift(_mbstate_t&, char8_t*, char8_t*, char8_t*&) const
0017fecc 000001c0 t char32_t std::(anonymous namespace)::read_utf8_code_point<char>(std::(anonymous namespace)::range<char const, true>&, unsigned long)
0018008c 000001c0 t char32_t std::(anonymous namespace)::read_utf8_code_point<char8_t>(std::(anonymous namespace)::range<char8_t const, true>&, unsigned long)
0018024c 00000020 T std::codecvt<char16_t, char, _mbstate_t>::~codecvt()
0018024c 00000020 T std::codecvt<char16_t, char, _mbstate_t>::~codecvt()
0018026c 00000020 T std::codecvt<char32_t, char, _mbstate_t>::~codecvt()
0018026c 00000020 T std::codecvt<char32_t, char, _mbstate_t>::~codecvt()
0018028c 00000020 T std::codecvt<char16_t, char8_t, _mbstate_t>::~codecvt()
0018028c 00000020 T std::codecvt<char16_t, char8_t, _mbstate_t>::~codecvt()
001802ac 00000020 T std::codecvt<char32_t, char8_t, _mbstate_t>::~codecvt()
001802ac 00000020 T std::codecvt<char32_t, char8_t, _mbstate_t>::~codecvt()
001802cc 00000028 T std::codecvt<char16_t, char, _mbstate_t>::~codecvt()
001802f4 00000028 T std::codecvt<char32_t, char, _mbstate_t>::~codecvt()
0018031c 00000028 T std::codecvt<char16_t, char8_t, _mbstate_t>::~codecvt()
00180344 00000028 T std::codecvt<char32_t, char8_t, _mbstate_t>::~codecvt()
0018036c 00000104 t bool std::(anonymous namespace)::write_utf8_code_point<char>(std::(anonymous namespace)::range<char, true>&, char32_t)
00180470 00000104 t bool std::(anonymous namespace)::write_utf8_code_point<char8_t>(std::(anonymous namespace)::range<char8_t, true>&, char32_t) [clone .part.0]
00180574 000000c8 t std::codecvt_base::result std::(anonymous namespace)::utf16_out<char16_t, char>(std::(anonymous namespace)::range<char16_t const, true>&, std::(anonymous namespace)::range<char, true>&, unsigned long, std::codecvt_mode, std::(anonymous namespace)::surrogates) [clone .part.0]
0018063c 00000060 T std::codecvt<char16_t, char, _mbstate_t>::do_out(_mbstate_t&, char16_t const*, char16_t const*, char16_t const*&, char*, char*, char*&) const
0018069c 00000060 T std::codecvt<char32_t, char8_t, _mbstate_t>::do_length(_mbstate_t&, char8_t const*, char8_t const*, unsigned int) const
001806fc 0000008c T std::codecvt<char32_t, char8_t, _mbstate_t>::do_in(_mbstate_t&, char8_t const*, char8_t const*, char8_t const*&, char32_t*, char32_t*, char32_t*&) const
00180788 0000009c T std::codecvt<char16_t, char8_t, _mbstate_t>::do_length(_mbstate_t&, char8_t const*, char8_t const*, unsigned int) const
00180824 000000e4 T std::codecvt<char16_t, char8_t, _mbstate_t>::do_out(_mbstate_t&, char16_t const*, char16_t const*, char16_t const*&, char8_t*, char8_t*, char8_t*&) const
00180908 00000104 t std::codecvt_base::result std::(anonymous namespace)::utf16_in<char, char16_t>(std::(anonymous namespace)::range<char const, true>&, std::(anonymous namespace)::range<char16_t, true>&, unsigned long, std::codecvt_mode)
00180a0c 00000060 T std::codecvt<char16_t, char, _mbstate_t>::do_in(_mbstate_t&, char const*, char const*, char const*&, char16_t*, char16_t*, char16_t*&) const
00180a6c 000000b4 T std::codecvt<char32_t, char8_t, _mbstate_t>::do_out(_mbstate_t&, char32_t const*, char32_t const*, char32_t const*&, char8_t*, char8_t*, char8_t*&) const
00180b20 00000098 T std::codecvt<char32_t, char, _mbstate_t>::do_out(_mbstate_t&, char32_t const*, char32_t const*, char32_t const*&, char*, char*, char*&) const
00180bb8 000000e0 T std::codecvt<char16_t, char8_t, _mbstate_t>::do_in(_mbstate_t&, char8_t const*, char8_t const*, char8_t const*&, char16_t*, char16_t*, char16_t*&) const
00180c98 00000060 T std::codecvt<char32_t, char, _mbstate_t>::do_length(_mbstate_t&, char const*, char const*, unsigned int) const
00180cf8 0000008c T std::codecvt<char32_t, char, _mbstate_t>::do_in(_mbstate_t&, char const*, char const*, char const*&, char32_t*, char32_t*, char32_t*&) const
00180d84 0000009c T std::codecvt<char16_t, char, _mbstate_t>::do_length(_mbstate_t&, char const*, char const*, unsigned int) const
00180e20 000006a4 T std::locale::_Impl::_M_init_extra(std::locale::facet**)
001814c4 000000dc T std::logic_error::logic_error(char const*)
001814c4 000000dc T std::logic_error::logic_error(char const*)
001815a0 00000020 T std::length_error::length_error(char const*)
001815a0 00000020 T std::length_error::length_error(char const*)
001815c0 00000020 T std::out_of_range::out_of_range(char const*)
001815c0 00000020 T std::out_of_range::out_of_range(char const*)
001815e0 000000dc T std::runtime_error::runtime_error(char const*)
001815e0 000000dc T std::runtime_error::runtime_error(char const*)
001816bc 000000c4 T std::__cow_string::__cow_string(char const*, unsigned int)
001816bc 000000c4 T std::__cow_string::__cow_string(char const*, unsigned int)
00181780 00000044 T std::ctype<char>::~ctype()
00181780 00000044 T std::ctype<char>::~ctype()
001817c4 00000034 T std::ctype<wchar_t>::~ctype()
001817c4 00000034 T std::ctype<wchar_t>::~ctype()
001817f8 0000003c W std::ctype<char>::do_narrow(char const*, char const*, char, char*) const
00181834 0000003c T std::ctype<wchar_t>::~ctype()
00181870 0000004c T std::ctype<char>::~ctype()
001818bc 00000094 T std::ctype<char>::_M_widen_init() const
00181950 00000058 T std::ctype<wchar_t>::ctype(unsigned int)
00181950 00000058 T std::ctype<wchar_t>::ctype(unsigned int)
001819a8 0000001c T std::ctype<char>::do_toupper(char) const
001819c4 00000018 T std::ctype<char>::do_tolower(char) const
001819dc 00000080 T std::ctype<char>::ctype(char const*, bool, unsigned int)
001819dc 00000080 T std::ctype<char>::ctype(char const*, bool, unsigned int)
00181a5c 0000007c T std::ctype<char>::do_toupper(char*, char const*) const
00181ad8 00000078 T std::ctype<char>::do_tolower(char*, char const*) const
00181b50 00000060 T std::ctype<wchar_t>::do_is(char, wchar_t) const
00181bb0 000000d4 T std::ctype<wchar_t>::_M_convert_to_wmask(char) const
00181c84 00000008 T std::ctype<wchar_t>::do_toupper(wchar_t) const
00181c8c 00000044 T std::ctype<wchar_t>::do_toupper(wchar_t*, wchar_t const*) const
00181cd0 00000008 T std::ctype<wchar_t>::do_tolower(wchar_t) const
00181cd8 00000044 T std::ctype<wchar_t>::do_tolower(wchar_t*, wchar_t const*) const
00181d1c 00000088 T std::ctype<wchar_t>::do_is(wchar_t const*, wchar_t const*, char*) const
00181da4 000000d8 T std::ctype<wchar_t>::do_scan_is(char, wchar_t const*, wchar_t const*) const
00181e7c 000000d0 T std::ctype<wchar_t>::do_scan_not(char, wchar_t const*, wchar_t const*) const
00181f4c 0000000c T std::ctype<wchar_t>::do_widen(char) const
00181f58 0000003c T std::ctype<wchar_t>::do_widen(char const*, char const*, wchar_t*) const
00181f94 00000040 T std::ctype<wchar_t>::do_narrow(wchar_t, char) const
00181fd4 000000b4 T std::ctype<wchar_t>::do_narrow(wchar_t const*, wchar_t const*, char, char*) const
00182088 000000b0 T std::ctype<wchar_t>::_M_initialize_ctype()
00182138 00000004 T std::ios_base::failure[abi:cxx11]::what() const
0018213c 00000020 T std::ios_base::failure[abi:cxx11]::~failure()
0018213c 00000020 T std::ios_base::failure[abi:cxx11]::~failure()
0018215c 00000028 T std::ios_base::failure[abi:cxx11]::~failure()
00182184 00000020 T std::__iosfail_type_info::~__iosfail_type_info()
00182184 00000020 T std::__iosfail_type_info::~__iosfail_type_info()
001821a4 00000028 T std::__iosfail_type_info::~__iosfail_type_info()
001821cc 0000004c T std::__iosfail_type_info::__do_upcast(__cxxabiv1::__class_type_info const*, void**) const
00182218 00000034 W std::__ios_failure::~__ios_failure()
00182218 00000034 W std::__ios_failure::~__ios_failure()
0018224c 0000003c W std::__ios_failure::~__ios_failure()
00182288 00000094 T std::__throw_ios_failure(char const*)
0018231c 000000b0 T std::__throw_ios_failure(char const*, int)
001823cc 0000000c W std::__cxx11::moneypunct<char, false>::do_decimal_point() const
001823d8 0000000c W std::__cxx11::moneypunct<char, false>::do_thousands_sep() const
001823e4 0000000c W std::__cxx11::moneypunct<char, false>::do_frac_digits() const
001823f0 00000014 W std::__cxx11::moneypunct<char, false>::do_pos_format() const
00182404 00000014 W std::__cxx11::moneypunct<char, false>::do_neg_format() const
00182418 0000000c W std::__cxx11::moneypunct<char, true>::do_decimal_point() const
00182424 0000000c W std::__cxx11::moneypunct<char, true>::do_thousands_sep() const
00182430 0000000c W std::__cxx11::moneypunct<char, true>::do_frac_digits() const
0018243c 00000014 W std::__cxx11::moneypunct<char, true>::do_pos_format() const
00182450 00000014 W std::__cxx11::moneypunct<char, true>::do_neg_format() const
00182464 0000000c W std::__cxx11::numpunct<char>::do_decimal_point() const
00182470 0000000c W std::__cxx11::numpunct<char>::do_thousands_sep() const
0018247c 00000008 W std::__cxx11::time_get<char, std::istreambuf_iterator<char, std::char_traits<char> > >::do_date_order() const
00182484 00000008 W std::__cxx11::messages<char>::do_open(std::__cxx11::basic_string<char, std::char_traits<char>, std::allocator<char> > const&, std::locale const&) const
0018248c 00000004 W std::__cxx11::messages<char>::do_close(int) const
00182490 00000020 W std::__cxx11::collate<char>::do_hash(char const*, char const*) const
001824b0 00000020 W std::__cxx11::money_get<char, std::istreambuf_iterator<char, std::char_traits<char> > >::~money_get()
001824b0 00000020 W std::__cxx11::money_get<char, std::istreambuf_iterator<char, std::char_traits<char> > >::~money_get()
001824d0 00000028 W std::__cxx11::money_get<char, std::istreambuf_iterator<char, std::char_traits<char> > >::~money_get()
001824f8 00000020 W std::__cxx11::money_put<char, std::ostreambuf_iterator<char, std::char_traits<char> > >::~money_put()
001824f8 00000020 W std::__cxx11::money_put<char, std::ostreambuf_iterator<char, std::char_traits<char> > >::~money_put()
00182518 00000028 W std::__cxx11::money_put<char, std::ostreambuf_iterator<char, std::char_traits<char> > >::~money_put()
00182540 00000020 W std::__cxx11::time_get<char, std::istreambuf_iterator<char, std::char_traits<char> > >::~time_get()
00182540 00000020 W std::__cxx11::time_get<char, std::istreambuf_iterator<char, std::char_traits<char> > >::~time_get()
00182560 00000028 W std::__cxx11::time_get<char, std::istreambuf_iterator<char, std::char_traits<char> > >::~time_get()
00182588 00000028 W std::__cxx11::messages<char>::~messages()
00182588 00000028 W std::__cxx11::messages<char>::~messages()
001825b0 0000001c W std::__cxx11::messages<char>::~messages()
001825cc 00000028 W std::__cxx11::collate<char>::~collate()
001825cc 00000028 W std::__cxx11::collate<char>::~collate()
001825f4 00000094 t void std::__cxx11::basic_string<char, std::char_traits<char>, std::allocator<char> >::_M_construct<char const*>(char const*, char const*, std::forward_iterator_tag) [clone .isra.0]
00182688 00000030 W std::__cxx11::collate<char>::~collate()
001826b8 00000058 W std::__cxx11::moneypunct<char, false>::do_grouping() const
00182710 00000058 W std::__cxx11::moneypunct<char, false>::do_curr_symbol() const
00182768 00000058 W std::__cxx11::moneypunct<char, false>::do_positive_sign() const
001827c0 00000058 W std::__cxx11::moneypunct<char, false>::do_negative_sign() const
00182818 00000058 W std::__cxx11::moneypunct<char, true>::do_grouping() const
00182870 00000058 W std::__cxx11::moneypunct<char, true>::do_curr_symbol() const
001828c8 00000058 W std::__cxx11::moneypunct<char, true>::do_positive_sign() const
00182920 00000058 W std::__cxx11::moneypunct<char, true>::do_negative_sign() const
00182978 00000058 W std::__cxx11::numpunct<char>::do_grouping() const
001829d0 00000058 W std::__cxx11::numpunct<char>::do_truename() const
00182a28 00000058 W std::__cxx11::numpunct<char>::do_falsename() const
00182a80 000000f8 W std::__cxx11::collate<char>::do_compare(char const*, char const*, char const*, char const*) const
00182b78 000002c4 W std::__cxx11::collate<char>::do_transform(char const*, char const*) const
00182e3c 00001414 W std::istreambuf_iterator<char, std::char_traits<char> > std::__cxx11::money_get<char, std::istreambuf_iterator<char, std::char_traits<char> > >::_M_extract<true>(std::istreambuf_iterator<char, std::char_traits<char> >, std::istreambuf_iterator<char, std::char_traits<char> >, std::ios_base&, std::_Ios_Iostate&, std::__cxx11::basic_string<char, std::char_traits<char>, std::allocator<char> >&) const
00184250 00001414 W std::istreambuf_iterator<char, std::char_traits<char> > std::__cxx11::money_get<char, std::istreambuf_iterator<char, std::char_traits<char> > >::_M_extract<false>(std::istreambuf_iterator<char, std::char_traits<char> >, std::istreambuf_iterator<char, std::char_traits<char> >, std::ios_base&, std::_Ios_Iostate&, std::__cxx11::basic_string<char, std::char_traits<char>, std::allocator<char> >&) const
00184426 N 
00184426 N 
00184426 N 
00184426 N 
00184426 N 
00184426 N 
00184426 N 
00184426 N 
00184426 N 
00184426 N 
00184426 N 
00184426 N 
00184426 N 
00184426 N 
00184426 N 
00184426 N 
00184426 N 
00184426 N 
00184426 N 
00184426 N 
00184426 N 
00184426 N 
00184426 N 
00184426 N 
00184426 N 
00184426 N 
00184426 N 
00184426 N 
00184426 N 
00184426 N 
00184426 N 
00184426 W KoreanFFFFHiComMemoryRule.cpp.1d4f5acd
00185664 000000cc W std::__cxx11::money_get<char, std::istreambuf_iterator<char, std::char_traits<char> > >::do_get(std::istreambuf_iterator<char, std::char_traits<char> >, std::istreambuf_iterator<char, std::char_traits<char> >, bool, std::ios_base&, std::_Ios_Iostate&, long double&) const
00185730 0000018c W std::__cxx11::money_get<char, std::istreambuf_iterator<char, std::char_traits<char> > >::do_get(std::istreambuf_iterator<char, std::char_traits<char> >, std::istreambuf_iterator<char, std::char_traits<char> >, bool, std::ios_base&, std::_Ios_Iostate&, std::__cxx11::basic_string<char, std::char_traits<char>, std::allocator<char> >&) const
001858bc 0000074c W std::ostreambuf_iterator<char, std::char_traits<char> > std::__cxx11::money_put<char, std::ostreambuf_iterator<char, std::char_traits<char> > >::_M_insert<true>(std::ostreambuf_iterator<char, std::char_traits<char> >, std::ios_base&, char, std::__cxx11::basic_string<char, std::char_traits<char>, std::allocator<char> > const&) const
00186008 0000074c W std::ostreambuf_iterator<char, std::char_traits<char> > std::__cxx11::money_put<char, std::ostreambuf_iterator<char, std::char_traits<char> > >::_M_insert<false>(std::ostreambuf_iterator<char, std::char_traits<char> >, std::ios_base&, char, std::__cxx11::basic_string<char, std::char_traits<char>, std::allocator<char> > const&) const
00186754 000001f0 W std::__cxx11::money_put<char, std::ostreambuf_iterator<char, std::char_traits<char> > >::do_put(std::ostreambuf_iterator<char, std::char_traits<char> >, bool, std::ios_base&, char, long double) const
00186944 00000054 W std::__cxx11::money_put<char, std::ostreambuf_iterator<char, std::char_traits<char> > >::do_put(std::ostreambuf_iterator<char, std::char_traits<char> >, bool, std::ios_base&, char, std::__cxx11::basic_string<char, std::char_traits<char>, std::allocator<char> > const&) const
00186998 000002b4 W std::__cxx11::time_get<char, std::istreambuf_iterator<char, std::char_traits<char> > >::_M_extract_num(std::istreambuf_iterator<char, std::char_traits<char> >, std::istreambuf_iterator<char, std::char_traits<char> >, int&, int, int, unsigned int, std::ios_base&, std::_Ios_Iostate&) const
00186c4c 00000918 W std::__cxx11::time_get<char, std::istreambuf_iterator<char, std::char_traits<char> > >::do_get_year(std::istreambuf_iterator<char, std::char_traits<char> >, std::istreambuf_iterator<char, std::char_traits<char> >, std::ios_base&, std::_Ios_Iostate&, tm*) const
00187564 00000d90 W std::__cxx11::time_get<char, std::istreambuf_iterator<char, std::char_traits<char> > >::_M_extract_name(std::istreambuf_iterator<char, std::char_traits<char> >, std::istreambuf_iterator<char, std::char_traits<char> >, int&, char const**, unsigned int, std::ios_base&, std::_Ios_Iostate&) const
001882f4 000006bc W std::__cxx11::time_get<char, std::istreambuf_iterator<char, std::char_traits<char> > >::_M_extract_wday_or_month(std::istreambuf_iterator<char, std::char_traits<char> >, std::istreambuf_iterator<char, std::char_traits<char> >, int&, char const**, unsigned int, std::ios_base&, std::_Ios_Iostate&) const
001889b0 00000244 W std::__cxx11::time_get<char, std::istreambuf_iterator<char, std::char_traits<char> > >::do_get_weekday(std::istreambuf_iterator<char, std::char_traits<char> >, std::istreambuf_iterator<char, std::char_traits<char> >, std::ios_base&, std::_Ios_Iostate&, tm*) const
00188bf4 000002b4 W std::__cxx11::time_get<char, std::istreambuf_iterator<char, std::char_traits<char> > >::do_get_monthname(std::istreambuf_iterator<char, std::char_traits<char> >, std::istreambuf_iterator<char, std::char_traits<char> >, std::ios_base&, std::_Ios_Iostate&, tm*) const
00188ea8 0000241c W std::__cxx11::time_get<char, std::istreambuf_iterator<char, std::char_traits<char> > >::_M_extract_via_format(std::istreambuf_iterator<char, std::char_traits<char> >, std::istreambuf_iterator<char, std::char_traits<char> >, std::ios_base&, std::_Ios_Iostate&, tm*, char const*, std::__time_get_state&) const
00188ea8 0000241c t std::__cxx11::time_get<char, std::istreambuf_iterator<char, std::char_traits<char> > >::_M_extract_via_format(std::istreambuf_iterator<char, std::char_traits<char> >, std::istreambuf_iterator<char, std::char_traits<char> >, std::ios_base&, std::_Ios_Iostate&, tm*, char const*, std::__time_get_state&) const [clone .localalias]
0018b2c4 000001b8 W std::__cxx11::time_get<char, std::istreambuf_iterator<char, std::char_traits<char> > >::do_get_time(std::istreambuf_iterator<char, std::char_traits<char> >, std::istreambuf_iterator<char, std::char_traits<char> >, std::ios_base&, std::_Ios_Iostate&, tm*) const
0018b47c 000001b8 W std::__cxx11::time_get<char, std::istreambuf_iterator<char, std::char_traits<char> > >::do_get_date(std::istreambuf_iterator<char, std::char_traits<char> >, std::istreambuf_iterator<char, std::char_traits<char> >, std::ios_base&, std::_Ios_Iostate&, tm*) const
0018b634 000001f0 W std::__cxx11::time_get<char, std::istreambuf_iterator<char, std::char_traits<char> > >::do_get(std::istreambuf_iterator<char, std::char_traits<char> >, std::istreambuf_iterator<char, std::char_traits<char> >, std::ios_base&, std::_Ios_Iostate&, tm*, char, char) const
0018b824 0000003c W std::__cxx11::messages<char>::messages(unsigned int)
0018b824 0000003c W std::__cxx11::messages<char>::messages(unsigned int)
0018b860 000000a4 t _GLOBAL__sub_I__ZNSt12ctype_bynameIcEC2ERKNSt7__cxx1112basic_stringIcSt11char_traitsIcESaIcEEEj
0018b904 00000030 T std::runtime_error::runtime_error(std::__cxx11::basic_string<char, std::char_traits<char>, std::allocator<char> > const&)
0018b904 00000030 T std::runtime_error::runtime_error(std::__cxx11::basic_string<char, std::char_traits<char>, std::allocator<char> > const&)
0018b934 0000000c t (anonymous namespace)::io_error_category::name() const
0018b940 00000020 t (anonymous namespace)::io_error_category::~io_error_category()
0018b940 00000020 t (anonymous namespace)::io_error_category::~io_error_category()
0018b960 00000028 t (anonymous namespace)::io_error_category::~io_error_category()
0018b988 00000084 t (anonymous namespace)::io_error_category::message[abi:cxx11](int) const
0018ba0c 0000000c T std::iostream_category()
0018ba18 00000008 T std::ios_base::failure::what() const
0018ba20 00000078 T std::ios_base::failure::~failure()
0018ba20 00000078 T std::ios_base::failure::~failure()
0018ba98 00000080 T std::ios_base::failure::~failure()
0018bb18 000000b4 T std::ios_base::failure::failure(std::string const&)
0018bb18 000000b4 T std::ios_base::failure::failure(std::string const&)
0018bbcc 00000114 T std::__construct_ios_failure(void*, char const*)
0018bce0 000000a0 T std::__destroy_ios_failure(void*)
0018bd80 0000000c T std::__is_ios_failure_handler(__cxxabiv1::__class_type_info const*)
0018bd90 00000264 T sinf
0018bff8 00000258 T log
0018c250 000000b0 T sin
0018c300 00000024 t with_errno
0018c324 00000028 t xflow
0018c350 00000010 T __math_uflow
0018c360 00000010 T __math_oflow
0018c370 00000048 T __math_divzero
0018c3b8 0000001c T __math_invalid
0018c3d4 00000014 T __math_check_uflow
0018c3e8 00000028 T __math_check_oflow
0018c410 00000310 T __ieee754_rem_pio2
0018c720 00000740 T pow
0018ce60 000008b8 T __kernel_rem_pio2
0018d718 00000140 T scalbn
0018d858 000000c0 T __kernel_sin
0018d918 000000a8 T cos
0018d9c0 00000024 t with_errnof
0018d9e4 0000001c T __math_invalidf
0018da00 000000c0 T ceilf
0018dac0 00000144 T floor
0018dc08 0000025c T cosf
0018de68 00000150 T __kernel_cos
0018dfb8 00000014 T fabs
0018dfcc 0000002c T __aeabi_d2lz
0018dfcc 0000002c T __fixdfdi
0018dff8 00000040 T __aeabi_d2ulz
0018dff8 00000040 T __fixunsdfdi
0018e038 00000130 T __udivmoddi4
0018e168 00000018 t selfrel_offset31
0018e180 00000090 t search_EIT_table
0018e210 00000040 t __gnu_unwind_get_pr_addr
0018e250 00000110 t get_eit_entry
0018e360 00000088 t restore_non_core_regs
0018e3e8 00000014 t _Unwind_decode_typeinfo_ptr.constprop.0
0018e3fc 00000004 t _Unwind_DebugHook
0018e400 00000064 t unwind_phase2
0018e464 0000013c t unwind_phase2_forced
0018e5a0 000000a4 T __gnu_Unwind_RaiseException
0018e644 00000020 T __gnu_Unwind_ForcedUnwind
0018e664 00000074 T __gnu_Unwind_Resume
0018e6d8 00000020 T __gnu_Unwind_Resume_or_Rethrow
0018e6f8 00000004 T _Unwind_Complete
0018e6fc 00000018 T _Unwind_DeleteException
0018e714 0000007c T _Unwind_VRS_Get
0018e790 0000002c t _Unwind_GetGR
0018e7bc 0000007c T _Unwind_VRS_Set
0018e838 0000002c t _Unwind_SetGR
0018e864 000000c0 T __gnu_Unwind_Backtrace
0018e924 00000404 t __gnu_unwind_pr_common
0018ed28 00000008 T __aeabi_unwind_cpp_pr0
0018ed30 00000008 W __aeabi_unwind_cpp_pr1
0018ed38 00000008 W __aeabi_unwind_cpp_pr2
0018ed40 00000454 T _Unwind_VRS_Pop
0018f194 00000064 t next_unwind_byte
0018f1f8 0000002c t _Unwind_GetGR.constprop.0
0018f224 00000004 t unwind_UCB_from_context
0018f228 0000046c T __gnu_unwind_execute
0018f694 00000048 T __gnu_unwind_frame
0018f6dc 00000010 T _Unwind_GetRegionStart
0018f6ec 0000001c T _Unwind_GetLanguageSpecificData
0018f708 00000008 T _Unwind_GetDataRelBase
0018f710 00000008 T _Unwind_GetTextRelBase
0018f718 000000e4 T strncat
0018f7fc 00000028 T fstat
0018f824 00000024 T getenv
0018f848 00000078 T sscanf
0018f8c0 00000128 T memcpy
0018f9e8 00000008 T wmemcpy
0018f9f0 00000008 T towupper
0018f9f8 0000008c T strlen
0018fa84 00000078 T bsearch
0018fafc 00000140 t iso_year_adjust
0018fc3c 000011d0 t __strftime.isra.0
00190e0c 00000038 T wcsftime
00190e44 00000050 t get_arg
00190e94 00002b88 T __ssvfscanf_r
00193a1c 00000134 T _fopen_r
00193b50 00000028 T fopen
00193b78 00000060 t sulp
00193bd8 00001428 T _strtod_l
00194b0c N 
00194b0c N 
00194b0c N 
00194b0c N 
00194b0c N 
00194b0c N 
00194b0c N 
00194b0c N 
00194b0c N 
00194b0c N 
00194b0c N 
00194b0c N 
00194b0c N 
00194b0c N 
00194b0c N 
00194b0c N 
00194b0c N 
00194b0c N 
00194b0c N 
00194b0c N 
00194b0c N 
00194b0c N 
00194b0c N 
00194b0c N 
00194b0c N 
00194b0c N 
00194b0c N 
00194b0c N 
00194b0c N 
00194b0c N 
00194b0c N 
00194b0c W KoreanMDFFF0MemoryRule.cpp.f125c7cc
00195000 00000044 T _strtod_r
00195044 00000048 T strtod
00195090 00000110 T strtof
001951a0 0000002c T wcslen
001951cc 00000028 T memalign
001951f4 00000264 t _strtoull_l.isra.0
00195458 00000038 T _strtoull_r
00195490 000000a0 T _wcrtomb_r
00195530 000000a8 T wcrtomb
001955d8 000000f4 t rshift
001956cc 000008b4 T __gethex
00195f80 00000044 T towctrans
00195fc4 000000c0 T fileno
00196084 000001ec t _strtoul_l.isra.0
00196270 00000038 T _strtoul_r
001962a8 0000003c T strtoul
001962e4 000000c4 T _mbrtowc_r
001963a8 000000b8 T mbrtowc
00196460 00000140 T strchr
001965a0 0000000c T __tz_lock
001965ac 0000000c T __tz_unlock
001965b8 000000d8 T memcmp
00196690 00000198 T _fgets_r
00196828 00000030 T fgets
00196858 00000028 T calloc
00196880 00000034 T wcscpy
001968b4 000000f8 T __sccl
001969ac 00000334 t validate_structure
00196ce0 000004d8 T mktime
001971b8 0000016c T _memalign_r
00197324 0000007c T btowc
001973a0 0000000c T __errno
001973ac 0000000c T labs
001973b8 00000014 T abort
001973cc 00000164 T __smakebuf_r
00197530 00000030 T lseek
00197560 0000047c t _strtoll_l.isra.0
001979dc 00000038 T _strtoll_r
00197a14 00000078 T __currentlocale
00197a8c 000007c8 T __loadlocale
00198254 0000008c T __get_locale_env
001982e0 00000358 T _setlocale_r
00198638 00000024 T __locale_mb_cur_max
0019865c 00000028 T setlocale
00198684 000000e4 T memset
00198768 00000030 T wmemchr
00198798 000000d8 T _calloc_r
00198870 0000022c T __sflush_r
00198a9c 000000c4 T _fflush_r
00198b60 00000044 T fflush
00198ba4 00000088 T _vsnprintf_r
00198c2c 00000038 T vsnprintf
00198c64 00000028 T realloc
00198c8c 000008e8 T qsort
00199574 00000258 T __tzcalc_limits
001997cc 0000082c T _malloc_r
00199ff8 00000114 T _malloc_trim_r
0019a10c 00000314 T _free_r
0019a420 00000050 t get_arg
0019a470 000000e4 T _sungetc_r
0019a554 0000006c T __ssrefill_r
0019a5c0 000000b4 T _sfread_r
0019a674 000022c4 T __ssvfiscanf_r
0019c938 0000001c t stdio_exit_handler
0019c954 0000005c t cleanup_stdio
0019c9b0 00000154 t global_stdio_init.part.0
0019cb04 00000138 T __sfp
0019cc3c 0000005c T __sinit
0019cc98 0000000c T __sfp_lock_acquire
0019cca4 0000000c T __sfp_lock_release
0019ccb0 00000384 t _strtol_l.part.0
0019d034 0000006c T _strtol_r
0019d0a0 00000074 T strtol
0019d114 00000084 T __libc_init_array
0019d198 000000d4 T strncpy
0019d26c 0000001c T _fseek_r
0019d288 000001c8 T _wctype_r
0019d450 00000020 T wctype
0019d470 00000010 T _tzset_unlocked
0019d480 000000c4 T swprintf
0019d544 00000040 T malloc
0019d584 00000020 T free
0019d5a4 000000e8 T memchr
0019d68c 00000024 T wmemset
0019d6b0 00000004 T wcscoll
0019d6b4 00000030 T write
0019d6e4 00000058 T iswctype
0019d73c 00000080 T wctob
0019d7bc 0000000c T __gettzinfo
0019d7c8 00000040 T mbstowcs
0019d808 000000dc T _findenv_r
0019d8e4 00000018 T _getenv_r
0019d8fc 00000024 T _localeconv_r
0019d920 00000044 T __sread
0019d964 00000008 T __seofread
0019d96c 00000068 T __swrite
0019d9d4 00000040 T __sseek
0019da14 00000008 T __sclose
0019da1c 00000078 T strxfrm
0019da94 000001a8 T memmove
0019dc3c 000004f0 T _realloc_r
0019e12c 0000000c T __malloc_lock
0019e138 0000000c T __malloc_unlock
0019e144 00000588 T _fseeko_r
0019e6cc 00000148 T _fclose_r
0019e814 00000020 T fclose
0019e834 00000048 T time
0019e87c 00000030 T read
0019e8ac 00000004 W __call_exitprocs
0019e8b0 00000030 T exit
0019e8e0 00000008 T towlower
0019e8e8 000005e0 t get_arg
0019eec8 0000345c T _svfprintf_r
001a2324 000000b8 T __sflags
001a23dc 00000004 T wcsxfrm
001a23e0 0000002c T __ascii_wctomb
001a240c 000000f8 T __utf8_wctomb
001a2504 00000088 T __sjis_wctomb
001a258c 000000b4 T __eucjp_wctomb
001a2640 000000c8 T __jis_wctomb
001a2708 00000048 T wcslcpy
001a2750 00000008 T iswlower
001a2758 0000003c T __libc_fini_array
001a2794 0000003c T strnlen
001a27d0 00000008 T iswblank
001a27d8 000000d8 T strncmp
001a28b0 00000004 T strcoll
001a28b4 000000a0 T __xpg_strerror_r
001a2954 00000648 T _tzset_unlocked_r
001a2f9c 00000020 T iswxdigit
001a2fbc 00000008 T wmemmove
001a2fc4 0000002c T wcscmp
001a2ff0 00000008 T iswalnum
001a2ff8 00000070 T __match
001a3068 000002a8 T __hexnan
001a3310 00000238 T towctrans_l
001a3548 00000068 T sprintf
001a35b0 00000010 T __set_ctype
001a35c0 00000140 t iso_year_adjust
001a3700 00001118 t __strftime.isra.0
001a4818 00000038 T strftime
001a4850 00000038 t lflush
001a4888 000001a8 T __srefill_r
001a4a30 00000010 T nan
001a4a40 0000000c T nanf
001a4a50 00000088 T frexp
001a4ad8 000000bc T strcat
001a4b94 000001f0 T _wcstoul_l
001a4d84 00000054 T wcstoul
001a4dd8 000000dc T stpncpy
001a4eb4 0000000c T __env_lock
001a4ec0 0000000c T __env_unlock
001a4ecc 0000005c T __assert_func
001a4f28 00000008 T iswspace
001a4f30 00000088 T _Balloc
001a4fb8 0000001c T _Bfree
001a4fd4 000000f4 T __multadd
001a50c8 0000010c T __s2b
001a51d4 00000080 T __hi0bits
001a524c N 
001a524c N 
001a524c N 
001a524c N 
001a524c N 
001a524c N 
001a524c N 
001a524c N 
001a524c N 
001a524c N 
001a524c N 
001a524c N 
001a524c N 
001a524c N 
001a524c N 
001a524c N 
001a524c N 
001a524c N 
001a524c N 
001a524c N 
001a524c N 
001a524c N 
001a524c N 
001a524c N 
001a524c N 
001a524c N 
001a524c N 
001a524c N 
001a524c N 
001a524c N 
001a524c N 
001a524c W KoreanMDFFF5MemoryRule.cpp.05851f62
001a5254 000000f0 T __lo0bits
001a5344 000000a4 T __i2b
001a53e8 00000230 T __multiply
001a5618 00000130 T __pow5mult
001a5748 00000138 T __lshift
001a5880 00000058 T __mcmp
001a58d8 00000218 T __mdiff
001a5af0 00000068 T __ulp
001a5b58 000000d4 T __b2d
001a5c2c 00000120 T __d2b
001a5d4c 00000078 T __ratio
001a5dc4 0000008c T __copybits
001a5e50 0000005c T __any_on
001a5eac 00000014 T iswdigit
001a5ec0 0000000c T abs
001a5ecc 00000070 T _fwalk_sglue
001a5f3c 00000044 T strlcpy
001a5f80 00000068 T strcasecmp
001a5fe8 00000024 T div
001a600c 000005e0 t get_arg
001a65ec 0000226c T _svfiprintf_r
001a8858 00000038 T iswalnum_l
001a8890 000000b8 T __submore
001a8948 000000a4 T __ssprint_r
001a89ec 00000044 T __ascii_mbtowc
001a8a30 00000340 T __utf8_mbtowc
001a8d70 000000dc T __sjis_mbtowc
001a8e4c 00000150 T __eucjp_mbtowc
001a8f9c 000001d8 T __jis_mbtowc
001a9174 0000003c T fiprintf
001a91b0 00000008 T iswprint
001a91b8 00000008 T iswcntrl
001a91c0 00000094 T strncasecmp
001a9254 00000008 T iswupper
001a925c 0000009c T _raise_r
001a92f8 00000020 T raise
001a9318 00000410 T _strerror_r
001a9728 000000b8 T _mbstowcs_r
001a97e0 000000f0 T strcpy
001a98d0 00000008 T iswalpha
001a98d8 00000008 T iswgraph
001a98e0 00000090 T category
001a9970 000001c0 t quorem
001a9b30 00001420 T _dtoa_r
001aaf50 00000044 T iswlower_l
001aaf94 00000020 T iswblank_l
001aafb8 00000288 t wcvt
001ab240 0000057c t get_arg.isra.0
001ab7c0 00003134 T _svfwprintf_r
001ae8f4 00000044 T iswupper_l
001ae938 00000028 T _wcsrtombs_r
001ae960 00000078 T siscanf
001ae9d8 00000008 T iswpunct
001ae9e0 00000038 T iswspace_l
001aea18 00000008 T _user_strerror
001aea20 0000012c T __ssputs_r
001aeb4c 000000fc T _mbsnrtowcs_r
001aec48 000005e0 t get_arg
001af228 000022f8 T _vfiprintf_r
001b1520 000000b4 t __sbprintf
001b15d4 0000015c T _wcsnrtombs_l
001b1730 00000064 T _wcsnrtombs_r
001b1794 000000a0 T sniprintf
001b1834 00000040 T mbrlen
001b1874 00000018 T iswprint_l
001b188c 00000024 T iswcntrl_l
001b18b0 00000024 T iswalpha_l
001b18d4 00000024 T iswgraph_l
001b18f8 00000020 T iswpunct_l
001b1918 00000030 T __sprint_r
001b1948 000000a4 T __sswprint_r
001b19ec 00000140 T __swsetup_r
001b1b2c 000004a4 T __sfvwrite_r
001b1fd0 00000018 T isalnum
001b1fe8 000000a0 T snprintf
001b2088 00000034 T printf
001b20bc 000000e0 T _puts_r
001b219c 00000020 T puts
001b21bc 0000001c T tolower
001b21d8 000005e0 t get_arg
001b27b8 00003554 T _vfprintf_r
001b5988 N 
001b5988 N 
001b5988 N 
001b5988 N 
001b5988 N 
001b5988 N 
001b5988 N 
001b5988 N 
001b5988 N 
001b5988 N 
001b5988 N 
001b5988 N 
001b5988 N 
001b5988 N 
001b5988 N 
001b5988 N 
001b5988 N 
001b5988 N 
001b5988 N 
001b5988 N 
001b5988 N 
001b5988 N 
001b5988 N 
001b5988 N 
001b5988 N 
001b5988 N 
001b5988 N 
001b5988 N 
001b5988 N 
001b5988 N 
001b5988 N 
001b5988 N 
001b5988 W KoreanMSX32KB2000MemoryRule.cpp.56119454
001b5d0c 000000b4 t __sbprintf
001b5dc0 00000020 T _exit
001b5de0 00000140 T chdir
001b5f20 000001c8 T _concatenate_path
001b60e8 00000070 t __dirnext
001b6158 00000114 T opendir
001b626c 00000098 T closedir
001b6304 000000f8 T readdir_r
001b63fc 00000048 T readdir
001b6444 0000009c T _fstat_r
001b64e0 00000014 T _getpid_r
001b64f4 0000002c T __getreent
001b6520 00000030 T _gettimeofday_r
001b6550 000000a0 T __release_handle
001b65f0 000000b0 T __alloc_handle
001b66a0 00000058 T __get_handle
001b66f8 00000110 T _close_r
001b6808 00000008 t null_write
001b6810 00000018 T setDefaultDevice
001b6828 00000098 T FindDevice
001b68c0 00000024 T RemoveDevice
001b68e4 00000088 T AddDevice
001b696c 00000020 T GetDeviceOpTab
001b698c 00000008 T _isatty_r
001b6994 00000014 T _kill_r
001b69a8 00000094 T _lseek_r
001b6a3c 00000060 T pthread_mutex_lock
001b6a9c 00000060 T pthread_mutex_unlock
001b6afc 00000018 T pthread_cond_broadcast
001b6b14 00000060 T pthread_cond_wait
001b6b74 0000009c T pthread_once
001b6c10 00000034 T pthread_key_create
001b6c44 00000024 T pthread_setspecific
001b6c68 00000024 T pthread_getspecific
001b6c8c 00000024 T pthread_key_delete
001b6cb0 000000c0 T _open_r
001b6d70 00000094 T _read_r
001b6e04 00000078 W _sbrk_r
001b6e7c 0000001c T __libc_lock_acquire
001b6e98 0000001c T __libc_lock_release
001b6eb4 0000001c T __libc_lock_acquire_recursive
001b6ed0 0000001c T __libc_lock_release_recursive
001b6eec 00000024 T __libc_cond_broadcast
001b6f10 00000024 T __libc_cond_wait
001b6f34 00000024 T __libc_cond_wait_recursive
001b6f58 00000094 T _write_r
001b6fec 00000048 T strrchr
001b7034 T _fini
001b80fc 000000e0 r kSegaScopeGames
001b81dc 00000040 r updateTexture(C3D_Tex&)::swizzle
001b821c 0000000c R _ZL13noise_periods.lto_priv.0
001b8228 000000e4 R _ZL12kVdpHCounter.lto_priv.0
001b830c 00000010 R _ZL7volumes.lto_priv.0
001b831c 00000400 r kCRC32_tab
001b871c 00000006 r s_min_table_sizes.5
001b8724 00000013 r s_length_dezigzag.4
001b8738 0000001f r s_length_extra.3
001b8758 0000003e r s_length_base.2
001b8798 00000020 r s_dist_extra.1
001b87b8 00000040 r s_dist_base.0
001b87f8 00000004 r k2bitTo5bit
001b87fc 00000004 r k2bitTo6bit
001b8800 00000010 r k4bitTo5bit
001b8810 00000010 r k4bitTo6bit
001b8820 00000024 r vtable for SmsIOPorts
001b8844 00000024 r vtable for GameGearIOPorts
001b8868 00000030 r kSG1000_palette_888_normal
001b8898 00000030 r kSG1000_palette_888_sg1000ii
001b88c8 00000030 r kSG1000_palette_888_sms
001b88f8 0000004c R vtable for SG1000MemoryRule
001b8944 0000004c r vtable for CodemastersMemoryRule
001b8990 0000004c R vtable for SegaMemoryRule
001b89dc 0000004c R vtable for RomOnlyMemoryRule
001b8a28 0000004c R vtable for KoreanMemoryRule
001b8a74 0000004c R vtable for KoreanMSXSMS8000MemoryRule
001b8ac0 0000004c R vtable for KoreanSMS32KB2000MemoryRule
001b8b0c 0000004c R vtable for KoreanMSX32KB2000MemoryRule
001b8b58 0000004c R vtable for Korean2000XOR1FMemoryRule
001b8ba4 0000004c R vtable for KoreanMSX8KB0300MemoryRule
001b8bf0 0000004c R vtable for Korean0000XORFFMemoryRule
001b8c3c 0000004c R vtable for KoreanFFFFHiComMemoryRule
001b8c88 0000004c R vtable for KoreanFFFEMemoryRule
001b8cd4 0000004c R vtable for KoreanBFFCMemoryRule
001b8d20 0000004c R vtable for KoreanFFF3FFFCMemoryRule
001b8d6c 0000004c R vtable for KoreanMDFFF5MemoryRule
001b8db8 0000004c R vtable for KoreanMDFFF0MemoryRule
001b8e04 0000004c R vtable for MSXMemoryRule
001b8e50 0000004c R vtable for JanggunMemoryRule
001b8e9c 0000004c R vtable for Multi4PAKAllActionMemoryRule
001b8ee8 0000004c R vtable for JumboDahjeeMemoryRule
001b8f34 0000004c r vtable for Eeprom93C46MemoryRule
001b8f80 0000004c r vtable for BootromMemoryRule
001b8fcc 0000004c R vtable for IratahackMemoryRule
001b9018 000015c0 r kGameDatabase
001baafc 00000084 r IratahackMemoryRule::kFlashSeqs
001bab80 00000100 r kOPCodeXYCBTStates
001bac80 00000100 r kOPCodeCBTStates
001bad80 00000100 r kOPCodeEDTStates
001bae80 00000100 r kOPCodeXYTStates
001baf80 00000100 r kOPCodeTStates
001bb080 00000100 r kOPCodeTStatesBranched
001bb180 00000100 R _ZL15kZ80ParityTable.lto_priv.0
001bb180 00000100 R _ZL15kZ80ParityTable.lto_priv.1
001bb180 00000100 R _ZL15kZ80ParityTable.lto_priv.2
001bb280 00001000 r kOPCodeDAATable
001bc294 000000d2 r lfo_am_table
001bc368 000000e0 r eg_inc
001bc448 00000110 r eg_mul
001bc558 00000040 r lfo_pm_table
001bc598 00000200 R ksl_tab.lto_priv.0
001bc798 00000060 R eg_rate_select.lto_priv.0
001bc7f8 00000060 R eg_rate_shift.lto_priv.0
001bc8c0 00000010 r mul_tab
001bc8d0 00000040 r sl_tab
001bc910 00000098 r table
001bc9a8 00000400 r s_crc_table.9
001bcda8 00000008 r s_defaultTint.0
001bd144 r .LC11
001bd144 r .LC11
001bd144 r .LC16
001bd144 r .LC16
001bd150 r .LC12
001bd150 r .LC12
001bd150 r .LC17
001bd150 r .LC17
001bd158 r .LC13
001bd158 r .LC13
001bd158 r .LC18
001bd158 r .LC18
001be108 r .LC2
001be180 r .LC1
001c0b40 R render2d_shbin
001c0ccc 00000004 r depthFmtSizes
001c0ccc R render2d_shbin_end
001c0cd0 00000005 r colorFmtSizes
001c0cd8 00000010 r CSWTCH.11
001c0ce8 00000038 r CSWTCH.19
001c0d28 00000030 r colorTable
001c0d58 00000080 r romFS_devoptab
001c0de4 00000011 r dsp_filename.0
001c0e14 00000008 r morton_y.2
001c0e1c 00000008 r morton_x.3
001c0e24 00000008 r s_sleepWakeEvents.4
001c0e2c 0000000c r serviceNameTable.5
001c0e38 00000030 r error_table
001c0e68 00000080 r archive_devoptab
001c0ee8 00000012 R typeinfo name for std::locale::facet
001c0efc 00000008 R typeinfo for std::locale::facet
001c0f04 00000027 V typeinfo name for __gnu_cxx::__concurrence_lock_error
001c0f2c 0000000c V typeinfo for __gnu_cxx::__concurrence_lock_error
001c0f38 00000029 V typeinfo name for __gnu_cxx::__concurrence_unlock_error
001c0f64 0000000c V typeinfo for __gnu_cxx::__concurrence_unlock_error
001c0f70 00000014 V vtable for __gnu_cxx::__concurrence_lock_error
001c0f84 00000014 V vtable for __gnu_cxx::__concurrence_unlock_error
001c0f98 00000002 R std::locale::facet::_S_c_name
001c0f9c 000001f0 r CSWTCH.14
001c11b8 00000020 r typeinfo for std::__facet_shims::(anonymous namespace)::numpunct_shim<char>
001c11d8 00000035 r typeinfo name for std::__facet_shims::(anonymous namespace)::numpunct_shim<char>
001c1210 00000020 r typeinfo for std::__facet_shims::(anonymous namespace)::collate_shim<char>
001c1230 00000034 r typeinfo name for std::__facet_shims::(anonymous namespace)::collate_shim<char>
001c1264 00000020 r typeinfo for std::__facet_shims::(anonymous namespace)::moneypunct_shim<char, true>
001c1284 0000003b r typeinfo name for std::__facet_shims::(anonymous namespace)::moneypunct_shim<char, true>
001c12c0 00000020 r typeinfo for std::__facet_shims::(anonymous namespace)::moneypunct_shim<char, false>
001c12e0 0000003b r typeinfo name for std::__facet_shims::(anonymous namespace)::moneypunct_shim<char, false>
001c131c 00000020 r typeinfo for std::__facet_shims::(anonymous namespace)::money_get_shim<char>
001c133c 00000036 r typeinfo name for std::__facet_shims::(anonymous namespace)::money_get_shim<char>
001c1374 00000020 r typeinfo for std::__facet_shims::(anonymous namespace)::money_put_shim<char>
001c1394 00000036 r typeinfo name for std::__facet_shims::(anonymous namespace)::money_put_shim<char>
001c13cc 00000020 r typeinfo for std::__facet_shims::(anonymous namespace)::messages_shim<char>
001c13ec 00000035 r typeinfo name for std::__facet_shims::(anonymous namespace)::messages_shim<char>
001c1424 00000020 r typeinfo for std::__facet_shims::(anonymous namespace)::numpunct_shim<wchar_t>
001c1444 00000035 r typeinfo name for std::__facet_shims::(anonymous namespace)::numpunct_shim<wchar_t>
001c147c 00000020 r typeinfo for std::__facet_shims::(anonymous namespace)::collate_shim<wchar_t>
001c149c 00000034 r typeinfo name for std::__facet_shims::(anonymous namespace)::collate_shim<wchar_t>
001c14d0 00000020 r typeinfo for std::__facet_shims::(anonymous namespace)::moneypunct_shim<wchar_t, true>
001c14f0 0000003b r typeinfo name for std::__facet_shims::(anonymous namespace)::moneypunct_shim<wchar_t, true>
001c152c 00000020 r typeinfo for std::__facet_shims::(anonymous namespace)::moneypunct_shim<wchar_t, false>
001c154c 0000003b r typeinfo name for std::__facet_shims::(anonymous namespace)::moneypunct_shim<wchar_t, false>
001c1588 00000020 r typeinfo for std::__facet_shims::(anonymous namespace)::money_get_shim<wchar_t>
001c15a8 00000036 r typeinfo name for std::__facet_shims::(anonymous namespace)::money_get_shim<wchar_t>
001c15e0 00000020 r typeinfo for std::__facet_shims::(anonymous namespace)::money_put_shim<wchar_t>
001c1600 00000036 r typeinfo name for std::__facet_shims::(anonymous namespace)::money_put_shim<wchar_t>
001c1638 00000020 r typeinfo for std::__facet_shims::(anonymous namespace)::messages_shim<wchar_t>
001c1658 00000035 r typeinfo name for std::__facet_shims::(anonymous namespace)::messages_shim<wchar_t>
001c1690 00000019 V typeinfo name for std::locale::facet::__shim
001c16ac 00000008 V typeinfo for std::locale::facet::__shim
001c16b4 00000020 r typeinfo for std::__facet_shims::(anonymous namespace)::time_get_shim<char>
001c16d4 00000035 r typeinfo name for std::__facet_shims::(anonymous namespace)::time_get_shim<char>
001c170c 00000020 r typeinfo for std::__facet_shims::(anonymous namespace)::time_get_shim<wchar_t>
001c172c 00000035 r typeinfo name for std::__facet_shims::(anonymous namespace)::time_get_shim<wchar_t>
001c1764 00000024 r vtable for std::__facet_shims::(anonymous namespace)::numpunct_shim<char>
001c1788 0000001c r vtable for std::__facet_shims::(anonymous namespace)::collate_shim<char>
001c17a4 00000034 r vtable for std::__facet_shims::(anonymous namespace)::moneypunct_shim<char, true>
001c17d8 00000034 r vtable for std::__facet_shims::(anonymous namespace)::moneypunct_shim<char, false>
001c180c 00000018 r vtable for std::__facet_shims::(anonymous namespace)::money_get_shim<char>
001c1824 00000018 r vtable for std::__facet_shims::(anonymous namespace)::money_put_shim<char>
001c183c 0000001c r vtable for std::__facet_shims::(anonymous namespace)::messages_shim<char>
001c1858 00000024 r vtable for std::__facet_shims::(anonymous namespace)::numpunct_shim<wchar_t>
001c187c 0000001c r vtable for std::__facet_shims::(anonymous namespace)::collate_shim<wchar_t>
001c1898 00000034 r vtable for std::__facet_shims::(anonymous namespace)::moneypunct_shim<wchar_t, true>
001c18cc 00000034 r vtable for std::__facet_shims::(anonymous namespace)::moneypunct_shim<wchar_t, false>
001c1900 00000018 r vtable for std::__facet_shims::(anonymous namespace)::money_get_shim<wchar_t>
001c1918 00000018 r vtable for std::__facet_shims::(anonymous namespace)::money_put_shim<wchar_t>
001c1930 0000001c r vtable for std::__facet_shims::(anonymous namespace)::messages_shim<wchar_t>
001c194c 00000028 r vtable for std::__facet_shims::(anonymous namespace)::time_get_shim<char>
001c1974 00000028 r vtable for std::__facet_shims::(anonymous namespace)::time_get_shim<wchar_t>
001c19c8 00000020 r typeinfo for std::__facet_shims::(anonymous namespace)::numpunct_shim<char>
001c19e8 00000035 r typeinfo name for std::__facet_shims::(anonymous namespace)::numpunct_shim<char>
001c1a20 00000020 r typeinfo for std::__facet_shims::(anonymous namespace)::collate_shim<char>
001c1a40 00000034 r typeinfo name for std::__facet_shims::(anonymous namespace)::collate_shim<char>
001c1a74 00000020 r typeinfo for std::__facet_shims::(anonymous namespace)::moneypunct_shim<char, true>
001c1a94 0000003b r typeinfo name for std::__facet_shims::(anonymous namespace)::moneypunct_shim<char, true>
001c1ad0 00000020 r typeinfo for std::__facet_shims::(anonymous namespace)::moneypunct_shim<char, false>
001c1af0 0000003b r typeinfo name for std::__facet_shims::(anonymous namespace)::moneypunct_shim<char, false>
001c1b2c 00000020 r typeinfo for std::__facet_shims::(anonymous namespace)::money_get_shim<char>
001c1b4c 00000036 r typeinfo name for std::__facet_shims::(anonymous namespace)::money_get_shim<char>
001c1b84 00000020 r typeinfo for std::__facet_shims::(anonymous namespace)::money_put_shim<char>
001c1ba4 00000036 r typeinfo name for std::__facet_shims::(anonymous namespace)::money_put_shim<char>
001c1bdc 00000020 r typeinfo for std::__facet_shims::(anonymous namespace)::messages_shim<char>
001c1bfc 00000035 r typeinfo name for std::__facet_shims::(anonymous namespace)::messages_shim<char>
001c1c34 00000020 r typeinfo for std::__facet_shims::(anonymous namespace)::numpunct_shim<wchar_t>
001c1c54 00000035 r typeinfo name for std::__facet_shims::(anonymous namespace)::numpunct_shim<wchar_t>
001c1c8c 00000020 r typeinfo for std::__facet_shims::(anonymous namespace)::collate_shim<wchar_t>
001c1cac 00000034 r typeinfo name for std::__facet_shims::(anonymous namespace)::collate_shim<wchar_t>
001c1ce0 00000020 r typeinfo for std::__facet_shims::(anonymous namespace)::moneypunct_shim<wchar_t, true>
001c1d00 0000003b r typeinfo name for std::__facet_shims::(anonymous namespace)::moneypunct_shim<wchar_t, true>
001c1d3c 00000020 r typeinfo for std::__facet_shims::(anonymous namespace)::moneypunct_shim<wchar_t, false>
001c1d5c 0000003b r typeinfo name for std::__facet_shims::(anonymous namespace)::moneypunct_shim<wchar_t, false>
001c1d98 00000020 r typeinfo for std::__facet_shims::(anonymous namespace)::money_get_shim<wchar_t>
001c1db8 00000036 r typeinfo name for std::__facet_shims::(anonymous namespace)::money_get_shim<wchar_t>
001c1df0 00000020 r typeinfo for std::__facet_shims::(anonymous namespace)::money_put_shim<wchar_t>
001c1e10 00000036 r typeinfo name for std::__facet_shims::(anonymous namespace)::money_put_shim<wchar_t>
001c1e48 00000020 r typeinfo for std::__facet_shims::(anonymous namespace)::messages_shim<wchar_t>
001c1e68 00000035 r typeinfo name for std::__facet_shims::(anonymous namespace)::messages_shim<wchar_t>
001c1ea0 00000020 r typeinfo for std::__facet_shims::(anonymous namespace)::time_get_shim<char>
001c1ec0 00000035 r typeinfo name for std::__facet_shims::(anonymous namespace)::time_get_shim<char>
001c1ef8 00000020 r typeinfo for std::__facet_shims::(anonymous namespace)::time_get_shim<wchar_t>
001c1f18 00000035 r typeinfo name for std::__facet_shims::(anonymous namespace)::time_get_shim<wchar_t>
001c1f50 00000024 r vtable for std::__facet_shims::(anonymous namespace)::numpunct_shim<char>
001c1f74 0000001c r vtable for std::__facet_shims::(anonymous namespace)::collate_shim<char>
001c1f90 00000034 r vtable for std::__facet_shims::(anonymous namespace)::moneypunct_shim<char, true>
001c1fc4 00000034 r vtable for std::__facet_shims::(anonymous namespace)::moneypunct_shim<char, false>
001c1ff8 00000018 r vtable for std::__facet_shims::(anonymous namespace)::money_get_shim<char>
001c2010 00000018 r vtable for std::__facet_shims::(anonymous namespace)::money_put_shim<char>
001c2028 0000001c r vtable for std::__facet_shims::(anonymous namespace)::messages_shim<char>
001c2044 00000024 r vtable for std::__facet_shims::(anonymous namespace)::numpunct_shim<wchar_t>
001c2068 0000001c r vtable for std::__facet_shims::(anonymous namespace)::collate_shim<wchar_t>
001c2084 00000034 r vtable for std::__facet_shims::(anonymous namespace)::moneypunct_shim<wchar_t, true>
001c20b8 00000034 r vtable for std::__facet_shims::(anonymous namespace)::moneypunct_shim<wchar_t, false>
001c20ec 00000018 r vtable for std::__facet_shims::(anonymous namespace)::money_get_shim<wchar_t>
001c2104 00000018 r vtable for std::__facet_shims::(anonymous namespace)::money_put_shim<wchar_t>
001c211c 0000001c r vtable for std::__facet_shims::(anonymous namespace)::messages_shim<wchar_t>
001c2138 0000002c r vtable for std::__facet_shims::(anonymous namespace)::time_get_shim<char>
001c2164 0000002c r vtable for std::__facet_shims::(anonymous namespace)::time_get_shim<wchar_t>
001c2258 0000000d V typeinfo name for std::time_base
001c2268 00000008 V typeinfo for std::time_base
001c2270 0000000f V typeinfo name for std::money_base
001c2280 00000008 V typeinfo for std::money_base
001c2288 00000012 V typeinfo name for std::messages_base
001c229c 00000008 V typeinfo for std::messages_base
001c22a4 00000018 V typeinfo name for std::__cxx11::collate<wchar_t>
001c22bc 0000000c V typeinfo for std::__cxx11::collate<wchar_t>
001c22c8 00000019 V typeinfo name for std::__cxx11::numpunct<wchar_t>
001c22e4 0000000c V typeinfo for std::__cxx11::numpunct<wchar_t>
001c22f0 00000020 V typeinfo name for std::__cxx11::moneypunct<wchar_t, true>
001c2310 00000020 V typeinfo for std::__cxx11::moneypunct<wchar_t, true>
001c2330 00000020 V typeinfo name for std::__cxx11::moneypunct<wchar_t, false>
001c2350 00000020 V typeinfo for std::__cxx11::moneypunct<wchar_t, false>
001c2370 00000019 V typeinfo name for std::__cxx11::messages<wchar_t>
001c238c 00000020 V typeinfo for std::__cxx11::messages<wchar_t>
001c23ac 00000046 V typeinfo name for std::__cxx11::money_get<wchar_t, std::istreambuf_iterator<wchar_t, std::char_traits<wchar_t> > >
001c23f4 0000000c V typeinfo for std::__cxx11::money_get<wchar_t, std::istreambuf_iterator<wchar_t, std::char_traits<wchar_t> > >
001c2400 00000046 V typeinfo name for std::__cxx11::money_put<wchar_t, std::ostreambuf_iterator<wchar_t, std::char_traits<wchar_t> > >
001c2448 0000000c V typeinfo for std::__cxx11::money_put<wchar_t, std::ostreambuf_iterator<wchar_t, std::char_traits<wchar_t> > >
001c2454 00000045 V typeinfo name for std::__cxx11::time_get<wchar_t, std::istreambuf_iterator<wchar_t, std::char_traits<wchar_t> > >
001c249c 00000020 V typeinfo for std::__cxx11::time_get<wchar_t, std::istreambuf_iterator<wchar_t, std::char_traits<wchar_t> > >
001c24bc 0000001c V vtable for std::__cxx11::collate<wchar_t>
001c24d8 00000024 V vtable for std::__cxx11::numpunct<wchar_t>
001c24fc 00000034 V vtable for std::__cxx11::moneypunct<wchar_t, true>
001c2530 00000034 V vtable for std::__cxx11::moneypunct<wchar_t, false>
001c2564 0000001c V vtable for std::__cxx11::messages<wchar_t>
001c2580 00000018 V vtable for std::__cxx11::money_get<wchar_t, std::istreambuf_iterator<wchar_t, std::char_traits<wchar_t> > >
001c2598 00000018 V vtable for std::__cxx11::money_put<wchar_t, std::ostreambuf_iterator<wchar_t, std::char_traits<wchar_t> > >
001c25b0 0000002c V vtable for std::__cxx11::time_get<wchar_t, std::istreambuf_iterator<wchar_t, std::char_traits<wchar_t> > >
001c25dc 00000027 V typeinfo name for std::basic_filebuf<char, std::char_traits<char> >
001c2604 0000000c V typeinfo for std::basic_filebuf<char, std::char_traits<char> >
001c2610 00000028 V typeinfo name for std::basic_ifstream<char, std::char_traits<char> >
001c2638 0000000c V typeinfo for std::basic_ifstream<char, std::char_traits<char> >
001c2644 00000028 V typeinfo name for std::basic_ofstream<char, std::char_traits<char> >
001c266c 0000000c V typeinfo for std::basic_ofstream<char, std::char_traits<char> >
001c2678 00000040 V vtable for std::basic_filebuf<char, std::char_traits<char> >
001c26b8 00000028 V construction vtable for std::istream-in-std::basic_ifstream<char, std::char_traits<char> >
001c26e0 00000010 V VTT for std::basic_ifstream<char, std::char_traits<char> >
001c26f0 00000028 V vtable for std::basic_ifstream<char, std::char_traits<char> >
001c2718 00000028 V construction vtable for std::ostream-in-std::basic_ofstream<char, std::char_traits<char> >
001c2740 00000010 V VTT for std::basic_ofstream<char, std::char_traits<char> >
001c2750 00000028 V vtable for std::basic_ofstream<char, std::char_traits<char> >
001c2778 00000022 V typeinfo name for std::basic_ios<char, std::char_traits<char> >
001c279c 0000000c V typeinfo for std::basic_ios<char, std::char_traits<char> >
001c27a8 00000010 V vtable for std::basic_ios<char, std::char_traits<char> >
001c27b8 0000000c R typeinfo name for std::ios_base
001c27c4 00000008 R typeinfo for std::ios_base
001c27cc 00000010 R vtable for std::ios_base
001c27dc 00000003 V typeinfo name for std::istream
001c27e0 00000018 V typeinfo for std::istream
001c28c0 00000011 V typeinfo name for std::codecvt_base
001c28d4 00000008 V typeinfo for std::codecvt_base
001c28dc 0000000f V typeinfo name for std::ctype_base
001c28ec 00000008 V typeinfo for std::ctype_base
001c28f4 0000000e V typeinfo name for std::collate<char>
001c2904 0000000c V typeinfo for std::collate<char>
001c2910 0000000f V typeinfo name for std::numpunct<char>
001c2920 0000000c V typeinfo for std::numpunct<char>
001c292c 0000003a V typeinfo name for std::num_get<char, std::istreambuf_iterator<char, std::char_traits<char> > >
001c2968 0000000c V typeinfo for std::num_get<char, std::istreambuf_iterator<char, std::char_traits<char> > >
001c2974 0000003a V typeinfo name for std::num_put<char, std::ostreambuf_iterator<char, std::char_traits<char> > >
001c29b0 0000000c V typeinfo for std::num_put<char, std::ostreambuf_iterator<char, std::char_traits<char> > >
001c29bc 00000019 V typeinfo name for std::__timepunct_cache<char>
001c29d8 0000000c V typeinfo for std::__timepunct_cache<char>
001c29e4 00000013 V typeinfo name for std::__timepunct<char>
001c29f8 0000000c V typeinfo for std::__timepunct<char>
001c2a04 00000016 V typeinfo name for std::moneypunct<char, true>
001c2a1c 00000020 V typeinfo for std::moneypunct<char, true>
001c2a3c 00000016 V typeinfo name for std::moneypunct<char, false>
001c2a54 00000020 V typeinfo for std::moneypunct<char, false>
001c2a74 0000000f V typeinfo name for std::messages<char>
001c2a84 00000020 V typeinfo for std::messages<char>
001c2aa4 0000002c V typeinfo name for std::__codecvt_abstract_base<char, char, _mbstate_t>
001c2ad0 00000020 V typeinfo for std::__codecvt_abstract_base<char, char, _mbstate_t>
001c2af0 0000003c V typeinfo name for std::money_get<char, std::istreambuf_iterator<char, std::char_traits<char> > >
001c2b2c 0000000c V typeinfo for std::money_get<char, std::istreambuf_iterator<char, std::char_traits<char> > >
001c2b38 0000003c V typeinfo name for std::money_put<char, std::ostreambuf_iterator<char, std::char_traits<char> > >
001c2b74 0000000c V typeinfo for std::money_put<char, std::ostreambuf_iterator<char, std::char_traits<char> > >
001c2b80 0000003b V typeinfo name for std::time_put<char, std::ostreambuf_iterator<char, std::char_traits<char> > >
001c2bbc 0000000c V typeinfo for std::time_put<char, std::ostreambuf_iterator<char, std::char_traits<char> > >
001c2bc8 0000003b V typeinfo name for std::time_get<char, std::istreambuf_iterator<char, std::char_traits<char> > >
001c2c04 00000020 V typeinfo for std::time_get<char, std::istreambuf_iterator<char, std::char_traits<char> > >
001c2c24 0000001e V typeinfo name for std::__moneypunct_cache<char, false>
001c2c44 0000000c V typeinfo for std::__moneypunct_cache<char, false>
001c2c50 0000001e V typeinfo name for std::__moneypunct_cache<char, true>
001c2c70 0000000c V typeinfo for std::__moneypunct_cache<char, true>
001c2c7c 00000018 V typeinfo name for std::__numpunct_cache<char>
001c2c94 0000000c V typeinfo for std::__numpunct_cache<char>
001c2ca0 0000001c V vtable for std::collate<char>
001c2cbc 00000024 V vtable for std::numpunct<char>
001c2ce0 0000003c V vtable for std::num_get<char, std::istreambuf_iterator<char, std::char_traits<char> > >
001c2d1c 00000030 V vtable for std::num_put<char, std::ostreambuf_iterator<char, std::char_traits<char> > >
001c2d4c 00000010 V vtable for std::__timepunct_cache<char>
001c2d5c 00000010 V vtable for std::__timepunct<char>
001c2d6c 00000034 V vtable for std::moneypunct<char, true>
001c2da0 00000034 V vtable for std::moneypunct<char, false>
001c2dd4 0000001c V vtable for std::messages<char>
001c2df0 0000002c V vtable for std::__codecvt_abstract_base<char, char, _mbstate_t>
001c2e1c 00000018 V vtable for std::money_get<char, std::istreambuf_iterator<char, std::char_traits<char> > >
001c2e34 00000018 V vtable for std::money_put<char, std::ostreambuf_iterator<char, std::char_traits<char> > >
001c2e4c 00000014 V vtable for std::time_put<char, std::ostreambuf_iterator<char, std::char_traits<char> > >
001c2e60 00000028 V vtable for std::time_get<char, std::istreambuf_iterator<char, std::char_traits<char> > >
001c2e88 00000010 V vtable for std::__moneypunct_cache<char, false>
001c2e98 00000010 V vtable for std::__moneypunct_cache<char, true>
001c2ea8 00000010 V vtable for std::__numpunct_cache<char>
001c2eb8 00000088 R std::locale::_S_twinned_facets
001c2f40 00000003 V typeinfo name for std::ostream
001c2f44 00000018 V typeinfo for std::ostream
001c2f5c 00000029 V typeinfo name for std::basic_streambuf<char, std::char_traits<char> >
001c2f88 00000008 V typeinfo for std::basic_streambuf<char, std::char_traits<char> >
001c2f90 00000040 V vtable for std::basic_streambuf<char, std::char_traits<char> >
001c2fd0 00000019 R typeinfo name for std::_V2::error_category
001c2fec 00000008 R typeinfo for std::_V2::error_category
001c2ff4 00000011 R typeinfo name for std::system_error
001c3008 0000000c R typeinfo for std::system_error
001c3014 0000000c r typeinfo for (anonymous namespace)::generic_error_category
001c3020 0000002a r typeinfo name for (anonymous namespace)::generic_error_category
001c304c 00000014 R vtable for std::system_error
001c3060 00000028 r vtable for (anonymous namespace)::generic_error_category
001c3150 0000000e V typeinfo name for std::collate<wchar_t>
001c3160 0000000c V typeinfo for std::collate<wchar_t>
001c316c 0000001d V typeinfo name for std::__ctype_abstract_base<wchar_t>
001c318c 00000020 V typeinfo for std::__ctype_abstract_base<wchar_t>
001c31ac 0000000f V typeinfo name for std::numpunct<wchar_t>
001c31bc 0000000c V typeinfo for std::numpunct<wchar_t>
001c31c8 0000003a V typeinfo name for std::num_get<wchar_t, std::istreambuf_iterator<wchar_t, std::char_traits<wchar_t> > >
001c3204 0000000c V typeinfo for std::num_get<wchar_t, std::istreambuf_iterator<wchar_t, std::char_traits<wchar_t> > >
001c3210 0000003a V typeinfo name for std::num_put<wchar_t, std::ostreambuf_iterator<wchar_t, std::char_traits<wchar_t> > >
001c324c 0000000c V typeinfo for std::num_put<wchar_t, std::ostreambuf_iterator<wchar_t, std::char_traits<wchar_t> > >
001c3258 00000019 V typeinfo name for std::__timepunct_cache<wchar_t>
001c3274 0000000c V typeinfo for std::__timepunct_cache<wchar_t>
001c3280 00000013 V typeinfo name for std::__timepunct<wchar_t>
001c3294 0000000c V typeinfo for std::__timepunct<wchar_t>
001c32a0 00000016 V typeinfo name for std::moneypunct<wchar_t, true>
001c32b8 00000020 V typeinfo for std::moneypunct<wchar_t, true>
001c32d8 00000016 V typeinfo name for std::moneypunct<wchar_t, false>
001c32f0 00000020 V typeinfo for std::moneypunct<wchar_t, false>
001c3310 0000000f V typeinfo name for std::messages<wchar_t>
001c3320 00000020 V typeinfo for std::messages<wchar_t>
001c3340 0000002c V typeinfo name for std::__codecvt_abstract_base<wchar_t, char, _mbstate_t>
001c336c 00000020 V typeinfo for std::__codecvt_abstract_base<wchar_t, char, _mbstate_t>
001c338c 0000003c V typeinfo name for std::money_get<wchar_t, std::istreambuf_iterator<wchar_t, std::char_traits<wchar_t> > >
001c33c8 0000000c V typeinfo for std::money_get<wchar_t, std::istreambuf_iterator<wchar_t, std::char_traits<wchar_t> > >
001c33d4 0000003c V typeinfo name for std::money_put<wchar_t, std::ostreambuf_iterator<wchar_t, std::char_traits<wchar_t> > >
001c3410 0000000c V typeinfo for std::money_put<wchar_t, std::ostreambuf_iterator<wchar_t, std::char_traits<wchar_t> > >
001c341c 0000003b V typeinfo name for std::time_put<wchar_t, std::ostreambuf_iterator<wchar_t, std::char_traits<wchar_t> > >
001c3458 0000000c V typeinfo for std::time_put<wchar_t, std::ostreambuf_iterator<wchar_t, std::char_traits<wchar_t> > >
001c3464 0000003b V typeinfo name for std::time_get<wchar_t, std::istreambuf_iterator<wchar_t, std::char_traits<wchar_t> > >
001c34a0 00000020 V typeinfo for std::time_get<wchar_t, std::istreambuf_iterator<wchar_t, std::char_traits<wchar_t> > >
001c34c0 0000001e V typeinfo name for std::__moneypunct_cache<wchar_t, false>
001c34e0 0000000c V typeinfo for std::__moneypunct_cache<wchar_t, false>
001c34ec 0000001e V typeinfo name for std::__moneypunct_cache<wchar_t, true>
001c350c 0000000c V typeinfo for std::__moneypunct_cache<wchar_t, true>
001c3518 00000018 V typeinfo name for std::__numpunct_cache<wchar_t>
001c3530 0000000c V typeinfo for std::__numpunct_cache<wchar_t>
001c353c 0000001c V vtable for std::collate<wchar_t>
001c3558 00000040 V vtable for std::__ctype_abstract_base<wchar_t>
001c3598 00000024 V vtable for std::numpunct<wchar_t>
001c35bc 0000003c V vtable for std::num_get<wchar_t, std::istreambuf_iterator<wchar_t, std::char_traits<wchar_t> > >
001c35f8 00000030 V vtable for std::num_put<wchar_t, std::ostreambuf_iterator<wchar_t, std::char_traits<wchar_t> > >
001c3628 00000010 V vtable for std::__timepunct_cache<wchar_t>
001c3638 00000010 V vtable for std::__timepunct<wchar_t>
001c3648 00000034 V vtable for std::moneypunct<wchar_t, true>
001c367c 00000034 V vtable for std::moneypunct<wchar_t, false>
001c36b0 0000001c V vtable for std::messages<wchar_t>
001c36cc 0000002c V vtable for std::__codecvt_abstract_base<wchar_t, char, _mbstate_t>
001c36f8 00000018 V vtable for std::money_get<wchar_t, std::istreambuf_iterator<wchar_t, std::char_traits<wchar_t> > >
001c3710 00000018 V vtable for std::money_put<wchar_t, std::ostreambuf_iterator<wchar_t, std::char_traits<wchar_t> > >
001c3728 00000014 V vtable for std::time_put<wchar_t, std::ostreambuf_iterator<wchar_t, std::char_traits<wchar_t> > >
001c373c 00000028 V vtable for std::time_get<wchar_t, std::istreambuf_iterator<wchar_t, std::char_traits<wchar_t> > >
001c3764 00000010 V vtable for std::__moneypunct_cache<wchar_t, false>
001c3774 00000010 V vtable for std::__moneypunct_cache<wchar_t, true>
001c3784 00000010 V vtable for std::__numpunct_cache<wchar_t>
001c3794 0000000d R typeinfo name for std::bad_alloc
001c37a4 0000000c R typeinfo for std::bad_alloc
001c37b0 00000014 R vtable for std::bad_alloc
001c37c4 00000019 R typeinfo name for std::bad_array_new_length
001c37e0 0000000c R typeinfo for std::bad_array_new_length
001c37ec 00000014 R vtable for std::bad_array_new_length
001c3800 0000000c R typeinfo name for std::bad_cast
001c380c 0000000c R typeinfo for std::bad_cast
001c3818 00000014 R vtable for std::bad_cast
001c382c 00000022 R typeinfo name for __cxxabiv1::__class_type_info
001c3850 0000000c R typeinfo for __cxxabiv1::__class_type_info
001c385c 0000002c R vtable for __cxxabiv1::__class_type_info
001c3888 0000000d R typeinfo name for std::exception
001c3898 00000008 R typeinfo for std::exception
001c38a0 00000012 R typeinfo name for std::bad_exception
001c38b4 0000000c R typeinfo for std::bad_exception
001c38c0 00000020 R typeinfo name for __cxxabiv1::__forced_unwind
001c38e0 00000008 R typeinfo for __cxxabiv1::__forced_unwind
001c38e8 00000024 R typeinfo name for __cxxabiv1::__foreign_exception
001c390c 00000008 R typeinfo for __cxxabiv1::__foreign_exception
001c3914 00000014 R vtable for std::bad_exception
001c393c 0000002c V typeinfo name for __gnu_cxx::__concurrence_broadcast_error
001c3968 0000000c V typeinfo for __gnu_cxx::__concurrence_broadcast_error
001c3974 00000027 V typeinfo name for __gnu_cxx::__concurrence_wait_error
001c399c 0000000c V typeinfo for __gnu_cxx::__concurrence_wait_error
001c39a8 00000014 V vtable for __gnu_cxx::__concurrence_broadcast_error
001c39bc 00000014 V vtable for __gnu_cxx::__concurrence_wait_error
001c39d0 00000001 R std::nothrow
001c39d4 00000025 R typeinfo name for __cxxabiv1::__si_class_type_info
001c39fc 0000000c R typeinfo for __cxxabiv1::__si_class_type_info
001c3a08 0000002c R vtable for __cxxabiv1::__si_class_type_info
001c3a34 0000000d R typeinfo name for std::type_info
001c3a44 00000008 R typeinfo for std::type_info
001c3a4c 00000026 R typeinfo name for __cxxabiv1::__vmi_class_type_info
001c3a74 0000000c R typeinfo for __cxxabiv1::__vmi_class_type_info
001c3a80 0000002c R vtable for __cxxabiv1::__vmi_class_type_info
001c3aac 0000001b V typeinfo name for std::codecvt<char, char, _mbstate_t>
001c3ac8 0000000c V typeinfo for std::codecvt<char, char, _mbstate_t>
001c3ad4 0000001b V typeinfo name for std::codecvt<wchar_t, char, _mbstate_t>
001c3af0 0000000c V typeinfo for std::codecvt<wchar_t, char, _mbstate_t>
001c3afc 0000002c V vtable for std::codecvt<char, char, _mbstate_t>
001c3b28 0000002c V vtable for std::codecvt<wchar_t, char, _mbstate_t>
001c3b54 00000034 r std::(anonymous namespace)::mon_yday
001c3b88 00000004 R std::money_base::_S_default_pattern
001c4314 00000010 R typeinfo name for std::logic_error
001c4324 0000000c R typeinfo for std::logic_error
001c4330 00000011 R typeinfo name for std::length_error
001c4344 0000000c R typeinfo for std::length_error
001c4350 00000011 R typeinfo name for std::out_of_range
001c4364 0000000c R typeinfo for std::out_of_range
001c4370 00000012 R typeinfo name for std::runtime_error
001c4384 0000000c R typeinfo for std::runtime_error
001c4390 00000014 R vtable for std::logic_error
001c43a4 00000014 R vtable for std::length_error
001c43b8 00000014 R vtable for std::out_of_range
001c43cc 00000014 R vtable for std::runtime_error
001c43e0 0000002d V typeinfo name for std::__codecvt_abstract_base<char16_t, char, _mbstate_t>
001c4410 00000020 V typeinfo for std::__codecvt_abstract_base<char16_t, char, _mbstate_t>
001c4430 0000001c V typeinfo name for std::codecvt<char16_t, char, _mbstate_t>
001c444c 0000000c V typeinfo for std::codecvt<char16_t, char, _mbstate_t>
001c4458 0000002d V typeinfo name for std::__codecvt_abstract_base<char32_t, char, _mbstate_t>
001c4488 00000020 V typeinfo for std::__codecvt_abstract_base<char32_t, char, _mbstate_t>
001c44a8 0000001c V typeinfo name for std::codecvt<char32_t, char, _mbstate_t>
001c44c4 0000000c V typeinfo for std::codecvt<char32_t, char, _mbstate_t>
001c44d0 0000002e V typeinfo name for std::__codecvt_abstract_base<char16_t, char8_t, _mbstate_t>
001c4500 00000020 V typeinfo for std::__codecvt_abstract_base<char16_t, char8_t, _mbstate_t>
001c4520 0000001d V typeinfo name for std::codecvt<char16_t, char8_t, _mbstate_t>
001c4540 0000000c V typeinfo for std::codecvt<char16_t, char8_t, _mbstate_t>
001c454c 0000002e V typeinfo name for std::__codecvt_abstract_base<char32_t, char8_t, _mbstate_t>
001c457c 00000020 V typeinfo for std::__codecvt_abstract_base<char32_t, char8_t, _mbstate_t>
001c459c 0000001d V typeinfo name for std::codecvt<char32_t, char8_t, _mbstate_t>
001c45bc 0000000c V typeinfo for std::codecvt<char32_t, char8_t, _mbstate_t>
001c45c8 0000002c V vtable for std::__codecvt_abstract_base<char16_t, char, _mbstate_t>
001c45f4 0000002c V vtable for std::codecvt<char16_t, char, _mbstate_t>
001c4620 0000002c V vtable for std::__codecvt_abstract_base<char32_t, char, _mbstate_t>
001c464c 0000002c V vtable for std::codecvt<char32_t, char, _mbstate_t>
001c4678 0000002c V vtable for std::__codecvt_abstract_base<char16_t, char8_t, _mbstate_t>
001c46a4 0000002c V vtable for std::codecvt<char16_t, char8_t, _mbstate_t>
001c46d0 0000002c V vtable for std::__codecvt_abstract_base<char32_t, char8_t, _mbstate_t>
001c46fc 0000002c V vtable for std::codecvt<char32_t, char8_t, _mbstate_t>
001c4728 0000000c V typeinfo name for std::ctype<char>
001c4734 00000020 V typeinfo for std::ctype<char>
001c4754 0000000c V typeinfo name for std::ctype<wchar_t>
001c4760 0000000c V typeinfo for std::ctype<wchar_t>
001c476c 00000030 V vtable for std::ctype<char>
001c479c 00000040 V vtable for std::ctype<wchar_t>
001c4820 0000001d R typeinfo name for std::ios_base::failure[abi:cxx11]
001c4840 0000000c R typeinfo for std::ios_base::failure[abi:cxx11]
001c484c 00000012 V typeinfo name for std::__ios_failure
001c4860 0000000c V typeinfo for std::__ios_failure
001c486c 00000018 R typeinfo name for std::__iosfail_type_info
001c4884 00000018 R typeinfo for std::__iosfail_type_info
001c489c 00000014 R vtable for std::ios_base::failure[abi:cxx11]
001c48b0 00000014 V vtable for std::__ios_failure
001c48c4 0000002c R vtable for std::__iosfail_type_info
001c49b8 00000018 V typeinfo name for std::__cxx11::collate<char>
001c49d0 0000000c V typeinfo for std::__cxx11::collate<char>
001c49dc 00000019 V typeinfo name for std::__cxx11::numpunct<char>
001c49f8 0000000c V typeinfo for std::__cxx11::numpunct<char>
001c4a04 00000020 V typeinfo name for std::__cxx11::moneypunct<char, true>
001c4a24 00000020 V typeinfo for std::__cxx11::moneypunct<char, true>
001c4a44 00000020 V typeinfo name for std::__cxx11::moneypunct<char, false>
001c4a64 00000020 V typeinfo for std::__cxx11::moneypunct<char, false>
001c4a84 00000019 V typeinfo name for std::__cxx11::messages<char>
001c4aa0 00000020 V typeinfo for std::__cxx11::messages<char>
001c4ac0 00000046 V typeinfo name for std::__cxx11::money_get<char, std::istreambuf_iterator<char, std::char_traits<char> > >
001c4b08 0000000c V typeinfo for std::__cxx11::money_get<char, std::istreambuf_iterator<char, std::char_traits<char> > >
001c4b14 00000046 V typeinfo name for std::__cxx11::money_put<char, std::ostreambuf_iterator<char, std::char_traits<char> > >
001c4b5c 0000000c V typeinfo for std::__cxx11::money_put<char, std::ostreambuf_iterator<char, std::char_traits<char> > >
001c4b68 00000045 V typeinfo name for std::__cxx11::time_get<char, std::istreambuf_iterator<char, std::char_traits<char> > >
001c4bb0 00000020 V typeinfo for std::__cxx11::time_get<char, std::istreambuf_iterator<char, std::char_traits<char> > >
001c4bd0 0000001c V vtable for std::__cxx11::collate<char>
001c4bec 00000024 V vtable for std::__cxx11::numpunct<char>
001c4c10 00000034 V vtable for std::__cxx11::moneypunct<char, true>
001c4c44 00000034 V vtable for std::__cxx11::moneypunct<char, false>
001c4c78 0000001c V vtable for std::__cxx11::messages<char>
001c4c94 00000018 V vtable for std::__cxx11::money_get<char, std::istreambuf_iterator<char, std::char_traits<char> > >
001c4cac 00000018 V vtable for std::__cxx11::money_put<char, std::ostreambuf_iterator<char, std::char_traits<char> > >
001c4cc4 0000002c V vtable for std::__cxx11::time_get<char, std::istreambuf_iterator<char, std::char_traits<char> > >
001c4cf0 0000000c r typeinfo for (anonymous namespace)::io_error_category
001c4cfc 00000025 r typeinfo name for (anonymous namespace)::io_error_category
001c4d24 00000028 r vtable for (anonymous namespace)::io_error_category
001c4d4c 00000016 R typeinfo name for std::ios_base::failure
001c4d64 0000000c R typeinfo for std::ios_base::failure
001c4d70 00000014 R vtable for std::ios_base::failure
001c4d84 00000080 r npio2_hw
001c4e04 00000108 r two_over_pi
001c4f10 00000040 r PIo2
001c4f50 00000010 r init_jk
001c4f60 00000060 R __inv_pio4
001c4fc0 000000e0 R __sincosf_table
001c50a0 00000870 R __exp_data
001c5910 00001048 R __pow_log_data
001c6054 N 
001c6054 N 
001c6054 N 
001c6054 N 
001c6054 N 
001c6054 N 
001c6054 N 
001c6054 N 
001c6054 N 
001c6054 N 
001c6054 N 
001c6054 N 
001c6054 N 
001c6054 N 
001c6054 N 
001c6054 N 
001c6054 N 
001c6054 N 
001c6054 N 
001c6054 N 
001c6054 N 
001c6054 N 
001c6054 N 
001c6054 N 
001c6054 N 
001c6054 N 
001c6054 N 
001c6054 N 
001c6054 N 
001c6054 N 
001c6054 N 
001c6054 W KoreanMSX8KB0300MemoryRule.cpp.350db892
001c6958 00001090 R __log_data
001c7c00 00000022 r basefix.0
001c7c84 00000014 r fpinan.0
001c7c98 00000014 r fpi.1
001c7cb0 00000028 r tinytens
001c7cd8 00000100 R __hexdig
001c7dd8 00000030 r _DAYS_BEFORE_MONTH
001c7e08 00000030 r DAYS_IN_MONTH
001c7e70 0000001c r categories
001c7f0c 00000022 r basefix.0
001c7f48 000000fc R _C_time_locale
001c813c 00000010 r zeroes.0
001c814c 00000010 r blanks.1
001c815c 00000101 R _ctype_
001c830c 00000060 R __month_lengths
001c836c 0000000c r p05.0
001c8378 00000028 R __mprec_bigtens
001c83a0 000000c8 R __mprec_tens
001c8554 00000010 r zeroes.0
001c8564 00000010 r blanks.1
001c8574 0000006c R __action_table
001c85e0 0000006c R __state_table
001c864c 00000100 R __chclass
001c8784 00000048 r JIS_action_table
001c87cc 00000048 r JIS_state_table
001c88a4 000037f8 r categories
001cc170 00000040 r zeroes.0
001cc1b0 00000040 r blanks.1
001cc2dc 00000010 r zeroes.0
001cc2ec 00000010 r blanks.1
001cc3e8 00000010 r zeroes.0
001cc3f8 00000010 r blanks.1
001cc408 00000080 R dotab_stdnull
001cc488 R __tdata_align
001cc48c r __EH_FRAME_BEGIN__
001ceb10 R __exidx_start
001cfdd0 R __exidx_end
001d0000 00000004 d previousGlassesEye
001d0004 00000008 d framerateCounter
001d000c 00000004 d framerate
001d0010 00000004 D currentConsole
001d0014 00000004 d queueLock
001d0018 00000004 d aptChainloadDeliverArgSize
001d001c 00000004 d kCount
001d0020 00000004 d kInterval
001d0024 00000004 d kDelay
001d0028 W __stacksize__
001d002c 00000004 d (anonymous namespace)::generic_category_instance
001d0030 00000004 D __cxxabiv1::__unexpected_handler
001d0034 00000004 D std::__num_base::_S_atoms_out
001d0038 00000004 D std::__num_base::_S_atoms_in
001d003c 00000004 D std::money_base::_S_atoms
001d0040 00000038 D std::__timepunct_cache<wchar_t>::_S_timezones
001d0078 00000038 D std::__timepunct_cache<char>::_S_timezones
001d00b0 00000004 d (anonymous namespace)::io_category_instance
001d00b4 00000004 D __cxxabiv1::__terminate_handler
001d00b8 00000004 D _impure_ptr
001d00c0 00000200 D _impure_data
001d02c0 00000008 D _tzname
001d02c8 00000254 D __global_locale
001d051c 00000020 D __default_locale
001d053c 00000004 D __malloc_sbrk_base
001d0540 00000004 D __malloc_trim_threshold
001d0548 00000408 D __malloc_av_
001d0950 0000000c D __sglue
001d0960 00000058 d tzinfo
001d09b8 000007e0 d caseconv_table
001d1198 00000004 D environ
001d119c 00000400 d _current_working_directory
001d15a0 00001000 d handles
001d25a0 0000000c d __stderr_handle
001d25ac 0000000c d __stdout_handle
001d25b8 0000000c d __stdin_handle
001d25c4 0000008c D devoptab_list
001d2650 00000004 d defaultDevice
001d265c d _GLOBAL_OFFSET_TABLE_
001d2668 d __frame_dummy_init_array_entry
001d2668 D __init_array_start
001d2668 B __preinit_array_end
001d2668 B __preinit_array_start
001d2668 D __tdata_lma
001d2668 D __tdata_lma_end
001d2684 d __do_global_dtors_aux_fini_array_entry
001d2684 D __fini_array_start
001d2684 D __init_array_end
001d2690 00000004 b menuTarget
001d2690 D __bss_start__
001d2690 D __fini_array_end
001d2694 00000004 b frameBuffer
001d2698 00000004 b uploadBuffer
001d269c 00000090 b gameTex
001d272c 00000001 b textureInitialized
001d2730 00000078 b gameSubTex
001d27a8 00000030 b gameImage
001d27d8 00000001 b audioInitialized
001d27dc 00000010 b audioBuffers
001d27ec 00000060 b audioWave
001d284c 00000001 b stereoActive
001d284d 00000001 b display3DEnabled
001d2850 00000004 b audioIndex
001d2854 00000004 b videoTextureSlot
001d2858 00002000 B sin_tab.lto_priv.0
001d4858 00005800 B tl_tab.lto_priv.0
001d675e N 
001d675e N 
001d675e N 
001d675e N 
001d675e N 
001d675e N 
001d675e N 
001d675e N 
001d675e N 
001d675e N 
001d675e N 
001d675e N 
001d675e N 
001d675e N 
001d675e N 
001d675e N 
001d675e N 
001d675e N 
001d675e N 
001d675e N 
001d675e N 
001d675e N 
001d675e N 
001d675e N 
001d675e N 
001d675e N 
001d675e N 
001d675e N 
001d675e N 
001d675e N 
001d675e N 
001d675e N 
001d675e W KoreanMSXSMS8000MemoryRule.cpp.6661be56
001da058 00001760 B ym2413.lto_priv.0
001db7b8 00000008 b output
001db7c0 00000004 b LFO_PM
001db7c4 00000004 b LFO_AM
001db7c8 000005a8 B __C2Di_Context
001dbd70 00000040 b s_projTop
001dbdb0 00000040 b s_projBot
001dbdf0 00000004 b uLoc_mdlvMtx
001dbdf4 00000004 b uLoc_projMtx
001dbdf8 00000004 b s_glyphSheets
001dbdfc 00000004 b s_textScale
001dbe00 b completed.1
001dbe04 b object.0
001dbe1c 0000000c b hookCookie
001dbe28 000002d0 B __C3D_Context
001dc0f8 00000004 b frameEndCbData
001dc0fc 00000004 b frameEndCb
001dc100 00000008 b frameCounter
001dc108 00000001 b isTopStereo
001dc109 00000001 b needSwapBot
001dc10a 00000001 b needSwapTop
001dc10b 00000001 b measureGpuTime
001dc10c 00000001 b inSafeTransfer
001dc10d 00000001 b inFrame
001dc110 00000010 b cpuTime
001dc120 00000010 b gpuTime
001dc130 0000000c b linkedTarget
001dc13c 00000004 b lastTarget
001dc140 00000004 b firstTarget
001dc144 00000008 b C3Di_IVUnifEverDirty
001dc14c 000000c0 b C3Di_FVUnifEverDirty
001dc20c 00000018 b C3Di_ShaderFVecData
001dc224 00000002 B C3D_BoolUnifsDirty
001dc228 00000008 B C3D_IVUnifDirty
001dc230 000000c0 B C3D_FVUnifDirty
001dc2f0 00000004 B C3D_BoolUnifs
001dc2f4 00000020 B C3D_IVUnif
001dc314 00000c00 B C3D_FVUnif
001dcf18 00000008 b sLinearPool
001dcf20 0000000c b sAddrMap
001dcf30 00000008 b sVramPoolB
001dcf38 00000008 b sVramPoolA
001dcf40 0000000c b sAddrMap
001dcf4c 00000048 B currentCopy
001dcf94 00000004 b sharedFontAddr
001dcf98 00000004 B g_sharedFont
001dcf9c 00000004 b screenAlloc
001dcfa0 00000004 b screenFree
001dcfa4 00000002 b gfxIsDoubleBuf
001dcfa8 00000002 b gfxCurBuf
001dcfaa 00000001 b gfxIsVram
001dcfab 00000001 b gfxTopMode
001dcfac 00000002 b gfxFramebufferFormats
001dcfb0 00000004 b gfxBottomFramebufferMaxSize
001dcfb4 00000004 b gfxTopFramebufferMaxSize
001dcfb8 00000008 b gfxBottomFramebuffers
001dcfc0 00000008 b gfxTopFramebuffers
001dcfc8 00000001 V __ctru_speedup
001dcfcc 00000004 b romfs_mount_list
001dcfd0 00000004 V __romfs_path
001dcfd4 00000004 B gpuCmdBufOffset
001dcfd8 00000004 B gpuCmdBufSize
001dcfdc 00000004 B gpuCmdBuf
001dcfe0 00000004 b boundQueue
001dcfe4 00000001 b shouldStop
001dcfe5 00000001 b isRunning
001dcfe6 00000001 b isActive
001dcfe8 00000004 b curQueue
001dcfec 00000004 b ndspRefCount
001dcff0 00000048 b ndspMaster
001dd038 00000004 b ndspThread
001dd03c 00000001 b ndspThreadRun
001dd040 00001080 b dspVar5Backup
001de0c0 00000004 b ndspMutex
001de0c4 00000008 b sleepEvent
001de0cc 00000004 b dspSem
001de0d0 00000004 b irqEvent
001de0d4 00000008 b ndspHookCookie
001de0dc 00000001 b componentFree
001de0de 00000002 b componentDataMask
001de0e0 00000002 b componentProgMask
001de0e4 00000004 b componentSize
001de0e8 00000004 b componentBin
001de0ec 00000004 b frameCount
001de0f0 00000004 b droppedFrames
001de0f4 00000001 b bCancelReceived
001de0f5 00000001 b bSleeping
001de0f6 00000001 b bEnteringSleep
001de0f7 00000001 b bDspReady
001de0f8 00000080 B ndspVars
001de178 00000002 B ndspBufferId
001de17a 00000002 B ndspBufferCurId
001de17c 00000002 B ndspFrameId
001de180 00000c60 b ndspChn
001dede0 00000001 b flagValue.0
001dede1 00000001 b flagInit.1
001dede4 00000004 b serviceName.6
001dede8 00000001 b aptChainloadFlags
001dede9 00000001 b aptChainloadMediatype
001dedec 00000020 b aptChainloadHmac
001dee0c 00000300 b aptChainloadDeliverArg
001df110 00000008 b aptChainloadTid
001df118 00001000 b aptParameters
001e0118 00000004 b aptFlags
001e011c 00000001 b aptHomeButtonState
001e0120 00000004 b aptMessageFuncData
001e0124 00000004 b aptMessageFunc
001e0128 0000000c b aptFirstHook
001e0134 00000001 b aptEventHandlerThreadQuit
001e0138 00000004 b aptEventHandlerThread
001e013c 00000008 b aptSleepEvent
001e0144 00000008 b aptReceiveEvent
001e014c 00000008 b aptEvents
001e0154 00000004 b aptLockHandle
001e0158 00000004 b aptRefCount
001e015c 00000004 b cfguRefCount
001e0160 00000004 b cfguHandle
001e0164 00000002 b dspSavedCompDataMask
001e0166 00000002 b dspSavedCompProgMask
001e0168 00000004 b dspSavedCompSize
001e016c 00000004 b dspSavedCompBin
001e0170 00000001 b dspSleeping
001e0171 00000001 b dspComponentLoaded
001e0174 00000008 b dspFirstHook
001e017c 00000004 b dspRefCount
001e0180 00000004 b dspHandle
001e0188 00000080 b fsExemptArchives
001e0208 00000004 b fsuRefCount
001e020c 00000004 b fsuHandle
001e0210 00000007 b gspEventCbOneShot
001e0218 0000001c b gspEventCbData
001e0234 0000001c b gspEventCb
001e0250 00000038 b gspEvents
001e0288 00000004 b gspLastEvent
001e028c 00000001 b gspRunEvents
001e0290 00000004 b gspEventThread
001e0294 00000004 b gspEvent
001e0298 00000001 b gspGpuRight
001e0299 00000001 b gspThreadId
001e029c 00000004 b gspSharedMem
001e02a0 00000004 b gspSharedMemHandle
001e02a4 00000004 b gspRefCount
001e02a8 00000004 b gspGpuHandle
001e02ac 00000001 b usingIrrst
001e02b0 00000004 b hidRefCount
001e02b4 00000006 b gRate
001e02bc 00000006 b aVec
001e02c4 00000004 b cPos
001e02c8 00000004 b tPos
001e02cc 00000004 b kRepeat
001e02d0 00000004 b kUp
001e02d4 00000004 b kDown
001e02d8 00000004 b kHeld
001e02dc 00000004 b kOld
001e02e0 00000004 B hidSharedMem
001e02e4 00000014 B hidEvents
001e02f8 00000004 B hidMemHandle
001e02fc 00000004 B hidHandle
001e0300 00000004 b irrstRefCount
001e0304 00000004 b csPos
001e0308 00000004 b kHeld
001e030c 00000004 B irrstSharedMem
001e0310 00000004 B irrstEvent
001e0314 00000004 B irrstMemHandle
001e0318 00000004 B irrstHandle
001e031c 00000004 b ptmSysmRefCount
001e0320 00000004 b ptmSysmHandle
001e0324 00000004 V __ctru_linear_heap_size
001e0328 00000004 V __ctru_heap_size
001e032c 00000004 B __ctru_linear_heap
001e0330 00000004 B __ctru_heap
001e0334 00000004 B __system_retAddr
001e0338 00000004 B __system_argv
001e033c 00000004 B __system_argc
001e0340 b saved_stack
001e0348 00000004 B __3dslink_host
001e034c 00000004 b srvRefCount
001e0350 00000004 b srvHandle
001e0354 00000004 b arbiter
001e0358 00000004 b currentAddr
001e035c 00000004 b maxAddr
001e0360 00000004 b minAddr
001e0364 00000004 b srvPmHandle
001e0368 000005c0 b archive_devices
001e0928 00000004 b archive_device_cwd
001e092c 00000001 b archive_initialized
001e0930 00000004 B std::locale::id::_S_refcount
001e0934 00000004 B std::locale::facet::_S_once
001e0938 00000004 B std::locale::facet::_S_c_locale
001e093c 00000004 B std::locale::_S_once
001e0940 00000004 B std::locale::_S_global
001e0944 00000004 B std::locale::_S_classic
001e0948 00000004 b guard variable for (anonymous namespace)::get_locale_cache_mutex()::locale_cache_mutex
001e0950 00000010 b (anonymous namespace)::get_locale_cache_mutex()::locale_cache_mutex
001e0960 00000010 V std::string::_Rep::_S_empty_rep_storage
001e0970 00000010 V std::basic_string<wchar_t, std::char_traits<wchar_t>, std::allocator<wchar_t> >::_Rep::_S_empty_rep_storage
001e0980 00000004 V guard variable for std::__cxx11::collate<wchar_t>::id
001e0984 00000004 V guard variable for std::__cxx11::messages<wchar_t>::id
001e0988 00000004 V guard variable for std::__cxx11::time_get<wchar_t, std::istreambuf_iterator<wchar_t, std::char_traits<wchar_t> > >::id
001e098c 00000004 V guard variable for std::__cxx11::numpunct<wchar_t>::id
001e0990 00000004 V guard variable for std::__cxx11::moneypunct<wchar_t, true>::id
001e0994 00000004 V guard variable for std::__cxx11::moneypunct<wchar_t, false>::id
001e0998 00000004 V guard variable for std::__cxx11::money_put<wchar_t, std::ostreambuf_iterator<wchar_t, std::char_traits<wchar_t> > >::id
001e099c 00000004 V guard variable for std::__cxx11::money_get<wchar_t, std::istreambuf_iterator<wchar_t, std::char_traits<wchar_t> > >::id
001e09a0 00000004 V std::__cxx11::collate<wchar_t>::id
001e09a4 00000004 V std::__cxx11::messages<wchar_t>::id
001e09a8 00000004 V std::__cxx11::time_get<wchar_t, std::istreambuf_iterator<wchar_t, std::char_traits<wchar_t> > >::id
001e09ac 00000004 V std::__cxx11::numpunct<wchar_t>::id
001e09b0 00000004 V std::__cxx11::moneypunct<wchar_t, true>::id
001e09b4 00000004 V std::__cxx11::moneypunct<wchar_t, false>::id
001e09b8 00000004 V std::__cxx11::money_put<wchar_t, std::ostreambuf_iterator<wchar_t, std::char_traits<wchar_t> > >::id
001e09bc 00000004 V std::__cxx11::money_get<wchar_t, std::istreambuf_iterator<wchar_t, std::char_traits<wchar_t> > >::id
001e09c0 00000004 V guard variable for std::collate<char>::id
001e09c4 00000004 V guard variable for std::messages<char>::id
001e09c8 00000004 V guard variable for std::time_get<char, std::istreambuf_iterator<char, std::char_traits<char> > >::id
001e09cc 00000004 V guard variable for std::time_put<char, std::ostreambuf_iterator<char, std::char_traits<char> > >::id
001e09d0 00000004 V guard variable for std::__timepunct<char>::id
001e09d4 00000004 V guard variable for std::numpunct<char>::id
001e09d8 00000004 V guard variable for std::moneypunct<char, true>::id
001e09dc 00000004 V guard variable for std::moneypunct<char, false>::id
001e09e0 00000004 V guard variable for std::money_put<char, std::ostreambuf_iterator<char, std::char_traits<char> > >::id
001e09e4 00000004 V guard variable for std::money_get<char, std::istreambuf_iterator<char, std::char_traits<char> > >::id
001e09e8 00000004 V guard variable for std::num_put<char, std::ostreambuf_iterator<char, std::char_traits<char> > >::id
001e09ec 00000004 V guard variable for std::num_get<char, std::istreambuf_iterator<char, std::char_traits<char> > >::id
001e09f0 00000004 V std::collate<char>::id
001e09f4 00000004 V std::messages<char>::id
001e09f8 00000004 V std::time_get<char, std::istreambuf_iterator<char, std::char_traits<char> > >::id
001e09fc 00000004 V std::time_put<char, std::ostreambuf_iterator<char, std::char_traits<char> > >::id
001e0a00 00000004 V std::__timepunct<char>::id
001e0a04 00000004 V std::numpunct<char>::id
001e0a08 00000004 V std::moneypunct<char, true>::id
001e0a0c 00000004 V std::moneypunct<char, false>::id
001e0a10 00000004 V std::money_put<char, std::ostreambuf_iterator<char, std::char_traits<char> > >::id
001e0a14 00000004 V std::money_get<char, std::istreambuf_iterator<char, std::char_traits<char> > >::id
001e0a18 00000004 V std::num_put<char, std::ostreambuf_iterator<char, std::char_traits<char> > >::id
001e0a1c 00000004 V std::num_get<char, std::istreambuf_iterator<char, std::char_traits<char> > >::id
001e0a20 000000c8 b (anonymous namespace)::timepunct_cache_w
001e0ae8 00000070 b (anonymous namespace)::moneypunct_cache_wf
001e0b58 00000070 b (anonymous namespace)::moneypunct_cache_wt
001e0bc8 00000128 b (anonymous namespace)::numpunct_cache_w
001e0cf0 000000c8 b (anonymous namespace)::timepunct_cache_c
001e0db8 00000044 b (anonymous namespace)::moneypunct_cache_cf
001e0dfc 00000044 b (anonymous namespace)::moneypunct_cache_ct
001e0e40 00000068 b (anonymous namespace)::numpunct_cache_c
001e0ea8 00000008 b (anonymous namespace)::codecvt_c32_c8
001e0eb0 00000008 b (anonymous namespace)::codecvt_c16_c8
001e0eb8 00000008 b (anonymous namespace)::codecvt_c32
001e0ec0 00000008 b (anonymous namespace)::codecvt_c16
001e0ec8 00000010 b (anonymous namespace)::messages_w
001e0ed8 00000008 b (anonymous namespace)::time_put_w
001e0ee0 00000008 b (anonymous namespace)::time_get_w
001e0ee8 00000014 b (anonymous namespace)::timepunct_w
001e0efc 00000008 b (anonymous namespace)::money_put_w
001e0f04 00000008 b (anonymous namespace)::money_get_w
001e0f0c 0000000c b (anonymous namespace)::moneypunct_wf
001e0f18 0000000c b (anonymous namespace)::moneypunct_wt
001e0f24 0000000c b (anonymous namespace)::codecvt_w
001e0f30 00000008 b (anonymous namespace)::num_put_w
001e0f38 00000008 b (anonymous namespace)::num_get_w
001e0f40 0000000c b (anonymous namespace)::numpunct_w
001e0f4c 0000000c b (anonymous namespace)::collate_w
001e0f58 000004e0 b (anonymous namespace)::ctype_w
001e1438 00000010 b (anonymous namespace)::messages_c
001e1448 00000008 b (anonymous namespace)::time_put_c
001e1450 00000008 b (anonymous namespace)::time_get_c
001e1458 00000014 b (anonymous namespace)::timepunct_c
001e146c 00000008 b (anonymous namespace)::money_put_c
001e1474 00000008 b (anonymous namespace)::money_get_c
001e147c 0000000c b (anonymous namespace)::moneypunct_cf
001e1488 0000000c b (anonymous namespace)::moneypunct_ct
001e1494 0000000c b (anonymous namespace)::codecvt_c
001e14a0 00000008 b (anonymous namespace)::num_put_c
001e14a8 00000008 b (anonymous namespace)::num_get_c
001e14b0 0000000c b (anonymous namespace)::numpunct_c
001e14bc 0000000c b (anonymous namespace)::collate_c
001e14c8 00000220 b (anonymous namespace)::ctype_c
001e16e8 000000c0 b (anonymous namespace)::cache_vec
001e17a8 000000c0 b (anonymous namespace)::facet_vec
001e1868 0000000c b (anonymous namespace)::name_c
001e1874 00000018 b (anonymous namespace)::name_vec
001e188c 00000004 b (anonymous namespace)::c_locale
001e1890 00000014 b (anonymous namespace)::c_locale_impl
001e18a4 00000004 b guard variable for (anonymous namespace)::get_locale_mutex()::locale_mutex
001e18a8 00000010 b (anonymous namespace)::get_locale_mutex()::locale_mutex
001e18b8 00000004 V guard variable for std::collate<wchar_t>::id
001e18bc 00000004 V guard variable for std::messages<wchar_t>::id
001e18c0 00000004 V guard variable for std::time_get<wchar_t, std::istreambuf_iterator<wchar_t, std::char_traits<wchar_t> > >::id
001e18c4 00000004 V guard variable for std::time_put<wchar_t, std::ostreambuf_iterator<wchar_t, std::char_traits<wchar_t> > >::id
001e18c8 00000004 V guard variable for std::__timepunct<wchar_t>::id
001e18cc 00000004 V guard variable for std::numpunct<wchar_t>::id
001e18d0 00000004 V guard variable for std::moneypunct<wchar_t, true>::id
001e18d4 00000004 V guard variable for std::moneypunct<wchar_t, false>::id
001e18d8 00000004 V guard variable for std::money_put<wchar_t, std::ostreambuf_iterator<wchar_t, std::char_traits<wchar_t> > >::id
001e18dc 00000004 V guard variable for std::money_get<wchar_t, std::istreambuf_iterator<wchar_t, std::char_traits<wchar_t> > >::id
001e18e0 00000004 V guard variable for std::num_put<wchar_t, std::ostreambuf_iterator<wchar_t, std::char_traits<wchar_t> > >::id
001e18e4 00000004 V guard variable for std::num_get<wchar_t, std::istreambuf_iterator<wchar_t, std::char_traits<wchar_t> > >::id
001e18e8 00000004 V std::collate<wchar_t>::id
001e18ec 00000004 V std::messages<wchar_t>::id
001e18f0 00000004 V std::time_get<wchar_t, std::istreambuf_iterator<wchar_t, std::char_traits<wchar_t> > >::id
001e18f4 00000004 V std::time_put<wchar_t, std::ostreambuf_iterator<wchar_t, std::char_traits<wchar_t> > >::id
001e18f8 00000004 V std::__timepunct<wchar_t>::id
001e18fc 00000004 V std::numpunct<wchar_t>::id
001e1900 00000004 V std::moneypunct<wchar_t, true>::id
001e1904 00000004 V std::moneypunct<wchar_t, false>::id
001e1908 00000004 V std::money_put<wchar_t, std::ostreambuf_iterator<wchar_t, std::char_traits<wchar_t> > >::id
001e190c 00000004 V std::money_get<wchar_t, std::istreambuf_iterator<wchar_t, std::char_traits<wchar_t> > >::id
001e1910 00000004 V std::num_put<wchar_t, std::ostreambuf_iterator<wchar_t, std::char_traits<wchar_t> > >::id
001e1914 00000004 V std::num_get<wchar_t, std::istreambuf_iterator<wchar_t, std::char_traits<wchar_t> > >::id
001e1918 0000001c b (anonymous namespace)::emergency_pool
001e1934 00000004 b init
001e1938 00000001 B __eh_globals_init::_S_init
001e193c 0000000c b (anonymous namespace)::eh_globals
001e1948 00000004 b (anonymous namespace)::get_static_cond()::once
001e1950 00000008 b (anonymous namespace)::fake_cond
001e1958 00000004 b (anonymous namespace)::static_cond
001e195c 00000004 b (anonymous namespace)::get_static_mutex()::once
001e1960 00000010 b (anonymous namespace)::fake_mutex
001e1970 00000004 b (anonymous namespace)::static_mutex
001e1974 00000004 b (anonymous namespace)::__new_handler
001e1978 00000004 B std::codecvt<wchar_t, char, _mbstate_t>::id
001e197c 00000004 B std::codecvt<char, char, _mbstate_t>::id
001e1980 00000004 B std::codecvt<char32_t, char8_t, _mbstate_t>::id
001e1984 00000004 B std::codecvt<char16_t, char8_t, _mbstate_t>::id
001e1988 00000004 B std::codecvt<char32_t, char, _mbstate_t>::id
001e198c 00000004 B std::codecvt<char16_t, char, _mbstate_t>::id
001e1990 00000010 b std::(anonymous namespace)::messages_w
001e19a0 00000008 b std::(anonymous namespace)::time_get_w
001e19a8 00000008 b std::(anonymous namespace)::money_put_w
001e19b0 00000008 b std::(anonymous namespace)::money_get_w
001e19b8 0000000c b std::(anonymous namespace)::moneypunct_wf
001e19c4 0000000c b std::(anonymous namespace)::moneypunct_wt
001e19d0 0000000c b std::(anonymous namespace)::numpunct_w
001e19dc 0000000c b std::(anonymous namespace)::collate_w
001e19e8 00000010 b std::(anonymous namespace)::messages_c
001e19f8 00000008 b std::(anonymous namespace)::time_get_c
001e1a00 00000008 b std::(anonymous namespace)::money_put_c
001e1a08 00000008 b std::(anonymous namespace)::money_get_c
001e1a10 0000000c b std::(anonymous namespace)::moneypunct_cf
001e1a1c 0000000c b std::(anonymous namespace)::moneypunct_ct
001e1a28 0000000c b std::(anonymous namespace)::numpunct_c
001e1a34 0000000c b std::(anonymous namespace)::collate_c
001e1a40 00000004 B std::ctype<wchar_t>::id
001e1a44 00000004 B std::ctype<char>::id
001e1a48 00000004 V guard variable for std::__cxx11::collate<char>::id
001e1a4c 00000004 V guard variable for std::__cxx11::messages<char>::id
001e1a50 00000004 V guard variable for std::__cxx11::time_get<char, std::istreambuf_iterator<char, std::char_traits<char> > >::id
001e1a54 00000004 V guard variable for std::__cxx11::numpunct<char>::id
001e1a58 00000004 V guard variable for std::__cxx11::moneypunct<char, true>::id
001e1a5c 00000004 V guard variable for std::__cxx11::moneypunct<char, false>::id
001e1a60 00000004 V guard variable for std::__cxx11::money_put<char, std::ostreambuf_iterator<char, std::char_traits<char> > >::id
001e1a64 00000004 V guard variable for std::__cxx11::money_get<char, std::istreambuf_iterator<char, std::char_traits<char> > >::id
001e1a68 00000004 V std::__cxx11::collate<char>::id
001e1a6c 00000004 V std::__cxx11::messages<char>::id
001e1a70 00000004 V std::__cxx11::time_get<char, std::istreambuf_iterator<char, std::char_traits<char> > >::id
001e1a74 00000004 V std::__cxx11::numpunct<char>::id
001e1a78 00000004 V std::__cxx11::moneypunct<char, true>::id
001e1a7c 00000004 V std::__cxx11::moneypunct<char, false>::id
001e1a80 00000004 V std::__cxx11::money_put<char, std::ostreambuf_iterator<char, std::char_traits<char> > >::id
001e1a84 00000004 V std::__cxx11::money_get<char, std::istreambuf_iterator<char, std::char_traits<char> > >::id
001e1a88 00000004 B _timezone
001e1a8c 00000004 B _daylight
001e1a90 00000004 b __tz_mutex
001e1a94 000000e0 b saved_categories.0
001e1b74 000000e0 b new_categories.1
001e1c54 00000028 B __malloc_current_mallinfo
001e1c7c 00000004 B __malloc_max_total_mem
001e1c80 00000004 B __malloc_max_sbrked_mem
001e1c84 00000004 B __malloc_top_pad
001e1c88 0000000c b __sfp_recursive_mutex
001e1c98 00000168 B __sf
001e1e00 00000004 B __stdio_exit_handler
001e1e04 0000000c b __malloc_recursive_mutex
001e1e10 00000004 b prev_tzenv
001e1e14 0000000c b __tzname_dst
001e1e20 0000000c b __tzname_std
001e1e2c 0000000c b __env_recursive_mutex
001e1e38 00000004 b initial_env
001e1e3c 00000400 b temp_cwd
001e223c 00000004 b __hndl_lock
001e2240 00000004 B fake_heap_start
001e2244 00000004 B fake_heap_end
001e2248 00000004 b __pthread_once_cv
001e224c 00000004 b __pthread_once_lock
001e2250 00000004 b heap_start.0
001e2254 B __tls_start
001e2e5c B __bss_end__
001e2e5c A __end__
001e2e5c B __tls_end
001e6e59 N 
001e6e59 N 
001e6e59 N 
001e6e59 N 
001e6e59 N 
001e6e59 N 
001e6e59 N 
001e6e59 N 
001e6e59 N 
001e6e59 N 
001e6e59 N 
001e6e59 N 
001e6e59 N 
001e6e59 N 
001e6e59 N 
001e6e59 N 
001e6e59 N 
001e6e59 N 
001e6e59 N 
001e6e59 N 
001e6e59 N 
001e6e59 N 
001e6e59 N 
001e6e59 N 
001e6e59 N 
001e6e59 N 
001e6e59 N 
001e6e59 N 
001e6e59 N 
001e6e59 N 
001e6e59 N 
001e6e59 N 
001e6e59 W KoreanMemoryRule.cpp.008bf665
001f7514 N 
001f7514 N 
001f7514 N 
001f7514 N 
001f7514 N 
001f7514 N 
001f7514 N 
001f7514 N 
001f7514 N 
001f7514 N 
001f7514 N 
001f7514 N 
001f7514 N 
001f7514 N 
001f7514 N 
001f7514 N 
001f7514 N 
001f7514 N 
001f7514 N 
001f7514 N 
001f7514 N 
001f7514 N 
001f7514 N 
001f7514 N 
001f7514 N 
001f7514 N 
001f7514 N 
001f7514 N 
001f7514 N 
001f7514 N 
001f7514 N 
001f7514 N 
001f7514 W KoreanSMS32KB2000MemoryRule.cpp.43d5742c
00207bde N 
00207bde N 
00207bde N 
00207bde N 
00207bde N 
00207bde N 
00207bde N 
00207bde N 
00207bde N 
00207bde N 
00207bde N 
00207bde N 
00207bde N 
00207bde N 
00207bde N 
00207bde N 
00207bde N 
00207bde N 
00207bde N 
00207bde N 
00207bde N 
00207bde N 
00207bde N 
00207bde N 
00207bde N 
00207bde N 
00207bde N 
00207bde N 
00207bde N 
00207bde N 
00207bde N 
00207bde N 
00207bde W MSXMemoryRule.cpp.35fd4e09
002182fd N 
002182fd N 
002182fd N 
002182fd N 
002182fd N 
002182fd N 
002182fd N 
002182fd N 
002182fd N 
002182fd N 
002182fd N 
002182fd N 
002182fd N 
002182fd N 
002182fd N 
002182fd N 
002182fd N 
002182fd N 
002182fd N 
002182fd N 
002182fd N 
002182fd N 
002182fd N 
002182fd N 
002182fd N 
002182fd N 
002182fd N 
002182fd N 
002182fd N 
002182fd N 
002182fd N 
002182fd N 
002182fd N 
002182fd N 
002182fd N 
002182fd N 
002182fd N 
002182fd N 
002182fd N 
002182fd N 
002182fd N 
002182fd N 
002182fd N 
002182fd N 
002182fd N 
002182fd N 
002182fd N 
002182fd N 
002182fd N 
002182fd N 
002182fd N 
002182fd N 
002182fd N 
002182fd N 
002182fd N 
002182fd N 
002182fd N 
002182fd N 
002182fd N 
002182fd N 
002182fd N 
002182fd N 
002182fd N 
002182fd N 
002182fd N 
002182fd N 
002182fd N 
002182fd N 
002182fd N 
002182fd N 
002182fd N 
002182fd N 
002182fd N 
002182fd N 
002182fd N 
002182fd N 
002182fd N 
002182fd N 
002182fd N 
002182fd N 
002182fd N 
002182fd N 
002182fd N 
002182fd N 
002182fd W Memory.cpp.b164d6b8
0022d587 N 
0022d587 N 
0022d587 N 
0022d587 N 
0022d587 N 
0022d587 N 
0022d587 N 
0022d587 N 
0022d587 N 
0022d587 N 
0022d587 N 
0022d587 N 
0022d587 N 
0022d587 N 
0022d587 N 
0022d587 N 
0022d587 N 
0022d587 N 
0022d587 N 
0022d587 N 
0022d587 N 
0022d587 N 
0022d587 N 
0022d587 N 
0022d587 N 
0022d587 N 
0022d587 N 
0022d587 N 
0022d587 N 
0022d587 N 
0022d587 N 
0022d587 N 
0022d587 N 
0022d587 N 
0022d587 N 
0022d587 W MemoryRule.cpp.7fb2f599
00230378 N 
00230378 N 
00230378 N 
00230378 N 
00230378 N 
00230378 N 
00230378 N 
00230378 N 
00230378 N 
00230378 N 
00230378 N 
00230378 N 
00230378 N 
00230378 N 
00230378 N 
00230378 N 
00230378 N 
00230378 N 
00230378 N 
00230378 N 
00230378 N 
00230378 N 
00230378 N 
00230378 N 
00230378 N 
00230378 N 
00230378 N 
00230378 N 
00230378 N 
00230378 N 
00230378 N 
00230378 N 
00230378 W Multi4PAKAllActionMemoryRule.cpp.dbfe433a
00240a42 N 
00240a42 N 
00240a42 N 
00240a42 N 
00240a42 N 
00240a42 N 
00240a42 N 
00240a42 N 
00240a42 N 
00240a42 N 
00240a42 N 
00240a42 N 
00240a42 N 
00240a42 N 
00240a42 N 
00240a42 N 
00240a42 N 
00240a42 N 
00240a42 N 
00240a42 N 
00240a42 N 
00240a42 N 
00240a42 N 
00240a42 N 
00240a42 N 
00240a42 N 
00240a42 N 
00240a42 N 
00240a42 N 
00240a42 N 
00240a42 N 
00240a42 N 
00240a42 N 
00240a42 N 
00240a42 N 
00240a42 N 
00240a42 N 
00240a42 N 
00240a42 N 
00240a42 N 
00240a42 N 
00240a42 N 
00240a42 N 
00240a42 N 
00240a42 N 
00240a42 N 
00240a42 N 
00240a42 N 
00240a42 N 
00240a42 N 
00240a42 N 
00240a42 N 
00240a42 N 
00240a42 N 
00240a42 N 
00240a42 N 
00240a42 N 
00240a42 N 
00240a42 N 
00240a42 N 
00240a42 N 
00240a42 N 
00240a42 N 
00240a42 N 
00240a42 N 
00240a42 N 
00240a42 N 
00240a42 N 
00240a42 N 
00240a42 N 
00240a42 N 
00240a42 N 
00240a42 N 
00240a42 N 
00240a42 N 
00240a42 N 
00240a42 N 
00240a42 N 
00240a42 N 
00240a42 N 
00240a42 N 
00240a42 N 
00240a42 N 
00240a42 N 
00240a42 N 
00240a42 N 
00240a42 N 
00240a42 N 
00240a42 N 
00240a42 N 
00240a42 N 
00240a42 N 
00240a42 N 
00240a42 N 
00240a42 N 
00240a42 N 
00240a42 N 
00240a42 W Processor.cpp.166be94a
00257f80 N 
00257f80 N 
00257f80 N 
00257f80 N 
00257f80 N 
00257f80 N 
00257f80 N 
00257f80 N 
00257f80 N 
00257f80 N 
00257f80 N 
00257f80 N 
00257f80 N 
00257f80 N 
00257f80 N 
00257f80 N 
00257f80 N 
00257f80 N 
00257f80 N 
00257f80 N 
00257f80 N 
00257f80 N 
00257f80 N 
00257f80 N 
00257f80 N 
00257f80 N 
00257f80 N 
00257f80 N 
00257f80 W RomOnlyMemoryRule.cpp.b25c9387
002684c0 N 
002684c0 N 
002684c0 N 
002684c0 N 
002684c0 N 
002684c0 N 
002684c0 N 
002684c0 N 
002684c0 N 
002684c0 N 
002684c0 N 
002684c0 N 
002684c0 N 
002684c0 N 
002684c0 N 
002684c0 N 
002684c0 N 
002684c0 N 
002684c0 N 
002684c0 N 
002684c0 N 
002684c0 N 
002684c0 N 
002684c0 N 
002684c0 N 
002684c0 N 
002684c0 N 
002684c0 N 
002684c0 N 
002684c0 W SG1000MemoryRule.cpp.f31e4460
00278a0f N 
00278a0f N 
00278a0f N 
00278a0f N 
00278a0f N 
00278a0f N 
00278a0f N 
00278a0f N 
00278a0f N 
00278a0f N 
00278a0f N 
00278a0f N 
00278a0f N 
00278a0f N 
00278a0f N 
00278a0f N 
00278a0f N 
00278a0f N 
00278a0f N 
00278a0f N 
00278a0f N 
00278a0f N 
00278a0f N 
00278a0f N 
00278a0f N 
00278a0f N 
00278a0f N 
00278a0f N 
00278a0f N 
00278a0f N 
00278a0f N 
00278a0f N 
00278a0f N 
00278a0f N 
00278a0f N 
00278a0f N 
00278a0f N 
00278a0f N 
00278a0f N 
00278a0f W SegaMemoryRule.cpp.946e26ef
0028a524 N 
0028a524 N 
0028a524 N 
0028a524 N 
0028a524 N 
0028a524 N 
0028a524 N 
0028a524 N 
0028a524 N 
0028a524 N 
0028a524 N 
0028a524 N 
0028a524 N 
0028a524 N 
0028a524 N 
0028a524 N 
0028a524 N 
0028a524 N 
0028a524 N 
0028a524 N 
0028a524 N 
0028a524 N 
0028a524 N 
0028a524 N 
0028a524 N 
0028a524 N 
0028a524 N 
0028a524 N 
0028a524 N 
0028a524 N 
0028a524 N 
0028a524 N 
0028a524 N 
0028a524 N 
0028a524 N 
0028a524 W SmsIOPorts.cpp.e69edf56
002a14d3 N 
002a14d3 N 
002a14d3 N 
002a14d3 N 
002a14d3 N 
002a14d3 N 
002a14d3 N 
002a14d3 N 
002a14d3 N 
002a14d3 N 
002a14d3 N 
002a14d3 N 
002a14d3 N 
002a14d3 N 
002a14d3 N 
002a14d3 N 
002a14d3 N 
002a14d3 N 
002a14d3 N 
002a14d3 N 
002a14d3 N 
002a14d3 N 
002a14d3 N 
002a14d3 N 
002a14d3 N 
002a14d3 N 
002a14d3 N 
002a14d3 N 
002a14d3 W TraceLogger.cpp.2dd445f9
002a3bf9 N 
002a3bf9 N 
002a3bf9 N 
002a3bf9 N 
002a3bf9 N 
002a3bf9 N 
002a3bf9 N 
002a3bf9 N 
002a3bf9 N 
002a3bf9 N 
002a3bf9 N 
002a3bf9 N 
002a3bf9 N 
002a3bf9 N 
002a3bf9 N 
002a3bf9 N 
002a3bf9 N 
002a3bf9 N 
002a3bf9 N 
002a3bf9 N 
002a3bf9 N 
002a3bf9 N 
002a3bf9 N 
002a3bf9 N 
002a3bf9 N 
002a3bf9 N 
002a3bf9 N 
002a3bf9 N 
002a3bf9 N 
002a3bf9 N 
002a3bf9 N 
002a3bf9 N 
002a3bf9 N 
002a3bf9 N 
002a3bf9 N 
002a3bf9 N 
002a3bf9 N 
002a3bf9 N 
002a3bf9 N 
002a3bf9 N 
002a3bf9 N 
002a3bf9 N 
002a3bf9 N 
002a3bf9 N 
002a3bf9 N 
002a3bf9 N 
002a3bf9 N 
002a3bf9 N 
002a3bf9 N 
002a3bf9 N 
002a3bf9 N 
002a3bf9 N 
002a3bf9 N 
002a3bf9 N 
002a3bf9 N 
002a3bf9 W VgmRecorder.cpp.ae1cd99d
002acbe3 N 
002acbe3 N 
002acbe3 N 
002acbe3 N 
002acbe3 N 
002acbe3 N 
002acbe3 N 
002acbe3 N 
002acbe3 N 
002acbe3 N 
002acbe3 N 
002acbe3 N 
002acbe3 N 
002acbe3 N 
002acbe3 N 
002acbe3 N 
002acbe3 N 
002acbe3 N 
002acbe3 N 
002acbe3 N 
002acbe3 N 
002acbe3 N 
002acbe3 N 
002acbe3 N 
002acbe3 N 
002acbe3 N 
002acbe3 N 
002acbe3 N 
002acbe3 N 
002acbe3 N 
002acbe3 N 
002acbe3 N 
002acbe3 N 
002acbe3 N 
002acbe3 N 
002acbe3 N 
002acbe3 N 
002acbe3 N 
002acbe3 N 
002acbe3 N 
002acbe3 N 
002acbe3 N 
002acbe3 N 
002acbe3 N 
002acbe3 N 
002acbe3 N 
002acbe3 N 
002acbe3 N 
002acbe3 N 
002acbe3 N 
002acbe3 N 
002acbe3 N 
002acbe3 N 
002acbe3 N 
002acbe3 N 
002acbe3 N 
002acbe3 N 
002acbe3 N 
002acbe3 N 
002acbe3 N 
002acbe3 N 
002acbe3 N 
002acbe3 N 
002acbe3 N 
002acbe3 N 
002acbe3 N 
002acbe3 N 
002acbe3 N 
002acbe3 N 
002acbe3 W Video.cpp.407f7544
002befcc N 
002befcc N 
002befcc N 
002befcc N 
002befcc N 
002befcc N 
002befcc N 
002befcc N 
002befcc N 
002befcc N 
002befcc N 
002befcc N 
002befcc N 
002befcc N 
002befcc N 
002befcc N 
002befcc N 
002befcc N 
002befcc N 
002befcc N 
002befcc N 
002befcc N 
002befcc N 
002befcc N 
002befcc N 
002befcc N 
002befcc N 
002befcc N 
002befcc N 
002befcc N 
002befcc N 
002befcc N 
002befcc W YM2413.cpp.8854764e
002c1a71 N 
002c1a71 N 
002c1a71 N 
002c1a71 N 
002c1a71 N 
002c1a71 N 
002c1a71 N 
002c1a71 N 
002c1a71 N 
002c1a71 N 
002c1a71 N 
002c1a71 N 
002c1a71 N 
002c1a71 N 
002c1a71 N 
002c1a71 N 
002c1a71 N 
002c1a71 N 
002c1a71 N 
002c1a71 N 
002c1a71 N 
002c1a71 N 
002c1a71 N 
002c1a71 N 
002c1a71 N 
002c1a71 N 
002c1a71 N 
002c1a71 N 
002c1a71 N 
002c1a71 N 
002c1a71 N 
002c1a71 N 
002c1a71 N 
002c1a71 N 
002c1a71 N 
002c1a71 N 
002c1a71 N 
002c1a71 N 
002c1a71 N 
002c1a71 N 
002c1a71 N 
002c1a71 N 
002c1a71 N 
002c1a71 N 
002c1a71 N 
002c1a71 N 
002c1a71 N 
002c1a71 N 
002c1a71 N 
002c1a71 N 
002c1a71 N 
002c1a71 N 
002c1a71 N 
002c1a71 N 
002c1a71 N 
002c1a71 N 
002c1a71 N 
002c1a71 N 
002c1a71 N 
002c1a71 N 
002c1a71 N 
002c1a71 N 
002c1a71 N 
002c1a71 N 
002c1a71 N 
002c1a71 N 
002c1a71 N 
002c1a71 N 
002c1a71 N 
002c1a71 N 
002c1a71 N 
002c1a71 N 
002c1a71 N 
002c1a71 N 
002c1a71 N 
002c1a71 N 
002c1a71 N 
002c1a71 N 
002c1a71 N 
002c1a71 N 
002c1a71 N 
002c1a71 N 
002c1a71 N 
002c1a71 N 
002c1a71 N 
002c1a71 N 
002c1a71 N 
002c1a71 N 
002c1a71 N 
002c1a71 N 
002c1a71 N 
002c1a71 N 
002c1a71 N 
002c1a71 N 
002c1a71 N 
002c1a71 N 
002c1a71 N 
002c1a71 N 
002c1a71 N 
002c1a71 N 
002c1a71 N 
002c1a71 N 
002c1a71 N 
002c1a71 N 
002c1a71 N 
002c1a71 N 
002c1a71 N 
002c1a71 N 
002c1a71 N 
002c1a71 N 
002c1a71 N 
002c1a71 N 
002c1a71 N 
002c1a71 N 
002c1a71 N 
002c1a71 N 
002c1a71 N 
002c1a71 N 
002c1a71 N 
002c1a71 N 
002c1a71 N 
002c1a71 N 
002c1a71 N 
002c1a71 N 
002c1a71 N 
002c1a71 N 
002c1a71 N 
002c1a71 N 
002c1a71 N 
002c1a71 N 
002c1a71 N 
002c1a71 N 
002c1a71 N 
002c1a71 N 
002c1a71 N 
002c1a71 N 
002c1a71 N 
002c1a71 N 
002c1a71 N 
002c1a71 N 
002c1a71 N 
002c1a71 N 
002c1a71 N 
002c1a71 N 
002c1a71 N 
002c1a71 N 
002c1a71 N 
002c1a71 N 
002c1a71 N 
002c1a71 N 
002c1a71 N 
002c1a71 N 
002c1a71 N 
002c1a71 N 
002c1a71 N 
002c1a71 N 
002c1a71 N 
002c1a71 N 
002c1a71 N 
002c1a71 N 
002c1a71 N 
002c1a71 N 
002c1a71 N 
002c1a71 N 
002c1a71 N 
002c1a71 N 
002c1a71 N 
002c1a71 N 
002c1a71 N 
002c1a71 N 
002c1a71 N 
002c1a71 N 
002c1a71 N 
002c1a71 N 
002c1a71 N 
002c1a71 N 
002c1a71 N 
002c1a71 N 
002c1a71 N 
002c1a71 N 
002c1a71 N 
002c1a71 N 
002c1a71 N 
002c1a71 N 
002c1a71 N 
002c1a71 N 
002c1a71 N 
002c1a71 N 
002c1a71 N 
002c1a71 N 
002c1a71 N 
002c1a71 N 
002c1a71 N 
002c1a71 N 
002c1a71 N 
002c1a71 N 
002c1a71 N 
002c1a71 N 
002c1a71 N 
002c1a71 N 
002c1a71 N 
002c1a71 N 
002c1a71 N 
002c1a71 N 
002c1a71 N 
002c1a71 N 
002c1a71 N 
002c1a71 N 
002c1a71 N 
002c1a71 N 
002c1a71 N 
002c1a71 N 
002c1a71 N 
002c1a71 N 
002c1a71 N 
002c1a71 N 
002c1a71 N 
002c1a71 N 
002c1a71 N 
002c1a71 N 
002c1a71 N 
002c1a71 N 
002c1a71 N 
002c1a71 N 
002c1a71 N 
002c1a71 N 
002c1a71 N 
002c1a71 N 
002c1a71 N 
002c1a71 N 
002c1a71 N 
002c1a71 N 
002c1a71 N 
002c1a71 N 
002c1a71 N 
002c1a71 N 
002c1a71 N 
002c1a71 N 
002c1a71 N 
002c1a71 N 
002c1a71 N 
002c1a71 N 
002c1a71 N 
002c1a71 N 
002c1a71 N 
002c1a71 N 
002c1a71 N 
002c1a71 N 
002c1a71 N 
002c1a71 N 
002c1a71 N 
002c1a71 N 
002c1a71 N 
002c1a71 N 
002c1a71 N 
002c1a71 N 
002c1a71 N 
002c1a71 N 
002c1a71 N 
002c1a71 N 
002c1a71 N 
002c1a71 N 
002c1a71 N 
002c1a71 N 
002c1a71 N 
002c1a71 N 
002c1a71 N 
002c1a71 N 
002c1a71 N 
002c1a71 N 
002c1a71 N 
002c1a71 N 
002c1a71 N 
002c1a71 N 
002c1a71 N 
002c1a71 N 
002c1a71 N 
002c1a71 N 
002c1a71 N 
002c1a71 N 
002c1a71 N 
002c1a71 N 
002c1a71 N 
002c1a71 N 
002c1a71 N 
002c1a71 N 
002c1a71 N 
002c1a71 N 
002c1a71 N 
002c1a71 N 
002c1a71 N 
002c1a71 N 
002c1a71 N 
002c1a71 N 
002c1a71 N 
002c1a71 N 
002c1a71 N 
002c1a71 N 
002c1a71 N 
002c1a71 N 
002c1a71 N 
002c1a71 N 
002c1a71 N 
002c1a71 N 
002c1a71 N 
002c1a71 N 
002c1a71 N 
002c1a71 N 
002c1a71 N 
002c1a71 N 
002c1a71 N 
002c1a71 N 
002c1a71 N 
002c1a71 N 
002c1a71 N 
002c1a71 N 
002c1a71 N 
002c1a71 N 
002c1a71 N 
002c1a71 N 
002c1a71 W opcodes.cpp.cd62a141
002d4798 N 
002d4798 N 
002d4798 N 
002d4798 N 
002d4798 N 
002d4798 N 
002d4798 N 
002d4798 N 
002d4798 N 
002d4798 N 
002d4798 N 
002d4798 N 
002d4798 N 
002d4798 N 
002d4798 N 
002d4798 N 
002d4798 N 
002d4798 N 
002d4798 N 
002d4798 N 
002d4798 N 
002d4798 N 
002d4798 N 
002d4798 N 
002d4798 N 
002d4798 N 
002d4798 N 
002d4798 N 
002d4798 N 
002d4798 N 
002d4798 N 
002d4798 N 
002d4798 N 
002d4798 N 
002d4798 N 
002d4798 N 
002d4798 N 
002d4798 N 
002d4798 N 
002d4798 N 
002d4798 N 
002d4798 N 
002d4798 N 
002d4798 N 
002d4798 N 
002d4798 N 
002d4798 N 
002d4798 N 
002d4798 N 
002d4798 N 
002d4798 N 
002d4798 N 
002d4798 N 
002d4798 N 
002d4798 N 
002d4798 N 
002d4798 N 
002d4798 N 
002d4798 N 
002d4798 N 
002d4798 N 
002d4798 N 
002d4798 N 
002d4798 N 
002d4798 N 
002d4798 N 
002d4798 N 
002d4798 N 
002d4798 N 
002d4798 N 
002d4798 N 
002d4798 N 
002d4798 N 
002d4798 N 
002d4798 N 
002d4798 N 
002d4798 N 
002d4798 N 
002d4798 N 
002d4798 N 
002d4798 N 
002d4798 N 
002d4798 N 
002d4798 N 
002d4798 N 
002d4798 N 
002d4798 N 
002d4798 N 
002d4798 N 
002d4798 N 
002d4798 N 
002d4798 N 
002d4798 N 
002d4798 N 
002d4798 N 
002d4798 N 
002d4798 N 
002d4798 N 
002d4798 N 
002d4798 N 
002d4798 N 
002d4798 N 
002d4798 N 
002d4798 N 
002d4798 N 
002d4798 N 
002d4798 N 
002d4798 N 
002d4798 N 
002d4798 N 
002d4798 N 
002d4798 N 
002d4798 N 
002d4798 N 
002d4798 N 
002d4798 N 
002d4798 N 
002d4798 N 
002d4798 N 
002d4798 N 
002d4798 N 
002d4798 N 
002d4798 N 
002d4798 N 
002d4798 N 
002d4798 N 
002d4798 N 
002d4798 N 
002d4798 N 
002d4798 N 
002d4798 N 
002d4798 N 
002d4798 N 
002d4798 N 
002d4798 N 
002d4798 N 
002d4798 N 
002d4798 N 
002d4798 N 
002d4798 N 
002d4798 N 
002d4798 N 
002d4798 N 
002d4798 N 
002d4798 N 
002d4798 N 
002d4798 N 
002d4798 N 
002d4798 N 
002d4798 N 
002d4798 N 
002d4798 N 
002d4798 N 
002d4798 N 
002d4798 N 
002d4798 N 
002d4798 N 
002d4798 N 
002d4798 N 
002d4798 N 
002d4798 N 
002d4798 N 
002d4798 N 
002d4798 N 
002d4798 N 
002d4798 N 
002d4798 N 
002d4798 N 
002d4798 N 
002d4798 N 
002d4798 N 
002d4798 N 
002d4798 N 
002d4798 N 
002d4798 N 
002d4798 N 
002d4798 N 
002d4798 N 
002d4798 N 
002d4798 N 
002d4798 N 
002d4798 N 
002d4798 N 
002d4798 N 
002d4798 N 
002d4798 N 
002d4798 N 
002d4798 N 
002d4798 N 
002d4798 N 
002d4798 N 
002d4798 N 
002d4798 N 
002d4798 N 
002d4798 N 
002d4798 N 
002d4798 N 
002d4798 N 
002d4798 N 
002d4798 N 
002d4798 N 
002d4798 N 
002d4798 N 
002d4798 N 
002d4798 N 
002d4798 N 
002d4798 N 
002d4798 N 
002d4798 N 
002d4798 N 
002d4798 N 
002d4798 N 
002d4798 N 
002d4798 N 
002d4798 N 
002d4798 N 
002d4798 N 
002d4798 N 
002d4798 N 
002d4798 N 
002d4798 N 
002d4798 N 
002d4798 N 
002d4798 N 
002d4798 N 
002d4798 N 
002d4798 N 
002d4798 N 
002d4798 N 
002d4798 N 
002d4798 N 
002d4798 N 
002d4798 N 
002d4798 N 
002d4798 N 
002d4798 N 
002d4798 N 
002d4798 N 
002d4798 N 
002d4798 N 
002d4798 N 
002d4798 N 
002d4798 N 
002d4798 N 
002d4798 N 
002d4798 N 
002d4798 N 
002d4798 N 
002d4798 N 
002d4798 N 
002d4798 N 
002d4798 N 
002d4798 N 
002d4798 N 
002d4798 N 
002d4798 N 
002d4798 N 
002d4798 N 
002d4798 N 
002d4798 N 
002d4798 N 
002d4798 N 
002d4798 N 
002d4798 N 
002d4798 N 
002d4798 N 
002d4798 N 
002d4798 N 
002d4798 N 
002d4798 N 
002d4798 N 
002d4798 N 
002d4798 N 
002d4798 N 
002d4798 N 
002d4798 N 
002d4798 N 
002d4798 N 
002d4798 N 
002d4798 N 
002d4798 N 
002d4798 N 
002d4798 N 
002d4798 N 
002d4798 N 
002d4798 N 
002d4798 N 
002d4798 N 
002d4798 N 
002d4798 N 
002d4798 N 
002d4798 N 
002d4798 N 
002d4798 N 
002d4798 N 
002d4798 N 
002d4798 N 
002d4798 N 
002d4798 N 
002d4798 N 
002d4798 N 
002d4798 N 
002d4798 N 
002d4798 W opcodes_cb.cpp.9770cd99
002e6aa9 N 
002e6aa9 N 
002e6aa9 N 
002e6aa9 N 
002e6aa9 N 
002e6aa9 N 
002e6aa9 N 
002e6aa9 N 
002e6aa9 N 
002e6aa9 N 
002e6aa9 N 
002e6aa9 N 
002e6aa9 N 
002e6aa9 N 
002e6aa9 N 
002e6aa9 N 
002e6aa9 N 
002e6aa9 N 
002e6aa9 N 
002e6aa9 N 
002e6aa9 N 
002e6aa9 N 
002e6aa9 N 
002e6aa9 N 
002e6aa9 N 
002e6aa9 N 
002e6aa9 N 
002e6aa9 N 
002e6aa9 N 
002e6aa9 N 
002e6aa9 N 
002e6aa9 N 
002e6aa9 N 
002e6aa9 N 
002e6aa9 N 
002e6aa9 N 
002e6aa9 N 
002e6aa9 N 
002e6aa9 N 
002e6aa9 N 
002e6aa9 N 
002e6aa9 N 
002e6aa9 N 
002e6aa9 N 
002e6aa9 N 
002e6aa9 N 
002e6aa9 N 
002e6aa9 N 
002e6aa9 N 
002e6aa9 N 
002e6aa9 N 
002e6aa9 N 
002e6aa9 N 
002e6aa9 N 
002e6aa9 N 
002e6aa9 N 
002e6aa9 N 
002e6aa9 N 
002e6aa9 N 
002e6aa9 N 
002e6aa9 N 
002e6aa9 N 
002e6aa9 N 
002e6aa9 N 
002e6aa9 N 
002e6aa9 N 
002e6aa9 N 
002e6aa9 N 
002e6aa9 N 
002e6aa9 N 
002e6aa9 N 
002e6aa9 N 
002e6aa9 N 
002e6aa9 N 
002e6aa9 N 
002e6aa9 N 
002e6aa9 N 
002e6aa9 N 
002e6aa9 N 
002e6aa9 N 
002e6aa9 N 
002e6aa9 N 
002e6aa9 N 
002e6aa9 N 
002e6aa9 N 
002e6aa9 N 
002e6aa9 N 
002e6aa9 N 
002e6aa9 N 
002e6aa9 N 
002e6aa9 N 
002e6aa9 N 
002e6aa9 N 
002e6aa9 N 
002e6aa9 N 
002e6aa9 N 
002e6aa9 N 
002e6aa9 N 
002e6aa9 N 
002e6aa9 N 
002e6aa9 N 
002e6aa9 N 
002e6aa9 N 
002e6aa9 N 
002e6aa9 N 
002e6aa9 N 
002e6aa9 N 
002e6aa9 N 
002e6aa9 N 
002e6aa9 N 
002e6aa9 N 
002e6aa9 N 
002e6aa9 N 
002e6aa9 N 
002e6aa9 N 
002e6aa9 N 
002e6aa9 N 
002e6aa9 N 
002e6aa9 N 
002e6aa9 N 
002e6aa9 N 
002e6aa9 N 
002e6aa9 N 
002e6aa9 W opcodes_ed.cpp.f5e0323d
002f7a72 N 
002f7a72 N 
002f7a72 N 
002f7a72 N 
002f7a72 N 
002f7a72 N 
002f7a72 N 
002f7a72 N 
002f7a72 N 
002f7a72 N 
002f7a72 N 
002f7a72 N 
002f7a72 N 
002f7a72 N 
002f7a72 N 
002f7a72 N 
002f7a72 N 
002f7a72 N 
002f7a72 N 
002f7a72 N 
002f7a72 N 
002f7a72 N 
002f7a72 N 
002f7a72 N 
002f7a72 N 
002f7a72 N 
002f7a72 N 
002f7a72 N 
002f7a72 N 
002f7a72 N 
002f7a72 N 
002f7a72 N 
002f7a72 N 
002f7a72 N 
002f7a72 N 
002f7a72 N 
002f7a72 N 
002f7a72 N 
002f7a72 N 
002f7a72 N 
002f7a72 N 
002f7a72 N 
002f7a72 N 
002f7a72 W Blip_Buffer.cpp.2c0f8cca
002fa80f N 
002fa80f N 
002fa80f N 
002fa80f N 
002fa80f N 
002fa80f N 
002fa80f N 
002fa80f N 
002fa80f N 
002fa80f N 
002fa80f N 
002fa80f N 
002fa80f N 
002fa80f N 
002fa80f N 
002fa80f N 
002fa80f N 
002fa80f N 
002fa80f N 
002fa80f N 
002fa80f N 
002fa80f N 
002fa80f N 
002fa80f N 
002fa80f N 
002fa80f N 
002fa80f N 
002fa80f N 
002fa80f N 
002fa80f N 
002fa80f N 
002fa80f N 
002fa80f N 
002fa80f N 
002fa80f N 
002fa80f N 
002fa80f N 
002fa80f N 
002fa80f N 
002fa80f N 
002fa80f N 
002fa80f N 
002fa80f N 
002fa80f N 
002fa80f N 
002fa80f N 
002fa80f N 
002fa80f N 
002fa80f W Sms_Apu.cpp.ef0e86f3
002feb23 N 
002feb23 N 
002feb23 N 
002feb23 N 
002feb23 N 
002feb23 N 
002feb23 N 
002feb23 N 
002feb23 N 
002feb23 N 
002feb23 N 
002feb23 N 
002feb23 N 
002feb23 N 
002feb23 N 
002feb23 N 
002feb23 N 
002feb23 N 
002feb23 N 
002feb23 N 
002feb23 N 
002feb23 N 
002feb23 N 
002feb23 N 
002feb23 N 
002feb23 N 
002feb23 N 
002feb23 N 
002feb23 N 
002feb23 N 
002feb23 W Stereo_Buffer.cpp.39f31991
00301b0f N 
00301b0f N 
00301b0f N 
00301b0f N 
00301b0f N 
00301b0f N 
00301b0f N 
00301b0f N 
00301b0f N 
00301b0f N 
00301b0f N 
00301b0f N 
00301b0f N 
00301b0f N 
00301b0f N 
00301b0f N 
00301b0f N 
00301b0f N 
00301b0f N 
00301b0f N 
00301b0f N 
00301b0f N 
00301b0f N 
00301b0f N 
00301b0f N 
00301b0f N 
00301b0f N 
00301b0f N 
00301b0f N 
00301b0f N 
00301b0f N 
00301b0f N 
00301b0f N 
00301b0f N 
00301b0f N 
00301b0f N 
00301b0f N 
00301b0f N 
00301b0f N 
00301b0f N 
00301b0f N 
00301b0f N 
00301b0f N 
00301b0f N 
00301b0f N 
00301b0f N 
00301b0f N 
00301b0f N 
00301b0f W emu2413.c.4464ea95
003027c7 N 
003027c7 N 
003027c7 N 
003027c7 N 
003027c7 N 
003027c7 N 
003027c7 N 
003027c7 N 
003027c7 N 
003027c7 N 
003027c7 N 
003027c7 N 
003027c7 N 
003027c7 N 
003027c7 N 
003027c7 N 
003027c7 N 
003027c7 N 
003027c7 N 
003027c7 N 
003027c7 N 
003027c7 N 
003027c7 N 
003027c7 N 
003027c7 N 
003027c7 N 
003027c7 N 
003027c7 N 
003027c7 N 
003027c7 N 
003027c7 N 
003027c7 N 
003027c7 N 
003027c7 N 
003027c7 N 
003027c7 N 
003027c7 N 
003027c7 N 
003027c7 N 
003027c7 N 
003027c7 N 
003027c7 N 
003027c7 N 
003027c7 N 
003027c7 N 
003027c7 N 
003027c7 N 
003027c7 N 
003027c7 N 
003027c7 N 
003027c7 N 
003027c7 N 
003027c7 N 
003027c7 N 
003027c7 N 
003027c7 N 
003027c7 N 
003027c7 N 
003027c7 N 
003027c7 N 
003027c7 N 
003027c7 N 
003027c7 N 
003027c7 N 
003027c7 N 
003027c7 N 
003027c7 N 
003027c7 N 
003027c7 N 
003027c7 N 
003027c7 N 
003027c7 N 
003027c7 N 
003027c7 N 
003027c7 N 
003027c7 N 
003027c7 N 
003027c7 N 
003027c7 N 
003027c7 N 
003027c7 N 
003027c7 N 
003027c7 N 
003027c7 N 
003027c7 N 
003027c7 N 
003027c7 N 
003027c7 N 
003027c7 N 
003027c7 N 
003027c7 N 
003027c7 N 
003027c7 N 
003027c7 N 
003027c7 N 
003027c7 N 
003027c7 N 
003027c7 N 
003027c7 N 
003027c7 N 
003027c7 N 
003027c7 N 
003027c7 N 
003027c7 N 
003027c7 N 
003027c7 N 
003027c7 N 
003027c7 N 
003027c7 N 
003027c7 N 
003027c7 N 
003027c7 N 
003027c7 N 
003027c7 N 
003027c7 N 
003027c7 N 
003027c7 N 
003027c7 N 
003027c7 N 
003027c7 N 
003027c7 N 
003027c7 N 
003027c7 N 
003027c7 N 
003027c7 N 
003027c7 N 
003027c7 N 
003027c7 N 
003027c7 N 
003027c7 N 
003027c7 N 
003027c7 N 
003027c7 N 
003027c7 N 
003027c7 N 
003027c7 N 
003027c7 N 
003027c7 N 
003027c7 N 
003027c7 N 
003027c7 N 
003027c7 N 
003027c7 N 
003027c7 N 
003027c7 N 
003027c7 N 
003027c7 N 
003027c7 N 
003027c7 N 
003027c7 N 
003027c7 N 
003027c7 N 
003027c7 N 
003027c7 N 
003027c7 N 
003027c7 N 
003027c7 N 
003027c7 N 
003027c7 N 
003027c7 N 
003027c7 N 
003027c7 N 
003027c7 N 
003027c7 N 
003027c7 N 
003027c7 N 
003027c7 N 
003027c7 N 
003027c7 N 
003027c7 N 
003027c7 N 
003027c7 N 
003027c7 N 
003027c7 N 
003027c7 N 
003027c7 N 
003027c7 N 
003027c7 N 
003027c7 N 
003027c7 N 
003027c7 N 
003027c7 N 
003027c7 N 
003027c7 N 
003027c7 N 
003027c7 N 
003027c7 N 
003027c7 N 
003027c7 N 
003027c7 N 
003027c7 N 
003027c7 N 
003027c7 N 
003027c7 N 
003027c7 N 
003027c7 N 
003027c7 N 
003027c7 N 
003027c7 N 
003027c7 N 
003027c7 N 
003027c7 N 
003027c7 N 
003027c7 N 
003027c7 N 
003027c7 N 
003027c7 N 
003027c7 N 
003027c7 N 
003027c7 N 
003027c7 N 
003027c7 N 
003027c7 N 
003027c7 N 
003027c7 W miniz.c.4e30323f
