         w __cxa_pure_virtual
         w __deregister_frame_info
         w __gnu_Unwind_Find_exidx
         w __register_frame_info
         w __syscall_tls_create
         w __syscall_tls_delete
         w __syscall_tls_get
         w __syscall_tls_set
         w userAppExit
         w userAppInit
00000000 b _TLS_MODULE_BASE_
00000000 00000802 B __ctru_dev_utf16_buf
00000000 A __sync_synchronize
00000000 a shift
00000000 a shift
00000804 00000401 B __ctru_dev_path_buf
0005656a N 
0005656a N 
0005656a N 
0005656a N 
0005656a N 
0005656a N 
0005656a N 
0005656a N 
0005656a N 
0005656a N 
0005656a N 
0005656a N 
0005656a N 
0005656a N 
0005656a N 
0005656a N 
0005656a N 
0005656a N 
0005656a N 
0005656a N 
0005656a N 
0005656a N 
0005656a N 
0005656a N 
0005656a N 
0005656a N 
0005656a N 
0005656a N 
0005656a N 
0005656a N 
0005656a N 
0005656a N 
0005656a N 
0005656a N 
0005656a N 
0005656a N 
0005656a N 
0005656a N 
0005656a N 
0005656a N 
0005656a N 
0005656a N 
0005656a N 
0005656a N 
0005656a N 
0005656a N 
0005656a N 
0005656a N 
0005656a N 
0005656a N 
0005656a N 
0005656a N 
0005656a N 
0005656a N 
0005656a N 
0005656a N 
0005656a N 
0005656a N 
0005656a N 
0005656a N 
0005656a N 
0005656a N 
0005656a N 
0005656a N 
0005656a N 
0005656a N 
0005656a N 
0005656a N 
0005656a N 
0005656a N 
0005656a N 
0005656a N 
0005656a N 
0005656a N 
0005656a W main.cpp.ff3b463b
00071738 N 
00071738 N 
00071738 N 
00071738 N 
00071738 N 
00071738 N 
00071738 N 
00071738 N 
00071738 N 
00071738 N 
00071738 N 
00071738 N 
00071738 N 
00071738 N 
00071738 N 
00071738 N 
00071738 N 
00071738 N 
00071738 N 
00071738 N 
00071738 N 
00071738 N 
00071738 N 
00071738 N 
00071738 N 
00071738 N 
00071738 N 
00071738 N 
00071738 N 
00071738 N 
00071738 N 
00071738 N 
00071738 N 
00071738 N 
00071738 N 
00071738 N 
00071738 W Audio.cpp.225ad25e
0007c2e2 N 
0007c2e2 N 
0007c2e2 N 
0007c2e2 N 
0007c2e2 N 
0007c2e2 N 
0007c2e2 N 
0007c2e2 N 
0007c2e2 N 
0007c2e2 N 
0007c2e2 N 
0007c2e2 N 
0007c2e2 N 
0007c2e2 N 
0007c2e2 N 
0007c2e2 N 
0007c2e2 N 
0007c2e2 N 
0007c2e2 N 
0007c2e2 N 
0007c2e2 N 
0007c2e2 N 
0007c2e2 N 
0007c2e2 N 
0007c2e2 N 
0007c2e2 N 
0007c2e2 N 
0007c2e2 N 
0007c2e2 N 
0007c2e2 N 
0007c2e2 N 
0007c2e2 W BootromMemoryRule.cpp.46fa946b
0008c9b2 N 
0008c9b2 N 
0008c9b2 N 
0008c9b2 N 
0008c9b2 N 
0008c9b2 N 
0008c9b2 N 
0008c9b2 N 
0008c9b2 N 
0008c9b2 N 
0008c9b2 N 
0008c9b2 N 
0008c9b2 N 
0008c9b2 N 
0008c9b2 N 
0008c9b2 N 
0008c9b2 N 
0008c9b2 N 
0008c9b2 N 
0008c9b2 N 
0008c9b2 N 
0008c9b2 N 
0008c9b2 N 
0008c9b2 N 
0008c9b2 N 
0008c9b2 N 
0008c9b2 N 
0008c9b2 N 
0008c9b2 N 
0008c9b2 N 
0008c9b2 N 
0008c9b2 N 
0008c9b2 N 
0008c9b2 N 
0008c9b2 N 
0008c9b2 N 
0008c9b2 N 
0008c9b2 N 
0008c9b2 N 
0008c9b2 N 
0008c9b2 N 
0008c9b2 N 
0008c9b2 N 
0008c9b2 N 
0008c9b2 N 
0008c9b2 N 
0008c9b2 N 
0008c9b2 N 
0008c9b2 N 
0008c9b2 N 
0008c9b2 N 
0008c9b2 N 
0008c9b2 N 
0008c9b2 N 
0008c9b2 N 
0008c9b2 N 
0008c9b2 N 
0008c9b2 N 
0008c9b2 N 
0008c9b2 N 
0008c9b2 N 
0008c9b2 N 
0008c9b2 N 
0008c9b2 N 
0008c9b2 N 
0008c9b2 N 
0008c9b2 N 
0008c9b2 N 
0008c9b2 N 
0008c9b2 N 
0008c9b2 N 
0008c9b2 N 
0008c9b2 N 
0008c9b2 N 
0008c9b2 N 
0008c9b2 N 
0008c9b2 N 
0008c9b2 N 
0008c9b2 N 
0008c9b2 N 
0008c9b2 N 
0008c9b2 N 
0008c9b2 W Cartridge.cpp.a517fdc2
0009894b N 
0009894b N 
0009894b N 
0009894b N 
0009894b N 
0009894b N 
0009894b N 
0009894b N 
0009894b N 
0009894b N 
0009894b N 
0009894b N 
0009894b N 
0009894b N 
0009894b N 
0009894b N 
0009894b N 
0009894b N 
0009894b N 
0009894b N 
0009894b N 
0009894b N 
0009894b N 
0009894b N 
0009894b N 
0009894b N 
0009894b N 
0009894b N 
0009894b N 
0009894b N 
0009894b N 
0009894b N 
0009894b N 
0009894b W CodemastersMemoryRule.cpp.99e2560f
000a90c5 N 
000a90c5 N 
000a90c5 N 
000a90c5 N 
000a90c5 N 
000a90c5 N 
000a90c5 N 
000a90c5 N 
000a90c5 N 
000a90c5 N 
000a90c5 N 
000a90c5 N 
000a90c5 N 
000a90c5 N 
000a90c5 N 
000a90c5 N 
000a90c5 N 
000a90c5 N 
000a90c5 N 
000a90c5 N 
000a90c5 N 
000a90c5 N 
000a90c5 N 
000a90c5 N 
000a90c5 N 
000a90c5 N 
000a90c5 N 
000a90c5 N 
000a90c5 N 
000a90c5 N 
000a90c5 N 
000a90c5 N 
000a90c5 N 
000a90c5 N 
000a90c5 N 
000a90c5 N 
000a90c5 N 
000a90c5 N 
000a90c5 N 
000a90c5 N 
000a90c5 N 
000a90c5 N 
000a90c5 N 
000a90c5 N 
000a90c5 N 
000a90c5 N 
000a90c5 N 
000a90c5 N 
000a90c5 N 
000a90c5 W Eeprom93C46MemoryRule.cpp.a77e884a
000b9d34 N 
000b9d34 N 
000b9d34 N 
000b9d34 N 
000b9d34 N 
000b9d34 N 
000b9d34 N 
000b9d34 N 
000b9d34 N 
000b9d34 N 
000b9d34 N 
000b9d34 N 
000b9d34 N 
000b9d34 N 
000b9d34 N 
000b9d34 N 
000b9d34 N 
000b9d34 N 
000b9d34 N 
000b9d34 N 
000b9d34 N 
000b9d34 N 
000b9d34 N 
000b9d34 N 
000b9d34 N 
000b9d34 N 
000b9d34 N 
000b9d34 N 
000b9d34 N 
000b9d34 N 
000b9d34 N 
000b9d34 N 
000b9d34 N 
000b9d34 N 
000b9d34 N 
000b9d34 W GameGearIOPorts.cpp.0d8f4a51
000d0cb0 N 
000d0cb0 N 
000d0cb0 N 
000d0cb0 N 
000d0cb0 N 
000d0cb0 N 
000d0cb0 N 
000d0cb0 N 
000d0cb0 N 
000d0cb0 N 
000d0cb0 N 
000d0cb0 N 
000d0cb0 N 
000d0cb0 N 
000d0cb0 N 
000d0cb0 N 
000d0cb0 N 
000d0cb0 N 
000d0cb0 N 
000d0cb0 N 
000d0cb0 N 
000d0cb0 N 
000d0cb0 N 
000d0cb0 N 
000d0cb0 N 
000d0cb0 N 
000d0cb0 N 
000d0cb0 N 
000d0cb0 N 
000d0cb0 N 
000d0cb0 N 
000d0cb0 N 
000d0cb0 N 
000d0cb0 N 
000d0cb0 N 
000d0cb0 N 
000d0cb0 N 
000d0cb0 N 
000d0cb0 N 
000d0cb0 N 
000d0cb0 N 
000d0cb0 N 
000d0cb0 N 
000d0cb0 N 
000d0cb0 N 
000d0cb0 N 
000d0cb0 N 
000d0cb0 N 
000d0cb0 N 
000d0cb0 N 
000d0cb0 N 
000d0cb0 N 
000d0cb0 N 
000d0cb0 N 
000d0cb0 N 
000d0cb0 N 
000d0cb0 N 
000d0cb0 N 
000d0cb0 N 
000d0cb0 N 
000d0cb0 N 
000d0cb0 N 
000d0cb0 N 
000d0cb0 N 
000d0cb0 N 
000d0cb0 N 
000d0cb0 N 
000d0cb0 N 
000d0cb0 N 
000d0cb0 N 
000d0cb0 N 
000d0cb0 N 
000d0cb0 N 
000d0cb0 N 
000d0cb0 N 
000d0cb0 N 
000d0cb0 N 
000d0cb0 N 
000d0cb0 N 
000d0cb0 N 
000d0cb0 N 
000d0cb0 N 
000d0cb0 N 
000d0cb0 N 
000d0cb0 N 
000d0cb0 N 
000d0cb0 N 
000d0cb0 N 
000d0cb0 N 
000d0cb0 N 
000d0cb0 N 
000d0cb0 N 
000d0cb0 N 
000d0cb0 N 
000d0cb0 N 
000d0cb0 N 
000d0cb0 N 
000d0cb0 N 
000d0cb0 N 
000d0cb0 N 
000d0cb0 N 
000d0cb0 N 
000d0cb0 N 
000d0cb0 N 
000d0cb0 N 
000d0cb0 N 
000d0cb0 N 
000d0cb0 N 
000d0cb0 N 
000d0cb0 N 
000d0cb0 N 
000d0cb0 N 
000d0cb0 N 
000d0cb0 N 
000d0cb0 N 
000d0cb0 N 
000d0cb0 N 
000d0cb0 N 
000d0cb0 N 
000d0cb0 N 
000d0cb0 N 
000d0cb0 N 
000d0cb0 N 
000d0cb0 N 
000d0cb0 N 
000d0cb0 N 
000d0cb0 N 
000d0cb0 N 
000d0cb0 N 
000d0cb0 N 
000d0cb0 N 
000d0cb0 N 
000d0cb0 N 
000d0cb0 N 
000d0cb0 N 
000d0cb0 N 
000d0cb0 N 
000d0cb0 N 
000d0cb0 N 
000d0cb0 N 
000d0cb0 N 
000d0cb0 N 
000d0cb0 N 
000d0cb0 N 
000d0cb0 N 
000d0cb0 N 
000d0cb0 N 
000d0cb0 N 
000d0cb0 N 
000d0cb0 N 
000d0cb0 N 
000d0cb0 N 
000d0cb0 N 
000d0cb0 N 
000d0cb0 N 
000d0cb0 N 
000d0cb0 N 
000d0cb0 N 
000d0cb0 N 
000d0cb0 N 
000d0cb0 N 
000d0cb0 N 
000d0cb0 N 
000d0cb0 N 
000d0cb0 N 
000d0cb0 N 
000d0cb0 N 
000d0cb0 N 
000d0cb0 N 
000d0cb0 N 
000d0cb0 N 
000d0cb0 W GearsystemCore.cpp.c2f6d8c9
000ee964 N 
000ee964 N 
000ee964 N 
000ee964 N 
000ee964 N 
000ee964 N 
000ee964 N 
000ee964 N 
000ee964 N 
000ee964 N 
000ee964 N 
000ee964 N 
000ee964 N 
000ee964 N 
000ee964 N 
000ee964 N 
000ee964 N 
000ee964 N 
000ee964 N 
000ee964 N 
000ee964 N 
000ee964 N 
000ee964 N 
000ee964 N 
000ee964 N 
000ee964 N 
000ee964 N 
000ee964 N 
000ee964 N 
000ee964 N 
000ee964 N 
000ee964 N 
000ee964 N 
000ee964 N 
000ee964 N 
000ee964 N 
000ee964 N 
000ee964 N 
000ee964 W Input.cpp.948d6a04
00100000 A __start__
00100000 T _start
00100008 T __service_ptr
0010000c T __apt_appid
00100010 T __heap_size
00100014 T __linear_heap_size
00100018 T __system_arglist
0010001c T __system_runflags
00100020 t startup
00100058 t ClearMem
0010006c t ClrLoop
00100094 T _init
001000b0 00000004 t BootromMemoryRule::~BootromMemoryRule()
001000b0 00000004 t BootromMemoryRule::~BootromMemoryRule()
001000b4 00000090 t BootromMemoryRule::PerformRead(unsigned short)
00100144 000000cc t BootromMemoryRule::PerformWrite(unsigned short, unsigned char)
00100210 00000098 t BootromMemoryRule::Reset()
001002a8 0000001c t BootromMemoryRule::GetPage(int)
001002c4 00000014 t BootromMemoryRule::GetBank(int)
001002d8 000000a0 t CodemastersMemoryRule::PerformRead(unsigned short)
00100378 000000ec t CodemastersMemoryRule::PerformWrite(unsigned short, unsigned char)
00100464 00000014 t CodemastersMemoryRule::GetRamBanks()
00100478 00000058 t CodemastersMemoryRule::GetPage(int)
001004d0 00000014 t CodemastersMemoryRule::GetBank(int)
001004e4 00000004 t Eeprom93C46MemoryRule::~Eeprom93C46MemoryRule()
001004e4 00000004 t Eeprom93C46MemoryRule::~Eeprom93C46MemoryRule()
001004e8 000000f8 t Eeprom93C46MemoryRule::PerformRead(unsigned short)
001005e0 00000008 t MSXMemoryRule::Has8kBanks()
001005e0 00000008 t JanggunMemoryRule::Has8kBanks()
001005e0 00000008 t IratahackMemoryRule::PersistedRAM()
001005e0 00000008 t KoreanBFFCMemoryRule::Has8kBanks()
001005e0 00000008 t KoreanFFFEMemoryRule::Has8kBanks()
001005e0 00000008 t Eeprom93C46MemoryRule::PersistedRAM()
001005e0 00000008 t KoreanMDFFF0MemoryRule::Has8kBanks()
001005e0 00000008 t KoreanMDFFF5MemoryRule::Has8kBanks()
001005e0 00000008 t KoreanFFF3FFFCMemoryRule::Has8kBanks()
001005e0 00000008 t Korean0000XORFFMemoryRule::Has8kBanks()
001005e0 00000008 t Korean2000XOR1FMemoryRule::Has8kBanks()
001005e0 00000008 t KoreanMSX8KB0300MemoryRule::Has8kBanks()
001005e0 00000008 t KoreanMSXSMS8000MemoryRule::Has8kBanks()
001005e8 00000008 t Eeprom93C46MemoryRule::GetRamSize()
001005f0 00000008 t Eeprom93C46MemoryRule::GetRamBanks()
001005f8 00000020 t Eeprom93C46MemoryRule::GetPage(int)
00100618 00000014 t Eeprom93C46MemoryRule::GetBank(int)
0010062c 0000028c T GameGearIOPorts::DoInput(unsigned char)
001008b8 00000004 t GameGearIOPorts::~GameGearIOPorts()
001008b8 00000004 t GameGearIOPorts::~GameGearIOPorts()
001008bc 00000020 T GameGearIOPorts::Reset()
001008dc 000000c0 t readSmsProductCode(std::__cxx11::basic_string<char, std::char_traits<char>, std::allocator<char> > const&, unsigned short&) [clone .constprop.0] [clone .isra.0]
0010099c 0000001c t BootromMemoryRule::~BootromMemoryRule()
001009b8 0000001c t Eeprom93C46MemoryRule::~Eeprom93C46MemoryRule()
001009d4 0000001c t GameGearIOPorts::~GameGearIOPorts()
001009f0 00000638 t chooseRom(std::__cxx11::basic_string<char, std::char_traits<char>, std::allocator<char> >&)::{lambda()#1}::operator()() const
00101028 000009ec t chooseRom(std::__cxx11::basic_string<char, std::char_traits<char>, std::allocator<char> >&)
0010145b N 
0010145b N 
0010145b N 
0010145b N 
0010145b N 
0010145b N 
0010145b N 
0010145b N 
0010145b N 
0010145b N 
0010145b N 
0010145b N 
0010145b N 
0010145b N 
0010145b N 
0010145b N 
0010145b N 
0010145b N 
0010145b N 
0010145b N 
0010145b N 
0010145b N 
0010145b N 
0010145b N 
0010145b N 
0010145b N 
0010145b N 
0010145b N 
0010145b N 
0010145b N 
0010145b N 
0010145b N 
0010145b N 
0010145b N 
0010145b N 
0010145b N 
0010145b N 
0010145b N 
0010145b N 
0010145b N 
0010145b N 
0010145b N 
0010145b W IratahackMemoryRule.cpp.bd9f6b4a
00101a14 000000a8 t updateTexture(C3D_Tex&)
00101abc 00000058 T CodemastersMemoryRule::Reset()
00101b14 0000046c t Eeprom93C46MemoryRule::PerformWrite(unsigned short, unsigned char)
00101f80 00000070 T Eeprom93C46MemoryRule::Reset()
00101ff0 00000034 t CodemastersMemoryRule::~CodemastersMemoryRule()
00101ff0 00000034 t CodemastersMemoryRule::~CodemastersMemoryRule()
00102024 00000028 t CodemastersMemoryRule::~CodemastersMemoryRule()
0010204c 00000030 t BootromMemoryRule::LoadState(std::istream&, int)
0010207c 00000050 t CodemastersMemoryRule::LoadState(std::istream&, int)
001020cc 00000040 t Eeprom93C46MemoryRule::LoadState(std::istream&, int)
0010210c 00000030 t GameGearIOPorts::LoadState(std::istream&)
0010213c 00000c20 t GearsystemCore::InitMemoryRules()
00102d5c 00000908 t Audio::Init()
00103664 00000030 t BootromMemoryRule::SaveState(std::ostream&)
00103694 00000050 t CodemastersMemoryRule::SaveState(std::ostream&)
001036e4 00000070 t Eeprom93C46MemoryRule::SaveRam(std::ostream&)
00103754 00000040 t Eeprom93C46MemoryRule::SaveState(std::ostream&)
00103794 00000030 t GameGearIOPorts::SaveState(std::ostream&)
001037c4 0000063c t GameGearIOPorts::DoOutput(unsigned char, unsigned char)
00103e00 00000a78 t GearsystemCore::~GearsystemCore() [clone .isra.0]
00104878 00000094 T void std::__cxx11::basic_string<char, std::char_traits<char>, std::allocator<char> >::_M_construct<char const*>(char const*, char const*, std::forward_iterator_tag)
0010490c 000000a8 T void std::__cxx11::basic_string<char, std::char_traits<char>, std::allocator<char> >::_M_construct<true>(char const*, unsigned int)
001049b4 00000048 T Log_func(char const*, ...)
001049fc 00000c88 t Cartridge::LoadFromBuffer(unsigned char const*, int, char const*) [clone .part.0] [clone .constprop.0]
00105684 00002f20 t Cartridge::LoadFromZipFile(unsigned char const*, int)
001085a4 000000a0 t Eeprom93C46MemoryRule::LoadRam(std::istream&, long)
00108644 000001f0 t GearsystemCore::AddMemoryRules()
00108838 00000020 T JumboDahjeeMemoryRule::Reset()
00108858 00000028 T MSXMemoryRule::Reset()
00108880 00000004 T SG1000MemoryRule::Reset()
00108880 00000004 T RomOnlyMemoryRule::Reset()
00108880 00000004 T Memory::ResetDisassemblerRecords()
00108884 0000002c T KoreanMemoryRule::Reset()
001088b0 00000070 T KoreanMSXSMS8000MemoryRule::Reset()
00108920 0000003c T KoreanSMS32KB2000MemoryRule::Reset()
0010895c 00000040 T KoreanMSX32KB2000MemoryRule::Reset()
0010899c 0000006c T Korean2000XOR1FMemoryRule::Reset()
00108a08 00000078 T KoreanMSX8KB0300MemoryRule::Reset()
00108a80 00000064 T Korean0000XORFFMemoryRule::Reset()
00108ae4 00000040 T KoreanFFFFHiComMemoryRule::Reset()
00108b24 0000006c T KoreanFFFEMemoryRule::Reset()
00108b90 0000007c T KoreanBFFCMemoryRule::Reset()
00108c0c 00000060 T KoreanFFF3FFFCMemoryRule::Reset()
00108c6c 00000068 T KoreanMDFFF5MemoryRule::Reset()
00108cd4 00000074 T KoreanMDFFF0MemoryRule::Reset()
00108d48 00000060 T JanggunMemoryRule::Reset()
00108da8 00000040 T Multi4PAKAllActionMemoryRule::Reset()
00108de8 000000d4 T Processor::StackPush(SixteenBitRegister*)
00108ebc 00000098 T IratahackMemoryRule::PerformRead(unsigned short)
00108f54 00000008 T IratahackMemoryRule::GetRamSize()
00108f5c 00000008 T IratahackMemoryRule::GetRamBanks()
00108f64 0000001c T IratahackMemoryRule::GetPage(int)
00108f80 00000030 T IratahackMemoryRule::GetBank(int)
00108fb0 000000f4 T JanggunMemoryRule::PerformRead(unsigned short)
001090a4 0000018c T JanggunMemoryRule::PerformWrite(unsigned short, unsigned char)
00109230 0000005c T JanggunMemoryRule::GetPage(int)
0010928c 00000050 T JanggunMemoryRule::GetBank(int)
001092dc 00000048 T JumboDahjeeMemoryRule::PerformRead(unsigned short)
00109324 0000004c T JumboDahjeeMemoryRule::PerformWrite(unsigned short, unsigned char)
00109370 00000018 T JumboDahjeeMemoryRule::GetPage(int)
00109388 00000010 T SG1000MemoryRule::GetBank(int)
00109388 00000010 T RomOnlyMemoryRule::GetBank(int)
00109388 00000010 T JumboDahjeeMemoryRule::GetBank(int)
00109398 0000003c T Korean0000XORFFMemoryRule::PerformRead(unsigned short)
001093d4 000000c8 T Korean0000XORFFMemoryRule::PerformWrite(unsigned short, unsigned char)
0010949c 00000018 T Korean0000XORFFMemoryRule::GetPage(int)
001094b4 0000000c T Korean0000XORFFMemoryRule::GetBank(int)
001094c0 0000003c T Korean2000XOR1FMemoryRule::PerformRead(unsigned short)
001094fc 000000a0 T Korean2000XOR1FMemoryRule::PerformWrite(unsigned short, unsigned char)
0010959c 00000018 T Korean2000XOR1FMemoryRule::GetPage(int)
001095b4 0000000c T Korean2000XOR1FMemoryRule::GetBank(int)
001095c0 0000003c T KoreanBFFCMemoryRule::PerformRead(unsigned short)
001095fc 00000138 T KoreanBFFCMemoryRule::PerformWrite(unsigned short, unsigned char)
00109734 00000018 T KoreanBFFCMemoryRule::GetPage(int)
0010974c 0000000c T KoreanBFFCMemoryRule::GetBank(int)
00109758 0000003c T KoreanFFF3FFFCMemoryRule::PerformRead(unsigned short)
00109794 00000234 T KoreanFFF3FFFCMemoryRule::PerformWrite(unsigned short, unsigned char)
001099c8 00000018 T KoreanFFF3FFFCMemoryRule::GetPage(int)
001099e0 0000000c T KoreanFFF3FFFCMemoryRule::GetBank(int)
001099ec 0000003c T KoreanFFFEMemoryRule::PerformRead(unsigned short)
00109a28 00000128 T KoreanFFFEMemoryRule::PerformWrite(unsigned short, unsigned char)
00109b50 00000018 T KoreanFFFEMemoryRule::GetPage(int)
00109b68 0000000c T KoreanFFFEMemoryRule::GetBank(int)
00109b74 0000003c T KoreanFFFFHiComMemoryRule::PerformRead(unsigned short)
00109bb0 00000090 T KoreanFFFFHiComMemoryRule::PerformWrite(unsigned short, unsigned char)
00109c40 00000018 T KoreanFFFFHiComMemoryRule::GetPage(int)
00109c58 0000000c T KoreanFFFFHiComMemoryRule::GetBank(int)
00109c64 0000003c T KoreanMDFFF0MemoryRule::PerformRead(unsigned short)
00109ca0 000001d0 T KoreanMDFFF0MemoryRule::PerformWrite(unsigned short, unsigned char)
00109e70 00000018 T KoreanMDFFF0MemoryRule::GetPage(int)
00109e88 0000000c T KoreanMDFFF0MemoryRule::GetBank(int)
00109e94 0000003c T KoreanMDFFF5MemoryRule::PerformRead(unsigned short)
00109ed0 000001cc T KoreanMDFFF5MemoryRule::PerformWrite(unsigned short, unsigned char)
0010a09c 00000018 T KoreanMDFFF5MemoryRule::GetPage(int)
0010a0b4 0000000c T KoreanMDFFF5MemoryRule::GetBank(int)
0010a0c0 0000003c T KoreanMSX32KB2000MemoryRule::PerformRead(unsigned short)
0010a0fc 00000080 T KoreanMSX32KB2000MemoryRule::PerformWrite(unsigned short, unsigned char)
0010a17c 00000020 T KoreanMSX32KB2000MemoryRule::GetPage(int)
0010a19c 00000014 T KoreanMSX32KB2000MemoryRule::GetBank(int)
0010a1b0 0000003c T KoreanMSX8KB0300MemoryRule::PerformRead(unsigned short)
0010a1ec 000000bc T KoreanMSX8KB0300MemoryRule::PerformWrite(unsigned short, unsigned char)
0010a2a8 00000018 T KoreanMSX8KB0300MemoryRule::GetPage(int)
0010a2c0 0000000c T KoreanMSX8KB0300MemoryRule::GetBank(int)
0010a2cc 0000003c T KoreanMSXSMS8000MemoryRule::PerformRead(unsigned short)
0010a308 00000138 T KoreanMSXSMS8000MemoryRule::PerformWrite(unsigned short, unsigned char)
0010a440 00000018 T KoreanMSXSMS8000MemoryRule::GetPage(int)
0010a458 0000000c T KoreanMSXSMS8000MemoryRule::GetBank(int)
0010a464 0000005c T KoreanMemoryRule::PerformRead(unsigned short)
0010a4c0 00000054 T KoreanMemoryRule::PerformWrite(unsigned short, unsigned char)
0010a514 00000050 T KoreanMemoryRule::GetPage(int)
0010a564 00000034 T KoreanMemoryRule::GetBank(int)
0010a598 0000003c T KoreanSMS32KB2000MemoryRule::PerformRead(unsigned short)
0010a5d4 000000a0 T KoreanSMS32KB2000MemoryRule::PerformWrite(unsigned short, unsigned char)
0010a674 00000020 T KoreanSMS32KB2000MemoryRule::GetPage(int)
0010a694 00000014 T KoreanSMS32KB2000MemoryRule::GetBank(int)
0010a6a8 00000108 T MSXMemoryRule::PerformRead(unsigned short)
0010a7b0 00000060 T MSXMemoryRule::PerformWrite(unsigned short, unsigned char)
0010a810 00000090 T MSXMemoryRule::GetPage(int)
0010a8a0 00000050 T MSXMemoryRule::GetBank(int)
0010a8f0 00000004 T MemoryRule::SaveRam(std::ostream&)
0010a8f0 00000004 T MemoryRule::SaveState(std::ostream&)
0010a8f4 00000008 T MemoryRule::LoadRam(std::istream&, long)
0010a8fc 00000008 T MemoryRule::SetRamChangedCallback(void (*)())
0010a904 00000008 T MemoryRule::Has8kBanks()
0010a904 00000008 T MemoryRule::PersistedRAM()
0010a90c 00000008 T MemoryRule::GetRamSize()
0010a914 00000008 T MemoryRule::GetRamBanks()
0010a91c 00000008 T MemoryRule::GetRamBank()
0010a924 00000008 T MemoryRule::GetPage(int)
0010a92c 00000008 T MemoryRule::GetBank(int)
0010a934 00000004 T MemoryRule::LoadState(std::istream&, int)
0010a938 0000003c T Multi4PAKAllActionMemoryRule::PerformRead(unsigned short)
0010a974 000000ec T Multi4PAKAllActionMemoryRule::PerformWrite(unsigned short, unsigned char)
0010aa60 00000020 T Multi4PAKAllActionMemoryRule::GetPage(int)
0010aa80 00000030 T Multi4PAKAllActionMemoryRule::GetBank(int)
0010aab0 000002d4 T IratahackMemoryRule::PerformWrite(unsigned short, unsigned char)
0010ad84 00000084 T IratahackMemoryRule::Reset()
0010ae08 00000028 T IratahackMemoryRule::~IratahackMemoryRule()
0010ae30 0000001c T JanggunMemoryRule::~JanggunMemoryRule()
0010ae4c 00000028 T JumboDahjeeMemoryRule::~JumboDahjeeMemoryRule()
0010ae74 0000001c T Korean0000XORFFMemoryRule::~Korean0000XORFFMemoryRule()
0010ae90 0000001c T Korean2000XOR1FMemoryRule::~Korean2000XOR1FMemoryRule()
0010aeac 0000001c T KoreanBFFCMemoryRule::~KoreanBFFCMemoryRule()
0010aec8 0000001c T KoreanFFF3FFFCMemoryRule::~KoreanFFF3FFFCMemoryRule()
0010aee4 0000001c T KoreanFFFEMemoryRule::~KoreanFFFEMemoryRule()
0010af00 0000001c T KoreanFFFFHiComMemoryRule::~KoreanFFFFHiComMemoryRule()
0010af1c 0000001c T KoreanMDFFF0MemoryRule::~KoreanMDFFF0MemoryRule()
0010af38 0000001c T KoreanMDFFF5MemoryRule::~KoreanMDFFF5MemoryRule()
0010af54 0000001c T KoreanMSX32KB2000MemoryRule::~KoreanMSX32KB2000MemoryRule()
0010af70 0000001c T KoreanMSX8KB0300MemoryRule::~KoreanMSX8KB0300MemoryRule()
0010af8c 0000001c T KoreanMSXSMS8000MemoryRule::~KoreanMSXSMS8000MemoryRule()
0010afa8 0000001c T KoreanMemoryRule::~KoreanMemoryRule()
0010afc4 0000001c T KoreanSMS32KB2000MemoryRule::~KoreanSMS32KB2000MemoryRule()
0010afe0 0000001c T MSXMemoryRule::~MSXMemoryRule()
0010affc 0000001c T Multi4PAKAllActionMemoryRule::~Multi4PAKAllActionMemoryRule()
0010b018 00000044 T IratahackMemoryRule::SaveRam(std::ostream&)
0010b05c 00000070 T IratahackMemoryRule::SaveState(std::ostream&)
0010b0cc 00000078 T JanggunMemoryRule::SaveState(std::ostream&)
0010b144 00000014 T JumboDahjeeMemoryRule::SaveState(std::ostream&)
0010b158 00000030 T Korean0000XORFFMemoryRule::SaveState(std::ostream&)
0010b188 00000030 T KoreanBFFCMemoryRule::SaveState(std::ostream&)
0010b188 00000030 T KoreanFFFEMemoryRule::SaveState(std::ostream&)
0010b188 00000030 T Korean2000XOR1FMemoryRule::SaveState(std::ostream&)
0010b1b8 00000040 T KoreanFFF3FFFCMemoryRule::SaveState(std::ostream&)
0010b1f8 00000030 T KoreanFFFFHiComMemoryRule::SaveState(std::ostream&)
0010b228 00000040 T KoreanMDFFF0MemoryRule::SaveState(std::ostream&)
0010b268 00000040 T KoreanMDFFF5MemoryRule::SaveState(std::ostream&)
0010b2a8 00000030 T KoreanMSX32KB2000MemoryRule::SaveState(std::ostream&)
0010b2a8 00000030 T KoreanSMS32KB2000MemoryRule::SaveState(std::ostream&)
0010b2a8 00000030 T Multi4PAKAllActionMemoryRule::SaveState(std::ostream&)
0010b2d8 00000030 T KoreanMSX8KB0300MemoryRule::SaveState(std::ostream&)
0010b308 00000040 T KoreanMSXSMS8000MemoryRule::SaveState(std::ostream&)
0010b348 00000030 T KoreanMemoryRule::SaveState(std::ostream&)
0010b378 00000030 T MSXMemoryRule::SaveState(std::ostream&)
0010b3a8 00000070 T IratahackMemoryRule::LoadState(std::istream&, int)
0010b418 0000008c T JanggunMemoryRule::LoadState(std::istream&, int)
0010b4a4 0000001c T JumboDahjeeMemoryRule::LoadState(std::istream&, int)
0010b4c0 00000030 T Korean0000XORFFMemoryRule::LoadState(std::istream&, int)
0010b4f0 00000030 T KoreanBFFCMemoryRule::LoadState(std::istream&, int)
0010b4f0 00000030 T KoreanFFFEMemoryRule::LoadState(std::istream&, int)
0010b4f0 00000030 T Korean2000XOR1FMemoryRule::LoadState(std::istream&, int)
0010b520 00000040 T KoreanFFF3FFFCMemoryRule::LoadState(std::istream&, int)
0010b560 00000030 T KoreanFFFFHiComMemoryRule::LoadState(std::istream&, int)
0010b590 00000040 T KoreanMDFFF0MemoryRule::LoadState(std::istream&, int)
0010b5d0 00000040 T KoreanMDFFF5MemoryRule::LoadState(std::istream&, int)
0010b610 00000030 T KoreanMSX32KB2000MemoryRule::LoadState(std::istream&, int)
0010b610 00000030 T KoreanSMS32KB2000MemoryRule::LoadState(std::istream&, int)
0010b610 00000030 T Multi4PAKAllActionMemoryRule::LoadState(std::istream&, int)
0010b640 00000030 T KoreanMSX8KB0300MemoryRule::LoadState(std::istream&, int)
0010b670 00000040 T KoreanMSXSMS8000MemoryRule::LoadState(std::istream&, int)
0010b6b0 00000030 T KoreanMemoryRule::LoadState(std::istream&, int)
0010b6e0 00000030 T MSXMemoryRule::LoadState(std::istream&, int)
0010b710 0000007c T IratahackMemoryRule::LoadRam(std::istream&, long)
0010b78c 000000e4 T Memory::Read(unsigned short)
0010b870 0000004c T Memory::Write(unsigned short, unsigned char)
0010b8bc 00002964 t Processor::DispatchOpcode(unsigned char)
0010e220 00001788 t Processor::DispatchOpcodeCB(unsigned char)
0010f9a8 00003a50 T GearsystemCore::RunToVBlank(unsigned char*, short*, int*, GearsystemCore::GS_Debug_Run*) [clone .part.0] [clone .constprop.0]
00111f36 N 
00111f36 N 
00111f36 N 
00111f36 N 
00111f36 N 
00111f36 N 
00111f36 N 
00111f36 N 
00111f36 N 
00111f36 N 
00111f36 N 
00111f36 N 
00111f36 N 
00111f36 N 
00111f36 N 
00111f36 N 
00111f36 N 
00111f36 N 
00111f36 N 
00111f36 N 
00111f36 N 
00111f36 N 
00111f36 N 
00111f36 N 
00111f36 N 
00111f36 N 
00111f36 N 
00111f36 N 
00111f36 N 
00111f36 N 
00111f36 N 
00111f36 N 
00111f36 W JanggunMemoryRule.cpp.123fc460
001133f8 00000034 T IratahackMemoryRule::~IratahackMemoryRule()
001133f8 00000034 T IratahackMemoryRule::~IratahackMemoryRule()
0011342c 00000004 T JanggunMemoryRule::~JanggunMemoryRule()
0011342c 00000004 T JanggunMemoryRule::~JanggunMemoryRule()
00113430 00000034 T JumboDahjeeMemoryRule::~JumboDahjeeMemoryRule()
00113430 00000034 T JumboDahjeeMemoryRule::~JumboDahjeeMemoryRule()
00113464 00000004 T Korean0000XORFFMemoryRule::~Korean0000XORFFMemoryRule()
00113464 00000004 T Korean0000XORFFMemoryRule::~Korean0000XORFFMemoryRule()
00113468 00000004 T Korean2000XOR1FMemoryRule::~Korean2000XOR1FMemoryRule()
00113468 00000004 T Korean2000XOR1FMemoryRule::~Korean2000XOR1FMemoryRule()
0011346c 00000004 T KoreanBFFCMemoryRule::~KoreanBFFCMemoryRule()
0011346c 00000004 T KoreanBFFCMemoryRule::~KoreanBFFCMemoryRule()
00113470 00000004 T KoreanFFF3FFFCMemoryRule::~KoreanFFF3FFFCMemoryRule()
00113470 00000004 T KoreanFFF3FFFCMemoryRule::~KoreanFFF3FFFCMemoryRule()
00113474 00000004 T KoreanFFFEMemoryRule::~KoreanFFFEMemoryRule()
00113474 00000004 T KoreanFFFEMemoryRule::~KoreanFFFEMemoryRule()
00113478 00000004 T KoreanFFFFHiComMemoryRule::~KoreanFFFFHiComMemoryRule()
00113478 00000004 T KoreanFFFFHiComMemoryRule::~KoreanFFFFHiComMemoryRule()
0011347c 00000004 T KoreanMDFFF0MemoryRule::~KoreanMDFFF0MemoryRule()
0011347c 00000004 T KoreanMDFFF0MemoryRule::~KoreanMDFFF0MemoryRule()
00113480 00000004 T KoreanMDFFF5MemoryRule::~KoreanMDFFF5MemoryRule()
00113480 00000004 T KoreanMDFFF5MemoryRule::~KoreanMDFFF5MemoryRule()
00113484 00000004 T KoreanMSX32KB2000MemoryRule::~KoreanMSX32KB2000MemoryRule()
00113484 00000004 T KoreanMSX32KB2000MemoryRule::~KoreanMSX32KB2000MemoryRule()
00113488 00000004 T KoreanMSX8KB0300MemoryRule::~KoreanMSX8KB0300MemoryRule()
00113488 00000004 T KoreanMSX8KB0300MemoryRule::~KoreanMSX8KB0300MemoryRule()
0011348c 00000004 T KoreanMSXSMS8000MemoryRule::~KoreanMSXSMS8000MemoryRule()
0011348c 00000004 T KoreanMSXSMS8000MemoryRule::~KoreanMSXSMS8000MemoryRule()
00113490 00000004 T KoreanMemoryRule::~KoreanMemoryRule()
00113490 00000004 T KoreanMemoryRule::~KoreanMemoryRule()
00113494 00000004 T KoreanSMS32KB2000MemoryRule::~KoreanSMS32KB2000MemoryRule()
00113494 00000004 T KoreanSMS32KB2000MemoryRule::~KoreanSMS32KB2000MemoryRule()
00113498 00000004 T MSXMemoryRule::~MSXMemoryRule()
00113498 00000004 T MSXMemoryRule::~MSXMemoryRule()
0011349c 000002a0 T Memory::Reset(bool)
0011373c 00000004 T Multi4PAKAllActionMemoryRule::~Multi4PAKAllActionMemoryRule()
0011373c 00000004 T Multi4PAKAllActionMemoryRule::~Multi4PAKAllActionMemoryRule()
00113740 00000120 T Processor::Reset(bool)
00113860 00001030 T GearsystemCore::Reset()
00114890 00000010 T RomOnlyMemoryRule::PerformRead(unsigned short)
001148a0 00000034 T RomOnlyMemoryRule::PerformWrite(unsigned short, unsigned char)
001148d4 00000018 T RomOnlyMemoryRule::GetPage(int)
001148ec 000000c0 T SG1000MemoryRule::PerformRead(unsigned short)
001149ac 0000005c T SG1000MemoryRule::PerformWrite(unsigned short, unsigned char)
00114a08 00000018 T SG1000MemoryRule::GetPage(int)
00114a20 00000094 T SegaMemoryRule::PerformRead(unsigned short)
00114ab4 00000154 T SegaMemoryRule::PerformWrite(unsigned short, unsigned char)
00114c08 00000014 T SegaMemoryRule::PersistedRAM()
00114c1c 00000014 T SegaMemoryRule::GetRamSize()
00114c30 00000014 T SegaMemoryRule::GetRamBanks()
00114c44 00000014 T SegaMemoryRule::GetRamBank()
00114c58 0000005c T SegaMemoryRule::GetPage(int)
00114cb4 00000014 T SegaMemoryRule::GetBank(int)
00114cc8 000002cc T SmsIOPorts::DoInput(unsigned char)
00114f94 0000000c T SmsIOPorts::Reset()
00114fa0 00000208 T Processor::StackPop(SixteenBitRegister*)
001151a8 000004bc T Processor::OPCodes_LD_dd_nn(SixteenBitRegister*)
00115664 0000031c T Processor::OPCodes_LD_nn_dd(SixteenBitRegister*)
00115980 0000001c T RomOnlyMemoryRule::~RomOnlyMemoryRule()
0011599c 0000001c T SG1000MemoryRule::~SG1000MemoryRule()
001159b8 0000001c T SmsIOPorts::~SmsIOPorts()
001159d4 00000028 T SegaMemoryRule::~SegaMemoryRule()
001159fc 00000074 T SegaMemoryRule::Reset()
00115a70 00000044 T SegaMemoryRule::SaveRam(std::ostream&)
00115ab4 00000070 T SegaMemoryRule::SaveState(std::ostream&)
00115b24 00000014 T SmsIOPorts::SaveState(std::ostream&)
00115b38 00000070 T SegaMemoryRule::LoadState(std::istream&, int)
00115ba8 00000014 T SmsIOPorts::LoadState(std::istream&)
00115bbc 0000007c T SegaMemoryRule::LoadRam(std::istream&, long)
00115c38 00000004 T RomOnlyMemoryRule::~RomOnlyMemoryRule()
00115c38 00000004 T RomOnlyMemoryRule::~RomOnlyMemoryRule()
00115c3c 00000004 T SG1000MemoryRule::~SG1000MemoryRule()
00115c3c 00000004 T SG1000MemoryRule::~SG1000MemoryRule()
00115c40 00000034 T SegaMemoryRule::~SegaMemoryRule()
00115c40 00000034 T SegaMemoryRule::~SegaMemoryRule()
00115c74 00000004 T SmsIOPorts::~SmsIOPorts()
00115c74 00000004 T SmsIOPorts::~SmsIOPorts()
00115c78 000000a4 T void std::vector<unsigned char, std::allocator<unsigned char> >::_M_realloc_append<unsigned char const&>(unsigned char const&) [clone .isra.0]
00115d1c 00000414 T VgmRecorder::WriteWait(int) [clone .part.0]
00116130 000002e4 T VgmRecorder::Stop() [clone .part.0]
00116414 00000224 T Video::Reset(bool, bool, int, bool)
00116638 000000b4 T Video::InitPalettes(unsigned char const*, unsigned short*, unsigned short*, unsigned short*, unsigned short*) [clone .isra.0]
001166ec 00000264 T Video::WriteControl(unsigned char) [clone .part.0]
00116950 00001384 T YM2413::Sync()
00117cd4 00000fdc T SmsIOPorts::DoOutput(unsigned char, unsigned char)
00118cb0 00000114 T YM2413::EndFrame(short*) [clone .part.0]
00118dc4 00000240 T Processor::FetchArg16()
00119004 000001f0 T Processor::GetEffectiveAddress()
001191f4 000002a4 T Processor::OPCodes_JP_nn_Conditional(bool)
00119498 00000038 T Processor::OPCodes_OR(unsigned char)
001194d0 0000005c T Processor::OPCodes_XOR(unsigned char)
0011952c 00000060 T Processor::OPCodes_AND(unsigned char)
0011958c 00000088 T Processor::OPCodes_CP(unsigned char)
00119614 000000a0 T Processor::OPCodes_INC(unsigned char*)
001196b4 000000a4 T Processor::OPCodes_DEC(unsigned char*)
00119758 00000058 T Processor::OPCodes_ADD(unsigned char)
001197b0 00000064 T Processor::OPCodes_ADC(unsigned char)
00119814 00000080 T Processor::OPCodes_SUB(unsigned char)
00119894 00000af0 T Processor::DispatchOpcodeED(unsigned char)
0011a384 0000008c T Processor::OPCodes_SBC(unsigned char)
0011a410 0000008c T Processor::OPCodes_ADD_HL(unsigned short)
0011a49c 000002d8 T Processor::OPCodes_RLC(unsigned char*, bool) [clone .constprop.0]
0011a774 000002cc T Processor::OPCodes_RL(unsigned char*, bool) [clone .constprop.0]
0011aa40 000002c4 T Processor::OPCodes_RRC(unsigned char*, bool) [clone .constprop.0]
0011ad04 000002cc T Processor::OPCodes_RR(unsigned char*, bool) [clone .constprop.0]
0011afd0 0000009c T Processor::OPCode0x29()
0011b06c 00000568 T Processor::OPCode0x36()
0011b5d4 00000324 T Processor::OPCode0xC4()
0011b8f8 00000324 T Processor::OPCode0xCC()
0011bc1c 00000328 T Processor::OPCode0xD4()
0011bf44 00000324 T Processor::OPCode0xE4()
0011c268 00000324 T Processor::OPCode0xEC()
0011c590 0000000c T miniz_def_realloc_func
0011c59c 00000008 T miniz_def_alloc_func
0011c5a4 00000008 T miniz_def_free_func
0011c5ac 0000005c T mz_zip_mem_read_func.lto_priv.0
0011c608 00000320 T Processor::OPCode0xF4()
0011c928 00000320 T Processor::OPCode0xFC()
0011cc48 0000025c T Processor::OPCodes_SLL(unsigned char*)
0011cea4 00000284 T Processor::OPCodes_SLA(unsigned char*)
0011d128 000002ec T Processor::OPCodes_SRA(unsigned char*)
0011d414 00000290 T Processor::OPCodes_SRL(unsigned char*)
0011d6a4 00000250 T Processor::OPCodes_BIT(unsigned char*, int)
0011d8f4 00000240 T Processor::OPCodes_BIT(unsigned char*, int) [clone .constprop.6]
0011db34 00000240 T Processor::OPCodes_BIT(unsigned char*, int) [clone .constprop.5]
0011dd74 00000240 T Processor::OPCodes_BIT(unsigned char*, int) [clone .constprop.4]
0011dfb4 00000240 T Processor::OPCodes_BIT(unsigned char*, int) [clone .constprop.3]
0011e1f4 00000240 T Processor::OPCodes_BIT(unsigned char*, int) [clone .constprop.2]
0011e434 00000240 T Processor::OPCodes_BIT(unsigned char*, int) [clone .constprop.1]
0011e674 00000240 T Processor::OPCodes_BIT(unsigned char*, int) [clone .constprop.0]
0011e8b4 00000318 T Processor::OPCodes_BIT_HL(int)
0011ebcc 000001f8 T Processor::OPCodes_SET(unsigned char*, int) [clone .constprop.7]
0011edc4 000001f4 T Processor::OPCodes_SET(unsigned char*, int) [clone .constprop.6]
0011efb8 000001f4 T Processor::OPCodes_SET(unsigned char*, int) [clone .constprop.5]
0011f1ac 000001f4 T Processor::OPCodes_SET(unsigned char*, int) [clone .constprop.4]
0011f3a0 000001f4 T Processor::OPCodes_SET(unsigned char*, int) [clone .constprop.3]
0011f594 000001f4 T Processor::OPCodes_SET(unsigned char*, int) [clone .constprop.2]
0011f788 000001f4 T Processor::OPCodes_SET(unsigned char*, int) [clone .constprop.1]
0011f97c 000001f4 T Processor::OPCodes_SET(unsigned char*, int) [clone .constprop.0]
0011fb70 000001f0 T Processor::OPCodes_RES(unsigned char*, int) [clone .constprop.7]
0011fd60 000001f0 T Processor::OPCodes_RES(unsigned char*, int) [clone .constprop.6]
0011ff50 000001f0 T Processor::OPCodes_RES(unsigned char*, int) [clone .constprop.5]
00120140 000001f0 T Processor::OPCodes_RES(unsigned char*, int) [clone .constprop.4]
00120330 000001f0 T Processor::OPCodes_RES(unsigned char*, int) [clone .constprop.3]
00120520 000001f0 T Processor::OPCodes_RES(unsigned char*, int) [clone .constprop.2]
00120710 000001f0 T Processor::OPCodes_RES(unsigned char*, int) [clone .constprop.1]
00120900 000001f0 T Processor::OPCodes_RES(unsigned char*, int) [clone .constprop.0]
00120af0 00000434 T Processor::OPCodes_IN_C(unsigned char*)
00120f24 00000470 T Processor::OPCodes_INI()
00121394 00000470 T Processor::OPCodes_IND()
00121804 00000218 T Processor::OPCodes_OUTI()
00121a1c 00000218 T Processor::OPCodes_OUTD()
00121c34 000000b4 T Processor::OPCodes_BlockIORepeat(unsigned char)
00121ce8 000001d8 T Processor::OPCodes_CPI()
00121ec0 000001d8 T Processor::OPCodes_CPD()
00122098 00000080 T Processor::OPCodes_ADC_HL(unsigned short)
00122118 000000a0 T Processor::OPCodes_SBC_HL(unsigned short)
001221b8 0000007c T Processor::OPCodeED0x4C()
001221b8 0000007c T Processor::OPCodeED0x54()
001221b8 0000007c T Processor::OPCodeED0x5C()
001221b8 0000007c T Processor::OPCodeED0x64()
001221b8 0000007c T Processor::OPCodeED0x6C()
001221b8 0000007c T Processor::OPCodeED0x74()
001221b8 0000007c T Processor::OPCodeED0x7C()
00122234 00000260 T Processor::OPCodeED0x55()
00122234 00000260 T Processor::OPCodeED0x5D()
00122234 00000260 T Processor::OPCodeED0x65()
00122234 00000260 T Processor::OPCodeED0x6D()
00122234 00000260 T Processor::OPCodeED0x75()
00122234 00000260 T Processor::OPCodeED0x7D()
00122494 000001fc T Blip_Buffer::set_sample_rate(long, int) [clone .constprop.0]
00122690 00000048 T Blip_Buffer::clock_rate_factor(long) const [clone .isra.0]
001226d8 000001d8 T Blip_Synth_::volume_unit(double) [clone .part.0]
001228b0 000004c8 t Blip_Synth_::treble_eq(blip_eq_t const&) [clone .constprop.0]
00122d78 00000020 T Blip_Synth_::volume_unit(double) [clone .constprop.0]
00122d98 00000ee0 T Sms_Apu::run_until(long) [clone .part.0]
001238e4 N 
001238e4 N 
001238e4 N 
001238e4 N 
001238e4 N 
001238e4 N 
001238e4 N 
001238e4 N 
001238e4 N 
001238e4 N 
001238e4 N 
001238e4 N 
001238e4 N 
001238e4 N 
001238e4 N 
001238e4 N 
001238e4 N 
001238e4 N 
001238e4 N 
001238e4 N 
001238e4 N 
001238e4 N 
001238e4 N 
001238e4 N 
001238e4 N 
001238e4 N 
001238e4 N 
001238e4 N 
001238e4 N 
001238e4 N 
001238e4 N 
001238e4 N 
001238e4 W JumboDahjeeMemoryRule.cpp.024ff60e
00123c78 000005a0 T load_instrument.lto_priv.0
00124218 00002a30 T update_instrument_zero.lto_priv.0
00126c48 0000051c T YM2413ResetChip
00127164 00000118 T mz_crc32.constprop.0
0012727c 000001b0 T mz_zip_reader_end_internal.isra.0
0012742c 000003e0 T mz_zip_file_stat_internal.part.0.constprop.0
0012780c t .udivsi3_skip_div0_test
0012780c T __aeabi_uidiv
0012780c 000001ec T __udivsi3
001279f8 00000020 T __aeabi_uidivmod
00127a18 T __aeabi_idiv
00127a18 00000220 T __divsi3
00127a20 t .divsi3_skip_div0_test
00127c38 00000020 T __aeabi_idivmod
00127c58 00000004 W __aeabi_idiv0
00127c58 00000004 W __aeabi_ldiv0
00127c5c T __aeabi_drsub
00127c64 000002b0 T __aeabi_dsub
00127c64 000002b0 T __subdf3
00127c68 000002ac T __adddf3
00127c68 000002ac T __aeabi_dadd
00127f14 00000024 T __aeabi_ui2d
00127f14 00000024 T __floatunsidf
00127f38 00000028 T __aeabi_i2d
00127f38 00000028 T __floatsidf
00127f60 00000048 T __aeabi_f2d
00127f60 00000048 T __extendsfdf2
00127fa8 00000074 T __aeabi_ul2d
00127fa8 00000074 T __floatundidf
00127fbc 00000060 T __aeabi_l2d
00127fbc 00000060 T __floatdidf
0012801c T __aeabi_ldivmod
001280f0 T __aeabi_uldivmod
0012812c 00000014 T __restore_core_regs
0012812c 00000014 T restore_core_regs
00128140 T __gnu_Unwind_Restore_VFP
00128148 T __gnu_Unwind_Save_VFP
00128150 T __gnu_Unwind_Restore_VFP_D
00128158 T __gnu_Unwind_Save_VFP_D
00128160 T __gnu_Unwind_Restore_VFP_D_16_to_31
00128168 T __gnu_Unwind_Save_VFP_D_16_to_31
00128170 T __gnu_Unwind_Restore_WMMXD
001281b4 T __gnu_Unwind_Save_WMMXD
001281f8 T __gnu_Unwind_Restore_WMMXC
0012820c T __gnu_Unwind_Save_WMMXC
00128220 00000024 T _Unwind_RaiseException
00128220 00000024 T ___Unwind_RaiseException
00128244 00000024 T _Unwind_Resume
00128244 00000024 T ___Unwind_Resume
00128268 00000024 T _Unwind_Resume_or_Rethrow
00128268 00000024 T ___Unwind_Resume_or_Rethrow
0012828c 00000024 T _Unwind_ForcedUnwind
0012828c 00000024 T ___Unwind_ForcedUnwind
001282b0 00000024 T _Unwind_Backtrace
001282b0 00000024 T ___Unwind_Backtrace
001282e8 00000390 T strcmp
00128670 t __do_global_dtors_aux
001286c0 t frame_dummy
001286f0 00003370 T main
0012ba60 00000044 t C2Di_FrameEndHook
0012baa4 00000368 T C2D_Init
0012be0c 0000004c T C2D_Fini
0012be58 000000bc T C2D_Prepare
0012bf14 00000048 T C2D_Flush
0012bf5c 000000fc T C2D_SceneSize
0012c058 00000060 T C2D_CreateScreenTarget
0012c0b8 00000060 T C2D_TargetClear
0012c118 0000014c T C2Di_CalcQuad
0012c264 00000054 T C2Di_AppendQuad
0012c2b8 00000040 T C2Di_AppendVtx
0012c2f8 00000738 T C2Di_Update
0012ca30 000002e8 T C2D_DrawImage
0012cd18 00000168 T C2D_DrawRectangle
0012ce80 00000018 t C2Di_GlyphComp
0012ce98 00000180 t C2Di_CalcLineWidths
0012d018 000001d0 T C2D_TextBufNew
0012d1e8 00000004 T C2D_TextBufDelete
0012d1ec 0000000c T C2D_TextBufClear
0012d1f8 000001c4 T C2D_TextFontParseLine
0012d3bc 000000a4 T C2D_TextFontParse
0012d460 00000010 T C2D_TextParse
0012d470 00000030 T C2D_TextOptimize
0012d4a0 00000fdc T C2D_DrawText
0012e47c 00000050 T C2D_FontGlyphIndexFromCodePoint
0012e4cc 00000074 T C2D_FontCalcGlyphPos
0012e540 00000028 T AttrInfo_Init
0012e568 00000094 T AttrInfo_AddLoader
0012e5fc 00000054 T C3D_SetAttrInfo
0012e650 00000080 T C3Di_AttrInfoBind
0012e6d0 00000004 W C3Di_LightEnvUpdate
0012e6d4 00000004 W C3Di_LightEnvDirty
0012e6d8 000000b4 t C3Di_AptEventHook
0012e78c 00000004 W C3Di_GasUpdate
0012e790 000001d0 T C3D_Init
0012e960 00000098 T C3D_SetViewport
0012e9f8 000004e8 T C3Di_UpdateContext
0012eee0 000000e0 T C3Di_SplitFrame
0012efc0 00000044 T C3D_Fini
0012f004 00000194 T C3D_BindProgram
0012f198 00000024 T BufInfo_Init
0012f1bc 00000080 T BufInfo_Add
0012f23c 0000003c T C3D_SetBufInfo
0012f278 00000048 T C3Di_BufInfoBind
0012f2c0 0000021c T C3D_DrawElements
0012f4dc 00000040 T C3D_DepthMap
0012f51c 0000001c T C3D_CullFace
0012f538 00000040 T C3D_StencilTest
0012f578 00000024 T C3D_StencilOp
0012f59c 0000001c T C3D_BlendingColor
0012f5b8 00000024 T C3D_EarlyDepthTest
0012f5dc 0000002c T C3D_DepthTest
0012f608 0000002c T C3D_AlphaTest
0012f634 00000050 T C3D_AlphaBlend
0012f684 00000030 T C3D_FragOpMode
0012f6b4 00000044 T C3D_FragOpShadow
0012f6f8 000001ac T C3Di_EffectBind
0012f8a4 0000001c T C3D_CalcColorBufSize
0012f8c0 0000001c T C3D_CalcDepthBufSize
0012f8dc 00000044 T C3D_SetFrameBuf
0012f920 0000016c T C3Di_FrameBufBind
0012fa8c 000000c8 T C3D_FrameBufClear
0012fb54 00000044 T C3D_FrameBufTransfer
0012fb98 000000a8 T C3D_ImmSendAttrib
0012fc40 00000070 T C3D_ProcTexInit
0012fcb0 00000054 T C3D_ProcTexBind
0012fd04 0000005c T C3D_ProcTexLutBind
0012fd60 000000a4 T ProcTexLut_FromArray
0012fe04 00000178 T C3Di_ProcTexUpdate
0012ff7c 00000068 T C3Di_ProcTexDirty
0012ffe4 0000004c t onVBlank0
00130030 0000004c t onVBlank1
0013007c 00000080 t C3Di_RenderTargetDestroy
001300fc 000000f4 t onQueueFinish
001301f0 00000038 T C3Di_RenderQueueEnableVBlank
00130228 00000030 T C3Di_RenderQueueDisableVBlank
00130258 00000060 T C3Di_RenderQueueInit
001302b8 000000b4 T C3Di_RenderQueueExit
0013036c 00000034 T C3Di_RenderQueueWaitDone
001303a0 000000e8 T C3D_FrameBegin
00130488 00000048 T C3D_FrameDrawOn
001304d0 00000058 T C3D_FrameSplit
00130528 000001d0 T C3D_FrameEnd
001306f8 0000001c T C3D_FrameEndHook
00130714 00000170 T C3D_RenderTargetCreate
00130884 000000f0 T C3D_RenderTargetDelete
00130974 000000a8 T C3D_RenderTargetSetOutput
00130a1c 000000fc T C3D_SyncTextureCopy
00130b18 00000034 T C3D_GetTexEnv
00130b4c 00000024 T C3Di_TexEnvBind
00130b70 00000290 T C3D_TexInitWithParams
00130e00 000000c8 T C3D_TexLoadImage
00130ec8 00000044 T C3D_TexBind
00130f0c 00000044 T C3D_TexFlush
00130f50 00000074 T C3D_TexDelete
00130fc4 0000014c T C3Di_SetTex
00131110 00000290 T C3D_UpdateUniforms
001313a0 000000c0 T C3Di_DirtyUniforms
00131460 000000d8 T C3Di_LoadShaderUniforms
00131538 00000028 T C3Di_ClearShaderUniforms
00131560 000000cc T Mtx_Ortho
0013162c 000000cc T Mtx_OrthoTilt
001316f8 00000024 t addrMapNodeComparator(rbtree_node const*, rbtree_node const*)
0013171c 00000004 t addrMapNodeDestructor(rbtree_node*)
00131720 0000012c T linearMemAlign
0013184c 00000008 T linearAlloc
00131854 0000005c T linearFree
001318b0 00000088 T MemPool::CoalesceRight(MemBlock*)
00131938 00000178 T MemPool::Allocate(MemChunk&, unsigned long, int)
00131ab0 00000118 T MemPool::Deallocate(MemChunk const&)
00131bc8 00000030 T MemPool::GetFreeSpace()
00131bf8 00000024 t addrMapNodeComparator(rbtree_node const*, rbtree_node const*)
00131c1c 00000004 t addrMapNodeDestructor(rbtree_node*)
00131c20 00000248 T vramMemAlignAt
00131e68 0000000c T vramAlloc
00131e74 0000000c T vramAllocAt
00131e80 00000094 T vramFree
00131f14 000001c8 T consoleDrawChar
001320dc 00000170 T consolePrintChar
0013224c 000000fc t newRow
00132348 000000b8 T consoleClear
00132400 0000009c T fontEnsureMapped
0013249c 00000100 T fontGlyphIndexFromCodePoint
0013259c 00000214 T fontCalcGlyphPos
001327b0 000000cc t gfxPresentFramebuffer
0013287c 00000010 T gfxSet3D
0013288c 0000001c T gfxIsWide
001328a8 000000f8 T gfxSetScreenFormat
001329a0 000000d8 T gfxInit
00132a78 00000010 T gfxInitDefault
00132a88 000000b8 T gfxExit
00132b40 000000a0 T gfxGetFramebuffer
00132be0 00000100 T gfxFlushBuffers
00132ce0 00000028 T gfxScreenSwapBuffers
00132d08 00000074 T osConvertVirtToPhys
00132d7c 00000054 T osGetTimeRef
00132dd0 000000ec T osGetTime
00132ebc 00000034 T __ctru_speedup_config
00132ef0 00000038 T osSetSpeedupEnable
00132f28 00000008 t romfs_close
00132f30 000000ac t romfs_seek
00132fdc 00000024 t romfs_dirreset
00133000 000000c0 t fill_dir
001330c0 000002ac t romfs_dirnext
0013336c 00000074 t romfs_free
001333e0 000000d0 t searchForFile.constprop.0
001334b0 000000d4 t searchForDir.constprop.0
00133584 000001c0 t navigateToDir.constprop.0
00133744 00000114 t romfs_open
00133858 0000004c t romfs_chdir
001338a4 00000068 t romfs_diropen
0013390c 00000178 t romfs_stat
00133a84 00000008 t romfs_dirclose
00133a90 0000007c t romfs_fstat
00133b0c 000000d0 t romfs_read
00133bdc 00000294 T romfsMountFromFile
00133e70 00000098 T romfsMountFromCurrentProcess
00133f08 00000258 T romfsMountSelf
00133f58 N 
00133f58 N 
00133f58 N 
00133f58 N 
00133f58 N 
00133f58 N 
00133f58 N 
00133f58 N 
00133f58 N 
00133f58 N 
00133f58 N 
00133f58 N 
00133f58 N 
00133f58 N 
00133f58 N 
00133f58 N 
00133f58 N 
00133f58 N 
00133f58 N 
00133f58 N 
00133f58 N 
00133f58 N 
00133f58 N 
00133f58 N 
00133f58 N 
00133f58 N 
00133f58 N 
00133f58 N 
00133f58 N 
00133f58 N 
00133f58 N 
00133f58 N 
00133f58 W Korean0000XORFFMemoryRule.cpp.fe8f8e3c
00134160 000000a0 T romfsUnmount
00134200 0000013c T GPUCMD_Add
0013433c 000000b0 T GPUCMD_Split
001343ec 00000034 T f32tof16
00134420 00000034 T f32tof24
00134454 00000038 T f32tof31
0013448c 00000010 T GX_BindQueue
0013449c 0000007c T GX_ProcessCommandList
00134518 00000074 T GX_MemoryFill
0013458c 00000074 T GX_DisplayTransfer
00134600 00000078 T GX_TextureCopy
00134678 00000064 t gxCmdQueueDoCommands.part.0
001346dc 000000e4 T gxCmdQueueInterrupt
001347c0 00000068 T gxCmdQueueClear
00134828 00000108 T gxCmdQueueAdd
00134930 00000080 T gxCmdQueueRun
001349b0 00000064 T gxCmdQueueStop
00134a14 000000ac T gxCmdQueueWait
00134ac0 000001e0 T shaderInstanceInit
00134ca0 00000018 T shaderInstanceGetUniformLocation
00134cb8 0000001c T shaderProgramInit
00134cd4 00000074 T shaderProgramFree
00134d48 00000094 T shaderProgramSetVsh
00134ddc 000008d0 T shaderProgramConfigure
001356ac 000001dc t DVLE_GenerateOutmap.part.0
00135888 000001ac T DVLB_ParseFile
00135a34 00000050 T DVLB_Free
00135a84 00000074 T DVLE_GetUniformRegister
00135af8 00000158 t ndspUpdateMaster
00135c50 00000108 t ndspFinalize
00135d58 0000025c t ndspInitialize.part.0
00135fb4 00000108 t ndspHookCallback
001360c0 00000318 t ndspThreadMain
001363d8 000003f0 T ndspInit
001367c8 000000d8 T ndspExit
001368a0 000000e0 T ndspChnReset
00136980 00000018 T ndspChnSetFormat
00136998 00000050 T ndspChnSetInterp
001369e8 00000060 T ndspChnSetRate
00136a48 00000080 T ndspChnSetMix
00136ac8 000000c8 T ndspChnWaveBufAdd
00136b90 00000040 T ndspiInitChn
00136bd0 0000002c T ndspiDirtyChn
00136bfc 0000043c T ndspiUpdateChn
00137038 00000180 T ndspiReadChnState
001371b8 00000180 t aptConvertScreenForCapture
00137338 00000138 T aptSendCommand
00137470 00000044 t aptExitProcess
001374b4 00000394 T aptExit
00137848 000000d8 T aptHandleSleep
00137920 00000034 T aptHook
00137954 00000030 T aptUnhook
00137984 00000084 T APT_SleepIfShellClosed
00137a08 00000078 T aptSetSleepAllowed
00137a80 00000084 T APT_UnlockTransition
00137b08 00000470 t aptEventHandler
00137f78 000000bc T APT_ReceiveParameter
00138034 000000b0 t aptReceiveParameter.constprop.0
001380e8 00000294 t aptScreenTransfer
0013837c 000002d0 t aptWaitForWakeUp.isra.0
0013864c 000000f4 T aptJumpToHomeMenu
00138740 00000058 T aptMainLoop
00138798 00000240 T aptInit
001389d8 0000002c T APT_SetAppCpuTimeLimit
00138a04 00000090 T APT_CheckNew3DS
00138a94 00000048 T APT_GetSharedFont
00138adc 000000a8 T cfguInit
00138b84 0000003c T cfguExit
00138bc0 0000004c T CFGU_GetConfigInfoBlk2
00138c0c 000000a4 t DSP_LoadComponent.part.0
00138cb0 000000fc T dspInit
00138dac 0000008c T dspExit
00138e38 00000024 T dspHook
00138e5c 00000030 T dspUnhook
00138e8c 000000b4 T aptDspSleep
00138f40 000000b4 T aptDspWakeup
00138ff4 00000044 T aptDspCancel
00139038 00000050 T DSP_FlushDataCache
00139088 00000034 T DSP_SetSemaphore
001390bc 00000034 T DSP_SetSemaphoreMask
001390f0 00000038 T DSP_GetSemaphoreHandle
00139128 0000003c T DSP_LoadComponent
00139164 00000044 T DSP_RegisterInterruptEvents
001391a8 00000078 T DSP_ReadPipeIfPossible
00139220 0000004c T DSP_WriteProcessPipe
0013926c 00000044 T DSP_ConvertProcessAddressFromDspDram
001392b0 00000044 T DSP_RecvData
001392f4 00000050 T DSP_RecvDataIsReady
00139344 00000104 T fsInit
00139448 0000003c T fsExit
00139484 00000068 T fsExemptFromSession
001394ec 00000050 T fsUnexemptFromSession
0013953c 000000cc T FSUSER_OpenFile
00139608 000000cc T FSUSER_OpenFileDirectly
001396d4 000000b8 T FSUSER_DeleteFile
0013978c 000000f4 T FSUSER_RenameFile
00139880 000000b8 T FSUSER_DeleteDirectory
00139938 000000d0 T FSUSER_CreateFile
00139a08 000000c0 T FSUSER_CreateDirectory
00139ac8 000000f4 T FSUSER_RenameDirectory
00139bbc 000000b4 T FSUSER_OpenDirectory
00139c70 00000090 T FSUSER_OpenArchive
00139d00 0000008c T FSUSER_CloseArchive
00139d8c 00000074 T FSUSER_GetSdmcArchiveResource
00139e00 00000064 T FSUSER_IsSdmcWritable
00139e64 00000064 T FSFILE_Read
00139ec8 0000006c T FSFILE_Write
00139f34 00000044 T FSFILE_GetSize
00139f78 00000028 T FSFILE_SetSize
00139fa0 0000003c T FSFILE_Close
00139fdc 00000024 T FSFILE_Flush
0013a000 00000060 T FSDIR_Read
0013a060 0000003c T FSDIR_Close
0013a09c 00000c70 t gspHardwareInit
0013ad0c 00000288 T gspInit
0013af94 00000104 T gspExit
0013b098 00000010 T gspHasGpuRight
0013b0a8 000000a4 T gspPresentBuffer
0013b14c 00000030 T gspSetEventCallback
0013b17c 00000050 T gspWaitForEvent
0013b1cc 0000004c T gspWaitForAnyEvent
0013b218 00000154 t gspEventThreadMain
0013b36c 0000012c T gspSubmitGxCommand
0013b498 00000050 T GSPGPU_FlushDataCache
0013b4e8 00000034 T GSPGPU_SetLcdForceBlack
0013b51c 00000084 T GSPGPU_AcquireRight
0013b5a0 00000064 T GSPGPU_ReleaseRight
0013b604 0000007c T GSPGPU_ImportDisplayCaptureInfo
0013b680 0000002c T GSPGPU_SaveVramSysArea
0013b6ac 0000002c T GSPGPU_RestoreVramSysArea
0013b6d8 00000024 W hidShouldUseIrrst
0013b6fc 000001cc T hidInit
0013b8c8 000000e8 T hidExit
0013b9b0 000002a0 T hidScanInput
0013bc50 00000010 T hidKeysHeld
0013bc60 00000010 T hidKeysDown
0013bc70 00000018 T hidTouchRead
0013bc88 000001a4 T irrstInit
0013be2c 000000dc T irrstExit
0013bf08 000000b4 T irrstScanInput
0013bfbc 00000024 T irrstKeysHeld
0013bfe0 00000078 T ptmSysmInit
0013c058 0000003c T ptmSysmExit
0013c094 00000034 T PTMSYSM_ConfigureNew3DSCPU
0013c0c8 00000074 T rbtree_find
0013c13c 00000010 T rbtree_init
0013c14c 00000198 t do_insert
0013c2e4 00000008 T rbtree_insert
0013c2ec 00000310 T rbtree_remove
0013c5fc 00000090 T rbtree_rotate
0013c68c 00000140 T decode_utf8
0013c7cc 000000e8 T utf16_to_utf8
0013c8b4 000000c0 T utf8_to_utf16
0013c978 000001e8 W __system_allocateHeaps
0013cb60 00000038 W __libctru_init
0013cb98 0000016c W __system_initArgv
0013cd04 00000030 T __syscall_getreent
0013cd34 00000064 T __syscall_gettod_r
0013cd98 00000004 T __syscall_lock_acquire
0013cd9c 00000004 T __syscall_lock_release
0013cda0 00000004 T __syscall_lock_acquire_recursive
0013cda4 00000004 T __syscall_lock_release_recursive
0013cda8 00000004 T __syscall_exit
0013cdac 00000014 T __syscall_cond_broadcast
0013cdc0 00000014 T __syscall_cond_wait
0013cdd4 00000044 T __syscall_cond_wait_recursive
0013ce18 00000054 T initThreadVars
0013ce6c 00000080 T __system_initSyscalls
0013ceec T svcControlMemory
0013cf0c T svcQueryMemory
0013cf3c T svcExitProcess
0013cf44 T svcCreateThread
0013cf64 T svcExitThread
0013cf6c T svcSleepThread
0013cf74 T svcReleaseMutex
0013cf7c T svcCreateEvent
0013cf90 T svcSignalEvent
0013cf98 T svcClearEvent
0013cfa0 T svcMapMemoryBlock
0013cfa8 T svcUnmapMemoryBlock
0013cfb0 T svcCreateAddressArbiter
0013cfc4 T svcArbitrateAddress
0013cfdc T svcArbitrateAddressNoTimeout
0013cfe4 T svcCloseHandle
0013cfec T svcWaitSynchronization
0013cff4 T svcWaitSynchronizationN
0013d01c T svcDuplicateHandle
0013d030 T svcGetSystemTick
0013d038 T svcConnectToPort
0013d04c T svcSendSyncRequest
0013d054 T svcGetResourceLimit
0013d068 T svcGetResourceLimitLimitValues
0013d070 T svcGetResourceLimitCurrentValues
0013d078 T svcBreak
0013d080 T __aeabi_read_tp
0013d08c W initSystem
0013d0dc W __ctru_exit
0013d0f0 0000008c W envGetHandle
0013d17c 00000050 W envDestroyHandles
0013d1cc 00000164 T srvInit
0013d330 00000064 T srvExit
0013d394 00000060 T srvEnableNotification
0013d3f4 000000a0 T srvGetServiceHandleDirect
0013d494 00000048 T srvGetServiceHandle
0013d4dc 00000034 T srvSubscribe
0013d510 00000060 T srvReceiveNotification
0013d570 00000038 T srvPublishToSubscriber
0013d5a8 0000000c T __sync_init
0013d5b4 00000018 T __sync_fini
0013d5cc 00000028 T syncArbitrateAddress
0013d5f4 0000001c T LightLock_Init
0013d610 000000ac T LightLock_Lock
0013d6bc 00000040 T LightLock_Unlock
0013d6fc 00000054 T RecursiveLock_Lock
0013d750 00000054 T RecursiveLock_Unlock
0013d7a4 000000ec T CondVar_WaitTimeout
0013d890 00000124 T CondVar_WakeUp
0013d9b4 00000044 T LightEvent_Init
0013d9f8 000000b8 T LightEvent_Clear
0013dab0 000000dc T LightEvent_Signal
0013db8c 00000050 T LightEvent_TryWait
0013dbdc 000000ac T LightEvent_Wait
0013dc88 000001fc T threadCreate
0013de84 00000038 T threadFree
0013debc 00000024 T threadJoin
0013dee0 00000030 T threadGetCurrent
0013df10 00000040 T threadExit
0013df50 00000020 t _thread_begin
0013df70 00000090 t mappableFindAddressWithin
0013e000 00000028 T mappableInit
0013e028 0000007c T mappableAlloc
0013e0a4 00000004 T mappableFree
0013e0a8 0000000c T srvPmGetSessionHandle
0013e0b4 00000060 T rbtree_node_next
0013e114 00000054 T decode_utf16
0013e168 00000054 T encode_utf16
0013e1bc 000000e0 T encode_utf8
0013e29c 00000030 W __appExit
0013e2cc 00000030 W __appInit
0013e2fc 00000090 W __libctru_exit
0013e38c 00000024 t error_cmp
0013e3b0 00000050 t archive_translate_error
0013e400 000000c0 t archive_seek
0013e4c0 00000078 t _archiveInit.part.0
0013e538 00000110 t archiveFindDevice.part.0
0013e648 00000298 t archive_utf16path
0013e8e0 00000098 t _archiveUnmountDeviceStruct.part.0
0013e978 00000178 t _archiveMountDevice
0013eaf0 000000f8 t archive_diropen
0013ebe8 000000ac t archive_fstat
0013ec94 00000074 t archive_fsync
0013ed08 00000074 t archive_close
0013ed7c 00000078 t archive_dirclose
0013edf4 000000ec t sdmc_statvfs
0013eee0 000000f8 t archive_chdir
0013efd8 0000008c t archive_ftruncate
0013f064 000000bc t archive_read
0013f120 000000a8 t archive_unlink
0013f1c8 000000c0 t archive_rmdir
0013f288 000000d8 t archive_mkdir
0013f360 000001a0 t archive_stat
0013f500 00000164 t archive_dirnext
0013f664 0000013c t archive_write
0013f7a0 00000254 t archive_open
0013f9f4 00000270 t archive_rename
0013fc64 000001c8 T archiveMountSdmc
0013fe2c 00000054 T archiveUnmountAll
0013fe80 00000004 T operator delete(void*)
0013fe84 00000004 T operator delete[](void*)
0013fe88 0000005c T operator new(unsigned int)
0013fee4 00000004 T operator new[](unsigned int)
0013fee8 0000000c W __gnu_cxx::__concurrence_lock_error::what() const
0013fef4 0000000c W __gnu_cxx::__concurrence_unlock_error::what() const
0013ff00 00000004 T std::locale::facet::~facet()
0013ff00 00000004 T std::locale::facet::~facet()
0013ff04 0000001c T std::locale::facet::~facet()
0013ff20 00000020 W __gnu_cxx::__concurrence_lock_error::~__concurrence_lock_error()
0013ff20 00000020 W __gnu_cxx::__concurrence_lock_error::~__concurrence_lock_error()
0013ff40 00000028 W __gnu_cxx::__concurrence_lock_error::~__concurrence_lock_error()
0013ff68 00000020 W __gnu_cxx::__concurrence_unlock_error::~__concurrence_unlock_error()
0013ff68 00000020 W __gnu_cxx::__concurrence_unlock_error::~__concurrence_unlock_error()
0013ff88 00000028 W __gnu_cxx::__concurrence_unlock_error::~__concurrence_unlock_error()
0013ffb0 00000020 T std::locale::facet::_S_initialize_once()
0013ffd0 0000002c W __gnu_cxx::__throw_concurrence_unlock_error()
0013fffc 0000003c T std::locale::locale(std::locale const&)
0013fffc 0000003c T std::locale::locale(std::locale const&)
00140038 00000008 T std::locale::locale(std::locale::_Impl*)
00140038 00000008 T std::locale::locale(std::locale::_Impl*)
00140040 0000004c T std::locale::facet::_S_get_c_locale()
0014008c 0000000c T std::locale::facet::_S_get_c_name()
00140098 000001dc T std::locale::_Impl::~_Impl()
00140098 000001dc T std::locale::_Impl::~_Impl()
00140274 000000b0 T std::locale::operator=(std::locale const&)
00140324 00000078 T std::locale::~locale()
00140324 00000078 T std::locale::~locale()
0014039c 000005ac T std::locale::_Impl::_M_install_facet(std::locale::id const*, std::locale::facet const*)
00140948 00000388 T std::locale::_Impl::_M_install_cache(std::locale::facet const*, unsigned int)
00140cd0 00000064 T std::locale::id::_M_id() const
00140d34 00000010 T std::__basic_file<char>::__basic_file(pthread_mutex_t*)
00140d34 00000010 T std::__basic_file<char>::__basic_file(pthread_mutex_t*)
00140d44 00000044 T std::__basic_file<char>::~__basic_file()
00140d44 00000044 T std::__basic_file<char>::~__basic_file()
00140d88 00000078 T std::__basic_file<char>::open(char const*, std::_Ios_Openmode, int)
00140e00 00000010 T std::__basic_file<char>::is_open() const
00140e10 00000058 T std::__basic_file<char>::close()
00140e68 00000060 T std::__basic_file<char>::xsgetn(char*, int)
00140ec8 00000074 T std::__basic_file<char>::xsputn(char const*, int)
00140f3c 000000d8 T std::__basic_file<char>::xsputn_2(char const*, int, char const*, int)
00141014 00000048 T std::__basic_file<char>::seekoff(long long, std::_Ios_Seekdir)
0014105c 00000094 T std::__basic_file<char>::showmanyc()
001410f0 00000034 t std::__facet_shims::(anonymous namespace)::collate_shim<char>::do_compare(char const*, char const*, char const*, char const*) const
00141124 00000060 t std::__facet_shims::(anonymous namespace)::time_get_shim<char>::do_get_year(std::istreambuf_iterator<char, std::char_traits<char> >, std::istreambuf_iterator<char, std::char_traits<char> >, std::ios_base&, std::_Ios_Iostate&, tm*) const
00141184 00000060 t std::__facet_shims::(anonymous namespace)::time_get_shim<char>::do_get_monthname(std::istreambuf_iterator<char, std::char_traits<char> >, std::istreambuf_iterator<char, std::char_traits<char> >, std::ios_base&, std::_Ios_Iostate&, tm*) const
001411e4 00000060 t std::__facet_shims::(anonymous namespace)::time_get_shim<char>::do_get_weekday(std::istreambuf_iterator<char, std::char_traits<char> >, std::istreambuf_iterator<char, std::char_traits<char> >, std::ios_base&, std::_Ios_Iostate&, tm*) const
00141244 00000060 t std::__facet_shims::(anonymous namespace)::time_get_shim<char>::do_get_date(std::istreambuf_iterator<char, std::char_traits<char> >, std::istreambuf_iterator<char, std::char_traits<char> >, std::ios_base&, std::_Ios_Iostate&, tm*) const
001412a4 00000060 t std::__facet_shims::(anonymous namespace)::time_get_shim<char>::do_get_time(std::istreambuf_iterator<char, std::char_traits<char> >, std::istreambuf_iterator<char, std::char_traits<char> >, std::ios_base&, std::_Ios_Iostate&, tm*) const
00141304 0000000c t std::__facet_shims::(anonymous namespace)::time_get_shim<char>::do_date_order() const
00141310 00000098 t std::__facet_shims::(anonymous namespace)::money_get_shim<char>::do_get(std::istreambuf_iterator<char, std::char_traits<char> >, std::istreambuf_iterator<char, std::char_traits<char> >, bool, std::ios_base&, std::_Ios_Iostate&, long double&) const
001413a8 00000054 t std::__facet_shims::(anonymous namespace)::money_put_shim<char>::do_put(std::ostreambuf_iterator<char, std::char_traits<char> >, bool, std::ios_base&, char, long double) const
001413fc 00000010 t std::__facet_shims::(anonymous namespace)::messages_shim<char>::do_close(int) const
0014140c 00000030 t std::__facet_shims::(anonymous namespace)::messages_shim<char>::do_open(std::string const&, std::locale const&) const
0014143c 00000034 t std::__facet_shims::(anonymous namespace)::collate_shim<wchar_t>::do_compare(wchar_t const*, wchar_t const*, wchar_t const*, wchar_t const*) const
00141470 00000060 t std::__facet_shims::(anonymous namespace)::time_get_shim<wchar_t>::do_get_year(std::istreambuf_iterator<wchar_t, std::char_traits<wchar_t> >, std::istreambuf_iterator<wchar_t, std::char_traits<wchar_t> >, std::ios_base&, std::_Ios_Iostate&, tm*) const
001414d0 00000060 t std::__facet_shims::(anonymous namespace)::time_get_shim<wchar_t>::do_get_monthname(std::istreambuf_iterator<wchar_t, std::char_traits<wchar_t> >, std::istreambuf_iterator<wchar_t, std::char_traits<wchar_t> >, std::ios_base&, std::_Ios_Iostate&, tm*) const
00141530 00000060 t std::__facet_shims::(anonymous namespace)::time_get_shim<wchar_t>::do_get_weekday(std::istreambuf_iterator<wchar_t, std::char_traits<wchar_t> >, std::istreambuf_iterator<wchar_t, std::char_traits<wchar_t> >, std::ios_base&, std::_Ios_Iostate&, tm*) const
00141590 00000060 t std::__facet_shims::(anonymous namespace)::time_get_shim<wchar_t>::do_get_date(std::istreambuf_iterator<wchar_t, std::char_traits<wchar_t> >, std::istreambuf_iterator<wchar_t, std::char_traits<wchar_t> >, std::ios_base&, std::_Ios_Iostate&, tm*) const
001415f0 00000060 t std::__facet_shims::(anonymous namespace)::time_get_shim<wchar_t>::do_get_time(std::istreambuf_iterator<wchar_t, std::char_traits<wchar_t> >, std::istreambuf_iterator<wchar_t, std::char_traits<wchar_t> >, std::ios_base&, std::_Ios_Iostate&, tm*) const
00141650 0000000c t std::__facet_shims::(anonymous namespace)::time_get_shim<wchar_t>::do_date_order() const
0014165c 00000098 t std::__facet_shims::(anonymous namespace)::money_get_shim<wchar_t>::do_get(std::istreambuf_iterator<wchar_t, std::char_traits<wchar_t> >, std::istreambuf_iterator<wchar_t, std::char_traits<wchar_t> >, bool, std::ios_base&, std::_Ios_Iostate&, long double&) const
001416f4 00000054 t std::__facet_shims::(anonymous namespace)::money_put_shim<wchar_t>::do_put(std::ostreambuf_iterator<wchar_t, std::char_traits<wchar_t> >, bool, std::ios_base&, wchar_t, long double) const
00141748 00000010 t std::__facet_shims::(anonymous namespace)::messages_shim<wchar_t>::do_close(int) const
00141758 00000030 t std::__facet_shims::(anonymous namespace)::messages_shim<wchar_t>::do_open(std::string const&, std::locale const&) const
00141788 000000c0 t wchar_t* std::basic_string<wchar_t, std::char_traits<wchar_t>, std::allocator<wchar_t> >::_S_construct<wchar_t const*>(wchar_t const*, wchar_t const*, std::allocator<wchar_t> const&, std::forward_iterator_tag) [clone .isra.0]
00141848 000000b8 t char* std::string::_S_construct<char const*>(char const*, char const*, std::allocator<char> const&, std::forward_iterator_tag) [clone .isra.0]
00141900 00000058 t std::basic_string<wchar_t, std::char_traits<wchar_t>, std::allocator<wchar_t> >::~basic_string() [clone .isra.0]
00141958 00000058 t std::basic_string<char, std::char_traits<char>, std::allocator<char> >::~basic_string() [clone .isra.0]
001419b0 00000090 t std::__facet_shims::(anonymous namespace)::collate_shim<wchar_t>::do_transform(wchar_t const*, wchar_t const*) const
00141a40 000000ac t std::__facet_shims::(anonymous namespace)::messages_shim<wchar_t>::do_get(int, int, int, std::basic_string<wchar_t, std::char_traits<wchar_t>, std::allocator<wchar_t> > const&) const
00141af0 00000118 t std::__facet_shims::(anonymous namespace)::money_put_shim<wchar_t>::do_put(std::ostreambuf_iterator<wchar_t, std::char_traits<wchar_t> >, bool, std::ios_base&, wchar_t, std::basic_string<wchar_t, std::char_traits<wchar_t>, std::allocator<wchar_t> > const&) const
00141c08 00000118 t std::__facet_shims::(anonymous namespace)::money_put_shim<char>::do_put(std::ostreambuf_iterator<char, std::char_traits<char> >, bool, std::ios_base&, char, std::string const&) const
00141d20 00000090 t std::__facet_shims::(anonymous namespace)::collate_shim<char>::do_transform(char const*, char const*) const
00141db0 000000ac t std::__facet_shims::(anonymous namespace)::messages_shim<char>::do_get(int, int, int, std::string const&) const
00141e5c 00000058 t void std::__facet_shims::(anonymous namespace)::__destroy_string<wchar_t>(void*)
00141eb4 00000058 t void std::__facet_shims::(anonymous namespace)::__destroy_string<char>(void*)
00141f0c 0000005c t std::__facet_shims::(anonymous namespace)::messages_shim<char>::~messages_shim()
00141f0c 0000005c t std::__facet_shims::(anonymous namespace)::messages_shim<char>::~messages_shim()
00141f68 0000005c t std::__facet_shims::(anonymous namespace)::messages_shim<wchar_t>::~messages_shim()
00141f68 0000005c t std::__facet_shims::(anonymous namespace)::messages_shim<wchar_t>::~messages_shim()
00141fc4 00000068 t std::__facet_shims::(anonymous namespace)::money_get_shim<char>::~money_get_shim()
00141fc4 00000068 t std::__facet_shims::(anonymous namespace)::money_get_shim<char>::~money_get_shim()
0014202c 00000068 t std::__facet_shims::(anonymous namespace)::money_put_shim<char>::~money_put_shim()
0014202c 00000068 t std::__facet_shims::(anonymous namespace)::money_put_shim<char>::~money_put_shim()
00142094 00000068 t std::__facet_shims::(anonymous namespace)::money_get_shim<wchar_t>::~money_get_shim()
00142094 00000068 t std::__facet_shims::(anonymous namespace)::money_get_shim<wchar_t>::~money_get_shim()
001420fc 00000068 t std::__facet_shims::(anonymous namespace)::money_put_shim<wchar_t>::~money_put_shim()
001420fc 00000068 t std::__facet_shims::(anonymous namespace)::money_put_shim<wchar_t>::~money_put_shim()
00142164 00000068 t std::__facet_shims::(anonymous namespace)::time_get_shim<char>::~time_get_shim()
00142164 00000068 t std::__facet_shims::(anonymous namespace)::time_get_shim<char>::~time_get_shim()
001421cc 00000068 t std::__facet_shims::(anonymous namespace)::time_get_shim<wchar_t>::~time_get_shim()
001421cc 00000068 t std::__facet_shims::(anonymous namespace)::time_get_shim<wchar_t>::~time_get_shim()
00142234 00000064 t std::__facet_shims::(anonymous namespace)::messages_shim<char>::~messages_shim()
00142298 00000064 t std::__facet_shims::(anonymous namespace)::messages_shim<wchar_t>::~messages_shim()
001422fc 00000068 t std::__facet_shims::(anonymous namespace)::numpunct_shim<char>::~numpunct_shim()
001422fc 00000068 t std::__facet_shims::(anonymous namespace)::numpunct_shim<char>::~numpunct_shim()
00142364 00000068 t std::__facet_shims::(anonymous namespace)::numpunct_shim<wchar_t>::~numpunct_shim()
00142364 00000068 t std::__facet_shims::(anonymous namespace)::numpunct_shim<wchar_t>::~numpunct_shim()
001423cc 00000070 t std::__facet_shims::(anonymous namespace)::money_get_shim<char>::~money_get_shim()
0014243c 00000070 t std::__facet_shims::(anonymous namespace)::money_put_shim<char>::~money_put_shim()
001424ac 00000070 t std::__facet_shims::(anonymous namespace)::money_get_shim<wchar_t>::~money_get_shim()
0014251c 00000070 t std::__facet_shims::(anonymous namespace)::money_put_shim<wchar_t>::~money_put_shim()
0014258c 00000070 t std::__facet_shims::(anonymous namespace)::time_get_shim<char>::~time_get_shim()
001425fc 00000070 t std::__facet_shims::(anonymous namespace)::time_get_shim<wchar_t>::~time_get_shim()
0014266c 00000070 t std::__facet_shims::(anonymous namespace)::collate_shim<char>::~collate_shim()
0014266c 00000070 t std::__facet_shims::(anonymous namespace)::collate_shim<char>::~collate_shim()
001426dc 00000070 t std::__facet_shims::(anonymous namespace)::collate_shim<wchar_t>::~collate_shim()
001426dc 00000070 t std::__facet_shims::(anonymous namespace)::collate_shim<wchar_t>::~collate_shim()
0014274c 00000070 t std::__facet_shims::(anonymous namespace)::numpunct_shim<char>::~numpunct_shim()
001427bc 00000070 t std::__facet_shims::(anonymous namespace)::numpunct_shim<wchar_t>::~numpunct_shim()
0014282c 00000078 t std::__facet_shims::(anonymous namespace)::collate_shim<char>::~collate_shim()
001428a4 00000078 t std::__facet_shims::(anonymous namespace)::collate_shim<wchar_t>::~collate_shim()
0014291c 00000074 t std::__facet_shims::(anonymous namespace)::moneypunct_shim<char, true>::~moneypunct_shim()
0014291c 00000074 t std::__facet_shims::(anonymous namespace)::moneypunct_shim<char, true>::~moneypunct_shim()
00142990 00000074 t std::__facet_shims::(anonymous namespace)::moneypunct_shim<char, false>::~moneypunct_shim()
00142990 00000074 t std::__facet_shims::(anonymous namespace)::moneypunct_shim<char, false>::~moneypunct_shim()
00142a04 00000074 t std::__facet_shims::(anonymous namespace)::moneypunct_shim<wchar_t, true>::~moneypunct_shim()
00142a04 00000074 t std::__facet_shims::(anonymous namespace)::moneypunct_shim<wchar_t, true>::~moneypunct_shim()
00142a78 00000074 t std::__facet_shims::(anonymous namespace)::moneypunct_shim<wchar_t, false>::~moneypunct_shim()
00142a78 00000074 t std::__facet_shims::(anonymous namespace)::moneypunct_shim<wchar_t, false>::~moneypunct_shim()
00142aec 0000007c t std::__facet_shims::(anonymous namespace)::moneypunct_shim<char, true>::~moneypunct_shim()
00142b68 0000007c t std::__facet_shims::(anonymous namespace)::moneypunct_shim<char, false>::~moneypunct_shim()
00142be4 0000007c t std::__facet_shims::(anonymous namespace)::moneypunct_shim<wchar_t, true>::~moneypunct_shim()
00142c60 0000007c t std::__facet_shims::(anonymous namespace)::moneypunct_shim<wchar_t, false>::~moneypunct_shim()
00142cdc 00000148 t std::__facet_shims::(anonymous namespace)::money_get_shim<wchar_t>::do_get(std::istreambuf_iterator<wchar_t, std::char_traits<wchar_t> >, std::istreambuf_iterator<wchar_t, std::char_traits<wchar_t> >, bool, std::ios_base&, std::_Ios_Iostate&, std::basic_string<wchar_t, std::char_traits<wchar_t>, std::allocator<wchar_t> >&) const
00142e24 00000148 t std::__facet_shims::(anonymous namespace)::money_get_shim<char>::do_get(std::istreambuf_iterator<char, std::char_traits<char> >, std::istreambuf_iterator<char, std::char_traits<char> >, bool, std::ios_base&, std::_Ios_Iostate&, std::string&) const
00142f6c 00000034 W std::locale::facet::_M_remove_reference() const
00142fa0 0000022c W void std::__facet_shims::__numpunct_fill_cache<char>(std::integral_constant<bool, false>, std::locale::facet const*, std::__numpunct_cache<char>*)
001431cc 00000258 W void std::__facet_shims::__numpunct_fill_cache<wchar_t>(std::integral_constant<bool, false>, std::locale::facet const*, std::__numpunct_cache<wchar_t>*)
00143424 00000060 W int std::__facet_shims::__collate_compare<char>(std::integral_constant<bool, false>, std::locale::facet const*, char const*, char const*, char const*, char const*)
00143484 00000060 W int std::__facet_shims::__collate_compare<wchar_t>(std::integral_constant<bool, false>, std::locale::facet const*, wchar_t const*, wchar_t const*, wchar_t const*, wchar_t const*)
001434e4 00000194 W void std::__facet_shims::__collate_transform<char>(std::integral_constant<bool, false>, std::locale::facet const*, std::__facet_shims::__any_string&, char const*, char const*)
00143678 00000194 W void std::__facet_shims::__collate_transform<wchar_t>(std::integral_constant<bool, false>, std::locale::facet const*, std::__facet_shims::__any_string&, wchar_t const*, wchar_t const*)
0014380c 00000314 W void std::__facet_shims::__moneypunct_fill_cache<char, true>(std::integral_constant<bool, false>, std::locale::facet const*, std::__moneypunct_cache<char, true>*)
00143b20 00000314 W void std::__facet_shims::__moneypunct_fill_cache<char, false>(std::integral_constant<bool, false>, std::locale::facet const*, std::__moneypunct_cache<char, false>*)
00143e34 00000350 W void std::__facet_shims::__moneypunct_fill_cache<wchar_t, true>(std::integral_constant<bool, false>, std::locale::facet const*, std::__moneypunct_cache<wchar_t, true>*)
00144184 00000350 W void std::__facet_shims::__moneypunct_fill_cache<wchar_t, false>(std::integral_constant<bool, false>, std::locale::facet const*, std::__moneypunct_cache<wchar_t, false>*)
001444d4 000000d0 W int std::__facet_shims::__messages_open<char>(std::integral_constant<bool, false>, std::locale::facet const*, char const*, unsigned int, std::locale const&)
001445a4 000000d0 W int std::__facet_shims::__messages_open<wchar_t>(std::integral_constant<bool, false>, std::locale::facet const*, char const*, unsigned int, std::locale const&)
00144664 N 
00144664 N 
00144664 N 
00144664 N 
00144664 N 
00144664 N 
00144664 N 
00144664 N 
00144664 N 
00144664 N 
00144664 N 
00144664 N 
00144664 N 
00144664 N 
00144664 N 
00144664 N 
00144664 N 
00144664 N 
00144664 N 
00144664 N 
00144664 N 
00144664 N 
00144664 N 
00144664 N 
00144664 N 
00144664 N 
00144664 N 
00144664 N 
00144664 N 
00144664 N 
00144664 N 
00144664 N 
00144664 W Korean2000XOR1FMemoryRule.cpp.6d505b33
00144674 00000230 W void std::__facet_shims::__messages_get<char>(std::integral_constant<bool, false>, std::locale::facet const*, std::__facet_shims::__any_string&, int, int, int, char const*, unsigned int)
001448a4 00000230 W void std::__facet_shims::__messages_get<wchar_t>(std::integral_constant<bool, false>, std::locale::facet const*, std::__facet_shims::__any_string&, int, int, int, wchar_t const*, unsigned int)
00144ad4 00000044 W void std::__facet_shims::__messages_close<char>(std::integral_constant<bool, false>, std::locale::facet const*, int)
00144b18 00000044 W void std::__facet_shims::__messages_close<wchar_t>(std::integral_constant<bool, false>, std::locale::facet const*, int)
00144b5c 0000002c W std::time_base::dateorder std::__facet_shims::__time_get_dateorder<char>(std::integral_constant<bool, false>, std::locale::facet const*)
00144b88 0000002c W std::time_base::dateorder std::__facet_shims::__time_get_dateorder<wchar_t>(std::integral_constant<bool, false>, std::locale::facet const*)
00144bb4 0000023c W std::istreambuf_iterator<char, std::char_traits<char> > std::__facet_shims::__time_get<char>(std::integral_constant<bool, false>, std::locale::facet const*, std::istreambuf_iterator<char, std::char_traits<char> >, std::istreambuf_iterator<char, std::char_traits<char> >, std::ios_base&, std::_Ios_Iostate&, tm*, char)
00144df0 0000023c W std::istreambuf_iterator<wchar_t, std::char_traits<wchar_t> > std::__facet_shims::__time_get<wchar_t>(std::integral_constant<bool, false>, std::locale::facet const*, std::istreambuf_iterator<wchar_t, std::char_traits<wchar_t> >, std::istreambuf_iterator<wchar_t, std::char_traits<wchar_t> >, std::ios_base&, std::_Ios_Iostate&, tm*, char)
0014502c 000003c4 W std::istreambuf_iterator<char, std::char_traits<char> > std::__facet_shims::__money_get<char>(std::integral_constant<bool, false>, std::locale::facet const*, std::istreambuf_iterator<char, std::char_traits<char> >, std::istreambuf_iterator<char, std::char_traits<char> >, bool, std::ios_base&, std::_Ios_Iostate&, long double*, std::__facet_shims::__any_string*)
001453f0 000003c4 W std::istreambuf_iterator<wchar_t, std::char_traits<wchar_t> > std::__facet_shims::__money_get<wchar_t>(std::integral_constant<bool, false>, std::locale::facet const*, std::istreambuf_iterator<wchar_t, std::char_traits<wchar_t> >, std::istreambuf_iterator<wchar_t, std::char_traits<wchar_t> >, bool, std::ios_base&, std::_Ios_Iostate&, long double*, std::__facet_shims::__any_string*)
001457b8 00000264 W std::ostreambuf_iterator<char, std::char_traits<char> > std::__facet_shims::__money_put<char>(std::integral_constant<bool, false>, std::locale::facet const*, std::ostreambuf_iterator<char, std::char_traits<char> >, bool, std::ios_base&, char, long double, std::__facet_shims::__any_string const*)
00145a20 00000274 W std::ostreambuf_iterator<wchar_t, std::char_traits<wchar_t> > std::__facet_shims::__money_put<wchar_t>(std::integral_constant<bool, false>, std::locale::facet const*, std::ostreambuf_iterator<wchar_t, std::char_traits<wchar_t> >, bool, std::ios_base&, wchar_t, long double, std::__facet_shims::__any_string const*)
00145c94 00000a0c T std::locale::facet::_M_cow_shim(std::locale::id const*) const
001466a0 00000088 W std::string::copy(char*, unsigned int, unsigned int) const
00146728 00000034 W std::string::swap(std::string&)
0014675c 0000005c W std::string::find_first_not_of(char, unsigned int) const
001467b8 00000088 W std::string::_Rep::_S_create(unsigned int, unsigned int, std::allocator<char> const&)
00146840 00000084 W std::string::_S_construct(unsigned int, char, std::allocator<char> const&)
001468c4 00000004 W std::string::_Rep::_M_destroy(std::allocator<char> const&)
001468c8 000001a8 W std::string::_M_mutate(unsigned int, unsigned int, unsigned int)
00146a70 00000048 W std::string::_M_leak_hard()
00146ab8 0000001c W std::string::_M_leak()
00146ad4 0000006c W std::string::_M_replace_aux(unsigned int, unsigned int, unsigned int, char)
00146b40 0000005c W std::string::_M_replace_safe(unsigned int, unsigned int, char const*, unsigned int)
00146b9c 000000f4 W std::string::assign(char const*, unsigned int)
00146c90 00000090 W std::string::_Rep::_M_clone(std::allocator<char> const&, unsigned int)
00146d20 000000b4 W std::string::reserve(unsigned int)
00146dd4 000000c8 W std::string::append(std::string const&)
00146e9c 0000012c W std::string::append(char const*, unsigned int)
00146fc8 000000d4 W std::string::append(unsigned int, char)
0014709c 00000048 W std::string::resize(unsigned int, char)
001470e4 00000080 W std::string::push_back(char)
00147164 00000088 W std::basic_string<wchar_t, std::char_traits<wchar_t>, std::allocator<wchar_t> >::copy(wchar_t*, unsigned int, unsigned int) const
001471ec 00000034 W std::basic_string<wchar_t, std::char_traits<wchar_t>, std::allocator<wchar_t> >::swap(std::basic_string<wchar_t, std::char_traits<wchar_t>, std::allocator<wchar_t> >&)
00147220 000000a0 W std::basic_string<wchar_t, std::char_traits<wchar_t>, std::allocator<wchar_t> >::_Rep::_S_create(unsigned int, unsigned int, std::allocator<wchar_t> const&)
001472c0 00000090 W std::basic_string<wchar_t, std::char_traits<wchar_t>, std::allocator<wchar_t> >::_S_construct(unsigned int, wchar_t, std::allocator<wchar_t> const&)
00147350 00000004 W std::basic_string<wchar_t, std::char_traits<wchar_t>, std::allocator<wchar_t> >::_Rep::_M_destroy(std::allocator<wchar_t> const&)
00147354 000001b8 W std::basic_string<wchar_t, std::char_traits<wchar_t>, std::allocator<wchar_t> >::_M_mutate(unsigned int, unsigned int, unsigned int)
0014750c 00000048 W std::basic_string<wchar_t, std::char_traits<wchar_t>, std::allocator<wchar_t> >::_M_leak_hard()
00147554 00000074 W std::basic_string<wchar_t, std::char_traits<wchar_t>, std::allocator<wchar_t> >::_M_replace_aux(unsigned int, unsigned int, unsigned int, wchar_t)
001475c8 0000005c W std::basic_string<wchar_t, std::char_traits<wchar_t>, std::allocator<wchar_t> >::_M_replace_safe(unsigned int, unsigned int, wchar_t const*, unsigned int)
00147624 000000f4 W std::basic_string<wchar_t, std::char_traits<wchar_t>, std::allocator<wchar_t> >::assign(wchar_t const*, unsigned int)
00147718 00000090 W std::basic_string<wchar_t, std::char_traits<wchar_t>, std::allocator<wchar_t> >::_Rep::_M_clone(std::allocator<wchar_t> const&, unsigned int)
001477a8 000000b4 W std::basic_string<wchar_t, std::char_traits<wchar_t>, std::allocator<wchar_t> >::reserve(unsigned int)
0014785c 000000c8 W std::basic_string<wchar_t, std::char_traits<wchar_t>, std::allocator<wchar_t> >::append(std::basic_string<wchar_t, std::char_traits<wchar_t>, std::allocator<wchar_t> > const&)
00147924 0000011c W std::basic_string<wchar_t, std::char_traits<wchar_t>, std::allocator<wchar_t> >::append(wchar_t const*, unsigned int)
00147a40 000000d4 W std::basic_string<wchar_t, std::char_traits<wchar_t>, std::allocator<wchar_t> >::append(unsigned int, wchar_t)
00147b14 00000048 W std::basic_string<wchar_t, std::char_traits<wchar_t>, std::allocator<wchar_t> >::resize(unsigned int, wchar_t)
00147b5c 00000074 W std::basic_string<wchar_t, std::char_traits<wchar_t>, std::allocator<wchar_t> >::push_back(wchar_t)
00147bd0 00000034 t std::__facet_shims::(anonymous namespace)::collate_shim<char>::do_compare(char const*, char const*, char const*, char const*) const
00147c04 00000060 t std::__facet_shims::(anonymous namespace)::time_get_shim<char>::do_get_year(std::istreambuf_iterator<char, std::char_traits<char> >, std::istreambuf_iterator<char, std::char_traits<char> >, std::ios_base&, std::_Ios_Iostate&, tm*) const
00147c64 00000060 t std::__facet_shims::(anonymous namespace)::time_get_shim<char>::do_get_monthname(std::istreambuf_iterator<char, std::char_traits<char> >, std::istreambuf_iterator<char, std::char_traits<char> >, std::ios_base&, std::_Ios_Iostate&, tm*) const
00147cc4 00000060 t std::__facet_shims::(anonymous namespace)::time_get_shim<char>::do_get_weekday(std::istreambuf_iterator<char, std::char_traits<char> >, std::istreambuf_iterator<char, std::char_traits<char> >, std::ios_base&, std::_Ios_Iostate&, tm*) const
00147d24 00000060 t std::__facet_shims::(anonymous namespace)::time_get_shim<char>::do_get_date(std::istreambuf_iterator<char, std::char_traits<char> >, std::istreambuf_iterator<char, std::char_traits<char> >, std::ios_base&, std::_Ios_Iostate&, tm*) const
00147d84 00000060 t std::__facet_shims::(anonymous namespace)::time_get_shim<char>::do_get_time(std::istreambuf_iterator<char, std::char_traits<char> >, std::istreambuf_iterator<char, std::char_traits<char> >, std::ios_base&, std::_Ios_Iostate&, tm*) const
00147de4 0000000c t std::__facet_shims::(anonymous namespace)::time_get_shim<char>::do_date_order() const
00147df0 00000098 t std::__facet_shims::(anonymous namespace)::money_get_shim<char>::do_get(std::istreambuf_iterator<char, std::char_traits<char> >, std::istreambuf_iterator<char, std::char_traits<char> >, bool, std::ios_base&, std::_Ios_Iostate&, long double&) const
00147e88 00000054 t std::__facet_shims::(anonymous namespace)::money_put_shim<char>::do_put(std::ostreambuf_iterator<char, std::char_traits<char> >, bool, std::ios_base&, char, long double) const
00147edc 00000010 t std::__facet_shims::(anonymous namespace)::messages_shim<char>::do_close(int) const
00147eec 0000002c t std::__facet_shims::(anonymous namespace)::messages_shim<char>::do_open(std::__cxx11::basic_string<char, std::char_traits<char>, std::allocator<char> > const&, std::locale const&) const
00147f18 00000034 t std::__facet_shims::(anonymous namespace)::collate_shim<wchar_t>::do_compare(wchar_t const*, wchar_t const*, wchar_t const*, wchar_t const*) const
00147f4c 00000060 t std::__facet_shims::(anonymous namespace)::time_get_shim<wchar_t>::do_get_year(std::istreambuf_iterator<wchar_t, std::char_traits<wchar_t> >, std::istreambuf_iterator<wchar_t, std::char_traits<wchar_t> >, std::ios_base&, std::_Ios_Iostate&, tm*) const
00147fac 00000060 t std::__facet_shims::(anonymous namespace)::time_get_shim<wchar_t>::do_get_monthname(std::istreambuf_iterator<wchar_t, std::char_traits<wchar_t> >, std::istreambuf_iterator<wchar_t, std::char_traits<wchar_t> >, std::ios_base&, std::_Ios_Iostate&, tm*) const
0014800c 00000060 t std::__facet_shims::(anonymous namespace)::time_get_shim<wchar_t>::do_get_weekday(std::istreambuf_iterator<wchar_t, std::char_traits<wchar_t> >, std::istreambuf_iterator<wchar_t, std::char_traits<wchar_t> >, std::ios_base&, std::_Ios_Iostate&, tm*) const
0014806c 00000060 t std::__facet_shims::(anonymous namespace)::time_get_shim<wchar_t>::do_get_date(std::istreambuf_iterator<wchar_t, std::char_traits<wchar_t> >, std::istreambuf_iterator<wchar_t, std::char_traits<wchar_t> >, std::ios_base&, std::_Ios_Iostate&, tm*) const
001480cc 00000060 t std::__facet_shims::(anonymous namespace)::time_get_shim<wchar_t>::do_get_time(std::istreambuf_iterator<wchar_t, std::char_traits<wchar_t> >, std::istreambuf_iterator<wchar_t, std::char_traits<wchar_t> >, std::ios_base&, std::_Ios_Iostate&, tm*) const
0014812c 0000000c t std::__facet_shims::(anonymous namespace)::time_get_shim<wchar_t>::do_date_order() const
00148138 00000098 t std::__facet_shims::(anonymous namespace)::money_get_shim<wchar_t>::do_get(std::istreambuf_iterator<wchar_t, std::char_traits<wchar_t> >, std::istreambuf_iterator<wchar_t, std::char_traits<wchar_t> >, bool, std::ios_base&, std::_Ios_Iostate&, long double&) const
001481d0 00000054 t std::__facet_shims::(anonymous namespace)::money_put_shim<wchar_t>::do_put(std::ostreambuf_iterator<wchar_t, std::char_traits<wchar_t> >, bool, std::ios_base&, wchar_t, long double) const
00148224 00000010 t std::__facet_shims::(anonymous namespace)::messages_shim<wchar_t>::do_close(int) const
00148234 0000002c t std::__facet_shims::(anonymous namespace)::messages_shim<wchar_t>::do_open(std::__cxx11::basic_string<char, std::char_traits<char>, std::allocator<char> > const&, std::locale const&) const
00148260 00000094 t void std::__cxx11::basic_string<char, std::char_traits<char>, std::allocator<char> >::_M_construct<char const*>(char const*, char const*, std::forward_iterator_tag) [clone .isra.0]
001482f4 00000098 t void std::__cxx11::basic_string<wchar_t, std::char_traits<wchar_t>, std::allocator<wchar_t> >::_M_construct<wchar_t const*>(wchar_t const*, wchar_t const*, std::forward_iterator_tag) [clone .isra.0]
0014838c 000000bc t std::__facet_shims::(anonymous namespace)::collate_shim<wchar_t>::do_transform(wchar_t const*, wchar_t const*) const
00148448 000000d4 t std::__facet_shims::(anonymous namespace)::messages_shim<wchar_t>::do_get(int, int, int, std::__cxx11::basic_string<wchar_t, std::char_traits<wchar_t>, std::allocator<wchar_t> > const&) const
00148520 000000bc t std::__facet_shims::(anonymous namespace)::money_put_shim<char>::do_put(std::ostreambuf_iterator<char, std::char_traits<char> >, bool, std::ios_base&, char, std::__cxx11::basic_string<char, std::char_traits<char>, std::allocator<char> > const&) const
001485e0 000000bc t std::__facet_shims::(anonymous namespace)::money_put_shim<wchar_t>::do_put(std::ostreambuf_iterator<wchar_t, std::char_traits<wchar_t> >, bool, std::ios_base&, wchar_t, std::__cxx11::basic_string<wchar_t, std::char_traits<wchar_t>, std::allocator<wchar_t> > const&) const
0014869c 000000bc t std::__facet_shims::(anonymous namespace)::collate_shim<char>::do_transform(char const*, char const*) const
00148758 000000d4 t std::__facet_shims::(anonymous namespace)::messages_shim<char>::do_get(int, int, int, std::__cxx11::basic_string<char, std::char_traits<char>, std::allocator<char> > const&) const
0014882c 00000014 t void std::__facet_shims::(anonymous namespace)::__destroy_string<wchar_t>(void*)
00148840 00000014 t void std::__facet_shims::(anonymous namespace)::__destroy_string<char>(void*)
00148854 0000005c t std::__facet_shims::(anonymous namespace)::messages_shim<char>::~messages_shim()
00148854 0000005c t std::__facet_shims::(anonymous namespace)::messages_shim<char>::~messages_shim()
001488b0 0000005c t std::__facet_shims::(anonymous namespace)::messages_shim<wchar_t>::~messages_shim()
001488b0 0000005c t std::__facet_shims::(anonymous namespace)::messages_shim<wchar_t>::~messages_shim()
0014890c 00000068 t std::__facet_shims::(anonymous namespace)::money_get_shim<char>::~money_get_shim()
0014890c 00000068 t std::__facet_shims::(anonymous namespace)::money_get_shim<char>::~money_get_shim()
00148974 00000068 t std::__facet_shims::(anonymous namespace)::money_put_shim<char>::~money_put_shim()
00148974 00000068 t std::__facet_shims::(anonymous namespace)::money_put_shim<char>::~money_put_shim()
001489dc 00000068 t std::__facet_shims::(anonymous namespace)::money_get_shim<wchar_t>::~money_get_shim()
001489dc 00000068 t std::__facet_shims::(anonymous namespace)::money_get_shim<wchar_t>::~money_get_shim()
00148a44 00000068 t std::__facet_shims::(anonymous namespace)::money_put_shim<wchar_t>::~money_put_shim()
00148a44 00000068 t std::__facet_shims::(anonymous namespace)::money_put_shim<wchar_t>::~money_put_shim()
00148aac 00000068 t std::__facet_shims::(anonymous namespace)::time_get_shim<char>::~time_get_shim()
00148aac 00000068 t std::__facet_shims::(anonymous namespace)::time_get_shim<char>::~time_get_shim()
00148b14 00000068 t std::__facet_shims::(anonymous namespace)::time_get_shim<wchar_t>::~time_get_shim()
00148b14 00000068 t std::__facet_shims::(anonymous namespace)::time_get_shim<wchar_t>::~time_get_shim()
00148b7c 00000064 t std::__facet_shims::(anonymous namespace)::messages_shim<char>::~messages_shim()
00148be0 00000064 t std::__facet_shims::(anonymous namespace)::messages_shim<wchar_t>::~messages_shim()
00148c44 00000068 t std::__facet_shims::(anonymous namespace)::numpunct_shim<char>::~numpunct_shim()
00148c44 00000068 t std::__facet_shims::(anonymous namespace)::numpunct_shim<char>::~numpunct_shim()
00148cac 00000068 t std::__facet_shims::(anonymous namespace)::numpunct_shim<wchar_t>::~numpunct_shim()
00148cac 00000068 t std::__facet_shims::(anonymous namespace)::numpunct_shim<wchar_t>::~numpunct_shim()
00148d14 00000070 t std::__facet_shims::(anonymous namespace)::money_get_shim<char>::~money_get_shim()
00148d84 00000070 t std::__facet_shims::(anonymous namespace)::money_put_shim<char>::~money_put_shim()
00148df4 00000070 t std::__facet_shims::(anonymous namespace)::money_get_shim<wchar_t>::~money_get_shim()
00148e64 00000070 t std::__facet_shims::(anonymous namespace)::money_put_shim<wchar_t>::~money_put_shim()
00148ed4 00000070 t std::__facet_shims::(anonymous namespace)::time_get_shim<char>::~time_get_shim()
00148f44 00000070 t std::__facet_shims::(anonymous namespace)::time_get_shim<wchar_t>::~time_get_shim()
00148fb4 00000070 t std::__facet_shims::(anonymous namespace)::collate_shim<char>::~collate_shim()
00148fb4 00000070 t std::__facet_shims::(anonymous namespace)::collate_shim<char>::~collate_shim()
00149024 00000070 t std::__facet_shims::(anonymous namespace)::collate_shim<wchar_t>::~collate_shim()
00149024 00000070 t std::__facet_shims::(anonymous namespace)::collate_shim<wchar_t>::~collate_shim()
00149094 00000070 t std::__facet_shims::(anonymous namespace)::numpunct_shim<char>::~numpunct_shim()
00149104 00000070 t std::__facet_shims::(anonymous namespace)::numpunct_shim<wchar_t>::~numpunct_shim()
00149174 00000078 t std::__facet_shims::(anonymous namespace)::collate_shim<char>::~collate_shim()
001491ec 00000078 t std::__facet_shims::(anonymous namespace)::collate_shim<wchar_t>::~collate_shim()
00149264 00000074 t std::__facet_shims::(anonymous namespace)::moneypunct_shim<char, true>::~moneypunct_shim()
00149264 00000074 t std::__facet_shims::(anonymous namespace)::moneypunct_shim<char, true>::~moneypunct_shim()
001492d8 00000074 t std::__facet_shims::(anonymous namespace)::moneypunct_shim<char, false>::~moneypunct_shim()
001492d8 00000074 t std::__facet_shims::(anonymous namespace)::moneypunct_shim<char, false>::~moneypunct_shim()
0014934c 00000074 t std::__facet_shims::(anonymous namespace)::moneypunct_shim<wchar_t, true>::~moneypunct_shim()
0014934c 00000074 t std::__facet_shims::(anonymous namespace)::moneypunct_shim<wchar_t, true>::~moneypunct_shim()
001493c0 00000074 t std::__facet_shims::(anonymous namespace)::moneypunct_shim<wchar_t, false>::~moneypunct_shim()
001493c0 00000074 t std::__facet_shims::(anonymous namespace)::moneypunct_shim<wchar_t, false>::~moneypunct_shim()
00149434 0000007c t std::__facet_shims::(anonymous namespace)::moneypunct_shim<char, true>::~moneypunct_shim()
001494b0 0000007c t std::__facet_shims::(anonymous namespace)::moneypunct_shim<char, false>::~moneypunct_shim()
0014952c 0000007c t std::__facet_shims::(anonymous namespace)::moneypunct_shim<wchar_t, true>::~moneypunct_shim()
001495a8 0000007c t std::__facet_shims::(anonymous namespace)::moneypunct_shim<wchar_t, false>::~moneypunct_shim()
00149624 000001e0 t std::__facet_shims::(anonymous namespace)::money_get_shim<wchar_t>::do_get(std::istreambuf_iterator<wchar_t, std::char_traits<wchar_t> >, std::istreambuf_iterator<wchar_t, std::char_traits<wchar_t> >, bool, std::ios_base&, std::_Ios_Iostate&, std::__cxx11::basic_string<wchar_t, std::char_traits<wchar_t>, std::allocator<wchar_t> >&) const
00149804 00000264 t std::__facet_shims::(anonymous namespace)::money_get_shim<char>::do_get(std::istreambuf_iterator<char, std::char_traits<char> >, std::istreambuf_iterator<char, std::char_traits<char> >, bool, std::ios_base&, std::_Ios_Iostate&, std::__cxx11::basic_string<char, std::char_traits<char>, std::allocator<char> >&) const
00149a68 00000180 W void std::__facet_shims::__numpunct_fill_cache<char>(std::integral_constant<bool, true>, std::locale::facet const*, std::__numpunct_cache<char>*)
00149be8 000001a8 W void std::__facet_shims::__numpunct_fill_cache<wchar_t>(std::integral_constant<bool, true>, std::locale::facet const*, std::__numpunct_cache<wchar_t>*)
00149d90 00000060 W int std::__facet_shims::__collate_compare<char>(std::integral_constant<bool, true>, std::locale::facet const*, char const*, char const*, char const*, char const*)
00149df0 00000060 W int std::__facet_shims::__collate_compare<wchar_t>(std::integral_constant<bool, true>, std::locale::facet const*, wchar_t const*, wchar_t const*, wchar_t const*, wchar_t const*)
00149e50 00000144 W void std::__facet_shims::__collate_transform<char>(std::integral_constant<bool, true>, std::locale::facet const*, std::__facet_shims::__any_string&, char const*, char const*)
00149f94 00000144 W void std::__facet_shims::__collate_transform<wchar_t>(std::integral_constant<bool, true>, std::locale::facet const*, std::__facet_shims::__any_string&, wchar_t const*, wchar_t const*)
0014a0d8 00000230 W void std::__facet_shims::__moneypunct_fill_cache<char, true>(std::integral_constant<bool, true>, std::locale::facet const*, std::__moneypunct_cache<char, true>*)
0014a308 00000230 W void std::__facet_shims::__moneypunct_fill_cache<char, false>(std::integral_constant<bool, true>, std::locale::facet const*, std::__moneypunct_cache<char, false>*)
0014a538 00000268 W void std::__facet_shims::__moneypunct_fill_cache<wchar_t, true>(std::integral_constant<bool, true>, std::locale::facet const*, std::__moneypunct_cache<wchar_t, true>*)
0014a7a0 00000268 W void std::__facet_shims::__moneypunct_fill_cache<wchar_t, false>(std::integral_constant<bool, true>, std::locale::facet const*, std::__moneypunct_cache<wchar_t, false>*)
0014aa08 000000bc W int std::__facet_shims::__messages_open<char>(std::integral_constant<bool, true>, std::locale::facet const*, char const*, unsigned int, std::locale const&)
0014aac4 000000bc W int std::__facet_shims::__messages_open<wchar_t>(std::integral_constant<bool, true>, std::locale::facet const*, char const*, unsigned int, std::locale const&)
0014ab80 000001d0 W void std::__facet_shims::__messages_get<char>(std::integral_constant<bool, true>, std::locale::facet const*, std::__facet_shims::__any_string&, int, int, int, char const*, unsigned int)
0014ad50 000001d0 W void std::__facet_shims::__messages_get<wchar_t>(std::integral_constant<bool, true>, std::locale::facet const*, std::__facet_shims::__any_string&, int, int, int, wchar_t const*, unsigned int)
0014af20 00000044 W void std::__facet_shims::__messages_close<char>(std::integral_constant<bool, true>, std::locale::facet const*, int)
0014af64 00000044 W void std::__facet_shims::__messages_close<wchar_t>(std::integral_constant<bool, true>, std::locale::facet const*, int)
0014afa8 0000002c W std::time_base::dateorder std::__facet_shims::__time_get_dateorder<char>(std::integral_constant<bool, true>, std::locale::facet const*)
0014afd4 0000002c W std::time_base::dateorder std::__facet_shims::__time_get_dateorder<wchar_t>(std::integral_constant<bool, true>, std::locale::facet const*)
0014b000 0000023c W std::istreambuf_iterator<char, std::char_traits<char> > std::__facet_shims::__time_get<char>(std::integral_constant<bool, true>, std::locale::facet const*, std::istreambuf_iterator<char, std::char_traits<char> >, std::istreambuf_iterator<char, std::char_traits<char> >, std::ios_base&, std::_Ios_Iostate&, tm*, char)
0014b23c 0000023c W std::istreambuf_iterator<wchar_t, std::char_traits<wchar_t> > std::__facet_shims::__time_get<wchar_t>(std::integral_constant<bool, true>, std::locale::facet const*, std::istreambuf_iterator<wchar_t, std::char_traits<wchar_t> >, std::istreambuf_iterator<wchar_t, std::char_traits<wchar_t> >, std::ios_base&, std::_Ios_Iostate&, tm*, char)
0014b478 00000210 W std::istreambuf_iterator<char, std::char_traits<char> > std::__facet_shims::__money_get<char>(std::integral_constant<bool, true>, std::locale::facet const*, std::istreambuf_iterator<char, std::char_traits<char> >, std::istreambuf_iterator<char, std::char_traits<char> >, bool, std::ios_base&, std::_Ios_Iostate&, long double*, std::__facet_shims::__any_string*)
0014b688 0000020c W std::istreambuf_iterator<wchar_t, std::char_traits<wchar_t> > std::__facet_shims::__money_get<wchar_t>(std::integral_constant<bool, true>, std::locale::facet const*, std::istreambuf_iterator<wchar_t, std::char_traits<wchar_t> >, std::istreambuf_iterator<wchar_t, std::char_traits<wchar_t> >, bool, std::ios_base&, std::_Ios_Iostate&, long double*, std::__facet_shims::__any_string*)
0014b898 0000026c W std::ostreambuf_iterator<char, std::char_traits<char> > std::__facet_shims::__money_put<char>(std::integral_constant<bool, true>, std::locale::facet const*, std::ostreambuf_iterator<char, std::char_traits<char> >, bool, std::ios_base&, char, long double, std::__facet_shims::__any_string const*)
0014bb08 00000214 W std::ostreambuf_iterator<wchar_t, std::char_traits<wchar_t> > std::__facet_shims::__money_put<wchar_t>(std::integral_constant<bool, true>, std::locale::facet const*, std::ostreambuf_iterator<wchar_t, std::char_traits<wchar_t> >, bool, std::ios_base&, wchar_t, long double, std::__facet_shims::__any_string const*)
0014bd1c 00000a0c T std::locale::facet::_M_sso_shim(std::locale::id const*) const
0014c728 0000000c W std::__cxx11::moneypunct<wchar_t, false>::do_decimal_point() const
0014c734 0000000c W std::__cxx11::moneypunct<wchar_t, false>::do_thousands_sep() const
0014c740 0000000c W std::__cxx11::moneypunct<wchar_t, false>::do_frac_digits() const
0014c74c 00000014 W std::__cxx11::moneypunct<wchar_t, false>::do_pos_format() const
0014c760 00000014 W std::__cxx11::moneypunct<wchar_t, false>::do_neg_format() const
0014c774 0000000c W std::__cxx11::moneypunct<wchar_t, true>::do_decimal_point() const
0014c780 0000000c W std::__cxx11::moneypunct<wchar_t, true>::do_thousands_sep() const
0014c78c 0000000c W std::__cxx11::moneypunct<wchar_t, true>::do_frac_digits() const
0014c798 00000014 W std::__cxx11::moneypunct<wchar_t, true>::do_pos_format() const
0014c7ac 00000014 W std::__cxx11::moneypunct<wchar_t, true>::do_neg_format() const
0014c7c0 0000000c W std::__cxx11::numpunct<wchar_t>::do_decimal_point() const
0014c7cc 0000000c W std::__cxx11::numpunct<wchar_t>::do_thousands_sep() const
0014c7d8 00000008 W std::__cxx11::time_get<wchar_t, std::istreambuf_iterator<wchar_t, std::char_traits<wchar_t> > >::do_date_order() const
0014c7e0 00000008 W std::__cxx11::messages<wchar_t>::do_open(std::__cxx11::basic_string<char, std::char_traits<char>, std::allocator<char> > const&, std::locale const&) const
0014c7e8 00000004 W std::__cxx11::messages<wchar_t>::do_close(int) const
0014c7ec 00000020 W std::__cxx11::collate<wchar_t>::do_hash(wchar_t const*, wchar_t const*) const
0014c80c 00000020 W std::__cxx11::money_get<wchar_t, std::istreambuf_iterator<wchar_t, std::char_traits<wchar_t> > >::~money_get()
0014c80c 00000020 W std::__cxx11::money_get<wchar_t, std::istreambuf_iterator<wchar_t, std::char_traits<wchar_t> > >::~money_get()
0014c82c 00000028 W std::__cxx11::money_get<wchar_t, std::istreambuf_iterator<wchar_t, std::char_traits<wchar_t> > >::~money_get()
0014c854 00000020 W std::__cxx11::money_put<wchar_t, std::ostreambuf_iterator<wchar_t, std::char_traits<wchar_t> > >::~money_put()
0014c854 00000020 W std::__cxx11::money_put<wchar_t, std::ostreambuf_iterator<wchar_t, std::char_traits<wchar_t> > >::~money_put()
0014c874 00000028 W std::__cxx11::money_put<wchar_t, std::ostreambuf_iterator<wchar_t, std::char_traits<wchar_t> > >::~money_put()
0014c89c 00000020 W std::__cxx11::time_get<wchar_t, std::istreambuf_iterator<wchar_t, std::char_traits<wchar_t> > >::~time_get()
0014c89c 00000020 W std::__cxx11::time_get<wchar_t, std::istreambuf_iterator<wchar_t, std::char_traits<wchar_t> > >::~time_get()
0014c8bc 00000028 W std::__cxx11::time_get<wchar_t, std::istreambuf_iterator<wchar_t, std::char_traits<wchar_t> > >::~time_get()
0014c8e4 00000028 W std::__cxx11::messages<wchar_t>::~messages()
0014c8e4 00000028 W std::__cxx11::messages<wchar_t>::~messages()
0014c90c 0000001c W std::__cxx11::messages<wchar_t>::~messages()
0014c928 00000028 W std::__cxx11::collate<wchar_t>::~collate()
0014c928 00000028 W std::__cxx11::collate<wchar_t>::~collate()
0014c950 00000098 t void std::__cxx11::basic_string<wchar_t, std::char_traits<wchar_t>, std::allocator<wchar_t> >::_M_construct<wchar_t const*>(wchar_t const*, wchar_t const*, std::forward_iterator_tag) [clone .isra.0]
0014c9e8 00000030 W std::__cxx11::collate<wchar_t>::~collate()
0014ca18 000000c0 W std::__cxx11::moneypunct<wchar_t, false>::do_grouping() const
0014cad8 000000c0 W std::__cxx11::moneypunct<wchar_t, true>::do_grouping() const
0014cb98 000000c0 W std::__cxx11::numpunct<wchar_t>::do_grouping() const
0014cc58 00000058 W std::__cxx11::moneypunct<wchar_t, false>::do_curr_symbol() const
0014ccb0 00000058 W std::__cxx11::moneypunct<wchar_t, false>::do_positive_sign() const
0014cd08 00000058 W std::__cxx11::moneypunct<wchar_t, false>::do_negative_sign() const
0014cd60 00000058 W std::__cxx11::moneypunct<wchar_t, true>::do_curr_symbol() const
0014cdb8 00000058 W std::__cxx11::moneypunct<wchar_t, true>::do_positive_sign() const
0014ce10 00000058 W std::__cxx11::moneypunct<wchar_t, true>::do_negative_sign() const
0014ce68 00000058 W std::__cxx11::numpunct<wchar_t>::do_truename() const
0014cec0 00000058 W std::__cxx11::numpunct<wchar_t>::do_falsename() const
0014cf18 000000f8 W std::__cxx11::collate<wchar_t>::do_compare(wchar_t const*, wchar_t const*, wchar_t const*, wchar_t const*) const
0014d010 000002dc W std::__cxx11::collate<wchar_t>::do_transform(wchar_t const*, wchar_t const*) const
0014d2ec 000000d4 W std::__convert_from_v(int* const&, char*, int, char const*, ...)
0014d3c0 000012e4 W std::istreambuf_iterator<wchar_t, std::char_traits<wchar_t> > std::__cxx11::money_get<wchar_t, std::istreambuf_iterator<wchar_t, std::char_traits<wchar_t> > >::_M_extract<true>(std::istreambuf_iterator<wchar_t, std::char_traits<wchar_t> >, std::istreambuf_iterator<wchar_t, std::char_traits<wchar_t> >, std::ios_base&, std::_Ios_Iostate&, std::__cxx11::basic_string<char, std::char_traits<char>, std::allocator<char> >&) const
0014e6a4 000012e4 W std::istreambuf_iterator<wchar_t, std::char_traits<wchar_t> > std::__cxx11::money_get<wchar_t, std::istreambuf_iterator<wchar_t, std::char_traits<wchar_t> > >::_M_extract<false>(std::istreambuf_iterator<wchar_t, std::char_traits<wchar_t> >, std::istreambuf_iterator<wchar_t, std::char_traits<wchar_t> >, std::ios_base&, std::_Ios_Iostate&, std::__cxx11::basic_string<char, std::char_traits<char>, std::allocator<char> >&) const
0014f988 000000cc W std::__cxx11::money_get<wchar_t, std::istreambuf_iterator<wchar_t, std::char_traits<wchar_t> > >::do_get(std::istreambuf_iterator<wchar_t, std::char_traits<wchar_t> >, std::istreambuf_iterator<wchar_t, std::char_traits<wchar_t> >, bool, std::ios_base&, std::_Ios_Iostate&, long double&) const
0014fa54 0000013c W std::__cxx11::money_get<wchar_t, std::istreambuf_iterator<wchar_t, std::char_traits<wchar_t> > >::do_get(std::istreambuf_iterator<wchar_t, std::char_traits<wchar_t> >, std::istreambuf_iterator<wchar_t, std::char_traits<wchar_t> >, bool, std::ios_base&, std::_Ios_Iostate&, std::__cxx11::basic_string<wchar_t, std::char_traits<wchar_t>, std::allocator<wchar_t> >&) const
0014fb90 00000740 W std::ostreambuf_iterator<wchar_t, std::char_traits<wchar_t> > std::__cxx11::money_put<wchar_t, std::ostreambuf_iterator<wchar_t, std::char_traits<wchar_t> > >::_M_insert<true>(std::ostreambuf_iterator<wchar_t, std::char_traits<wchar_t> >, std::ios_base&, wchar_t, std::__cxx11::basic_string<wchar_t, std::char_traits<wchar_t>, std::allocator<wchar_t> > const&) const
001502d0 00000740 W std::ostreambuf_iterator<wchar_t, std::char_traits<wchar_t> > std::__cxx11::money_put<wchar_t, std::ostreambuf_iterator<wchar_t, std::char_traits<wchar_t> > >::_M_insert<false>(std::ostreambuf_iterator<wchar_t, std::char_traits<wchar_t> >, std::ios_base&, wchar_t, std::__cxx11::basic_string<wchar_t, std::char_traits<wchar_t>, std::allocator<wchar_t> > const&) const
00150a10 00000188 W std::__cxx11::money_put<wchar_t, std::ostreambuf_iterator<wchar_t, std::char_traits<wchar_t> > >::do_put(std::ostreambuf_iterator<wchar_t, std::char_traits<wchar_t> >, bool, std::ios_base&, wchar_t, long double) const
00150b98 00000054 W std::__cxx11::money_put<wchar_t, std::ostreambuf_iterator<wchar_t, std::char_traits<wchar_t> > >::do_put(std::ostreambuf_iterator<wchar_t, std::char_traits<wchar_t> >, bool, std::ios_base&, wchar_t, std::__cxx11::basic_string<wchar_t, std::char_traits<wchar_t>, std::allocator<wchar_t> > const&) const
00150bec 0000026c W std::__cxx11::time_get<wchar_t, std::istreambuf_iterator<wchar_t, std::char_traits<wchar_t> > >::_M_extract_num(std::istreambuf_iterator<wchar_t, std::char_traits<wchar_t> >, std::istreambuf_iterator<wchar_t, std::char_traits<wchar_t> >, int&, int, int, unsigned int, std::ios_base&, std::_Ios_Iostate&) const
00150e58 00000680 W std::__cxx11::time_get<wchar_t, std::istreambuf_iterator<wchar_t, std::char_traits<wchar_t> > >::do_get_year(std::istreambuf_iterator<wchar_t, std::char_traits<wchar_t> >, std::istreambuf_iterator<wchar_t, std::char_traits<wchar_t> >, std::ios_base&, std::_Ios_Iostate&, tm*) const
001514d8 00000dac W std::__cxx11::time_get<wchar_t, std::istreambuf_iterator<wchar_t, std::char_traits<wchar_t> > >::_M_extract_name(std::istreambuf_iterator<wchar_t, std::char_traits<wchar_t> >, std::istreambuf_iterator<wchar_t, std::char_traits<wchar_t> >, int&, wchar_t const**, unsigned int, std::ios_base&, std::_Ios_Iostate&) const
00152284 00000698 W std::__cxx11::time_get<wchar_t, std::istreambuf_iterator<wchar_t, std::char_traits<wchar_t> > >::_M_extract_wday_or_month(std::istreambuf_iterator<wchar_t, std::char_traits<wchar_t> >, std::istreambuf_iterator<wchar_t, std::char_traits<wchar_t> >, int&, wchar_t const**, unsigned int, std::ios_base&, std::_Ios_Iostate&) const
0015291c 00000258 W std::__cxx11::time_get<wchar_t, std::istreambuf_iterator<wchar_t, std::char_traits<wchar_t> > >::do_get_weekday(std::istreambuf_iterator<wchar_t, std::char_traits<wchar_t> >, std::istreambuf_iterator<wchar_t, std::char_traits<wchar_t> >, std::ios_base&, std::_Ios_Iostate&, tm*) const
00152b74 000002d0 W std::__cxx11::time_get<wchar_t, std::istreambuf_iterator<wchar_t, std::char_traits<wchar_t> > >::do_get_monthname(std::istreambuf_iterator<wchar_t, std::char_traits<wchar_t> >, std::istreambuf_iterator<wchar_t, std::char_traits<wchar_t> >, std::ios_base&, std::_Ios_Iostate&, tm*) const
00152e44 00001f6c W std::__cxx11::time_get<wchar_t, std::istreambuf_iterator<wchar_t, std::char_traits<wchar_t> > >::_M_extract_via_format(std::istreambuf_iterator<wchar_t, std::char_traits<wchar_t> >, std::istreambuf_iterator<wchar_t, std::char_traits<wchar_t> >, std::ios_base&, std::_Ios_Iostate&, tm*, wchar_t const*, std::__time_get_state&) const
00152e44 00001f6c t std::__cxx11::time_get<wchar_t, std::istreambuf_iterator<wchar_t, std::char_traits<wchar_t> > >::_M_extract_via_format(std::istreambuf_iterator<wchar_t, std::char_traits<wchar_t> >, std::istreambuf_iterator<wchar_t, std::char_traits<wchar_t> >, std::ios_base&, std::_Ios_Iostate&, tm*, wchar_t const*, std::__time_get_state&) const [clone .localalias]
00154d55 N 
00154d55 N 
00154d55 N 
00154d55 N 
00154d55 N 
00154d55 N 
00154d55 N 
00154d55 N 
00154d55 N 
00154d55 N 
00154d55 N 
00154d55 N 
00154d55 N 
00154d55 N 
00154d55 N 
00154d55 N 
00154d55 N 
00154d55 N 
00154d55 N 
00154d55 N 
00154d55 N 
00154d55 N 
00154d55 N 
00154d55 N 
00154d55 N 
00154d55 N 
00154d55 N 
00154d55 N 
00154d55 N 
00154d55 N 
00154d55 N 
00154d55 N 
00154d55 W KoreanBFFCMemoryRule.cpp.681ea967
00154db0 000001d0 W std::__cxx11::time_get<wchar_t, std::istreambuf_iterator<wchar_t, std::char_traits<wchar_t> > >::do_get_time(std::istreambuf_iterator<wchar_t, std::char_traits<wchar_t> >, std::istreambuf_iterator<wchar_t, std::char_traits<wchar_t> >, std::ios_base&, std::_Ios_Iostate&, tm*) const
00154f80 000001d0 W std::__cxx11::time_get<wchar_t, std::istreambuf_iterator<wchar_t, std::char_traits<wchar_t> > >::do_get_date(std::istreambuf_iterator<wchar_t, std::char_traits<wchar_t> >, std::istreambuf_iterator<wchar_t, std::char_traits<wchar_t> >, std::ios_base&, std::_Ios_Iostate&, tm*) const
00155150 000001d0 W std::__cxx11::time_get<wchar_t, std::istreambuf_iterator<wchar_t, std::char_traits<wchar_t> > >::do_get(std::istreambuf_iterator<wchar_t, std::char_traits<wchar_t> >, std::istreambuf_iterator<wchar_t, std::char_traits<wchar_t> >, std::ios_base&, std::_Ios_Iostate&, tm*, char, char) const
00155320 0000003c W std::__cxx11::messages<wchar_t>::messages(unsigned int)
00155320 0000003c W std::__cxx11::messages<wchar_t>::messages(unsigned int)
0015535c 000000a4 t _GLOBAL__sub_I__ZNSt12ctype_bynameIwEC2ERKNSt7__cxx1112basic_stringIcSt11char_traitsIcESaIcEEEj
00155400 00000040 W std::basic_filebuf<char, std::char_traits<char> >::sync()
00155440 00000058 W std::basic_filebuf<char, std::char_traits<char> >::setbuf(char*, int)
00155498 00000094 W std::basic_filebuf<char, std::char_traits<char> >::showmanyc()
0015552c 00000158 W std::basic_filebuf<char, std::char_traits<char> >::pbackfail(int)
00155684 000004c0 W std::basic_filebuf<char, std::char_traits<char> >::underflow()
00155b44 00000134 W std::basic_filebuf<char, std::char_traits<char> >::xsputn(char const*, int)
00155c78 00000210 W std::basic_filebuf<char, std::char_traits<char> >::xsgetn(char*, int)
00155e88 000000d4 W std::basic_filebuf<char, std::char_traits<char> >::basic_filebuf()
00155e88 000000d4 W std::basic_filebuf<char, std::char_traits<char> >::basic_filebuf()
00155f5c 00000048 W std::basic_filebuf<char, std::char_traits<char> >::_M_allocate_internal_buffer()
00155fa4 00000070 W std::basic_filebuf<char, std::char_traits<char> >::_M_destroy_internal_buffer()
00156014 0000016c W std::basic_filebuf<char, std::char_traits<char> >::_M_convert_to_external(char*, int)
00156180 00000080 W std::basic_filebuf<char, std::char_traits<char> >::_M_get_ext_pos(_mbstate_t&)
00156200 00000110 W std::basic_filebuf<char, std::char_traits<char> >::_M_terminate_output()
00156310 000000c0 W std::basic_filebuf<char, std::char_traits<char> >::_M_seek(long long, std::_Ios_Seekdir, _mbstate_t)
001563d0 00000224 W std::basic_filebuf<char, std::char_traits<char> >::overflow(int)
001565f4 00000234 W std::basic_filebuf<char, std::char_traits<char> >::seekoff(long long, std::_Ios_Seekdir, std::_Ios_Openmode)
00156828 000000b4 W std::basic_filebuf<char, std::char_traits<char> >::seekpos(std::fpos<_mbstate_t>, std::_Ios_Openmode)
001568dc 00000210 W std::basic_filebuf<char, std::char_traits<char> >::imbue(std::locale const&)
00156aec 00000064 W std::basic_filebuf<char, std::char_traits<char> >::close()::__close_sentry::~__close_sentry()
00156aec 00000064 W std::basic_filebuf<char, std::char_traits<char> >::close()::__close_sentry::~__close_sentry()
00156b50 000000c0 W std::basic_filebuf<char, std::char_traits<char> >::close()
00156c10 00000048 W std::basic_filebuf<char, std::char_traits<char> >::~basic_filebuf()
00156c10 00000048 W std::basic_filebuf<char, std::char_traits<char> >::~basic_filebuf()
00156c58 000000e4 W std::basic_filebuf<char, std::char_traits<char> >::open(char const*, std::_Ios_Openmode)
00156d3c 00000050 W std::basic_filebuf<char, std::char_traits<char> >::~basic_filebuf()
00156d8c 0000007c W std::basic_ofstream<char, std::char_traits<char> >::~basic_ofstream()
00156e08 0000008c W virtual thunk to std::basic_ofstream<char, std::char_traits<char> >::~basic_ofstream()
00156e94 00000084 W std::basic_ofstream<char, std::char_traits<char> >::~basic_ofstream()
00156f18 00000094 W virtual thunk to std::basic_ofstream<char, std::char_traits<char> >::~basic_ofstream()
00156fac 00000080 W std::basic_ifstream<char, std::char_traits<char> >::~basic_ifstream()
0015702c 00000094 W virtual thunk to std::basic_ifstream<char, std::char_traits<char> >::~basic_ifstream()
001570c0 00000088 W std::basic_ifstream<char, std::char_traits<char> >::~basic_ifstream()
00157148 0000009c W virtual thunk to std::basic_ifstream<char, std::char_traits<char> >::~basic_ifstream()
001571e4 0000002c T std::__throw_bad_cast()
00157210 00000040 T std::__throw_logic_error(char const*)
00157250 00000040 T std::__throw_length_error(char const*)
00157290 00000040 T std::__throw_out_of_range(char const*)
001572d0 00000010 T std::__throw_out_of_range_fmt(char const*, ...)
001572e0 00000040 T std::__throw_runtime_error(char const*)
00157320 00000008 W std::ctype<char>::do_widen(char) const
00157328 00000008 W std::ctype<char>::do_narrow(char, char) const
00157330 00000020 W std::basic_ios<char, std::char_traits<char> >::~basic_ios()
00157330 00000020 W std::basic_ios<char, std::char_traits<char> >::~basic_ios()
00157350 00000028 W std::basic_ios<char, std::char_traits<char> >::~basic_ios()
00157378 0000002c W std::basic_ios<char, std::char_traits<char> >::clear(std::_Ios_Iostate)
001573a4 0000001c W std::basic_ios<char, std::char_traits<char> >::_M_setstate(std::_Ios_Iostate)
001573c0 0000006c W std::basic_ios<char, std::char_traits<char> >::_M_cache_locale(std::locale const&)
0015742c 000000a0 W std::basic_ios<char, std::char_traits<char> >::init(std::basic_streambuf<char, std::char_traits<char> >*)
001574cc 0000006c T std::ios_base::ios_base()
001574cc 0000006c T std::ios_base::ios_base()
00157538 00000058 T std::ios_base::_M_call_callbacks(std::ios_base::event)
00157590 000000a4 T std::ios_base::~ios_base()
00157590 000000a4 T std::ios_base::~ios_base()
00157634 0000001c T std::ios_base::~ios_base()
00157650 00000204 W std::istream::sentry::sentry(std::istream&, bool)
00157650 00000204 W std::istream::sentry::sentry(std::istream&, bool)
00157854 000000f0 W std::istream::read(char*, int)
00157948 000000f8 W std::istream::tellg()
00157a40 00000120 W std::istream::seekg(long long, std::_Ios_Seekdir)
00157b60 0000000c W std::moneypunct<char, false>::do_decimal_point() const
00157b6c 0000000c W std::moneypunct<char, false>::do_thousands_sep() const
00157b78 0000000c W std::moneypunct<char, false>::do_frac_digits() const
00157b84 00000014 W std::moneypunct<char, false>::do_pos_format() const
00157b98 00000014 W std::moneypunct<char, false>::do_neg_format() const
00157bac 0000000c W std::moneypunct<char, true>::do_decimal_point() const
00157bb8 0000000c W std::moneypunct<char, true>::do_thousands_sep() const
00157bc4 0000000c W std::moneypunct<char, true>::do_frac_digits() const
00157bd0 00000014 W std::moneypunct<char, true>::do_pos_format() const
00157be4 00000014 W std::moneypunct<char, true>::do_neg_format() const
00157bf8 0000000c W std::numpunct<char>::do_decimal_point() const
00157c04 0000000c W std::numpunct<char>::do_thousands_sep() const
00157c10 00000008 W std::time_get<char, std::istreambuf_iterator<char, std::char_traits<char> > >::do_date_order() const
00157c18 00000008 W std::messages<char>::do_open(std::string const&, std::locale const&) const
00157c20 00000004 W std::messages<char>::do_close(int) const
00157c24 00000020 W std::collate<char>::do_hash(char const*, char const*) const
00157c44 00000020 W std::num_get<char, std::istreambuf_iterator<char, std::char_traits<char> > >::~num_get()
00157c44 00000020 W std::num_get<char, std::istreambuf_iterator<char, std::char_traits<char> > >::~num_get()
00157c64 00000020 W std::num_put<char, std::ostreambuf_iterator<char, std::char_traits<char> > >::~num_put()
00157c64 00000020 W std::num_put<char, std::ostreambuf_iterator<char, std::char_traits<char> > >::~num_put()
00157c84 00000020 W std::money_get<char, std::istreambuf_iterator<char, std::char_traits<char> > >::~money_get()
00157c84 00000020 W std::money_get<char, std::istreambuf_iterator<char, std::char_traits<char> > >::~money_get()
00157ca4 00000020 W std::money_put<char, std::ostreambuf_iterator<char, std::char_traits<char> > >::~money_put()
00157ca4 00000020 W std::money_put<char, std::ostreambuf_iterator<char, std::char_traits<char> > >::~money_put()
00157cc4 00000020 W std::__timepunct_cache<char>::~__timepunct_cache()
00157cc4 00000020 W std::__timepunct_cache<char>::~__timepunct_cache()
00157ce4 00000020 W std::time_put<char, std::ostreambuf_iterator<char, std::char_traits<char> > >::~time_put()
00157ce4 00000020 W std::time_put<char, std::ostreambuf_iterator<char, std::char_traits<char> > >::~time_put()
00157d04 00000020 W std::time_get<char, std::istreambuf_iterator<char, std::char_traits<char> > >::~time_get()
00157d04 00000020 W std::time_get<char, std::istreambuf_iterator<char, std::char_traits<char> > >::~time_get()
00157d24 00000028 W std::num_get<char, std::istreambuf_iterator<char, std::char_traits<char> > >::~num_get()
00157d4c 00000028 W std::num_put<char, std::ostreambuf_iterator<char, std::char_traits<char> > >::~num_put()
00157d74 00000028 W std::money_get<char, std::istreambuf_iterator<char, std::char_traits<char> > >::~money_get()
00157d9c 00000028 W std::money_put<char, std::ostreambuf_iterator<char, std::char_traits<char> > >::~money_put()
00157dc4 0000001c W std::__timepunct_cache<char>::~__timepunct_cache()
00157de0 00000028 W std::time_put<char, std::ostreambuf_iterator<char, std::char_traits<char> > >::~time_put()
00157e08 00000028 W std::time_get<char, std::istreambuf_iterator<char, std::char_traits<char> > >::~time_get()
00157e30 00000024 W std::ctype<char>::do_widen(char const*, char const*, char*) const
00157e54 00000070 W std::__moneypunct_cache<char, false>::~__moneypunct_cache()
00157e54 00000070 W std::__moneypunct_cache<char, false>::~__moneypunct_cache()
00157ec4 0000001c W std::__moneypunct_cache<char, false>::~__moneypunct_cache()
00157ee0 00000070 W std::__moneypunct_cache<char, true>::~__moneypunct_cache()
00157ee0 00000070 W std::__moneypunct_cache<char, true>::~__moneypunct_cache()
00157f50 0000001c W std::__moneypunct_cache<char, true>::~__moneypunct_cache()
00157f6c 00000060 W std::__numpunct_cache<char>::~__numpunct_cache()
00157f6c 00000060 W std::__numpunct_cache<char>::~__numpunct_cache()
00157fcc 0000001c W std::__numpunct_cache<char>::~__numpunct_cache()
00157fe8 00000028 W std::messages<char>::~messages()
00157fe8 00000028 W std::messages<char>::~messages()
00158010 0000001c W std::messages<char>::~messages()
0015802c 00000028 W std::collate<char>::~collate()
0015802c 00000028 W std::collate<char>::~collate()
00158054 00000060 W std::__timepunct<char>::~__timepunct()
00158054 00000060 W std::__timepunct<char>::~__timepunct()
001580b4 0000001c W std::__timepunct<char>::~__timepunct()
001580d0 00000028 t std::basic_streambuf<char, std::char_traits<char> >::sbumpc() [clone .isra.0]
001580f8 0000004c t std::ctype<char>::widen(char) const [clone .part.0]
00158144 0000009c t std::ctype<char>::widen(char const*, char const*, char*) const [clone .isra.0]
001581e0 000000b8 t char* std::string::_S_construct<char const*>(char const*, char const*, std::allocator<char> const&, std::forward_iterator_tag) [clone .isra.0]
00158298 00000058 t std::basic_string<char, std::char_traits<char>, std::allocator<char> >::~basic_string() [clone .isra.0]
001582f0 00000030 W std::collate<char>::~collate()
00158320 00000160 W std::time_put<char, std::ostreambuf_iterator<char, std::char_traits<char> > >::do_put(std::ostreambuf_iterator<char, std::char_traits<char> >, std::ios_base&, char, tm const*, char, char) const
00158480 000000cc W std::moneypunct<char, false>::do_grouping() const
0015854c 000000cc W std::moneypunct<char, false>::do_curr_symbol() const
00158618 000000cc W std::moneypunct<char, false>::do_positive_sign() const
001586e4 000000cc W std::moneypunct<char, false>::do_negative_sign() const
001587b0 000000cc W std::moneypunct<char, true>::do_grouping() const
0015887c 000000cc W std::moneypunct<char, true>::do_curr_symbol() const
00158948 000000cc W std::moneypunct<char, true>::do_positive_sign() const
00158a14 000000cc W std::moneypunct<char, true>::do_negative_sign() const
00158ae0 000000cc W std::numpunct<char>::do_grouping() const
00158bac 000000cc W std::numpunct<char>::do_truename() const
00158c78 000000cc W std::numpunct<char>::do_falsename() const
00158d44 00000168 W std::collate<char>::do_compare(char const*, char const*, char const*, char const*) const
00158eac 000002c4 W std::collate<char>::do_transform(char const*, char const*) const
00159170 00000068 W std::ctype<char>::narrow(char, char) const
001591d8 00000738 W std::__moneypunct_cache<char, false>::_M_cache(std::locale const&)
00159910 00000738 W std::__moneypunct_cache<char, true>::_M_cache(std::locale const&)
0015a048 0000058c W std::__numpunct_cache<char>::_M_cache(std::locale const&)
0015a5d4 000000b4 t std::__use_cache<std::__numpunct_cache<char> >::operator()(std::locale const&) const [clone .isra.0]
0015a688 0000004c W std::__timepunct<char>::__timepunct(std::__timepunct_cache<char>*, unsigned int)
0015a688 0000004c W std::__timepunct<char>::__timepunct(std::__timepunct_cache<char>*, unsigned int)
0015a6d4 000002b4 W std::time_get<char, std::istreambuf_iterator<char, std::char_traits<char> > >::_M_extract_num(std::istreambuf_iterator<char, std::char_traits<char> >, std::istreambuf_iterator<char, std::char_traits<char> >, int&, int, int, unsigned int, std::ios_base&, std::_Ios_Iostate&) const
0015a988 0000003c W std::messages<char>::messages(unsigned int)
0015a988 0000003c W std::messages<char>::messages(unsigned int)
0015a9c4 00000178 W char* std::__add_grouping<char>(char*, char, char const*, unsigned int, char const*, char const*)
0015ab3c 000000ac W std::num_put<char, std::ostreambuf_iterator<char, std::char_traits<char> > >::_M_group_float(char const*, unsigned int, char, char const*, char*, char*, int&) const
0015abe8 00000050 W std::num_put<char, std::ostreambuf_iterator<char, std::char_traits<char> > >::_M_group_int(char const*, unsigned int, char, std::ios_base&, char*, char*, int&) const
0015ac38 0000055c W std::ostreambuf_iterator<char, std::char_traits<char> > std::money_put<char, std::ostreambuf_iterator<char, std::char_traits<char> > >::_M_insert<true>(std::ostreambuf_iterator<char, std::char_traits<char> >, std::ios_base&, char, std::string const&) const
0015b194 0000055c W std::ostreambuf_iterator<char, std::char_traits<char> > std::money_put<char, std::ostreambuf_iterator<char, std::char_traits<char> > >::_M_insert<false>(std::ostreambuf_iterator<char, std::char_traits<char> >, std::ios_base&, char, std::string const&) const
0015b6f0 0000023c W std::money_put<char, std::ostreambuf_iterator<char, std::char_traits<char> > >::do_put(std::ostreambuf_iterator<char, std::char_traits<char> >, bool, std::ios_base&, char, long double) const
0015b92c 00000054 W std::money_put<char, std::ostreambuf_iterator<char, std::char_traits<char> > >::do_put(std::ostreambuf_iterator<char, std::char_traits<char> >, bool, std::ios_base&, char, std::string const&) const
0015b980 00000308 W std::__pad<char, std::char_traits<char> >::_S_pad(std::ios_base&, char, char*, char const*, int, int)
0015bc88 00000034 W std::num_put<char, std::ostreambuf_iterator<char, std::char_traits<char> > >::_M_pad(char, int, std::ios_base&, char*, char const*, int&) const
0015bcbc 000003ec W std::ostreambuf_iterator<char, std::char_traits<char> > std::num_put<char, std::ostreambuf_iterator<char, std::char_traits<char> > >::_M_insert_float<double>(std::ostreambuf_iterator<char, std::char_traits<char> >, std::ios_base&, char, char, double) const
0015c0a8 0000003c W std::num_put<char, std::ostreambuf_iterator<char, std::char_traits<char> > >::do_put(std::ostreambuf_iterator<char, std::char_traits<char> >, std::ios_base&, char, double) const
0015c0e4 000003ec W std::ostreambuf_iterator<char, std::char_traits<char> > std::num_put<char, std::ostreambuf_iterator<char, std::char_traits<char> > >::_M_insert_float<long double>(std::ostreambuf_iterator<char, std::char_traits<char> >, std::ios_base&, char, char, long double) const
0015c4d0 0000003c W std::num_put<char, std::ostreambuf_iterator<char, std::char_traits<char> > >::do_put(std::ostreambuf_iterator<char, std::char_traits<char> >, std::ios_base&, char, long double) const
0015c50c 000000ac W int std::__int_to_char<char, unsigned long>(char*, unsigned long, char const*, std::_Ios_Fmtflags, bool)
0015c5b8 00000240 W std::ostreambuf_iterator<char, std::char_traits<char> > std::num_put<char, std::ostreambuf_iterator<char, std::char_traits<char> > >::_M_insert_int<long>(std::ostreambuf_iterator<char, std::char_traits<char> >, std::ios_base&, char, long) const
0015c7f8 0000003c W std::num_put<char, std::ostreambuf_iterator<char, std::char_traits<char> > >::do_put(std::ostreambuf_iterator<char, std::char_traits<char> >, std::ios_base&, char, long) const
0015c834 000001b0 W std::num_put<char, std::ostreambuf_iterator<char, std::char_traits<char> > >::do_put(std::ostreambuf_iterator<char, std::char_traits<char> >, std::ios_base&, char, bool) const
0015c9e4 000001dc W std::ostreambuf_iterator<char, std::char_traits<char> > std::num_put<char, std::ostreambuf_iterator<char, std::char_traits<char> > >::_M_insert_int<unsigned long>(std::ostreambuf_iterator<char, std::char_traits<char> >, std::ios_base&, char, unsigned long) const
0015cbc0 0000003c W std::num_put<char, std::ostreambuf_iterator<char, std::char_traits<char> > >::do_put(std::ostreambuf_iterator<char, std::char_traits<char> >, std::ios_base&, char, unsigned long) const
0015cbfc 0000006c W std::num_put<char, std::ostreambuf_iterator<char, std::char_traits<char> > >::do_put(std::ostreambuf_iterator<char, std::char_traits<char> >, std::ios_base&, char, void const*) const
0015cc68 00000114 W int std::__int_to_char<char, unsigned long long>(char*, unsigned long long, char const*, std::_Ios_Fmtflags, bool)
0015cd7c 00000260 W std::ostreambuf_iterator<char, std::char_traits<char> > std::num_put<char, std::ostreambuf_iterator<char, std::char_traits<char> > >::_M_insert_int<long long>(std::ostreambuf_iterator<char, std::char_traits<char> >, std::ios_base&, char, long long) const
0015cfdc 0000003c W std::num_put<char, std::ostreambuf_iterator<char, std::char_traits<char> > >::do_put(std::ostreambuf_iterator<char, std::char_traits<char> >, std::ios_base&, char, long long) const
0015d018 000001fc W std::ostreambuf_iterator<char, std::char_traits<char> > std::num_put<char, std::ostreambuf_iterator<char, std::char_traits<char> > >::_M_insert_int<unsigned long long>(std::ostreambuf_iterator<char, std::char_traits<char> >, std::ios_base&, char, unsigned long long) const
0015d214 0000003c W std::num_put<char, std::ostreambuf_iterator<char, std::char_traits<char> > >::do_put(std::ostreambuf_iterator<char, std::char_traits<char> >, std::ios_base&, char, unsigned long long) const
0015d250 00000100 W std::istreambuf_iterator<char, std::char_traits<char> >::equal(std::istreambuf_iterator<char, std::char_traits<char> > const&) const
0015d350 00000068 W std::istreambuf_iterator<char, std::char_traits<char> >::_M_get() const
0015d3b8 00000c54 W std::num_get<char, std::istreambuf_iterator<char, std::char_traits<char> > >::_M_extract_float(std::istreambuf_iterator<char, std::char_traits<char> >, std::istreambuf_iterator<char, std::char_traits<char> >, std::ios_base&, std::_Ios_Iostate&, std::string&) const
0015e00c 000001c8 W std::num_get<char, std::istreambuf_iterator<char, std::char_traits<char> > >::do_get(std::istreambuf_iterator<char, std::char_traits<char> >, std::istreambuf_iterator<char, std::char_traits<char> >, std::ios_base&, std::_Ios_Iostate&, float&) const
0015e1d4 000001c8 W std::num_get<char, std::istreambuf_iterator<char, std::char_traits<char> > >::do_get(std::istreambuf_iterator<char, std::char_traits<char> >, std::istreambuf_iterator<char, std::char_traits<char> >, std::ios_base&, std::_Ios_Iostate&, double&) const
0015e39c 000001c8 W std::num_get<char, std::istreambuf_iterator<char, std::char_traits<char> > >::do_get(std::istreambuf_iterator<char, std::char_traits<char> >, std::istreambuf_iterator<char, std::char_traits<char> >, std::ios_base&, std::_Ios_Iostate&, long double&) const
0015e564 00000968 W std::istreambuf_iterator<char, std::char_traits<char> > std::num_get<char, std::istreambuf_iterator<char, std::char_traits<char> > >::_M_extract_int<long>(std::istreambuf_iterator<char, std::char_traits<char> >, std::istreambuf_iterator<char, std::char_traits<char> >, std::ios_base&, std::_Ios_Iostate&, long&) const
0015eecc 00000510 W std::num_get<char, std::istreambuf_iterator<char, std::char_traits<char> > >::do_get(std::istreambuf_iterator<char, std::char_traits<char> >, std::istreambuf_iterator<char, std::char_traits<char> >, std::ios_base&, std::_Ios_Iostate&, bool&) const
0015f3dc 00000048 W std::num_get<char, std::istreambuf_iterator<char, std::char_traits<char> > >::do_get(std::istreambuf_iterator<char, std::char_traits<char> >, std::istreambuf_iterator<char, std::char_traits<char> >, std::ios_base&, std::_Ios_Iostate&, long&) const
0015f424 00000a88 W std::istreambuf_iterator<char, std::char_traits<char> > std::num_get<char, std::istreambuf_iterator<char, std::char_traits<char> > >::_M_extract_int<unsigned short>(std::istreambuf_iterator<char, std::char_traits<char> >, std::istreambuf_iterator<char, std::char_traits<char> >, std::ios_base&, std::_Ios_Iostate&, unsigned short&) const
0015feac 00000048 W std::num_get<char, std::istreambuf_iterator<char, std::char_traits<char> > >::do_get(std::istreambuf_iterator<char, std::char_traits<char> >, std::istreambuf_iterator<char, std::char_traits<char> >, std::ios_base&, std::_Ios_Iostate&, unsigned short&) const
0015fef4 00000a80 W std::istreambuf_iterator<char, std::char_traits<char> > std::num_get<char, std::istreambuf_iterator<char, std::char_traits<char> > >::_M_extract_int<unsigned int>(std::istreambuf_iterator<char, std::char_traits<char> >, std::istreambuf_iterator<char, std::char_traits<char> >, std::ios_base&, std::_Ios_Iostate&, unsigned int&) const
00160974 00000048 W std::num_get<char, std::istreambuf_iterator<char, std::char_traits<char> > >::do_get(std::istreambuf_iterator<char, std::char_traits<char> >, std::istreambuf_iterator<char, std::char_traits<char> >, std::ios_base&, std::_Ios_Iostate&, unsigned int&) const
001609bc 00000a80 W std::istreambuf_iterator<char, std::char_traits<char> > std::num_get<char, std::istreambuf_iterator<char, std::char_traits<char> > >::_M_extract_int<unsigned long>(std::istreambuf_iterator<char, std::char_traits<char> >, std::istreambuf_iterator<char, std::char_traits<char> >, std::ios_base&, std::_Ios_Iostate&, unsigned long&) const
0016143c 00000048 W std::num_get<char, std::istreambuf_iterator<char, std::char_traits<char> > >::do_get(std::istreambuf_iterator<char, std::char_traits<char> >, std::istreambuf_iterator<char, std::char_traits<char> >, std::ios_base&, std::_Ios_Iostate&, unsigned long&) const
00161484 0000007c W std::num_get<char, std::istreambuf_iterator<char, std::char_traits<char> > >::do_get(std::istreambuf_iterator<char, std::char_traits<char> >, std::istreambuf_iterator<char, std::char_traits<char> >, std::ios_base&, std::_Ios_Iostate&, void*&) const
00161500 000009f8 W std::istreambuf_iterator<char, std::char_traits<char> > std::num_get<char, std::istreambuf_iterator<char, std::char_traits<char> > >::_M_extract_int<long long>(std::istreambuf_iterator<char, std::char_traits<char> >, std::istreambuf_iterator<char, std::char_traits<char> >, std::ios_base&, std::_Ios_Iostate&, long long&) const
00161ef8 00000048 W std::num_get<char, std::istreambuf_iterator<char, std::char_traits<char> > >::do_get(std::istreambuf_iterator<char, std::char_traits<char> >, std::istreambuf_iterator<char, std::char_traits<char> >, std::ios_base&, std::_Ios_Iostate&, long long&) const
00161f40 00000a54 W std::istreambuf_iterator<char, std::char_traits<char> > std::num_get<char, std::istreambuf_iterator<char, std::char_traits<char> > >::_M_extract_int<unsigned long long>(std::istreambuf_iterator<char, std::char_traits<char> >, std::istreambuf_iterator<char, std::char_traits<char> >, std::ios_base&, std::_Ios_Iostate&, unsigned long long&) const
00162994 00000048 W std::num_get<char, std::istreambuf_iterator<char, std::char_traits<char> > >::do_get(std::istreambuf_iterator<char, std::char_traits<char> >, std::istreambuf_iterator<char, std::char_traits<char> >, std::ios_base&, std::_Ios_Iostate&, unsigned long long&) const
001629dc 000002c8 W std::time_get<char, std::istreambuf_iterator<char, std::char_traits<char> > >::do_get_year(std::istreambuf_iterator<char, std::char_traits<char> >, std::istreambuf_iterator<char, std::char_traits<char> >, std::ios_base&, std::_Ios_Iostate&, tm*) const
00162ca4 00000a5c W std::time_get<char, std::istreambuf_iterator<char, std::char_traits<char> > >::_M_extract_name(std::istreambuf_iterator<char, std::char_traits<char> >, std::istreambuf_iterator<char, std::char_traits<char> >, int&, char const**, unsigned int, std::ios_base&, std::_Ios_Iostate&) const
00163700 0000043c W std::time_get<char, std::istreambuf_iterator<char, std::char_traits<char> > >::_M_extract_wday_or_month(std::istreambuf_iterator<char, std::char_traits<char> >, std::istreambuf_iterator<char, std::char_traits<char> >, int&, char const**, unsigned int, std::ios_base&, std::_Ios_Iostate&) const
00163b3c 00000244 W std::time_get<char, std::istreambuf_iterator<char, std::char_traits<char> > >::do_get_weekday(std::istreambuf_iterator<char, std::char_traits<char> >, std::istreambuf_iterator<char, std::char_traits<char> >, std::ios_base&, std::_Ios_Iostate&, tm*) const
00163d80 000002b4 W std::time_get<char, std::istreambuf_iterator<char, std::char_traits<char> > >::do_get_monthname(std::istreambuf_iterator<char, std::char_traits<char> >, std::istreambuf_iterator<char, std::char_traits<char> >, std::ios_base&, std::_Ios_Iostate&, tm*) const
00164034 000013ac W std::time_get<char, std::istreambuf_iterator<char, std::char_traits<char> > >::_M_extract_via_format(std::istreambuf_iterator<char, std::char_traits<char> >, std::istreambuf_iterator<char, std::char_traits<char> >, std::ios_base&, std::_Ios_Iostate&, tm*, char const*, std::__time_get_state&) const
00164034 000013ac t std::time_get<char, std::istreambuf_iterator<char, std::char_traits<char> > >::_M_extract_via_format(std::istreambuf_iterator<char, std::char_traits<char> >, std::istreambuf_iterator<char, std::char_traits<char> >, std::ios_base&, std::_Ios_Iostate&, tm*, char const*, std::__time_get_state&) const [clone .localalias]
001653e0 000001b8 W std::time_get<char, std::istreambuf_iterator<char, std::char_traits<char> > >::do_get_time(std::istreambuf_iterator<char, std::char_traits<char> >, std::istreambuf_iterator<char, std::char_traits<char> >, std::ios_base&, std::_Ios_Iostate&, tm*) const
00165460 N 
00165460 N 
00165460 N 
00165460 N 
00165460 N 
00165460 N 
00165460 N 
00165460 N 
00165460 N 
00165460 N 
00165460 N 
00165460 N 
00165460 N 
00165460 N 
00165460 N 
00165460 N 
00165460 N 
00165460 N 
00165460 N 
00165460 N 
00165460 N 
00165460 N 
00165460 N 
00165460 N 
00165460 N 
00165460 N 
00165460 N 
00165460 N 
00165460 N 
00165460 N 
00165460 N 
00165460 W KoreanFFF3FFFCMemoryRule.cpp.a31baf3e
00165598 000001b8 W std::time_get<char, std::istreambuf_iterator<char, std::char_traits<char> > >::do_get_date(std::istreambuf_iterator<char, std::char_traits<char> >, std::istreambuf_iterator<char, std::char_traits<char> >, std::ios_base&, std::_Ios_Iostate&, tm*) const
00165750 00000e94 W std::istreambuf_iterator<char, std::char_traits<char> > std::money_get<char, std::istreambuf_iterator<char, std::char_traits<char> > >::_M_extract<true>(std::istreambuf_iterator<char, std::char_traits<char> >, std::istreambuf_iterator<char, std::char_traits<char> >, std::ios_base&, std::_Ios_Iostate&, std::string&) const
001665e4 00000e94 W std::istreambuf_iterator<char, std::char_traits<char> > std::money_get<char, std::istreambuf_iterator<char, std::char_traits<char> > >::_M_extract<false>(std::istreambuf_iterator<char, std::char_traits<char> >, std::istreambuf_iterator<char, std::char_traits<char> >, std::ios_base&, std::_Ios_Iostate&, std::string&) const
00167478 000000fc W std::money_get<char, std::istreambuf_iterator<char, std::char_traits<char> > >::do_get(std::istreambuf_iterator<char, std::char_traits<char> >, std::istreambuf_iterator<char, std::char_traits<char> >, bool, std::ios_base&, std::_Ios_Iostate&, long double&) const
00167574 000001f8 W std::money_get<char, std::istreambuf_iterator<char, std::char_traits<char> > >::do_get(std::istreambuf_iterator<char, std::char_traits<char> >, std::istreambuf_iterator<char, std::char_traits<char> >, bool, std::ios_base&, std::_Ios_Iostate&, std::string&) const
0016776c 000000f4 t _GLOBAL__sub_I__ZNSt12ctype_bynameIcEC2ERKSsj
00167860 0000002c W __gnu_cxx::__throw_concurrence_lock_error()
00167890 00000b80 T std::locale::_Impl::_Impl(unsigned int)
00167890 00000b80 T std::locale::_Impl::_Impl(unsigned int)
00168410 00000054 T std::locale::_S_initialize_once()
00168468 00000148 T std::locale::locale()
00168468 00000148 T std::locale::locale()
001685b0 000000e4 W std::ostream::sentry::~sentry()
001685b0 000000e4 W std::ostream::sentry::~sentry()
00168694 000001b8 W std::ostream::flush()
0016884c 000000b0 W std::ostream::sentry::sentry(std::ostream&)
0016884c 000000b0 W std::ostream::sentry::sentry(std::ostream&)
001688fc 000001b0 W std::ostream::write(char const*, int)
00168aac 000001c0 W std::system_error::system_error(std::error_code, char const*)
00168aac 000001c0 W std::system_error::system_error(std::error_code, char const*)
00168c6c 00000004 W std::basic_streambuf<char, std::char_traits<char> >::imbue(std::locale const&)
00168c70 00000004 W std::basic_streambuf<char, std::char_traits<char> >::setbuf(char*, int)
00168c78 00000020 W std::basic_streambuf<char, std::char_traits<char> >::seekoff(long long, std::_Ios_Seekdir, std::_Ios_Openmode)
00168c98 00000028 W std::basic_streambuf<char, std::char_traits<char> >::seekpos(std::fpos<_mbstate_t>, std::_Ios_Openmode)
00168cc0 00000008 W std::basic_streambuf<char, std::char_traits<char> >::sync()
00168cc8 00000008 W std::basic_streambuf<char, std::char_traits<char> >::showmanyc()
00168cd0 00000008 W std::basic_streambuf<char, std::char_traits<char> >::underflow()
00168cd8 00000008 W std::basic_streambuf<char, std::char_traits<char> >::pbackfail(int)
00168ce0 00000008 W std::basic_streambuf<char, std::char_traits<char> >::overflow(int)
00168ce8 00000020 W std::basic_streambuf<char, std::char_traits<char> >::~basic_streambuf()
00168ce8 00000020 W std::basic_streambuf<char, std::char_traits<char> >::~basic_streambuf()
00168d08 00000028 W std::basic_streambuf<char, std::char_traits<char> >::~basic_streambuf()
00168d30 000000bc W std::basic_streambuf<char, std::char_traits<char> >::xsputn(char const*, int)
00168dec 0000004c W std::basic_streambuf<char, std::char_traits<char> >::uflow()
00168e38 000000f0 W std::basic_streambuf<char, std::char_traits<char> >::xsgetn(char*, int)
00168f28 00000054 W std::__cxx11::basic_string<char, std::char_traits<char>, std::allocator<char> >::_M_create(unsigned int&, unsigned int)
00168f7c 00000014 W std::__cxx11::basic_string<char, std::char_traits<char>, std::allocator<char> >::_M_dispose()
00168f90 00000094 W std::__cxx11::basic_string<char, std::char_traits<char>, std::allocator<char> >::_M_construct(unsigned int, char)
00169024 000000c8 W std::__cxx11::basic_string<char, std::char_traits<char>, std::allocator<char> >::_M_assign(std::__cxx11::basic_string<char, std::char_traits<char>, std::allocator<char> > const&)
001690ec 00000104 W std::__cxx11::basic_string<char, std::char_traits<char>, std::allocator<char> >::_M_mutate(unsigned int, unsigned int, char const*, unsigned int)
001691f0 00000074 W std::__cxx11::basic_string<char, std::char_traits<char>, std::allocator<char> >::_M_erase(unsigned int, unsigned int)
00169264 00000098 W std::__cxx11::basic_string<char, std::char_traits<char>, std::allocator<char> >::reserve(unsigned int)
001692fc 00000110 W std::__cxx11::basic_string<char, std::char_traits<char>, std::allocator<char> >::_M_replace_aux(unsigned int, unsigned int, unsigned int, char)
0016940c 00000044 W std::__cxx11::basic_string<char, std::char_traits<char>, std::allocator<char> >::resize(unsigned int, char)
00169450 00000140 W std::__cxx11::basic_string<char, std::char_traits<char>, std::allocator<char> >::_M_replace_cold(char*, unsigned int, char const*, unsigned int, unsigned int)
00169590 00000130 W std::__cxx11::basic_string<char, std::char_traits<char>, std::allocator<char> >::_M_replace(unsigned int, unsigned int, char const*, unsigned int)
001696c0 00000090 W std::__cxx11::basic_string<char, std::char_traits<char>, std::allocator<char> >::_M_append(char const*, unsigned int)
00169750 00000088 W std::__cxx11::basic_string<char, std::char_traits<char>, std::allocator<char> >::copy(char*, unsigned int, unsigned int) const
001697d8 00000188 W std::__cxx11::basic_string<char, std::char_traits<char>, std::allocator<char> >::swap(std::__cxx11::basic_string<char, std::char_traits<char>, std::allocator<char> >&)
00169960 00000048 W std::__cxx11::basic_string<char, std::char_traits<char>, std::allocator<char> >::rfind(char, unsigned int) const
001699a8 00000064 W std::__cxx11::basic_string<char, std::char_traits<char>, std::allocator<char> >::find_last_of(char const*, unsigned int, unsigned int) const
00169a0c 0000005c W std::__cxx11::basic_string<char, std::char_traits<char>, std::allocator<char> >::find_first_not_of(char, unsigned int) const
00169a68 0000000c t (anonymous namespace)::generic_error_category::name() const
00169a74 00000020 t (anonymous namespace)::generic_error_category::equivalent(int, std::error_condition const&) const
00169a94 00000004 t (anonymous namespace)::generic_error_category::~generic_error_category()
00169a94 00000004 t (anonymous namespace)::generic_error_category::~generic_error_category()
00169a98 000000cc t (anonymous namespace)::system_error_category::default_error_condition(int) const
00169b64 0000000c T std::_V2::error_category::default_error_condition(int) const
00169b70 00000020 T std::_V2::error_category::equivalent(std::error_code const&, int) const
00169b90 0000010c t (anonymous namespace)::strerror_string(int)
00169c9c 00000020 t (anonymous namespace)::system_error_category::message[abi:cxx11](int) const
00169c9c 00000020 t (anonymous namespace)::generic_error_category::message[abi:cxx11](int) const
00169cbc 0000001c t (anonymous namespace)::generic_error_category::~generic_error_category()
00169cd8 00000020 T std::system_error::~system_error()
00169cd8 00000020 T std::system_error::~system_error()
00169cf8 00000028 T std::system_error::~system_error()
00169d20 00000078 T std::_V2::error_category::_M_message[abi:cxx11](int) const
00169d98 00000134 T std::_V2::error_category::equivalent(int, std::error_condition const&) const
00169ecc 000000c0 T std::__throw_system_error(int)
00169f8c 00000004 T std::_V2::error_category::~error_category()
00169f8c 00000004 T std::_V2::error_category::~error_category()
00169f90 0000000c T std::_V2::generic_category()
00169f9c 0000000c W std::moneypunct<wchar_t, false>::do_decimal_point() const
00169fa8 0000000c W std::moneypunct<wchar_t, false>::do_thousands_sep() const
00169fb4 0000000c W std::moneypunct<wchar_t, false>::do_frac_digits() const
00169fc0 00000014 W std::moneypunct<wchar_t, false>::do_pos_format() const
00169fd4 00000014 W std::moneypunct<wchar_t, false>::do_neg_format() const
00169fe8 0000000c W std::moneypunct<wchar_t, true>::do_decimal_point() const
00169ff4 0000000c W std::moneypunct<wchar_t, true>::do_thousands_sep() const
0016a000 0000000c W std::moneypunct<wchar_t, true>::do_frac_digits() const
0016a00c 00000014 W std::moneypunct<wchar_t, true>::do_pos_format() const
0016a020 00000014 W std::moneypunct<wchar_t, true>::do_neg_format() const
0016a034 0000000c W std::numpunct<wchar_t>::do_decimal_point() const
0016a040 0000000c W std::numpunct<wchar_t>::do_thousands_sep() const
0016a04c 00000008 W std::time_get<wchar_t, std::istreambuf_iterator<wchar_t, std::char_traits<wchar_t> > >::do_date_order() const
0016a054 00000008 W std::messages<wchar_t>::do_open(std::string const&, std::locale const&) const
0016a05c 00000004 W std::messages<wchar_t>::do_close(int) const
0016a060 00000020 W std::collate<wchar_t>::do_hash(wchar_t const*, wchar_t const*) const
0016a080 00000020 W std::num_get<wchar_t, std::istreambuf_iterator<wchar_t, std::char_traits<wchar_t> > >::~num_get()
0016a080 00000020 W std::num_get<wchar_t, std::istreambuf_iterator<wchar_t, std::char_traits<wchar_t> > >::~num_get()
0016a0a0 00000020 W std::num_put<wchar_t, std::ostreambuf_iterator<wchar_t, std::char_traits<wchar_t> > >::~num_put()
0016a0a0 00000020 W std::num_put<wchar_t, std::ostreambuf_iterator<wchar_t, std::char_traits<wchar_t> > >::~num_put()
0016a0c0 00000020 W std::money_get<wchar_t, std::istreambuf_iterator<wchar_t, std::char_traits<wchar_t> > >::~money_get()
0016a0c0 00000020 W std::money_get<wchar_t, std::istreambuf_iterator<wchar_t, std::char_traits<wchar_t> > >::~money_get()
0016a0e0 00000020 W std::money_put<wchar_t, std::ostreambuf_iterator<wchar_t, std::char_traits<wchar_t> > >::~money_put()
0016a0e0 00000020 W std::money_put<wchar_t, std::ostreambuf_iterator<wchar_t, std::char_traits<wchar_t> > >::~money_put()
0016a100 00000020 W std::__timepunct_cache<wchar_t>::~__timepunct_cache()
0016a100 00000020 W std::__timepunct_cache<wchar_t>::~__timepunct_cache()
0016a120 00000020 W std::time_put<wchar_t, std::ostreambuf_iterator<wchar_t, std::char_traits<wchar_t> > >::~time_put()
0016a120 00000020 W std::time_put<wchar_t, std::ostreambuf_iterator<wchar_t, std::char_traits<wchar_t> > >::~time_put()
0016a140 00000020 W std::time_get<wchar_t, std::istreambuf_iterator<wchar_t, std::char_traits<wchar_t> > >::~time_get()
0016a140 00000020 W std::time_get<wchar_t, std::istreambuf_iterator<wchar_t, std::char_traits<wchar_t> > >::~time_get()
0016a160 00000028 W std::num_get<wchar_t, std::istreambuf_iterator<wchar_t, std::char_traits<wchar_t> > >::~num_get()
0016a188 00000028 W std::num_put<wchar_t, std::ostreambuf_iterator<wchar_t, std::char_traits<wchar_t> > >::~num_put()
0016a1b0 00000028 W std::money_get<wchar_t, std::istreambuf_iterator<wchar_t, std::char_traits<wchar_t> > >::~money_get()
0016a1d8 00000028 W std::money_put<wchar_t, std::ostreambuf_iterator<wchar_t, std::char_traits<wchar_t> > >::~money_put()
0016a200 0000001c W std::__timepunct_cache<wchar_t>::~__timepunct_cache()
0016a21c 00000028 W std::time_put<wchar_t, std::ostreambuf_iterator<wchar_t, std::char_traits<wchar_t> > >::~time_put()
0016a244 00000028 W std::time_get<wchar_t, std::istreambuf_iterator<wchar_t, std::char_traits<wchar_t> > >::~time_get()
0016a26c 00000070 W std::__moneypunct_cache<wchar_t, false>::~__moneypunct_cache()
0016a26c 00000070 W std::__moneypunct_cache<wchar_t, false>::~__moneypunct_cache()
0016a2dc 0000001c W std::__moneypunct_cache<wchar_t, false>::~__moneypunct_cache()
0016a2f8 00000070 W std::__moneypunct_cache<wchar_t, true>::~__moneypunct_cache()
0016a2f8 00000070 W std::__moneypunct_cache<wchar_t, true>::~__moneypunct_cache()
0016a368 0000001c W std::__moneypunct_cache<wchar_t, true>::~__moneypunct_cache()
0016a384 00000060 W std::__numpunct_cache<wchar_t>::~__numpunct_cache()
0016a384 00000060 W std::__numpunct_cache<wchar_t>::~__numpunct_cache()
0016a3e4 0000001c W std::__numpunct_cache<wchar_t>::~__numpunct_cache()
0016a400 00000028 W std::messages<wchar_t>::~messages()
0016a400 00000028 W std::messages<wchar_t>::~messages()
0016a428 0000001c W std::messages<wchar_t>::~messages()
0016a444 00000028 W std::collate<wchar_t>::~collate()
0016a444 00000028 W std::collate<wchar_t>::~collate()
0016a46c 00000060 W std::__timepunct<wchar_t>::~__timepunct()
0016a46c 00000060 W std::__timepunct<wchar_t>::~__timepunct()
0016a4cc 0000001c W std::__timepunct<wchar_t>::~__timepunct()
0016a4e8 00000028 t std::basic_streambuf<wchar_t, std::char_traits<wchar_t> >::sbumpc() [clone .isra.0]
0016a510 00000058 t std::basic_string<wchar_t, std::char_traits<wchar_t>, std::allocator<wchar_t> >::~basic_string() [clone .isra.0]
0016a568 000000c0 t wchar_t* std::basic_string<wchar_t, std::char_traits<wchar_t>, std::allocator<wchar_t> >::_S_construct<wchar_t const*>(wchar_t const*, wchar_t const*, std::allocator<wchar_t> const&, std::forward_iterator_tag) [clone .isra.0]
0016a628 00000058 t std::basic_string<char, std::char_traits<char>, std::allocator<char> >::~basic_string() [clone .isra.0]
0016a680 00000030 W std::collate<wchar_t>::~collate()
0016a6b0 000000cc W std::moneypunct<wchar_t, false>::do_grouping() const
0016a77c 000000cc W std::moneypunct<wchar_t, true>::do_grouping() const
0016a848 000000cc W std::numpunct<wchar_t>::do_grouping() const
0016a914 00000168 W std::collate<wchar_t>::do_compare(wchar_t const*, wchar_t const*, wchar_t const*, wchar_t const*) const
0016aa7c 00000130 W std::time_put<wchar_t, std::ostreambuf_iterator<wchar_t, std::char_traits<wchar_t> > >::do_put(std::ostreambuf_iterator<wchar_t, std::char_traits<wchar_t> >, std::ios_base&, wchar_t, tm const*, char, char) const
0016abac 000000d4 W std::moneypunct<wchar_t, false>::do_curr_symbol() const
0016ac80 000000d4 W std::moneypunct<wchar_t, false>::do_positive_sign() const
0016ad54 000000d4 W std::moneypunct<wchar_t, false>::do_negative_sign() const
0016ae28 000000d4 W std::moneypunct<wchar_t, true>::do_curr_symbol() const
0016aefc 000000d4 W std::moneypunct<wchar_t, true>::do_positive_sign() const
0016afd0 000000d4 W std::moneypunct<wchar_t, true>::do_negative_sign() const
0016b0a4 000000d4 W std::numpunct<wchar_t>::do_truename() const
0016b178 000000d4 W std::numpunct<wchar_t>::do_falsename() const
0016b24c 000002e0 W std::collate<wchar_t>::do_transform(wchar_t const*, wchar_t const*) const
0016b52c 00000798 W std::__moneypunct_cache<wchar_t, false>::_M_cache(std::locale const&)
0016bcc4 00000798 W std::__moneypunct_cache<wchar_t, true>::_M_cache(std::locale const&)
0016c45c 000004d8 W std::__numpunct_cache<wchar_t>::_M_cache(std::locale const&)
0016c934 000000b8 t std::__use_cache<std::__numpunct_cache<wchar_t> >::operator()(std::locale const&) const [clone .isra.0]
0016c9ec 0000004c W std::__timepunct<wchar_t>::__timepunct(std::__timepunct_cache<wchar_t>*, unsigned int)
0016c9ec 0000004c W std::__timepunct<wchar_t>::__timepunct(std::__timepunct_cache<wchar_t>*, unsigned int)
0016ca38 0000026c W std::time_get<wchar_t, std::istreambuf_iterator<wchar_t, std::char_traits<wchar_t> > >::_M_extract_num(std::istreambuf_iterator<wchar_t, std::char_traits<wchar_t> >, std::istreambuf_iterator<wchar_t, std::char_traits<wchar_t> >, int&, int, int, unsigned int, std::ios_base&, std::_Ios_Iostate&) const
0016cca4 0000003c W std::messages<wchar_t>::messages(unsigned int)
0016cca4 0000003c W std::messages<wchar_t>::messages(unsigned int)
0016cce0 00000178 W wchar_t* std::__add_grouping<wchar_t>(wchar_t*, wchar_t, char const*, unsigned int, wchar_t const*, wchar_t const*)
0016ce58 000000b0 W std::num_put<wchar_t, std::ostreambuf_iterator<wchar_t, std::char_traits<wchar_t> > >::_M_group_float(char const*, unsigned int, wchar_t, wchar_t const*, wchar_t*, wchar_t*, int&) const
0016cf08 00000054 W std::num_put<wchar_t, std::ostreambuf_iterator<wchar_t, std::char_traits<wchar_t> > >::_M_group_int(char const*, unsigned int, wchar_t, std::ios_base&, wchar_t*, wchar_t*, int&) const
0016cf5c 00000628 W std::ostreambuf_iterator<wchar_t, std::char_traits<wchar_t> > std::money_put<wchar_t, std::ostreambuf_iterator<wchar_t, std::char_traits<wchar_t> > >::_M_insert<true>(std::ostreambuf_iterator<wchar_t, std::char_traits<wchar_t> >, std::ios_base&, wchar_t, std::basic_string<wchar_t, std::char_traits<wchar_t>, std::allocator<wchar_t> > const&) const
0016d584 000005c4 W std::ostreambuf_iterator<wchar_t, std::char_traits<wchar_t> > std::money_put<wchar_t, std::ostreambuf_iterator<wchar_t, std::char_traits<wchar_t> > >::_M_insert<false>(std::ostreambuf_iterator<wchar_t, std::char_traits<wchar_t> >, std::ios_base&, wchar_t, std::basic_string<wchar_t, std::char_traits<wchar_t>, std::allocator<wchar_t> > const&) const
0016db48 000001d0 W std::money_put<wchar_t, std::ostreambuf_iterator<wchar_t, std::char_traits<wchar_t> > >::do_put(std::ostreambuf_iterator<wchar_t, std::char_traits<wchar_t> >, bool, std::ios_base&, wchar_t, long double) const
0016dd18 00000054 W std::money_put<wchar_t, std::ostreambuf_iterator<wchar_t, std::char_traits<wchar_t> > >::do_put(std::ostreambuf_iterator<wchar_t, std::char_traits<wchar_t> >, bool, std::ios_base&, wchar_t, std::basic_string<wchar_t, std::char_traits<wchar_t>, std::allocator<wchar_t> > const&) const
0016dd6c 00000220 W std::__pad<wchar_t, std::char_traits<wchar_t> >::_S_pad(std::ios_base&, wchar_t, wchar_t*, wchar_t const*, int, int)
0016df8c 00000034 W std::num_put<wchar_t, std::ostreambuf_iterator<wchar_t, std::char_traits<wchar_t> > >::_M_pad(wchar_t, int, std::ios_base&, wchar_t*, wchar_t const*, int&) const
0016dfc0 0000034c W std::ostreambuf_iterator<wchar_t, std::char_traits<wchar_t> > std::num_put<wchar_t, std::ostreambuf_iterator<wchar_t, std::char_traits<wchar_t> > >::_M_insert_float<double>(std::ostreambuf_iterator<wchar_t, std::char_traits<wchar_t> >, std::ios_base&, wchar_t, char, double) const
0016e30c 0000003c W std::num_put<wchar_t, std::ostreambuf_iterator<wchar_t, std::char_traits<wchar_t> > >::do_put(std::ostreambuf_iterator<wchar_t, std::char_traits<wchar_t> >, std::ios_base&, wchar_t, double) const
0016e348 0000034c W std::ostreambuf_iterator<wchar_t, std::char_traits<wchar_t> > std::num_put<wchar_t, std::ostreambuf_iterator<wchar_t, std::char_traits<wchar_t> > >::_M_insert_float<long double>(std::ostreambuf_iterator<wchar_t, std::char_traits<wchar_t> >, std::ios_base&, wchar_t, char, long double) const
0016e694 0000003c W std::num_put<wchar_t, std::ostreambuf_iterator<wchar_t, std::char_traits<wchar_t> > >::do_put(std::ostreambuf_iterator<wchar_t, std::char_traits<wchar_t> >, std::ios_base&, wchar_t, long double) const
0016e6d0 000000b4 W int std::__int_to_char<wchar_t, unsigned long>(wchar_t*, unsigned long, wchar_t const*, std::_Ios_Fmtflags, bool)
0016e784 00000238 W std::ostreambuf_iterator<wchar_t, std::char_traits<wchar_t> > std::num_put<wchar_t, std::ostreambuf_iterator<wchar_t, std::char_traits<wchar_t> > >::_M_insert_int<long>(std::ostreambuf_iterator<wchar_t, std::char_traits<wchar_t> >, std::ios_base&, wchar_t, long) const
0016e9bc 0000003c W std::num_put<wchar_t, std::ostreambuf_iterator<wchar_t, std::char_traits<wchar_t> > >::do_put(std::ostreambuf_iterator<wchar_t, std::char_traits<wchar_t> >, std::ios_base&, wchar_t, long) const
0016e9f8 000001b8 W std::num_put<wchar_t, std::ostreambuf_iterator<wchar_t, std::char_traits<wchar_t> > >::do_put(std::ostreambuf_iterator<wchar_t, std::char_traits<wchar_t> >, std::ios_base&, wchar_t, bool) const
0016ebb0 000001d4 W std::ostreambuf_iterator<wchar_t, std::char_traits<wchar_t> > std::num_put<wchar_t, std::ostreambuf_iterator<wchar_t, std::char_traits<wchar_t> > >::_M_insert_int<unsigned long>(std::ostreambuf_iterator<wchar_t, std::char_traits<wchar_t> >, std::ios_base&, wchar_t, unsigned long) const
0016ed84 0000003c W std::num_put<wchar_t, std::ostreambuf_iterator<wchar_t, std::char_traits<wchar_t> > >::do_put(std::ostreambuf_iterator<wchar_t, std::char_traits<wchar_t> >, std::ios_base&, wchar_t, unsigned long) const
0016edc0 0000006c W std::num_put<wchar_t, std::ostreambuf_iterator<wchar_t, std::char_traits<wchar_t> > >::do_put(std::ostreambuf_iterator<wchar_t, std::char_traits<wchar_t> >, std::ios_base&, wchar_t, void const*) const
0016ee2c 00000118 W int std::__int_to_char<wchar_t, unsigned long long>(wchar_t*, unsigned long long, wchar_t const*, std::_Ios_Fmtflags, bool)
0016ef44 00000258 W std::ostreambuf_iterator<wchar_t, std::char_traits<wchar_t> > std::num_put<wchar_t, std::ostreambuf_iterator<wchar_t, std::char_traits<wchar_t> > >::_M_insert_int<long long>(std::ostreambuf_iterator<wchar_t, std::char_traits<wchar_t> >, std::ios_base&, wchar_t, long long) const
0016f19c 0000003c W std::num_put<wchar_t, std::ostreambuf_iterator<wchar_t, std::char_traits<wchar_t> > >::do_put(std::ostreambuf_iterator<wchar_t, std::char_traits<wchar_t> >, std::ios_base&, wchar_t, long long) const
0016f1d8 000001f8 W std::ostreambuf_iterator<wchar_t, std::char_traits<wchar_t> > std::num_put<wchar_t, std::ostreambuf_iterator<wchar_t, std::char_traits<wchar_t> > >::_M_insert_int<unsigned long long>(std::ostreambuf_iterator<wchar_t, std::char_traits<wchar_t> >, std::ios_base&, wchar_t, unsigned long long) const
0016f3d0 0000003c W std::num_put<wchar_t, std::ostreambuf_iterator<wchar_t, std::char_traits<wchar_t> > >::do_put(std::ostreambuf_iterator<wchar_t, std::char_traits<wchar_t> >, std::ios_base&, wchar_t, unsigned long long) const
0016f40c 000000fc W std::istreambuf_iterator<wchar_t, std::char_traits<wchar_t> >::equal(std::istreambuf_iterator<wchar_t, std::char_traits<wchar_t> > const&) const
0016f508 0000007c W std::istreambuf_iterator<wchar_t, std::char_traits<wchar_t> >::_M_get() const
0016f584 00000d40 W std::num_get<wchar_t, std::istreambuf_iterator<wchar_t, std::char_traits<wchar_t> > >::_M_extract_float(std::istreambuf_iterator<wchar_t, std::char_traits<wchar_t> >, std::istreambuf_iterator<wchar_t, std::char_traits<wchar_t> >, std::ios_base&, std::_Ios_Iostate&, std::string&) const
001702c4 000001dc W std::num_get<wchar_t, std::istreambuf_iterator<wchar_t, std::char_traits<wchar_t> > >::do_get(std::istreambuf_iterator<wchar_t, std::char_traits<wchar_t> >, std::istreambuf_iterator<wchar_t, std::char_traits<wchar_t> >, std::ios_base&, std::_Ios_Iostate&, float&) const
001704a0 000001dc W std::num_get<wchar_t, std::istreambuf_iterator<wchar_t, std::char_traits<wchar_t> > >::do_get(std::istreambuf_iterator<wchar_t, std::char_traits<wchar_t> >, std::istreambuf_iterator<wchar_t, std::char_traits<wchar_t> >, std::ios_base&, std::_Ios_Iostate&, double&) const
0017067c 000001dc W std::num_get<wchar_t, std::istreambuf_iterator<wchar_t, std::char_traits<wchar_t> > >::do_get(std::istreambuf_iterator<wchar_t, std::char_traits<wchar_t> >, std::istreambuf_iterator<wchar_t, std::char_traits<wchar_t> >, std::ios_base&, std::_Ios_Iostate&, long double&) const
00170858 0000099c W std::istreambuf_iterator<wchar_t, std::char_traits<wchar_t> > std::num_get<wchar_t, std::istreambuf_iterator<wchar_t, std::char_traits<wchar_t> > >::_M_extract_int<long>(std::istreambuf_iterator<wchar_t, std::char_traits<wchar_t> >, std::istreambuf_iterator<wchar_t, std::char_traits<wchar_t> >, std::ios_base&, std::_Ios_Iostate&, long&) const
001711f4 00000514 W std::num_get<wchar_t, std::istreambuf_iterator<wchar_t, std::char_traits<wchar_t> > >::do_get(std::istreambuf_iterator<wchar_t, std::char_traits<wchar_t> >, std::istreambuf_iterator<wchar_t, std::char_traits<wchar_t> >, std::ios_base&, std::_Ios_Iostate&, bool&) const
00171708 00000048 W std::num_get<wchar_t, std::istreambuf_iterator<wchar_t, std::char_traits<wchar_t> > >::do_get(std::istreambuf_iterator<wchar_t, std::char_traits<wchar_t> >, std::istreambuf_iterator<wchar_t, std::char_traits<wchar_t> >, std::ios_base&, std::_Ios_Iostate&, long&) const
00171750 00000a64 W std::istreambuf_iterator<wchar_t, std::char_traits<wchar_t> > std::num_get<wchar_t, std::istreambuf_iterator<wchar_t, std::char_traits<wchar_t> > >::_M_extract_int<unsigned short>(std::istreambuf_iterator<wchar_t, std::char_traits<wchar_t> >, std::istreambuf_iterator<wchar_t, std::char_traits<wchar_t> >, std::ios_base&, std::_Ios_Iostate&, unsigned short&) const
001721b4 00000048 W std::num_get<wchar_t, std::istreambuf_iterator<wchar_t, std::char_traits<wchar_t> > >::do_get(std::istreambuf_iterator<wchar_t, std::char_traits<wchar_t> >, std::istreambuf_iterator<wchar_t, std::char_traits<wchar_t> >, std::ios_base&, std::_Ios_Iostate&, unsigned short&) const
001721fc 00000a08 W std::istreambuf_iterator<wchar_t, std::char_traits<wchar_t> > std::num_get<wchar_t, std::istreambuf_iterator<wchar_t, std::char_traits<wchar_t> > >::_M_extract_int<unsigned int>(std::istreambuf_iterator<wchar_t, std::char_traits<wchar_t> >, std::istreambuf_iterator<wchar_t, std::char_traits<wchar_t> >, std::ios_base&, std::_Ios_Iostate&, unsigned int&) const
00172c04 00000048 W std::num_get<wchar_t, std::istreambuf_iterator<wchar_t, std::char_traits<wchar_t> > >::do_get(std::istreambuf_iterator<wchar_t, std::char_traits<wchar_t> >, std::istreambuf_iterator<wchar_t, std::char_traits<wchar_t> >, std::ios_base&, std::_Ios_Iostate&, unsigned int&) const
00172c4c 00000a08 W std::istreambuf_iterator<wchar_t, std::char_traits<wchar_t> > std::num_get<wchar_t, std::istreambuf_iterator<wchar_t, std::char_traits<wchar_t> > >::_M_extract_int<unsigned long>(std::istreambuf_iterator<wchar_t, std::char_traits<wchar_t> >, std::istreambuf_iterator<wchar_t, std::char_traits<wchar_t> >, std::ios_base&, std::_Ios_Iostate&, unsigned long&) const
00173654 00000048 W std::num_get<wchar_t, std::istreambuf_iterator<wchar_t, std::char_traits<wchar_t> > >::do_get(std::istreambuf_iterator<wchar_t, std::char_traits<wchar_t> >, std::istreambuf_iterator<wchar_t, std::char_traits<wchar_t> >, std::ios_base&, std::_Ios_Iostate&, unsigned long&) const
0017369c 0000007c W std::num_get<wchar_t, std::istreambuf_iterator<wchar_t, std::char_traits<wchar_t> > >::do_get(std::istreambuf_iterator<wchar_t, std::char_traits<wchar_t> >, std::istreambuf_iterator<wchar_t, std::char_traits<wchar_t> >, std::ios_base&, std::_Ios_Iostate&, void*&) const
00173718 00000a34 W std::istreambuf_iterator<wchar_t, std::char_traits<wchar_t> > std::num_get<wchar_t, std::istreambuf_iterator<wchar_t, std::char_traits<wchar_t> > >::_M_extract_int<long long>(std::istreambuf_iterator<wchar_t, std::char_traits<wchar_t> >, std::istreambuf_iterator<wchar_t, std::char_traits<wchar_t> >, std::ios_base&, std::_Ios_Iostate&, long long&) const
0017414c 00000048 W std::num_get<wchar_t, std::istreambuf_iterator<wchar_t, std::char_traits<wchar_t> > >::do_get(std::istreambuf_iterator<wchar_t, std::char_traits<wchar_t> >, std::istreambuf_iterator<wchar_t, std::char_traits<wchar_t> >, std::ios_base&, std::_Ios_Iostate&, long long&) const
00174194 00000af0 W std::istreambuf_iterator<wchar_t, std::char_traits<wchar_t> > std::num_get<wchar_t, std::istreambuf_iterator<wchar_t, std::char_traits<wchar_t> > >::_M_extract_int<unsigned long long>(std::istreambuf_iterator<wchar_t, std::char_traits<wchar_t> >, std::istreambuf_iterator<wchar_t, std::char_traits<wchar_t> >, std::ios_base&, std::_Ios_Iostate&, unsigned long long&) const
00174c84 00000048 W std::num_get<wchar_t, std::istreambuf_iterator<wchar_t, std::char_traits<wchar_t> > >::do_get(std::istreambuf_iterator<wchar_t, std::char_traits<wchar_t> >, std::istreambuf_iterator<wchar_t, std::char_traits<wchar_t> >, std::ios_base&, std::_Ios_Iostate&, unsigned long long&) const
00174ccc 000002f4 W std::time_get<wchar_t, std::istreambuf_iterator<wchar_t, std::char_traits<wchar_t> > >::do_get_year(std::istreambuf_iterator<wchar_t, std::char_traits<wchar_t> >, std::istreambuf_iterator<wchar_t, std::char_traits<wchar_t> >, std::ios_base&, std::_Ios_Iostate&, tm*) const
00174fc0 00000af0 W std::time_get<wchar_t, std::istreambuf_iterator<wchar_t, std::char_traits<wchar_t> > >::_M_extract_name(std::istreambuf_iterator<wchar_t, std::char_traits<wchar_t> >, std::istreambuf_iterator<wchar_t, std::char_traits<wchar_t> >, int&, wchar_t const**, unsigned int, std::ios_base&, std::_Ios_Iostate&) const
00175ab0 000005b4 W std::time_get<wchar_t, std::istreambuf_iterator<wchar_t, std::char_traits<wchar_t> > >::_M_extract_wday_or_month(std::istreambuf_iterator<wchar_t, std::char_traits<wchar_t> >, std::istreambuf_iterator<wchar_t, std::char_traits<wchar_t> >, int&, wchar_t const**, unsigned int, std::ios_base&, std::_Ios_Iostate&) const
00175bd1 N 
00175bd1 N 
00175bd1 N 
00175bd1 N 
00175bd1 N 
00175bd1 N 
00175bd1 N 
00175bd1 N 
00175bd1 N 
00175bd1 N 
00175bd1 N 
00175bd1 N 
00175bd1 N 
00175bd1 N 
00175bd1 N 
00175bd1 N 
00175bd1 N 
00175bd1 N 
00175bd1 N 
00175bd1 N 
00175bd1 N 
00175bd1 N 
00175bd1 N 
00175bd1 N 
00175bd1 N 
00175bd1 N 
00175bd1 N 
00175bd1 N 
00175bd1 N 
00175bd1 N 
00175bd1 N 
00175bd1 W KoreanFFFEMemoryRule.cpp.dc880c21
00176064 00000258 W std::time_get<wchar_t, std::istreambuf_iterator<wchar_t, std::char_traits<wchar_t> > >::do_get_weekday(std::istreambuf_iterator<wchar_t, std::char_traits<wchar_t> >, std::istreambuf_iterator<wchar_t, std::char_traits<wchar_t> >, std::ios_base&, std::_Ios_Iostate&, tm*) const
001762bc 000002d0 W std::time_get<wchar_t, std::istreambuf_iterator<wchar_t, std::char_traits<wchar_t> > >::do_get_monthname(std::istreambuf_iterator<wchar_t, std::char_traits<wchar_t> >, std::istreambuf_iterator<wchar_t, std::char_traits<wchar_t> >, std::ios_base&, std::_Ios_Iostate&, tm*) const
0017658c 000016e4 W std::time_get<wchar_t, std::istreambuf_iterator<wchar_t, std::char_traits<wchar_t> > >::_M_extract_via_format(std::istreambuf_iterator<wchar_t, std::char_traits<wchar_t> >, std::istreambuf_iterator<wchar_t, std::char_traits<wchar_t> >, std::ios_base&, std::_Ios_Iostate&, tm*, wchar_t const*, std::__time_get_state&) const
0017658c 000016e4 t std::time_get<wchar_t, std::istreambuf_iterator<wchar_t, std::char_traits<wchar_t> > >::_M_extract_via_format(std::istreambuf_iterator<wchar_t, std::char_traits<wchar_t> >, std::istreambuf_iterator<wchar_t, std::char_traits<wchar_t> >, std::ios_base&, std::_Ios_Iostate&, tm*, wchar_t const*, std::__time_get_state&) const [clone .localalias]
00177c70 000001d0 W std::time_get<wchar_t, std::istreambuf_iterator<wchar_t, std::char_traits<wchar_t> > >::do_get_time(std::istreambuf_iterator<wchar_t, std::char_traits<wchar_t> >, std::istreambuf_iterator<wchar_t, std::char_traits<wchar_t> >, std::ios_base&, std::_Ios_Iostate&, tm*) const
00177e40 000001d0 W std::time_get<wchar_t, std::istreambuf_iterator<wchar_t, std::char_traits<wchar_t> > >::do_get_date(std::istreambuf_iterator<wchar_t, std::char_traits<wchar_t> >, std::istreambuf_iterator<wchar_t, std::char_traits<wchar_t> >, std::ios_base&, std::_Ios_Iostate&, tm*) const
00178010 0000103c W std::istreambuf_iterator<wchar_t, std::char_traits<wchar_t> > std::money_get<wchar_t, std::istreambuf_iterator<wchar_t, std::char_traits<wchar_t> > >::_M_extract<true>(std::istreambuf_iterator<wchar_t, std::char_traits<wchar_t> >, std::istreambuf_iterator<wchar_t, std::char_traits<wchar_t> >, std::ios_base&, std::_Ios_Iostate&, std::string&) const
0017904c 0000103c W std::istreambuf_iterator<wchar_t, std::char_traits<wchar_t> > std::money_get<wchar_t, std::istreambuf_iterator<wchar_t, std::char_traits<wchar_t> > >::_M_extract<false>(std::istreambuf_iterator<wchar_t, std::char_traits<wchar_t> >, std::istreambuf_iterator<wchar_t, std::char_traits<wchar_t> >, std::ios_base&, std::_Ios_Iostate&, std::string&) const
0017a088 000000fc W std::money_get<wchar_t, std::istreambuf_iterator<wchar_t, std::char_traits<wchar_t> > >::do_get(std::istreambuf_iterator<wchar_t, std::char_traits<wchar_t> >, std::istreambuf_iterator<wchar_t, std::char_traits<wchar_t> >, bool, std::ios_base&, std::_Ios_Iostate&, long double&) const
0017a184 00000190 W std::money_get<wchar_t, std::istreambuf_iterator<wchar_t, std::char_traits<wchar_t> > >::do_get(std::istreambuf_iterator<wchar_t, std::char_traits<wchar_t> >, std::istreambuf_iterator<wchar_t, std::char_traits<wchar_t> >, bool, std::ios_base&, std::_Ios_Iostate&, std::basic_string<wchar_t, std::char_traits<wchar_t>, std::allocator<wchar_t> >&) const
0017a314 000000f4 t _GLOBAL__sub_I__ZNSt12ctype_bynameIwEC2ERKSsj
0017a408 0000005c W std::__cxx11::basic_string<wchar_t, std::char_traits<wchar_t>, std::allocator<wchar_t> >::_M_create(unsigned int&, unsigned int)
0017a464 00000014 W std::__cxx11::basic_string<wchar_t, std::char_traits<wchar_t>, std::allocator<wchar_t> >::_M_dispose()
0017a478 00000090 W std::__cxx11::basic_string<wchar_t, std::char_traits<wchar_t>, std::allocator<wchar_t> >::_M_construct(unsigned int, wchar_t)
0017a508 00000104 W std::__cxx11::basic_string<wchar_t, std::char_traits<wchar_t>, std::allocator<wchar_t> >::_M_mutate(unsigned int, unsigned int, wchar_t const*, unsigned int)
0017a60c 0000009c W std::__cxx11::basic_string<wchar_t, std::char_traits<wchar_t>, std::allocator<wchar_t> >::reserve(unsigned int)
0017a6a8 00000108 W std::__cxx11::basic_string<wchar_t, std::char_traits<wchar_t>, std::allocator<wchar_t> >::_M_replace_aux(unsigned int, unsigned int, unsigned int, wchar_t)
0017a7b0 00000044 W std::__cxx11::basic_string<wchar_t, std::char_traits<wchar_t>, std::allocator<wchar_t> >::resize(unsigned int, wchar_t)
0017a7f4 00000144 W std::__cxx11::basic_string<wchar_t, std::char_traits<wchar_t>, std::allocator<wchar_t> >::_M_replace_cold(wchar_t*, unsigned int, wchar_t const*, unsigned int, unsigned int)
0017a938 00000130 W std::__cxx11::basic_string<wchar_t, std::char_traits<wchar_t>, std::allocator<wchar_t> >::_M_replace(unsigned int, unsigned int, wchar_t const*, unsigned int)
0017aa68 0000008c W std::__cxx11::basic_string<wchar_t, std::char_traits<wchar_t>, std::allocator<wchar_t> >::_M_append(wchar_t const*, unsigned int)
0017aaf4 00000088 W std::__cxx11::basic_string<wchar_t, std::char_traits<wchar_t>, std::allocator<wchar_t> >::copy(wchar_t*, unsigned int, unsigned int) const
0017ab7c 000000a8 W void std::__cxx11::basic_string<wchar_t, std::char_traits<wchar_t>, std::allocator<wchar_t> >::_M_construct<true>(wchar_t const*, unsigned int)
0017ac24 0000000c T std::bad_alloc::what() const
0017ac30 00000020 T std::bad_alloc::~bad_alloc()
0017ac30 00000020 T std::bad_alloc::~bad_alloc()
0017ac50 0000002c T std::bad_alloc::~bad_alloc()
0017ac7c 0000000c T std::bad_array_new_length::what() const
0017ac88 00000020 T std::bad_array_new_length::~bad_array_new_length()
0017ac88 00000020 T std::bad_array_new_length::~bad_array_new_length()
0017aca8 0000002c T std::bad_array_new_length::~bad_array_new_length()
0017acd4 0000000c T std::bad_cast::what() const
0017ace0 00000020 T std::bad_cast::~bad_cast()
0017ace0 00000020 T std::bad_cast::~bad_cast()
0017ad00 0000002c T std::bad_cast::~bad_cast()
0017ad2c 00000014 T __cxxabiv1::__class_type_info::__do_find_public_src(int, void const*, __cxxabiv1::__class_type_info const*, void const*) const
0017ad40 00000020 T __cxxabiv1::__class_type_info::~__class_type_info()
0017ad40 00000020 T __cxxabiv1::__class_type_info::~__class_type_info()
0017ad60 0000002c T __cxxabiv1::__class_type_info::~__class_type_info()
0017ad8c 00000084 T __cxxabiv1::__class_type_info::__do_dyncast(int, __cxxabiv1::__class_type_info::__sub_kind, __cxxabiv1::__class_type_info const*, void const*, __cxxabiv1::__class_type_info const*, void const*, __cxxabiv1::__class_type_info::__dyncast_result&) const
0017ae10 00000038 T __cxxabiv1::__class_type_info::__do_upcast(__cxxabiv1::__class_type_info const*, void const*, __cxxabiv1::__class_type_info::__upcast_result&) const
0017ae48 00000090 T __cxxabiv1::__class_type_info::__do_upcast(__cxxabiv1::__class_type_info const*, void**) const
0017aed8 0000005c T __cxxabiv1::__class_type_info::__do_catch(std::type_info const*, void**, unsigned int) const
0017af34 00000004 T operator delete(void*, unsigned int)
0017af38 00000184 T __dynamic_cast
0017b0bc 000000f4 t (anonymous namespace)::pool::free(void*) [clone .constprop.0]
0017b1b0 000000b8 t (anonymous namespace)::pool::allocate(unsigned int) [clone .constprop.0]
0017b268 00000044 T __cxa_allocate_exception
0017b2ac 00000028 T __cxa_free_exception
0017b2d4 000001a0 t _GLOBAL__sub_I__ZN9__gnu_cxx9__freeresEv
0017b474 00000018 t _GLOBAL__sub_D__ZN9__gnu_cxx9__freeresEv
0017b48c T __cxa_end_cleanup
0017b49c 00000138 T __cxa_type_match
0017b5d4 000000b4 T __cxa_begin_cleanup
0017b688 000000b0 T __gnu_end_cleanup
0017b738 0000002c T __cxa_throw_bad_array_new_length
0017b764 00000070 t __cxxabiv1::__is_gxx_exception_class(char*)
0017b7d4 0000002c T __cxa_call_terminate
0017b800 0000014c T __cxa_call_unexpected
0017b94c 000000e0 T __cxa_begin_catch
0017ba2c 000000e0 T __cxa_end_catch
0017bb0c 00000018 T std::uncaught_exception()
0017bb24 00000004 T std::exception::~exception()
0017bb24 00000004 T std::exception::~exception()
0017bb28 00000004 T std::bad_exception::~bad_exception()
0017bb28 00000004 T std::bad_exception::~bad_exception()
0017bb2c 0000000c T transaction clone for std::bad_exception::what() const
0017bb2c 0000000c T std::bad_exception::what() const
0017bb38 00000020 T std::bad_exception::~bad_exception()
0017bb58 00000038 t eh_globals_dtor(void*)
0017bb90 00000038 T __cxa_get_globals_fast
0017bbc8 00000090 T __cxa_get_globals
0017bc58 00000030 t _GLOBAL__sub_I__ZN17__eh_globals_init7_S_initE
0017bc88 00000034 t _GLOBAL__sub_D__ZN17__eh_globals_init7_S_initE
0017bcbc 00000150 t read_encoded_value_with_base(unsigned char, unsigned int, unsigned char const*, unsigned int*)
0017be0c 00000058 t base_of_encoded_value(unsigned char, _Unwind_Context*)
0017be64 000000f0 t parse_lsda_header(_Unwind_Context*, unsigned char const*, lsda_header_info*)
0017bf54 0000074c T __gxx_personality_v0
0017c6a0 00000014 T __cxxabiv1::__terminate(void (*)())
0017c6b4 00000018 T std::terminate()
0017c6cc 0000000c T __cxxabiv1::__unexpected(void (*)())
0017c6d8 00000018 T std::unexpected()
0017c6f0 00000014 T std::get_terminate()
0017c704 00000014 T std::get_unexpected()
0017c718 00000070 t __gxx_exception_cleanup(_Unwind_Reason_Code, _Unwind_Control_Block*)
0017c788 00000080 T __cxa_throw
0017c808 000000b0 T __cxa_rethrow
0017c8b8 0000000c W __gnu_cxx::__concurrence_broadcast_error::what() const
0017c8c4 0000000c W __gnu_cxx::__concurrence_wait_error::what() const
0017c8d0 00000038 t (anonymous namespace)::init()
0017c908 00000024 t (anonymous namespace)::init_static_cond()
0017c92c 00000020 W __gnu_cxx::__concurrence_wait_error::~__concurrence_wait_error()
0017c92c 00000020 W __gnu_cxx::__concurrence_wait_error::~__concurrence_wait_error()
0017c94c 0000002c W __gnu_cxx::__concurrence_wait_error::~__concurrence_wait_error()
0017c978 00000020 W __gnu_cxx::__concurrence_broadcast_error::~__concurrence_broadcast_error()
0017c978 00000020 W __gnu_cxx::__concurrence_broadcast_error::~__concurrence_broadcast_error()
0017c998 0000002c W __gnu_cxx::__concurrence_broadcast_error::~__concurrence_broadcast_error()
0017c9c4 0000002c W __gnu_cxx::__throw_concurrence_broadcast_error()
0017c9f0 00000124 T __cxa_guard_acquire
0017cb14 0000008c T __cxa_guard_release
0017cba0 00000014 T std::get_new_handler()
0017cbb4 0000001c T operator new[](unsigned int, std::nothrow_t const&)
0017cbd0 00000020 T __cxxabiv1::__si_class_type_info::~__si_class_type_info()
0017cbd0 00000020 T __cxxabiv1::__si_class_type_info::~__si_class_type_info()
0017cbf0 0000002c T __cxxabiv1::__si_class_type_info::~__si_class_type_info()
0017cc1c 0000006c T __cxxabiv1::__si_class_type_info::__do_find_public_src(int, void const*, __cxxabiv1::__class_type_info const*, void const*) const
0017cc88 000000e4 T __cxxabiv1::__si_class_type_info::__do_dyncast(int, __cxxabiv1::__class_type_info::__sub_kind, __cxxabiv1::__class_type_info const*, void const*, __cxxabiv1::__class_type_info const*, void const*, __cxxabiv1::__class_type_info::__dyncast_result&) const
0017cd6c 00000044 T __cxxabiv1::__si_class_type_info::__do_upcast(__cxxabiv1::__class_type_info const*, void const*, __cxxabiv1::__class_type_info::__upcast_result&) const
0017cdb0 00000004 T std::type_info::~type_info()
0017cdb0 00000004 T std::type_info::~type_info()
0017cdb4 00000008 T std::type_info::__is_pointer_p() const
0017cdb4 00000008 T std::type_info::__is_function_p() const
0017cdbc 0000004c T std::type_info::__equal(std::type_info const&) const
0017cdbc 0000004c T std::type_info::operator==(std::type_info const&) const
0017ce08 00000020 T __cxxabiv1::__vmi_class_type_info::~__vmi_class_type_info()
0017ce08 00000020 T __cxxabiv1::__vmi_class_type_info::~__vmi_class_type_info()
0017ce28 0000002c T __cxxabiv1::__vmi_class_type_info::~__vmi_class_type_info()
0017ce54 000000cc T __cxxabiv1::__vmi_class_type_info::__do_find_public_src(int, void const*, __cxxabiv1::__class_type_info const*, void const*) const
0017cf20 000006ac T __cxxabiv1::__vmi_class_type_info::__do_dyncast(int, __cxxabiv1::__class_type_info::__sub_kind, __cxxabiv1::__class_type_info const*, void const*, __cxxabiv1::__class_type_info const*, void const*, __cxxabiv1::__class_type_info::__dyncast_result&) const
0017d5cc 00000264 t __cxxabiv1::__vmi_class_type_info::__do_upcast(__cxxabiv1::__class_type_info const*, void const*, __cxxabiv1::__class_type_info::__upcast_result&) const [clone .part.0]
0017d830 00000038 T __cxxabiv1::__vmi_class_type_info::__do_upcast(__cxxabiv1::__class_type_info const*, void const*, __cxxabiv1::__class_type_info::__upcast_result&) const
0017d868 00000068 t std::(anonymous namespace)::__set_C_locale()
0017d8d0 000000c4 T void std::__convert_to_v<float>(char const*, float&, std::_Ios_Iostate&, int* const&)
0017d998 000000dc T void std::__convert_to_v<double>(char const*, double&, std::_Ios_Iostate&, int* const&)
0017da78 000000d0 T void std::__convert_to_v<long double>(char const*, long double&, std::_Ios_Iostate&, int* const&)
0017db48 00000034 T std::locale::facet::_S_create_c_locale(int*&, char const*, int*)
0017db7c 0000000c T std::locale::facet::_S_destroy_c_locale(int*&)
0017db88 0000001c T std::codecvt<char, char, _mbstate_t>::do_in(_mbstate_t&, char const*, char const*, char const*&, char*, char*, char*&) const
0017db88 0000001c T std::codecvt<char, char, _mbstate_t>::do_out(_mbstate_t&, char const*, char const*, char const*&, char*, char*, char*&) const
0017dba4 00000010 T std::codecvt<char, char, _mbstate_t>::do_unshift(_mbstate_t&, char*, char*, char*&) const
0017dba4 00000010 T std::codecvt<wchar_t, char, _mbstate_t>::do_unshift(_mbstate_t&, char*, char*, char*&) const
0017dbb4 00000008 T std::codecvt<char, char, _mbstate_t>::do_encoding() const
0017dbb4 00000008 T std::codecvt<char, char, _mbstate_t>::do_max_length() const
0017dbbc 00000008 T std::codecvt<char, char, _mbstate_t>::do_always_noconv() const
0017dbc4 00000014 T std::codecvt<char, char, _mbstate_t>::do_length(_mbstate_t&, char const*, char const*, unsigned int) const
0017dbd8 00000008 T std::codecvt<wchar_t, char, _mbstate_t>::do_always_noconv() const
0017dbe0 00000048 T std::codecvt<char, char, _mbstate_t>::~codecvt()
0017dbe0 00000048 T std::codecvt<char, char, _mbstate_t>::~codecvt()
0017dc28 00000048 T std::codecvt<wchar_t, char, _mbstate_t>::~codecvt()
0017dc28 00000048 T std::codecvt<wchar_t, char, _mbstate_t>::~codecvt()
0017dc70 0000005c T std::codecvt<char, char, _mbstate_t>::~codecvt()
0017dccc 0000005c T std::codecvt<wchar_t, char, _mbstate_t>::~codecvt()
0017dd28 00000048 T std::codecvt<char, char, _mbstate_t>::codecvt(unsigned int)
0017dd28 00000048 T std::codecvt<char, char, _mbstate_t>::codecvt(unsigned int)
0017dd70 00000048 T std::codecvt<wchar_t, char, _mbstate_t>::codecvt(unsigned int)
0017dd70 00000048 T std::codecvt<wchar_t, char, _mbstate_t>::codecvt(unsigned int)
0017ddb8 0000015c T std::codecvt<wchar_t, char, _mbstate_t>::do_out(_mbstate_t&, wchar_t const*, wchar_t const*, wchar_t const*&, char*, char*, char*&) const
0017df14 000000c0 T std::codecvt<wchar_t, char, _mbstate_t>::do_in(_mbstate_t&, char const*, char const*, char const*&, wchar_t*, wchar_t*, wchar_t*&) const
0017dfd4 00000028 T std::codecvt<wchar_t, char, _mbstate_t>::do_encoding() const
0017dffc 0000001c T std::codecvt<wchar_t, char, _mbstate_t>::do_max_length() const
0017e018 000000a0 T std::codecvt<wchar_t, char, _mbstate_t>::do_length(_mbstate_t&, char const*, char const*, unsigned int) const
0017e0b8 00000020 T std::__cxx11::collate<char>::_M_compare(char const*, char const*) const
0017e0d8 00000010 T std::__cxx11::collate<char>::_M_transform(char*, char const*, unsigned int) const
0017e0e8 00000020 T std::__cxx11::collate<wchar_t>::_M_compare(wchar_t const*, wchar_t const*) const
0017e108 00000010 T std::__cxx11::collate<wchar_t>::_M_transform(wchar_t*, wchar_t const*, unsigned int) const
0017e118 00000020 T std::collate<char>::_M_compare(char const*, char const*) const
0017e138 00000010 T std::collate<char>::_M_transform(char*, char const*, unsigned int) const
0017e148 00000020 T std::collate<wchar_t>::_M_compare(wchar_t const*, wchar_t const*) const
0017e168 00000010 T std::collate<wchar_t>::_M_transform(wchar_t*, wchar_t const*, unsigned int) const
0017e178 00000048 T std::ios_base::_M_init()
0017e1c0 000000d8 t std::(anonymous namespace)::day_of_the_week(int, int, int)
0017e298 000000e4 T std::__num_base::_S_format_float(std::ios_base const&, char*, char)
0017e37c 000000e0 T std::__verify_grouping_impl(char const*, unsigned int, char const*, unsigned int)
0017e45c 0000000c T std::__verify_grouping(char const*, unsigned int, std::string const&)
0017e468 000006c8 T std::__time_get_state::_M_finalize_state(tm*)
0017eb30 000000cc T std::__cxx11::messages<char>::do_get(int, int, int, std::__cxx11::basic_string<char, std::char_traits<char>, std::allocator<char> > const&) const
0017ebfc 000000c8 T std::__cxx11::messages<wchar_t>::do_get(int, int, int, std::__cxx11::basic_string<wchar_t, std::char_traits<wchar_t>, std::allocator<wchar_t> > const&) const
0017ecc4 00000088 T std::messages<char>::do_get(int, int, int, std::string const&) const
0017ed4c 00000088 T std::messages<wchar_t>::do_get(int, int, int, std::basic_string<wchar_t, std::char_traits<wchar_t>, std::allocator<wchar_t> > const&) const
0017edd4 00000020 T std::__verify_grouping(char const*, unsigned int, std::__cxx11::basic_string<char, std::char_traits<char>, std::allocator<char> > const&)
0017edf4 00000108 T std::__cxx11::moneypunct<char, true>::_M_initialize_moneypunct(int*, char const*)
0017eefc 00000108 T std::__cxx11::moneypunct<char, false>::_M_initialize_moneypunct(int*, char const*)
0017f004 00000048 T std::__cxx11::moneypunct<char, true>::~moneypunct()
0017f004 00000048 T std::__cxx11::moneypunct<char, true>::~moneypunct()
0017f04c 0000005c T std::__cxx11::moneypunct<char, true>::~moneypunct()
0017f0a8 00000048 T std::__cxx11::moneypunct<char, false>::~moneypunct()
0017f0a8 00000048 T std::__cxx11::moneypunct<char, false>::~moneypunct()
0017f0f0 0000005c T std::__cxx11::moneypunct<char, false>::~moneypunct()
0017f14c 00000118 T std::__cxx11::moneypunct<wchar_t, true>::_M_initialize_moneypunct(int*, char const*)
0017f264 00000118 T std::__cxx11::moneypunct<wchar_t, false>::_M_initialize_moneypunct(int*, char const*)
0017f37c 00000048 T std::__cxx11::moneypunct<wchar_t, true>::~moneypunct()
0017f37c 00000048 T std::__cxx11::moneypunct<wchar_t, true>::~moneypunct()
0017f3c4 0000005c T std::__cxx11::moneypunct<wchar_t, true>::~moneypunct()
0017f420 00000048 T std::__cxx11::moneypunct<wchar_t, false>::~moneypunct()
0017f420 00000048 T std::__cxx11::moneypunct<wchar_t, false>::~moneypunct()
0017f468 0000005c T std::__cxx11::moneypunct<wchar_t, false>::~moneypunct()
0017f4c4 00000108 T std::moneypunct<char, true>::_M_initialize_moneypunct(int*, char const*)
0017f5cc 00000108 T std::moneypunct<char, false>::_M_initialize_moneypunct(int*, char const*)
0017f6d4 00000078 T std::moneypunct<char, true>::~moneypunct()
0017f6d4 00000078 T std::moneypunct<char, true>::~moneypunct()
0017f74c 00000028 T std::moneypunct<char, true>::~moneypunct()
0017f774 00000078 T std::moneypunct<char, false>::~moneypunct()
0017f774 00000078 T std::moneypunct<char, false>::~moneypunct()
0017f7ec 00000028 T std::moneypunct<char, false>::~moneypunct()
0017f814 00000118 T std::moneypunct<wchar_t, true>::_M_initialize_moneypunct(int*, char const*)
0017f92c 00000118 T std::moneypunct<wchar_t, false>::_M_initialize_moneypunct(int*, char const*)
0017fa44 00000078 T std::moneypunct<wchar_t, true>::~moneypunct()
0017fa44 00000078 T std::moneypunct<wchar_t, true>::~moneypunct()
0017fabc 00000028 T std::moneypunct<wchar_t, true>::~moneypunct()
0017fae4 00000078 T std::moneypunct<wchar_t, false>::~moneypunct()
0017fae4 00000078 T std::moneypunct<wchar_t, false>::~moneypunct()
0017fb5c 00000028 T std::moneypunct<wchar_t, false>::~moneypunct()
0017fb84 0000011c T std::__cxx11::numpunct<char>::_M_initialize_numpunct(int*)
0017fca0 00000048 T std::__cxx11::numpunct<char>::~numpunct()
0017fca0 00000048 T std::__cxx11::numpunct<char>::~numpunct()
0017fce8 0000005c T std::__cxx11::numpunct<char>::~numpunct()
0017fd44 00000104 T std::__cxx11::numpunct<wchar_t>::_M_initialize_numpunct(int*)
0017fe48 00000048 T std::__cxx11::numpunct<wchar_t>::~numpunct()
0017fe48 00000048 T std::__cxx11::numpunct<wchar_t>::~numpunct()
0017fe90 0000005c T std::__cxx11::numpunct<wchar_t>::~numpunct()
0017feec 0000011c T std::numpunct<char>::_M_initialize_numpunct(int*)
00180008 00000078 T std::numpunct<char>::~numpunct()
00180008 00000078 T std::numpunct<char>::~numpunct()
00180080 00000028 T std::numpunct<char>::~numpunct()
001800a8 00000104 T std::numpunct<wchar_t>::_M_initialize_numpunct(int*)
001801ac 00000078 T std::numpunct<wchar_t>::~numpunct()
001801ac 00000078 T std::numpunct<wchar_t>::~numpunct()
00180224 00000028 T std::numpunct<wchar_t>::~numpunct()
0018024c 00000008 T std::logic_error::what() const
0018024c 00000008 T std::runtime_error::what() const
00180254 00000078 T std::logic_error::~logic_error()
00180254 00000078 T std::logic_error::~logic_error()
001802cc 00000078 T std::runtime_error::~runtime_error()
001802cc 00000078 T std::runtime_error::~runtime_error()
00180344 00000080 T std::runtime_error::~runtime_error()
001803c4 00000078 T std::length_error::~length_error()
001803c4 00000078 T std::length_error::~length_error()
0018043c 00000078 T std::out_of_range::~out_of_range()
0018043c 00000078 T std::out_of_range::~out_of_range()
001804b4 00000080 T std::logic_error::~logic_error()
00180534 00000080 T std::length_error::~length_error()
001805b4 00000080 T std::out_of_range::~out_of_range()
00180634 00000098 T std::__timepunct<char>::_M_put(char*, unsigned int, char const*, tm const*) const
001806cc 00000304 T std::__timepunct<char>::_M_initialize_timepunct(int*)
001809d0 00000098 T std::__timepunct<wchar_t>::_M_put(wchar_t*, unsigned int, wchar_t const*, tm const*) const
00180a68 00000304 T std::__timepunct<wchar_t>::_M_initialize_timepunct(int*)
00180d6c 00000010 T std::__codecvt_utf8_base<char32_t>::do_unshift(_mbstate_t&, char*, char*, char*&) const
00180d6c 00000010 T std::__codecvt_utf8_base<char16_t>::do_unshift(_mbstate_t&, char*, char*, char*&) const
00180d6c 00000010 T std::__codecvt_utf8_base<wchar_t>::do_unshift(_mbstate_t&, char*, char*, char*&) const
00180d6c 00000010 T std::__codecvt_utf16_base<char32_t>::do_unshift(_mbstate_t&, char*, char*, char*&) const
00180d6c 00000010 T std::__codecvt_utf16_base<char16_t>::do_unshift(_mbstate_t&, char*, char*, char*&) const
00180d6c 00000010 T std::__codecvt_utf16_base<wchar_t>::do_unshift(_mbstate_t&, char*, char*, char*&) const
00180d6c 00000010 T std::__codecvt_utf8_utf16_base<char32_t>::do_unshift(_mbstate_t&, char*, char*, char*&) const
00180d6c 00000010 T std::__codecvt_utf8_utf16_base<char16_t>::do_unshift(_mbstate_t&, char*, char*, char*&) const
00180d6c 00000010 T std::__codecvt_utf8_utf16_base<wchar_t>::do_unshift(_mbstate_t&, char*, char*, char*&) const
00180d6c 00000010 T std::codecvt<char32_t, char, _mbstate_t>::do_unshift(_mbstate_t&, char*, char*, char*&) const
00180d6c 00000010 T std::codecvt<char16_t, char, _mbstate_t>::do_unshift(_mbstate_t&, char*, char*, char*&) const
00180d7c 00000008 T std::__codecvt_utf8_base<char32_t>::do_encoding() const
00180d7c 00000008 T std::__codecvt_utf8_base<char16_t>::do_encoding() const
00180d7c 00000008 T std::__codecvt_utf8_base<wchar_t>::do_encoding() const
00180d7c 00000008 T std::__codecvt_utf16_base<char32_t>::do_encoding() const
00180d7c 00000008 T std::__codecvt_utf16_base<char16_t>::do_encoding() const
00180d7c 00000008 T std::__codecvt_utf16_base<wchar_t>::do_encoding() const
00180d7c 00000008 T std::__codecvt_utf8_utf16_base<char32_t>::do_encoding() const
00180d7c 00000008 T std::__codecvt_utf8_utf16_base<char16_t>::do_encoding() const
00180d7c 00000008 T std::__codecvt_utf8_utf16_base<wchar_t>::do_encoding() const
00180d7c 00000008 T std::codecvt<char32_t, char8_t, _mbstate_t>::do_encoding() const
00180d7c 00000008 T std::codecvt<char32_t, char, _mbstate_t>::do_encoding() const
00180d7c 00000008 T std::codecvt<char16_t, char8_t, _mbstate_t>::do_encoding() const
00180d7c 00000008 T std::codecvt<char16_t, char, _mbstate_t>::do_encoding() const
00180d84 00000008 T std::__codecvt_utf8_base<char32_t>::do_always_noconv() const
00180d84 00000008 T std::__codecvt_utf8_base<char16_t>::do_always_noconv() const
00180d84 00000008 T std::__codecvt_utf8_base<wchar_t>::do_always_noconv() const
00180d84 00000008 T std::__codecvt_utf16_base<char32_t>::do_always_noconv() const
00180d84 00000008 T std::__codecvt_utf16_base<char16_t>::do_always_noconv() const
00180d84 00000008 T std::__codecvt_utf16_base<wchar_t>::do_always_noconv() const
00180d84 00000008 T std::__codecvt_utf8_utf16_base<char32_t>::do_always_noconv() const
00180d84 00000008 T std::__codecvt_utf8_utf16_base<char16_t>::do_always_noconv() const
00180d84 00000008 T std::__codecvt_utf8_utf16_base<wchar_t>::do_always_noconv() const
00180d84 00000008 T std::codecvt<char32_t, char8_t, _mbstate_t>::do_always_noconv() const
00180d84 00000008 T std::codecvt<char32_t, char, _mbstate_t>::do_always_noconv() const
00180d84 00000008 T std::codecvt<char16_t, char8_t, _mbstate_t>::do_always_noconv() const
00180d84 00000008 T std::codecvt<char16_t, char, _mbstate_t>::do_always_noconv() const
00180d8c 00000008 T std::codecvt<char32_t, char8_t, _mbstate_t>::do_max_length() const
00180d8c 00000008 T std::codecvt<char32_t, char, _mbstate_t>::do_max_length() const
00180d8c 00000008 T std::codecvt<char16_t, char8_t, _mbstate_t>::do_max_length() const
00180d8c 00000008 T std::codecvt<char16_t, char, _mbstate_t>::do_max_length() const
00180d94 00000010 T std::codecvt<char32_t, char8_t, _mbstate_t>::do_unshift(_mbstate_t&, char8_t*, char8_t*, char8_t*&) const
00180d94 00000010 T std::codecvt<char16_t, char8_t, _mbstate_t>::do_unshift(_mbstate_t&, char8_t*, char8_t*, char8_t*&) const
00180da4 000001c0 t char32_t std::(anonymous namespace)::read_utf8_code_point<char>(std::(anonymous namespace)::range<char const, true>&, unsigned long)
00180f64 000001c0 t char32_t std::(anonymous namespace)::read_utf8_code_point<char8_t>(std::(anonymous namespace)::range<char8_t const, true>&, unsigned long)
00181124 00000020 T std::codecvt<char16_t, char, _mbstate_t>::~codecvt()
00181124 00000020 T std::codecvt<char16_t, char, _mbstate_t>::~codecvt()
00181144 00000020 T std::codecvt<char32_t, char, _mbstate_t>::~codecvt()
00181144 00000020 T std::codecvt<char32_t, char, _mbstate_t>::~codecvt()
00181164 00000020 T std::codecvt<char16_t, char8_t, _mbstate_t>::~codecvt()
00181164 00000020 T std::codecvt<char16_t, char8_t, _mbstate_t>::~codecvt()
00181184 00000020 T std::codecvt<char32_t, char8_t, _mbstate_t>::~codecvt()
00181184 00000020 T std::codecvt<char32_t, char8_t, _mbstate_t>::~codecvt()
001811a4 00000028 T std::codecvt<char16_t, char, _mbstate_t>::~codecvt()
001811cc 00000028 T std::codecvt<char32_t, char, _mbstate_t>::~codecvt()
001811f4 00000028 T std::codecvt<char16_t, char8_t, _mbstate_t>::~codecvt()
0018121c 00000028 T std::codecvt<char32_t, char8_t, _mbstate_t>::~codecvt()
00181244 00000104 t bool std::(anonymous namespace)::write_utf8_code_point<char>(std::(anonymous namespace)::range<char, true>&, char32_t)
00181348 00000104 t bool std::(anonymous namespace)::write_utf8_code_point<char8_t>(std::(anonymous namespace)::range<char8_t, true>&, char32_t) [clone .part.0]
0018144c 000000c8 t std::codecvt_base::result std::(anonymous namespace)::utf16_out<char16_t, char>(std::(anonymous namespace)::range<char16_t const, true>&, std::(anonymous namespace)::range<char, true>&, unsigned long, std::codecvt_mode, std::(anonymous namespace)::surrogates) [clone .part.0]
00181514 00000060 T std::codecvt<char16_t, char, _mbstate_t>::do_out(_mbstate_t&, char16_t const*, char16_t const*, char16_t const*&, char*, char*, char*&) const
00181574 00000060 T std::codecvt<char32_t, char8_t, _mbstate_t>::do_length(_mbstate_t&, char8_t const*, char8_t const*, unsigned int) const
001815d4 0000008c T std::codecvt<char32_t, char8_t, _mbstate_t>::do_in(_mbstate_t&, char8_t const*, char8_t const*, char8_t const*&, char32_t*, char32_t*, char32_t*&) const
00181660 0000009c T std::codecvt<char16_t, char8_t, _mbstate_t>::do_length(_mbstate_t&, char8_t const*, char8_t const*, unsigned int) const
001816fc 000000e4 T std::codecvt<char16_t, char8_t, _mbstate_t>::do_out(_mbstate_t&, char16_t const*, char16_t const*, char16_t const*&, char8_t*, char8_t*, char8_t*&) const
001817e0 00000104 t std::codecvt_base::result std::(anonymous namespace)::utf16_in<char, char16_t>(std::(anonymous namespace)::range<char const, true>&, std::(anonymous namespace)::range<char16_t, true>&, unsigned long, std::codecvt_mode)
001818e4 00000060 T std::codecvt<char16_t, char, _mbstate_t>::do_in(_mbstate_t&, char const*, char const*, char const*&, char16_t*, char16_t*, char16_t*&) const
00181944 000000b4 T std::codecvt<char32_t, char8_t, _mbstate_t>::do_out(_mbstate_t&, char32_t const*, char32_t const*, char32_t const*&, char8_t*, char8_t*, char8_t*&) const
001819f8 00000098 T std::codecvt<char32_t, char, _mbstate_t>::do_out(_mbstate_t&, char32_t const*, char32_t const*, char32_t const*&, char*, char*, char*&) const
00181a90 000000e0 T std::codecvt<char16_t, char8_t, _mbstate_t>::do_in(_mbstate_t&, char8_t const*, char8_t const*, char8_t const*&, char16_t*, char16_t*, char16_t*&) const
00181b70 00000060 T std::codecvt<char32_t, char, _mbstate_t>::do_length(_mbstate_t&, char const*, char const*, unsigned int) const
00181bd0 0000008c T std::codecvt<char32_t, char, _mbstate_t>::do_in(_mbstate_t&, char const*, char const*, char const*&, char32_t*, char32_t*, char32_t*&) const
00181c5c 0000009c T std::codecvt<char16_t, char, _mbstate_t>::do_length(_mbstate_t&, char const*, char const*, unsigned int) const
00181cf8 000006a4 T std::locale::_Impl::_M_init_extra(std::locale::facet**)
0018239c 000000dc T std::logic_error::logic_error(char const*)
0018239c 000000dc T std::logic_error::logic_error(char const*)
00182478 00000020 T std::length_error::length_error(char const*)
00182478 00000020 T std::length_error::length_error(char const*)
00182498 00000020 T std::out_of_range::out_of_range(char const*)
00182498 00000020 T std::out_of_range::out_of_range(char const*)
001824b8 000000dc T std::runtime_error::runtime_error(char const*)
001824b8 000000dc T std::runtime_error::runtime_error(char const*)
00182594 000000c4 T std::__cow_string::__cow_string(char const*, unsigned int)
00182594 000000c4 T std::__cow_string::__cow_string(char const*, unsigned int)
00182658 00000044 T std::ctype<char>::~ctype()
00182658 00000044 T std::ctype<char>::~ctype()
0018269c 00000034 T std::ctype<wchar_t>::~ctype()
0018269c 00000034 T std::ctype<wchar_t>::~ctype()
001826d0 0000003c W std::ctype<char>::do_narrow(char const*, char const*, char, char*) const
0018270c 0000003c T std::ctype<wchar_t>::~ctype()
00182748 0000004c T std::ctype<char>::~ctype()
00182794 00000094 T std::ctype<char>::_M_widen_init() const
00182828 00000058 T std::ctype<wchar_t>::ctype(unsigned int)
00182828 00000058 T std::ctype<wchar_t>::ctype(unsigned int)
00182880 0000001c T std::ctype<char>::do_toupper(char) const
0018289c 00000018 T std::ctype<char>::do_tolower(char) const
001828b4 00000080 T std::ctype<char>::ctype(char const*, bool, unsigned int)
001828b4 00000080 T std::ctype<char>::ctype(char const*, bool, unsigned int)
00182934 0000007c T std::ctype<char>::do_toupper(char*, char const*) const
001829b0 00000078 T std::ctype<char>::do_tolower(char*, char const*) const
00182a28 00000060 T std::ctype<wchar_t>::do_is(char, wchar_t) const
00182a88 000000d4 T std::ctype<wchar_t>::_M_convert_to_wmask(char) const
00182b5c 00000008 T std::ctype<wchar_t>::do_toupper(wchar_t) const
00182b64 00000044 T std::ctype<wchar_t>::do_toupper(wchar_t*, wchar_t const*) const
00182ba8 00000008 T std::ctype<wchar_t>::do_tolower(wchar_t) const
00182bb0 00000044 T std::ctype<wchar_t>::do_tolower(wchar_t*, wchar_t const*) const
00182bf4 00000088 T std::ctype<wchar_t>::do_is(wchar_t const*, wchar_t const*, char*) const
00182c7c 000000d8 T std::ctype<wchar_t>::do_scan_is(char, wchar_t const*, wchar_t const*) const
00182d54 000000d0 T std::ctype<wchar_t>::do_scan_not(char, wchar_t const*, wchar_t const*) const
00182e24 0000000c T std::ctype<wchar_t>::do_widen(char) const
00182e30 0000003c T std::ctype<wchar_t>::do_widen(char const*, char const*, wchar_t*) const
00182e6c 00000040 T std::ctype<wchar_t>::do_narrow(wchar_t, char) const
00182eac 000000b4 T std::ctype<wchar_t>::do_narrow(wchar_t const*, wchar_t const*, char, char*) const
00182f60 000000b0 T std::ctype<wchar_t>::_M_initialize_ctype()
00183010 00000004 T std::ios_base::failure[abi:cxx11]::what() const
00183014 00000020 T std::ios_base::failure[abi:cxx11]::~failure()
00183014 00000020 T std::ios_base::failure[abi:cxx11]::~failure()
00183034 00000028 T std::ios_base::failure[abi:cxx11]::~failure()
0018305c 00000020 T std::__iosfail_type_info::~__iosfail_type_info()
0018305c 00000020 T std::__iosfail_type_info::~__iosfail_type_info()
0018307c 00000028 T std::__iosfail_type_info::~__iosfail_type_info()
001830a4 0000004c T std::__iosfail_type_info::__do_upcast(__cxxabiv1::__class_type_info const*, void**) const
001830f0 00000034 W std::__ios_failure::~__ios_failure()
001830f0 00000034 W std::__ios_failure::~__ios_failure()
00183124 0000003c W std::__ios_failure::~__ios_failure()
00183160 00000094 T std::__throw_ios_failure(char const*)
001831f4 000000b0 T std::__throw_ios_failure(char const*, int)
001832a4 0000000c W std::__cxx11::moneypunct<char, false>::do_decimal_point() const
001832b0 0000000c W std::__cxx11::moneypunct<char, false>::do_thousands_sep() const
001832bc 0000000c W std::__cxx11::moneypunct<char, false>::do_frac_digits() const
001832c8 00000014 W std::__cxx11::moneypunct<char, false>::do_pos_format() const
001832dc 00000014 W std::__cxx11::moneypunct<char, false>::do_neg_format() const
001832f0 0000000c W std::__cxx11::moneypunct<char, true>::do_decimal_point() const
001832fc 0000000c W std::__cxx11::moneypunct<char, true>::do_thousands_sep() const
00183308 0000000c W std::__cxx11::moneypunct<char, true>::do_frac_digits() const
00183314 00000014 W std::__cxx11::moneypunct<char, true>::do_pos_format() const
00183328 00000014 W std::__cxx11::moneypunct<char, true>::do_neg_format() const
0018333c 0000000c W std::__cxx11::numpunct<char>::do_decimal_point() const
00183348 0000000c W std::__cxx11::numpunct<char>::do_thousands_sep() const
00183354 00000008 W std::__cxx11::time_get<char, std::istreambuf_iterator<char, std::char_traits<char> > >::do_date_order() const
0018335c 00000008 W std::__cxx11::messages<char>::do_open(std::__cxx11::basic_string<char, std::char_traits<char>, std::allocator<char> > const&, std::locale const&) const
00183364 00000004 W std::__cxx11::messages<char>::do_close(int) const
00183368 00000020 W std::__cxx11::collate<char>::do_hash(char const*, char const*) const
00183388 00000020 W std::__cxx11::money_get<char, std::istreambuf_iterator<char, std::char_traits<char> > >::~money_get()
00183388 00000020 W std::__cxx11::money_get<char, std::istreambuf_iterator<char, std::char_traits<char> > >::~money_get()
001833a8 00000028 W std::__cxx11::money_get<char, std::istreambuf_iterator<char, std::char_traits<char> > >::~money_get()
001833d0 00000020 W std::__cxx11::money_put<char, std::ostreambuf_iterator<char, std::char_traits<char> > >::~money_put()
001833d0 00000020 W std::__cxx11::money_put<char, std::ostreambuf_iterator<char, std::char_traits<char> > >::~money_put()
001833f0 00000028 W std::__cxx11::money_put<char, std::ostreambuf_iterator<char, std::char_traits<char> > >::~money_put()
00183418 00000020 W std::__cxx11::time_get<char, std::istreambuf_iterator<char, std::char_traits<char> > >::~time_get()
00183418 00000020 W std::__cxx11::time_get<char, std::istreambuf_iterator<char, std::char_traits<char> > >::~time_get()
00183438 00000028 W std::__cxx11::time_get<char, std::istreambuf_iterator<char, std::char_traits<char> > >::~time_get()
00183460 00000028 W std::__cxx11::messages<char>::~messages()
00183460 00000028 W std::__cxx11::messages<char>::~messages()
00183488 0000001c W std::__cxx11::messages<char>::~messages()
001834a4 00000028 W std::__cxx11::collate<char>::~collate()
001834a4 00000028 W std::__cxx11::collate<char>::~collate()
001834cc 00000094 t void std::__cxx11::basic_string<char, std::char_traits<char>, std::allocator<char> >::_M_construct<char const*>(char const*, char const*, std::forward_iterator_tag) [clone .isra.0]
00183560 00000030 W std::__cxx11::collate<char>::~collate()
00183590 00000058 W std::__cxx11::moneypunct<char, false>::do_grouping() const
001835e8 00000058 W std::__cxx11::moneypunct<char, false>::do_curr_symbol() const
00183640 00000058 W std::__cxx11::moneypunct<char, false>::do_positive_sign() const
00183698 00000058 W std::__cxx11::moneypunct<char, false>::do_negative_sign() const
001836f0 00000058 W std::__cxx11::moneypunct<char, true>::do_grouping() const
00183748 00000058 W std::__cxx11::moneypunct<char, true>::do_curr_symbol() const
001837a0 00000058 W std::__cxx11::moneypunct<char, true>::do_positive_sign() const
001837f8 00000058 W std::__cxx11::moneypunct<char, true>::do_negative_sign() const
00183850 00000058 W std::__cxx11::numpunct<char>::do_grouping() const
001838a8 00000058 W std::__cxx11::numpunct<char>::do_truename() const
00183900 00000058 W std::__cxx11::numpunct<char>::do_falsename() const
00183958 000000f8 W std::__cxx11::collate<char>::do_compare(char const*, char const*, char const*, char const*) const
00183a50 000002c4 W std::__cxx11::collate<char>::do_transform(char const*, char const*) const
00183d14 00001414 W std::istreambuf_iterator<char, std::char_traits<char> > std::__cxx11::money_get<char, std::istreambuf_iterator<char, std::char_traits<char> > >::_M_extract<true>(std::istreambuf_iterator<char, std::char_traits<char> >, std::istreambuf_iterator<char, std::char_traits<char> >, std::ios_base&, std::_Ios_Iostate&, std::__cxx11::basic_string<char, std::char_traits<char>, std::allocator<char> >&) const
00185128 00001414 W std::istreambuf_iterator<char, std::char_traits<char> > std::__cxx11::money_get<char, std::istreambuf_iterator<char, std::char_traits<char> > >::_M_extract<false>(std::istreambuf_iterator<char, std::char_traits<char> >, std::istreambuf_iterator<char, std::char_traits<char> >, std::ios_base&, std::_Ios_Iostate&, std::__cxx11::basic_string<char, std::char_traits<char>, std::allocator<char> >&) const
001862c2 N 
001862c2 N 
001862c2 N 
001862c2 N 
001862c2 N 
001862c2 N 
001862c2 N 
001862c2 N 
001862c2 N 
001862c2 N 
001862c2 N 
001862c2 N 
001862c2 N 
001862c2 N 
001862c2 N 
001862c2 N 
001862c2 N 
001862c2 N 
001862c2 N 
001862c2 N 
001862c2 N 
001862c2 N 
001862c2 N 
001862c2 N 
001862c2 N 
001862c2 N 
001862c2 N 
001862c2 N 
001862c2 N 
001862c2 N 
001862c2 N 
001862c2 W KoreanFFFFHiComMemoryRule.cpp.0e550a4e
0018653c 000000cc W std::__cxx11::money_get<char, std::istreambuf_iterator<char, std::char_traits<char> > >::do_get(std::istreambuf_iterator<char, std::char_traits<char> >, std::istreambuf_iterator<char, std::char_traits<char> >, bool, std::ios_base&, std::_Ios_Iostate&, long double&) const
00186608 0000018c W std::__cxx11::money_get<char, std::istreambuf_iterator<char, std::char_traits<char> > >::do_get(std::istreambuf_iterator<char, std::char_traits<char> >, std::istreambuf_iterator<char, std::char_traits<char> >, bool, std::ios_base&, std::_Ios_Iostate&, std::__cxx11::basic_string<char, std::char_traits<char>, std::allocator<char> >&) const
00186794 0000074c W std::ostreambuf_iterator<char, std::char_traits<char> > std::__cxx11::money_put<char, std::ostreambuf_iterator<char, std::char_traits<char> > >::_M_insert<true>(std::ostreambuf_iterator<char, std::char_traits<char> >, std::ios_base&, char, std::__cxx11::basic_string<char, std::char_traits<char>, std::allocator<char> > const&) const
00186ee0 0000074c W std::ostreambuf_iterator<char, std::char_traits<char> > std::__cxx11::money_put<char, std::ostreambuf_iterator<char, std::char_traits<char> > >::_M_insert<false>(std::ostreambuf_iterator<char, std::char_traits<char> >, std::ios_base&, char, std::__cxx11::basic_string<char, std::char_traits<char>, std::allocator<char> > const&) const
0018762c 000001f0 W std::__cxx11::money_put<char, std::ostreambuf_iterator<char, std::char_traits<char> > >::do_put(std::ostreambuf_iterator<char, std::char_traits<char> >, bool, std::ios_base&, char, long double) const
0018781c 00000054 W std::__cxx11::money_put<char, std::ostreambuf_iterator<char, std::char_traits<char> > >::do_put(std::ostreambuf_iterator<char, std::char_traits<char> >, bool, std::ios_base&, char, std::__cxx11::basic_string<char, std::char_traits<char>, std::allocator<char> > const&) const
00187870 000002b4 W std::__cxx11::time_get<char, std::istreambuf_iterator<char, std::char_traits<char> > >::_M_extract_num(std::istreambuf_iterator<char, std::char_traits<char> >, std::istreambuf_iterator<char, std::char_traits<char> >, int&, int, int, unsigned int, std::ios_base&, std::_Ios_Iostate&) const
00187b24 00000918 W std::__cxx11::time_get<char, std::istreambuf_iterator<char, std::char_traits<char> > >::do_get_year(std::istreambuf_iterator<char, std::char_traits<char> >, std::istreambuf_iterator<char, std::char_traits<char> >, std::ios_base&, std::_Ios_Iostate&, tm*) const
0018843c 00000d90 W std::__cxx11::time_get<char, std::istreambuf_iterator<char, std::char_traits<char> > >::_M_extract_name(std::istreambuf_iterator<char, std::char_traits<char> >, std::istreambuf_iterator<char, std::char_traits<char> >, int&, char const**, unsigned int, std::ios_base&, std::_Ios_Iostate&) const
001891cc 000006bc W std::__cxx11::time_get<char, std::istreambuf_iterator<char, std::char_traits<char> > >::_M_extract_wday_or_month(std::istreambuf_iterator<char, std::char_traits<char> >, std::istreambuf_iterator<char, std::char_traits<char> >, int&, char const**, unsigned int, std::ios_base&, std::_Ios_Iostate&) const
00189888 00000244 W std::__cxx11::time_get<char, std::istreambuf_iterator<char, std::char_traits<char> > >::do_get_weekday(std::istreambuf_iterator<char, std::char_traits<char> >, std::istreambuf_iterator<char, std::char_traits<char> >, std::ios_base&, std::_Ios_Iostate&, tm*) const
00189acc 000002b4 W std::__cxx11::time_get<char, std::istreambuf_iterator<char, std::char_traits<char> > >::do_get_monthname(std::istreambuf_iterator<char, std::char_traits<char> >, std::istreambuf_iterator<char, std::char_traits<char> >, std::ios_base&, std::_Ios_Iostate&, tm*) const
00189d80 0000241c W std::__cxx11::time_get<char, std::istreambuf_iterator<char, std::char_traits<char> > >::_M_extract_via_format(std::istreambuf_iterator<char, std::char_traits<char> >, std::istreambuf_iterator<char, std::char_traits<char> >, std::ios_base&, std::_Ios_Iostate&, tm*, char const*, std::__time_get_state&) const
00189d80 0000241c t std::__cxx11::time_get<char, std::istreambuf_iterator<char, std::char_traits<char> > >::_M_extract_via_format(std::istreambuf_iterator<char, std::char_traits<char> >, std::istreambuf_iterator<char, std::char_traits<char> >, std::ios_base&, std::_Ios_Iostate&, tm*, char const*, std::__time_get_state&) const [clone .localalias]
0018c19c 000001b8 W std::__cxx11::time_get<char, std::istreambuf_iterator<char, std::char_traits<char> > >::do_get_time(std::istreambuf_iterator<char, std::char_traits<char> >, std::istreambuf_iterator<char, std::char_traits<char> >, std::ios_base&, std::_Ios_Iostate&, tm*) const
0018c354 000001b8 W std::__cxx11::time_get<char, std::istreambuf_iterator<char, std::char_traits<char> > >::do_get_date(std::istreambuf_iterator<char, std::char_traits<char> >, std::istreambuf_iterator<char, std::char_traits<char> >, std::ios_base&, std::_Ios_Iostate&, tm*) const
0018c50c 000001f0 W std::__cxx11::time_get<char, std::istreambuf_iterator<char, std::char_traits<char> > >::do_get(std::istreambuf_iterator<char, std::char_traits<char> >, std::istreambuf_iterator<char, std::char_traits<char> >, std::ios_base&, std::_Ios_Iostate&, tm*, char, char) const
0018c6fc 0000003c W std::__cxx11::messages<char>::messages(unsigned int)
0018c6fc 0000003c W std::__cxx11::messages<char>::messages(unsigned int)
0018c738 000000a4 t _GLOBAL__sub_I__ZNSt12ctype_bynameIcEC2ERKNSt7__cxx1112basic_stringIcSt11char_traitsIcESaIcEEEj
0018c7dc 00000030 T std::runtime_error::runtime_error(std::__cxx11::basic_string<char, std::char_traits<char>, std::allocator<char> > const&)
0018c7dc 00000030 T std::runtime_error::runtime_error(std::__cxx11::basic_string<char, std::char_traits<char>, std::allocator<char> > const&)
0018c80c 0000000c t (anonymous namespace)::io_error_category::name() const
0018c818 00000020 t (anonymous namespace)::io_error_category::~io_error_category()
0018c818 00000020 t (anonymous namespace)::io_error_category::~io_error_category()
0018c838 00000028 t (anonymous namespace)::io_error_category::~io_error_category()
0018c860 00000084 t (anonymous namespace)::io_error_category::message[abi:cxx11](int) const
0018c8e4 0000000c T std::iostream_category()
0018c8f0 00000008 T std::ios_base::failure::what() const
0018c8f8 00000078 T std::ios_base::failure::~failure()
0018c8f8 00000078 T std::ios_base::failure::~failure()
0018c970 00000080 T std::ios_base::failure::~failure()
0018c9f0 000000b4 T std::ios_base::failure::failure(std::string const&)
0018c9f0 000000b4 T std::ios_base::failure::failure(std::string const&)
0018caa4 00000114 T std::__construct_ios_failure(void*, char const*)
0018cbb8 000000a0 T std::__destroy_ios_failure(void*)
0018cc58 0000000c T std::__is_ios_failure_handler(__cxxabiv1::__class_type_info const*)
0018cc68 00000264 T sinf
0018ced0 00000258 T log
0018d128 000000b0 T sin
0018d1d8 00000024 t with_errno
0018d1fc 00000028 t xflow
0018d228 00000010 T __math_uflow
0018d238 00000010 T __math_oflow
0018d248 00000048 T __math_divzero
0018d290 0000001c T __math_invalid
0018d2ac 00000014 T __math_check_uflow
0018d2c0 00000028 T __math_check_oflow
0018d2e8 00000310 T __ieee754_rem_pio2
0018d5f8 00000740 T pow
0018dd38 000008b8 T __kernel_rem_pio2
0018e5f0 00000140 T scalbn
0018e730 000000c0 T __kernel_sin
0018e7f0 000000a8 T cos
0018e898 00000024 t with_errnof
0018e8bc 0000001c T __math_invalidf
0018e8d8 000000c0 T ceilf
0018e998 00000144 T floor
0018eae0 0000025c T cosf
0018ed40 00000150 T __kernel_cos
0018ee90 00000014 T fabs
0018eea4 0000002c T __aeabi_d2lz
0018eea4 0000002c T __fixdfdi
0018eed0 00000040 T __aeabi_d2ulz
0018eed0 00000040 T __fixunsdfdi
0018ef10 00000130 T __udivmoddi4
0018f040 00000018 t selfrel_offset31
0018f058 00000090 t search_EIT_table
0018f0e8 00000040 t __gnu_unwind_get_pr_addr
0018f128 00000110 t get_eit_entry
0018f238 00000088 t restore_non_core_regs
0018f2c0 00000014 t _Unwind_decode_typeinfo_ptr.constprop.0
0018f2d4 00000004 t _Unwind_DebugHook
0018f2d8 00000064 t unwind_phase2
0018f33c 0000013c t unwind_phase2_forced
0018f478 000000a4 T __gnu_Unwind_RaiseException
0018f51c 00000020 T __gnu_Unwind_ForcedUnwind
0018f53c 00000074 T __gnu_Unwind_Resume
0018f5b0 00000020 T __gnu_Unwind_Resume_or_Rethrow
0018f5d0 00000004 T _Unwind_Complete
0018f5d4 00000018 T _Unwind_DeleteException
0018f5ec 0000007c T _Unwind_VRS_Get
0018f668 0000002c t _Unwind_GetGR
0018f694 0000007c T _Unwind_VRS_Set
0018f710 0000002c t _Unwind_SetGR
0018f73c 000000c0 T __gnu_Unwind_Backtrace
0018f7fc 00000404 t __gnu_unwind_pr_common
0018fc00 00000008 T __aeabi_unwind_cpp_pr0
0018fc08 00000008 W __aeabi_unwind_cpp_pr1
0018fc10 00000008 W __aeabi_unwind_cpp_pr2
0018fc18 00000454 T _Unwind_VRS_Pop
0019006c 00000064 t next_unwind_byte
001900d0 0000002c t _Unwind_GetGR.constprop.0
001900fc 00000004 t unwind_UCB_from_context
00190100 0000046c T __gnu_unwind_execute
0019056c 00000048 T __gnu_unwind_frame
001905b4 00000010 T _Unwind_GetRegionStart
001905c4 0000001c T _Unwind_GetLanguageSpecificData
001905e0 00000008 T _Unwind_GetDataRelBase
001905e8 00000008 T _Unwind_GetTextRelBase
001905f0 000000e4 T strncat
001906d4 00000028 T fstat
001906fc 00000024 T getenv
00190720 00000078 T sscanf
00190798 00000128 T memcpy
001908c0 00000008 T wmemcpy
001908c8 00000008 T towupper
001908d0 0000008c T strlen
0019095c 00000334 T _fread_r
00190c90 00000038 T fread
00190cc8 00000078 T bsearch
00190d40 00000140 t iso_year_adjust
00190e80 000011d0 t __strftime.isra.0
00192050 00000038 T wcsftime
00192088 00000050 t get_arg
001920d8 00002b88 T __ssvfscanf_r
00194c60 00000134 T _fopen_r
00194d94 00000028 T fopen
00194dbc 00000060 t sulp
00194e20 00001428 T _strtod_l
00196248 00000044 T _strtod_r
0019628c 00000048 T strtod
001962d8 00000110 T strtof
001963e8 0000002c T wcslen
00196414 00000028 T memalign
0019643c 00000264 t _strtoull_l.isra.0
001966a0 00000038 T _strtoull_r
001966d8 000000a0 T _wcrtomb_r
00196778 000000a8 T wcrtomb
00196820 000000f4 t rshift
00196914 000008b4 T __gethex
001969a8 N 
001969a8 N 
001969a8 N 
001969a8 N 
001969a8 N 
001969a8 N 
001969a8 N 
001969a8 N 
001969a8 N 
001969a8 N 
001969a8 N 
001969a8 N 
001969a8 N 
001969a8 N 
001969a8 N 
001969a8 N 
001969a8 N 
001969a8 N 
001969a8 N 
001969a8 N 
001969a8 N 
001969a8 N 
001969a8 N 
001969a8 N 
001969a8 N 
001969a8 N 
001969a8 N 
001969a8 N 
001969a8 N 
001969a8 N 
001969a8 N 
001969a8 W KoreanMDFFF0MemoryRule.cpp.828f0297
001971c8 00000044 T towctrans
0019720c 000000c0 T fileno
001972cc 000001ec t _strtoul_l.isra.0
001974b8 00000038 T _strtoul_r
001974f0 0000003c T strtoul
0019752c 000000c4 T _mbrtowc_r
001975f0 000000b8 T mbrtowc
001976a8 00000140 T strchr
001977e8 0000000c T __tz_lock
001977f4 0000000c T __tz_unlock
00197800 000000d8 T memcmp
001978d8 00000198 T _fgets_r
00197a70 00000030 T fgets
00197aa0 00000028 T calloc
00197ac8 00000034 T wcscpy
00197afc 000000f8 T __sccl
00197bf4 00000334 t validate_structure
00197f28 000004d8 T mktime
00198400 0000016c T _memalign_r
0019856c 0000007c T btowc
001985e8 0000000c T __errno
001985f4 0000000c T labs
00198600 00000014 T abort
00198614 00000164 T __smakebuf_r
00198778 00000030 T lseek
001987a8 0000047c t _strtoll_l.isra.0
00198c24 00000038 T _strtoll_r
00198c5c 00000078 T __currentlocale
00198cd4 000007c8 T __loadlocale
0019949c 0000008c T __get_locale_env
00199528 00000358 T _setlocale_r
00199880 00000024 T __locale_mb_cur_max
001998a4 00000028 T setlocale
001998cc 000000e4 T memset
001999b0 00000030 T wmemchr
001999e0 000000d8 T _calloc_r
00199ab8 0000022c T __sflush_r
00199ce4 000000c4 T _fflush_r
00199da8 00000044 T fflush
00199dec 00000088 T _vsnprintf_r
00199e74 00000038 T vsnprintf
00199eac 00000028 T realloc
00199ed4 000008e8 T qsort
0019a7bc 00000258 T __tzcalc_limits
0019aa14 0000082c T _malloc_r
0019b240 00000114 T _malloc_trim_r
0019b354 00000314 T _free_r
0019b668 00000050 t get_arg
0019b6b8 000000e4 T _sungetc_r
0019b79c 0000006c T __ssrefill_r
0019b808 000000b4 T _sfread_r
0019b8bc 000022c4 T __ssvfiscanf_r
0019db80 0000001c t stdio_exit_handler
0019db9c 0000005c t cleanup_stdio
0019dbf8 00000154 t global_stdio_init.part.0
0019dd4c 00000138 T __sfp
0019de84 0000005c T __sinit
0019dee0 0000000c T __sfp_lock_acquire
0019deec 0000000c T __sfp_lock_release
0019def8 00000384 t _strtol_l.part.0
0019e27c 0000006c T _strtol_r
0019e2e8 00000074 T strtol
0019e35c 00000084 T __libc_init_array
0019e3e0 000000d4 T strncpy
0019e4b4 0000001c T _fseek_r
0019e4d0 00000034 T fseek
0019e504 000001c8 T _wctype_r
0019e6cc 00000020 T wctype
0019e6ec 00000010 T _tzset_unlocked
0019e6fc 000000c4 T swprintf
0019e7c0 00000040 T malloc
0019e800 00000020 T free
0019e820 000000e8 T memchr
0019e908 00000024 T wmemset
0019e92c 00000004 T wcscoll
0019e930 00000030 T write
0019e960 00000058 T iswctype
0019e9b8 00000080 T wctob
0019ea38 0000000c T __gettzinfo
0019ea44 00000040 T mbstowcs
0019ea84 000000dc T _findenv_r
0019eb60 00000018 T _getenv_r
0019eb78 00000024 T _localeconv_r
0019eb9c 00000044 T __sread
0019ebe0 00000008 T __seofread
0019ebe8 00000068 T __swrite
0019ec50 00000040 T __sseek
0019ec90 00000008 T __sclose
0019ec98 00000078 T strxfrm
0019ed10 000001a8 T memmove
0019eeb8 000004f0 T _realloc_r
0019f3a8 0000000c T __malloc_lock
0019f3b4 0000000c T __malloc_unlock
0019f3c0 00000588 T _fseeko_r
0019f948 00000148 T _fclose_r
0019fa90 00000020 T fclose
0019fab0 00000048 T time
0019faf8 00000030 T read
0019fb28 00000004 W __call_exitprocs
0019fb2c 00000030 T exit
0019fb5c 00000008 T towlower
0019fb64 000005e0 t get_arg
001a0148 0000345c T _svfprintf_r
001a35a4 000000b8 T __sflags
001a365c 00000004 T wcsxfrm
001a3660 0000002c T __ascii_wctomb
001a368c 000000f8 T __utf8_wctomb
001a3784 00000088 T __sjis_wctomb
001a380c 000000b4 T __eucjp_wctomb
001a38c0 000000c8 T __jis_wctomb
001a3988 00000048 T wcslcpy
001a39d0 00000008 T iswlower
001a39d8 0000003c T __libc_fini_array
001a3a14 0000003c T strnlen
001a3a50 00000008 T iswblank
001a3a58 000000d8 T strncmp
001a3b30 00000004 T strcoll
001a3b34 000000a0 T __xpg_strerror_r
001a3bd4 00000648 T _tzset_unlocked_r
001a421c 00000020 T iswxdigit
001a423c 00000008 T wmemmove
001a4244 0000002c T wcscmp
001a4270 00000008 T iswalnum
001a4278 00000070 T __match
001a42e8 000002a8 T __hexnan
001a4590 00000238 T towctrans_l
001a47c8 00000068 T sprintf
001a4830 00000010 T __set_ctype
001a4840 00000140 t iso_year_adjust
001a4980 00001118 t __strftime.isra.0
001a5a98 00000038 T strftime
001a5ad0 00000038 t lflush
001a5b08 000001a8 T __srefill_r
001a5cb0 00000010 T nan
001a5cc0 0000000c T nanf
001a5cd0 00000088 T frexp
001a5d58 000000bc T strcat
001a5e14 000001f0 T _wcstoul_l
001a6004 00000054 T wcstoul
001a6058 000000dc T stpncpy
001a6134 0000000c T __env_lock
001a6140 0000000c T __env_unlock
001a614c 0000005c T __assert_func
001a61a8 00000008 T iswspace
001a61b0 00000088 T _Balloc
001a6238 0000001c T _Bfree
001a6254 000000f4 T __multadd
001a6348 0000010c T __s2b
001a6454 00000080 T __hi0bits
001a64d4 000000f0 T __lo0bits
001a65c4 000000a4 T __i2b
001a6668 00000230 T __multiply
001a6898 00000130 T __pow5mult
001a69c8 00000138 T __lshift
001a6b00 00000058 T __mcmp
001a6b58 00000218 T __mdiff
001a6d70 00000068 T __ulp
001a6dd8 000000d4 T __b2d
001a6eac 00000120 T __d2b
001a6fcc 00000078 T __ratio
001a7044 0000008c T __copybits
001a70d0 0000005c T __any_on
001a70e8 N 
001a70e8 N 
001a70e8 N 
001a70e8 N 
001a70e8 N 
001a70e8 N 
001a70e8 N 
001a70e8 N 
001a70e8 N 
001a70e8 N 
001a70e8 N 
001a70e8 N 
001a70e8 N 
001a70e8 N 
001a70e8 N 
001a70e8 N 
001a70e8 N 
001a70e8 N 
001a70e8 N 
001a70e8 N 
001a70e8 N 
001a70e8 N 
001a70e8 N 
001a70e8 N 
001a70e8 N 
001a70e8 N 
001a70e8 N 
001a70e8 N 
001a70e8 N 
001a70e8 N 
001a70e8 N 
001a70e8 W KoreanMDFFF5MemoryRule.cpp.ad78f4dd
001a712c 00000014 T iswdigit
001a7140 0000000c T abs
001a714c 00000070 T _fwalk_sglue
001a71bc 00000044 T strlcpy
001a7200 00000068 T strcasecmp
001a7268 00000024 T div
001a728c 000005e0 t get_arg
001a786c 0000226c T _svfiprintf_r
001a9ad8 00000038 T iswalnum_l
001a9b10 000000b8 T __submore
001a9bc8 000000a4 T __ssprint_r
001a9c6c 00000044 T __ascii_mbtowc
001a9cb0 00000340 T __utf8_mbtowc
001a9ff0 000000dc T __sjis_mbtowc
001aa0cc 00000150 T __eucjp_mbtowc
001aa21c 000001d8 T __jis_mbtowc
001aa3f4 0000003c T fiprintf
001aa430 00000008 T iswprint
001aa438 00000008 T iswcntrl
001aa440 00000094 T strncasecmp
001aa4d4 00000008 T iswupper
001aa4dc 0000009c T _raise_r
001aa578 00000020 T raise
001aa598 00000410 T _strerror_r
001aa9a8 000000b8 T _mbstowcs_r
001aaa60 000000f0 T strcpy
001aab50 00000008 T iswalpha
001aab58 00000008 T iswgraph
001aab60 00000090 T category
001aabf0 000001c0 t quorem
001aadb0 00001420 T _dtoa_r
001ac1d0 00000044 T iswlower_l
001ac214 00000020 T iswblank_l
001ac238 00000288 t wcvt
001ac4c0 0000057c t get_arg.isra.0
001aca40 00003134 T _svfwprintf_r
001afb74 00000044 T iswupper_l
001afbb8 00000028 T _wcsrtombs_r
001afbe0 00000078 T siscanf
001afc58 00000008 T iswpunct
001afc60 00000038 T iswspace_l
001afc98 00000008 T _user_strerror
001afca0 0000012c T __ssputs_r
001afdcc 000000fc T _mbsnrtowcs_r
001afec8 000005e0 t get_arg
001b04a8 000022f8 T _vfiprintf_r
001b27a0 000000b4 t __sbprintf
001b2854 0000015c T _wcsnrtombs_l
001b29b0 00000064 T _wcsnrtombs_r
001b2a14 000000a0 T sniprintf
001b2ab4 00000040 T mbrlen
001b2af4 00000018 T iswprint_l
001b2b0c 00000024 T iswcntrl_l
001b2b30 00000024 T iswalpha_l
001b2b54 00000024 T iswgraph_l
001b2b78 00000020 T iswpunct_l
001b2b98 00000030 T __sprint_r
001b2bc8 000000a4 T __sswprint_r
001b2c6c 00000140 T __swsetup_r
001b2dac 000004a4 T __sfvwrite_r
001b3250 000000a0 T snprintf
001b32f0 00000034 T printf
001b3324 0000001c T toupper
001b3340 000000e0 T _puts_r
001b3420 00000020 T puts
001b3440 0000001c T tolower
001b345c 000005e0 t get_arg
001b3a40 00003554 T _vfprintf_r
001b6f94 000000b4 t __sbprintf
001b7048 00000020 T _exit
001b7068 00000140 T chdir
001b71a8 000001c8 T _concatenate_path
001b7370 00000070 t __dirnext
001b73e0 00000114 T opendir
001b74f4 00000098 T closedir
001b758c 000000f8 T readdir_r
001b7684 00000048 T readdir
001b76cc 0000009c T _fstat_r
001b7768 00000014 T _getpid_r
001b777c 0000002c T __getreent
001b77a8 00000030 T _gettimeofday_r
001b77d8 000000a0 T __release_handle
001b7824 N 
001b7824 N 
001b7824 N 
001b7824 N 
001b7824 N 
001b7824 N 
001b7824 N 
001b7824 N 
001b7824 N 
001b7824 N 
001b7824 N 
001b7824 N 
001b7824 N 
001b7824 N 
001b7824 N 
001b7824 N 
001b7824 N 
001b7824 N 
001b7824 N 
001b7824 N 
001b7824 N 
001b7824 N 
001b7824 N 
001b7824 N 
001b7824 N 
001b7824 N 
001b7824 N 
001b7824 N 
001b7824 N 
001b7824 N 
001b7824 N 
001b7824 N 
001b7824 W KoreanMSX32KB2000MemoryRule.cpp.c82155af
001b7878 000000b0 T __alloc_handle
001b7928 00000058 T __get_handle
001b7980 00000110 T _close_r
001b7a90 00000008 t null_write
001b7a98 00000018 T setDefaultDevice
001b7ab0 00000098 T FindDevice
001b7b48 00000024 T RemoveDevice
001b7b6c 00000088 T AddDevice
001b7bf4 00000020 T GetDeviceOpTab
001b7c14 00000008 T _isatty_r
001b7c1c 00000014 T _kill_r
001b7c30 00000094 T _lseek_r
001b7cc4 00000060 T pthread_mutex_lock
001b7d24 00000060 T pthread_mutex_unlock
001b7d84 00000018 T pthread_cond_broadcast
001b7d9c 00000060 T pthread_cond_wait
001b7dfc 0000009c T pthread_once
001b7e98 00000034 T pthread_key_create
001b7ecc 00000024 T pthread_setspecific
001b7ef0 00000024 T pthread_getspecific
001b7f14 00000024 T pthread_key_delete
001b7f38 000000c0 T _open_r
001b7ff8 00000094 T _read_r
001b808c 00000078 W _sbrk_r
001b8104 0000001c T __libc_lock_acquire
001b8120 0000001c T __libc_lock_release
001b813c 0000001c T __libc_lock_acquire_recursive
001b8158 0000001c T __libc_lock_release_recursive
001b8174 00000024 T __libc_cond_broadcast
001b8198 00000024 T __libc_cond_wait
001b81bc 00000024 T __libc_cond_wait_recursive
001b81e0 00000094 T _write_r
001b8274 00000048 T strrchr
001b82bc T _fini
001b9130 00000018 r readSmsProductCode(std::__cxx11::basic_string<char, std::char_traits<char>, std::allocator<char> > const&, unsigned short&)::headerOffsets
001b9148 00000005 r glyph3x5(char)::blank
001b9150 000000a0 r glyph3x5(char)::glyphs
001b91f0 00000060 r kSegaScopeGames
001b9250 00000040 r updateTexture(C3D_Tex&)::swizzle
001b9290 0000004c R vtable for SG1000MemoryRule
001b92dc 0000004c r vtable for CodemastersMemoryRule
001b9328 0000004c R vtable for SegaMemoryRule
001b9374 0000004c R vtable for RomOnlyMemoryRule
001b93c0 0000004c R vtable for KoreanMemoryRule
001b940c 0000004c R vtable for KoreanMSXSMS8000MemoryRule
001b9458 0000004c R vtable for KoreanSMS32KB2000MemoryRule
001b94a4 0000004c R vtable for KoreanMSX32KB2000MemoryRule
001b94f0 0000004c R vtable for Korean2000XOR1FMemoryRule
001b953c 0000004c R vtable for KoreanMSX8KB0300MemoryRule
001b9588 0000004c R vtable for Korean0000XORFFMemoryRule
001b95d4 0000004c R vtable for KoreanFFFFHiComMemoryRule
001b9620 0000004c R vtable for KoreanFFFEMemoryRule
001b966c 0000004c R vtable for KoreanBFFCMemoryRule
001b96b8 0000004c R vtable for KoreanFFF3FFFCMemoryRule
001b9704 0000004c R vtable for KoreanMDFFF5MemoryRule
001b9750 0000004c R vtable for KoreanMDFFF0MemoryRule
001b979c 0000004c R vtable for MSXMemoryRule
001b97e8 0000004c R vtable for JanggunMemoryRule
001b9834 0000004c R vtable for Multi4PAKAllActionMemoryRule
001b9880 0000004c R vtable for JumboDahjeeMemoryRule
001b98cc 0000004c r vtable for Eeprom93C46MemoryRule
001b9918 0000004c r vtable for BootromMemoryRule
001b9964 0000004c R vtable for IratahackMemoryRule
001b99b0 0000000c R _ZL13noise_periods.lto_priv.0
001b99bc 000000e4 R _ZL12kVdpHCounter.lto_priv.0
001b9aa0 00000010 R _ZL7volumes.lto_priv.0
001b9ab0 00000400 r kCRC32_tab
001b9eb0 00000006 r s_min_table_sizes.5
001b9eb8 00000013 r s_length_dezigzag.4
001b9ecc 0000001f r s_length_extra.3
001b9eec 0000003e r s_length_base.2
001b9f2c 00000020 r s_dist_extra.1
001b9f4c 00000040 r s_dist_base.0
001b9f8c 00000004 r k2bitTo5bit
001b9f90 00000004 r k2bitTo6bit
001b9f94 00000010 r k4bitTo5bit
001b9fa4 00000010 r k4bitTo6bit
001b9fb8 00000040 r initMenuIcon()::swizzle
001b9ff8 00000024 r vtable for SmsIOPorts
001ba01c 00000024 r vtable for GameGearIOPorts
001ba040 00000030 r kSG1000_palette_888_normal
001ba070 00000030 r kSG1000_palette_888_sg1000ii
001ba0a0 00000030 r kSG1000_palette_888_sms
001ba0dc 000015c0 r kGameDatabase
001bb69c 00004000 r kMenuCartridgePixels
001bfac8 00000084 r IratahackMemoryRule::kFlashSeqs
001bfb4c 00000100 r kOPCodeXYCBTStates
001bfc4c 00000100 r kOPCodeCBTStates
001bfd4c 00000100 r kOPCodeEDTStates
001bfe4c 00000100 r kOPCodeXYTStates
001bff4c 00000100 r kOPCodeTStates
001c004c 00000100 r kOPCodeTStatesBranched
001c014c 00000100 R _ZL15kZ80ParityTable.lto_priv.0
001c014c 00000100 R _ZL15kZ80ParityTable.lto_priv.1
001c014c 00000100 R _ZL15kZ80ParityTable.lto_priv.2
001c024c 00001000 r kOPCodeDAATable
001c1358 000000d2 r lfo_am_table
001c142c 000000e0 r eg_inc
001c150c 00000110 r eg_mul
001c161c 00000040 r lfo_pm_table
001c165c 00000200 R ksl_tab.lto_priv.0
001c185c 00000060 R eg_rate_select.lto_priv.0
001c18bc 00000060 R eg_rate_shift.lto_priv.0
001c1984 00000010 r mul_tab
001c1994 00000040 r sl_tab
001c19d4 00000098 r table
001c1a6c 00000400 r s_crc_table.9
001c1e6c 00000008 r s_defaultTint.0
001c2208 r .LC11
001c2208 r .LC11
001c2208 r .LC16
001c2208 r .LC16
001c2214 r .LC12
001c2214 r .LC12
001c2214 r .LC17
001c2214 r .LC17
001c221c r .LC13
001c221c r .LC13
001c221c r .LC18
001c221c r .LC18
001c31cc r .LC2
001c3250 r .LC5
001c5cd4 R render2d_shbin
001c5e60 00000004 r depthFmtSizes
001c5e60 R render2d_shbin_end
001c5e64 00000005 r colorFmtSizes
001c5e6c 00000010 r CSWTCH.11
001c5e7c 00000038 r CSWTCH.19
001c5ebc 00000030 r colorTable
001c5eec 00000080 r romFS_devoptab
001c5f78 00000011 r dsp_filename.0
001c5fa8 00000008 r morton_y.2
001c5fb0 00000008 r morton_x.3
001c5fb8 00000008 r s_sleepWakeEvents.4
001c5fc0 0000000c r serviceNameTable.5
001c5fcc 00000030 r error_table
001c5ffc 00000080 r archive_devoptab
001c607c 00000012 R typeinfo name for std::locale::facet
001c6090 00000008 R typeinfo for std::locale::facet
001c6098 00000027 V typeinfo name for __gnu_cxx::__concurrence_lock_error
001c60c0 0000000c V typeinfo for __gnu_cxx::__concurrence_lock_error
001c60cc 00000029 V typeinfo name for __gnu_cxx::__concurrence_unlock_error
001c60f8 0000000c V typeinfo for __gnu_cxx::__concurrence_unlock_error
001c6104 00000014 V vtable for __gnu_cxx::__concurrence_lock_error
001c6118 00000014 V vtable for __gnu_cxx::__concurrence_unlock_error
001c612c 00000002 R std::locale::facet::_S_c_name
001c6130 000001f0 r CSWTCH.14
001c634c 00000020 r typeinfo for std::__facet_shims::(anonymous namespace)::numpunct_shim<char>
001c636c 00000035 r typeinfo name for std::__facet_shims::(anonymous namespace)::numpunct_shim<char>
001c63a4 00000020 r typeinfo for std::__facet_shims::(anonymous namespace)::collate_shim<char>
001c63c4 00000034 r typeinfo name for std::__facet_shims::(anonymous namespace)::collate_shim<char>
001c63f8 00000020 r typeinfo for std::__facet_shims::(anonymous namespace)::moneypunct_shim<char, true>
001c6418 0000003b r typeinfo name for std::__facet_shims::(anonymous namespace)::moneypunct_shim<char, true>
001c6454 00000020 r typeinfo for std::__facet_shims::(anonymous namespace)::moneypunct_shim<char, false>
001c6474 0000003b r typeinfo name for std::__facet_shims::(anonymous namespace)::moneypunct_shim<char, false>
001c64b0 00000020 r typeinfo for std::__facet_shims::(anonymous namespace)::money_get_shim<char>
001c64d0 00000036 r typeinfo name for std::__facet_shims::(anonymous namespace)::money_get_shim<char>
001c6508 00000020 r typeinfo for std::__facet_shims::(anonymous namespace)::money_put_shim<char>
001c6528 00000036 r typeinfo name for std::__facet_shims::(anonymous namespace)::money_put_shim<char>
001c6560 00000020 r typeinfo for std::__facet_shims::(anonymous namespace)::messages_shim<char>
001c6580 00000035 r typeinfo name for std::__facet_shims::(anonymous namespace)::messages_shim<char>
001c65b8 00000020 r typeinfo for std::__facet_shims::(anonymous namespace)::numpunct_shim<wchar_t>
001c65d8 00000035 r typeinfo name for std::__facet_shims::(anonymous namespace)::numpunct_shim<wchar_t>
001c6610 00000020 r typeinfo for std::__facet_shims::(anonymous namespace)::collate_shim<wchar_t>
001c6630 00000034 r typeinfo name for std::__facet_shims::(anonymous namespace)::collate_shim<wchar_t>
001c6664 00000020 r typeinfo for std::__facet_shims::(anonymous namespace)::moneypunct_shim<wchar_t, true>
001c6684 0000003b r typeinfo name for std::__facet_shims::(anonymous namespace)::moneypunct_shim<wchar_t, true>
001c66c0 00000020 r typeinfo for std::__facet_shims::(anonymous namespace)::moneypunct_shim<wchar_t, false>
001c66e0 0000003b r typeinfo name for std::__facet_shims::(anonymous namespace)::moneypunct_shim<wchar_t, false>
001c671c 00000020 r typeinfo for std::__facet_shims::(anonymous namespace)::money_get_shim<wchar_t>
001c673c 00000036 r typeinfo name for std::__facet_shims::(anonymous namespace)::money_get_shim<wchar_t>
001c6774 00000020 r typeinfo for std::__facet_shims::(anonymous namespace)::money_put_shim<wchar_t>
001c6794 00000036 r typeinfo name for std::__facet_shims::(anonymous namespace)::money_put_shim<wchar_t>
001c67cc 00000020 r typeinfo for std::__facet_shims::(anonymous namespace)::messages_shim<wchar_t>
001c67ec 00000035 r typeinfo name for std::__facet_shims::(anonymous namespace)::messages_shim<wchar_t>
001c6824 00000019 V typeinfo name for std::locale::facet::__shim
001c6840 00000008 V typeinfo for std::locale::facet::__shim
001c6848 00000020 r typeinfo for std::__facet_shims::(anonymous namespace)::time_get_shim<char>
001c6868 00000035 r typeinfo name for std::__facet_shims::(anonymous namespace)::time_get_shim<char>
001c68a0 00000020 r typeinfo for std::__facet_shims::(anonymous namespace)::time_get_shim<wchar_t>
001c68c0 00000035 r typeinfo name for std::__facet_shims::(anonymous namespace)::time_get_shim<wchar_t>
001c68f8 00000024 r vtable for std::__facet_shims::(anonymous namespace)::numpunct_shim<char>
001c691c 0000001c r vtable for std::__facet_shims::(anonymous namespace)::collate_shim<char>
001c6938 00000034 r vtable for std::__facet_shims::(anonymous namespace)::moneypunct_shim<char, true>
001c696c 00000034 r vtable for std::__facet_shims::(anonymous namespace)::moneypunct_shim<char, false>
001c69a0 00000018 r vtable for std::__facet_shims::(anonymous namespace)::money_get_shim<char>
001c69b8 00000018 r vtable for std::__facet_shims::(anonymous namespace)::money_put_shim<char>
001c69d0 0000001c r vtable for std::__facet_shims::(anonymous namespace)::messages_shim<char>
001c69ec 00000024 r vtable for std::__facet_shims::(anonymous namespace)::numpunct_shim<wchar_t>
001c6a10 0000001c r vtable for std::__facet_shims::(anonymous namespace)::collate_shim<wchar_t>
001c6a2c 00000034 r vtable for std::__facet_shims::(anonymous namespace)::moneypunct_shim<wchar_t, true>
001c6a60 00000034 r vtable for std::__facet_shims::(anonymous namespace)::moneypunct_shim<wchar_t, false>
001c6a94 00000018 r vtable for std::__facet_shims::(anonymous namespace)::money_get_shim<wchar_t>
001c6aac 00000018 r vtable for std::__facet_shims::(anonymous namespace)::money_put_shim<wchar_t>
001c6ac4 0000001c r vtable for std::__facet_shims::(anonymous namespace)::messages_shim<wchar_t>
001c6ae0 00000028 r vtable for std::__facet_shims::(anonymous namespace)::time_get_shim<char>
001c6b08 00000028 r vtable for std::__facet_shims::(anonymous namespace)::time_get_shim<wchar_t>
001c6b5c 00000020 r typeinfo for std::__facet_shims::(anonymous namespace)::numpunct_shim<char>
001c6b7c 00000035 r typeinfo name for std::__facet_shims::(anonymous namespace)::numpunct_shim<char>
001c6bb4 00000020 r typeinfo for std::__facet_shims::(anonymous namespace)::collate_shim<char>
001c6bd4 00000034 r typeinfo name for std::__facet_shims::(anonymous namespace)::collate_shim<char>
001c6c08 00000020 r typeinfo for std::__facet_shims::(anonymous namespace)::moneypunct_shim<char, true>
001c6c28 0000003b r typeinfo name for std::__facet_shims::(anonymous namespace)::moneypunct_shim<char, true>
001c6c64 00000020 r typeinfo for std::__facet_shims::(anonymous namespace)::moneypunct_shim<char, false>
001c6c84 0000003b r typeinfo name for std::__facet_shims::(anonymous namespace)::moneypunct_shim<char, false>
001c6cc0 00000020 r typeinfo for std::__facet_shims::(anonymous namespace)::money_get_shim<char>
001c6ce0 00000036 r typeinfo name for std::__facet_shims::(anonymous namespace)::money_get_shim<char>
001c6d18 00000020 r typeinfo for std::__facet_shims::(anonymous namespace)::money_put_shim<char>
001c6d38 00000036 r typeinfo name for std::__facet_shims::(anonymous namespace)::money_put_shim<char>
001c6d70 00000020 r typeinfo for std::__facet_shims::(anonymous namespace)::messages_shim<char>
001c6d90 00000035 r typeinfo name for std::__facet_shims::(anonymous namespace)::messages_shim<char>
001c6dc8 00000020 r typeinfo for std::__facet_shims::(anonymous namespace)::numpunct_shim<wchar_t>
001c6de8 00000035 r typeinfo name for std::__facet_shims::(anonymous namespace)::numpunct_shim<wchar_t>
001c6e20 00000020 r typeinfo for std::__facet_shims::(anonymous namespace)::collate_shim<wchar_t>
001c6e40 00000034 r typeinfo name for std::__facet_shims::(anonymous namespace)::collate_shim<wchar_t>
001c6e74 00000020 r typeinfo for std::__facet_shims::(anonymous namespace)::moneypunct_shim<wchar_t, true>
001c6e94 0000003b r typeinfo name for std::__facet_shims::(anonymous namespace)::moneypunct_shim<wchar_t, true>
001c6ed0 00000020 r typeinfo for std::__facet_shims::(anonymous namespace)::moneypunct_shim<wchar_t, false>
001c6ef0 0000003b r typeinfo name for std::__facet_shims::(anonymous namespace)::moneypunct_shim<wchar_t, false>
001c6f2c 00000020 r typeinfo for std::__facet_shims::(anonymous namespace)::money_get_shim<wchar_t>
001c6f4c 00000036 r typeinfo name for std::__facet_shims::(anonymous namespace)::money_get_shim<wchar_t>
001c6f84 00000020 r typeinfo for std::__facet_shims::(anonymous namespace)::money_put_shim<wchar_t>
001c6fa4 00000036 r typeinfo name for std::__facet_shims::(anonymous namespace)::money_put_shim<wchar_t>
001c6fdc 00000020 r typeinfo for std::__facet_shims::(anonymous namespace)::messages_shim<wchar_t>
001c6ffc 00000035 r typeinfo name for std::__facet_shims::(anonymous namespace)::messages_shim<wchar_t>
001c7034 00000020 r typeinfo for std::__facet_shims::(anonymous namespace)::time_get_shim<char>
001c7054 00000035 r typeinfo name for std::__facet_shims::(anonymous namespace)::time_get_shim<char>
001c708c 00000020 r typeinfo for std::__facet_shims::(anonymous namespace)::time_get_shim<wchar_t>
001c70ac 00000035 r typeinfo name for std::__facet_shims::(anonymous namespace)::time_get_shim<wchar_t>
001c70e4 00000024 r vtable for std::__facet_shims::(anonymous namespace)::numpunct_shim<char>
001c7108 0000001c r vtable for std::__facet_shims::(anonymous namespace)::collate_shim<char>
001c7124 00000034 r vtable for std::__facet_shims::(anonymous namespace)::moneypunct_shim<char, true>
001c7158 00000034 r vtable for std::__facet_shims::(anonymous namespace)::moneypunct_shim<char, false>
001c718c 00000018 r vtable for std::__facet_shims::(anonymous namespace)::money_get_shim<char>
001c71a4 00000018 r vtable for std::__facet_shims::(anonymous namespace)::money_put_shim<char>
001c71bc 0000001c r vtable for std::__facet_shims::(anonymous namespace)::messages_shim<char>
001c71d8 00000024 r vtable for std::__facet_shims::(anonymous namespace)::numpunct_shim<wchar_t>
001c71fc 0000001c r vtable for std::__facet_shims::(anonymous namespace)::collate_shim<wchar_t>
001c7218 00000034 r vtable for std::__facet_shims::(anonymous namespace)::moneypunct_shim<wchar_t, true>
001c724c 00000034 r vtable for std::__facet_shims::(anonymous namespace)::moneypunct_shim<wchar_t, false>
001c7280 00000018 r vtable for std::__facet_shims::(anonymous namespace)::money_get_shim<wchar_t>
001c7298 00000018 r vtable for std::__facet_shims::(anonymous namespace)::money_put_shim<wchar_t>
001c72b0 0000001c r vtable for std::__facet_shims::(anonymous namespace)::messages_shim<wchar_t>
001c72cc 0000002c r vtable for std::__facet_shims::(anonymous namespace)::time_get_shim<char>
001c72f8 0000002c r vtable for std::__facet_shims::(anonymous namespace)::time_get_shim<wchar_t>
001c73ec 0000000d V typeinfo name for std::time_base
001c73fc 00000008 V typeinfo for std::time_base
001c7404 0000000f V typeinfo name for std::money_base
001c7414 00000008 V typeinfo for std::money_base
001c741c 00000012 V typeinfo name for std::messages_base
001c7430 00000008 V typeinfo for std::messages_base
001c7438 00000018 V typeinfo name for std::__cxx11::collate<wchar_t>
001c7450 0000000c V typeinfo for std::__cxx11::collate<wchar_t>
001c745c 00000019 V typeinfo name for std::__cxx11::numpunct<wchar_t>
001c7478 0000000c V typeinfo for std::__cxx11::numpunct<wchar_t>
001c7484 00000020 V typeinfo name for std::__cxx11::moneypunct<wchar_t, true>
001c74a4 00000020 V typeinfo for std::__cxx11::moneypunct<wchar_t, true>
001c74c4 00000020 V typeinfo name for std::__cxx11::moneypunct<wchar_t, false>
001c74e4 00000020 V typeinfo for std::__cxx11::moneypunct<wchar_t, false>
001c7504 00000019 V typeinfo name for std::__cxx11::messages<wchar_t>
001c7520 00000020 V typeinfo for std::__cxx11::messages<wchar_t>
001c7540 00000046 V typeinfo name for std::__cxx11::money_get<wchar_t, std::istreambuf_iterator<wchar_t, std::char_traits<wchar_t> > >
001c7588 0000000c V typeinfo for std::__cxx11::money_get<wchar_t, std::istreambuf_iterator<wchar_t, std::char_traits<wchar_t> > >
001c7594 00000046 V typeinfo name for std::__cxx11::money_put<wchar_t, std::ostreambuf_iterator<wchar_t, std::char_traits<wchar_t> > >
001c75dc 0000000c V typeinfo for std::__cxx11::money_put<wchar_t, std::ostreambuf_iterator<wchar_t, std::char_traits<wchar_t> > >
001c75e8 00000045 V typeinfo name for std::__cxx11::time_get<wchar_t, std::istreambuf_iterator<wchar_t, std::char_traits<wchar_t> > >
001c7630 00000020 V typeinfo for std::__cxx11::time_get<wchar_t, std::istreambuf_iterator<wchar_t, std::char_traits<wchar_t> > >
001c7650 0000001c V vtable for std::__cxx11::collate<wchar_t>
001c766c 00000024 V vtable for std::__cxx11::numpunct<wchar_t>
001c7690 00000034 V vtable for std::__cxx11::moneypunct<wchar_t, true>
001c76c4 00000034 V vtable for std::__cxx11::moneypunct<wchar_t, false>
001c76f8 0000001c V vtable for std::__cxx11::messages<wchar_t>
001c7714 00000018 V vtable for std::__cxx11::money_get<wchar_t, std::istreambuf_iterator<wchar_t, std::char_traits<wchar_t> > >
001c772c 00000018 V vtable for std::__cxx11::money_put<wchar_t, std::ostreambuf_iterator<wchar_t, std::char_traits<wchar_t> > >
001c7744 0000002c V vtable for std::__cxx11::time_get<wchar_t, std::istreambuf_iterator<wchar_t, std::char_traits<wchar_t> > >
001c7770 00000027 V typeinfo name for std::basic_filebuf<char, std::char_traits<char> >
001c7798 0000000c V typeinfo for std::basic_filebuf<char, std::char_traits<char> >
001c77a4 00000028 V typeinfo name for std::basic_ifstream<char, std::char_traits<char> >
001c77cc 0000000c V typeinfo for std::basic_ifstream<char, std::char_traits<char> >
001c77d8 00000028 V typeinfo name for std::basic_ofstream<char, std::char_traits<char> >
001c7800 0000000c V typeinfo for std::basic_ofstream<char, std::char_traits<char> >
001c780c 00000040 V vtable for std::basic_filebuf<char, std::char_traits<char> >
001c784c 00000028 V construction vtable for std::istream-in-std::basic_ifstream<char, std::char_traits<char> >
001c7874 00000010 V VTT for std::basic_ifstream<char, std::char_traits<char> >
001c7884 00000028 V vtable for std::basic_ifstream<char, std::char_traits<char> >
001c78ac 00000028 V construction vtable for std::ostream-in-std::basic_ofstream<char, std::char_traits<char> >
001c78d4 00000010 V VTT for std::basic_ofstream<char, std::char_traits<char> >
001c78e4 00000028 V vtable for std::basic_ofstream<char, std::char_traits<char> >
001c790c 00000022 V typeinfo name for std::basic_ios<char, std::char_traits<char> >
001c7930 0000000c V typeinfo for std::basic_ios<char, std::char_traits<char> >
001c793c 00000010 V vtable for std::basic_ios<char, std::char_traits<char> >
001c794c 0000000c R typeinfo name for std::ios_base
001c7958 00000008 R typeinfo for std::ios_base
001c7960 00000010 R vtable for std::ios_base
001c7970 00000003 V typeinfo name for std::istream
001c7974 00000018 V typeinfo for std::istream
001c7a54 00000011 V typeinfo name for std::codecvt_base
001c7a68 00000008 V typeinfo for std::codecvt_base
001c7a70 0000000f V typeinfo name for std::ctype_base
001c7a80 00000008 V typeinfo for std::ctype_base
001c7a88 0000000e V typeinfo name for std::collate<char>
001c7a98 0000000c V typeinfo for std::collate<char>
001c7aa4 0000000f V typeinfo name for std::numpunct<char>
001c7ab4 0000000c V typeinfo for std::numpunct<char>
001c7ac0 0000003a V typeinfo name for std::num_get<char, std::istreambuf_iterator<char, std::char_traits<char> > >
001c7afc 0000000c V typeinfo for std::num_get<char, std::istreambuf_iterator<char, std::char_traits<char> > >
001c7b08 0000003a V typeinfo name for std::num_put<char, std::ostreambuf_iterator<char, std::char_traits<char> > >
001c7b44 0000000c V typeinfo for std::num_put<char, std::ostreambuf_iterator<char, std::char_traits<char> > >
001c7b50 00000019 V typeinfo name for std::__timepunct_cache<char>
001c7b6c 0000000c V typeinfo for std::__timepunct_cache<char>
001c7b78 00000013 V typeinfo name for std::__timepunct<char>
001c7b8c 0000000c V typeinfo for std::__timepunct<char>
001c7b98 00000016 V typeinfo name for std::moneypunct<char, true>
001c7bb0 00000020 V typeinfo for std::moneypunct<char, true>
001c7bd0 00000016 V typeinfo name for std::moneypunct<char, false>
001c7be8 00000020 V typeinfo for std::moneypunct<char, false>
001c7c08 0000000f V typeinfo name for std::messages<char>
001c7c18 00000020 V typeinfo for std::messages<char>
001c7c38 0000002c V typeinfo name for std::__codecvt_abstract_base<char, char, _mbstate_t>
001c7c64 00000020 V typeinfo for std::__codecvt_abstract_base<char, char, _mbstate_t>
001c7c84 0000003c V typeinfo name for std::money_get<char, std::istreambuf_iterator<char, std::char_traits<char> > >
001c7cc0 0000000c V typeinfo for std::money_get<char, std::istreambuf_iterator<char, std::char_traits<char> > >
001c7ccc 0000003c V typeinfo name for std::money_put<char, std::ostreambuf_iterator<char, std::char_traits<char> > >
001c7d08 0000000c V typeinfo for std::money_put<char, std::ostreambuf_iterator<char, std::char_traits<char> > >
001c7d14 0000003b V typeinfo name for std::time_put<char, std::ostreambuf_iterator<char, std::char_traits<char> > >
001c7d50 0000000c V typeinfo for std::time_put<char, std::ostreambuf_iterator<char, std::char_traits<char> > >
001c7d5c 0000003b V typeinfo name for std::time_get<char, std::istreambuf_iterator<char, std::char_traits<char> > >
001c7d98 00000020 V typeinfo for std::time_get<char, std::istreambuf_iterator<char, std::char_traits<char> > >
001c7db8 0000001e V typeinfo name for std::__moneypunct_cache<char, false>
001c7dd8 0000000c V typeinfo for std::__moneypunct_cache<char, false>
001c7de4 0000001e V typeinfo name for std::__moneypunct_cache<char, true>
001c7e04 0000000c V typeinfo for std::__moneypunct_cache<char, true>
001c7e10 00000018 V typeinfo name for std::__numpunct_cache<char>
001c7e28 0000000c V typeinfo for std::__numpunct_cache<char>
001c7e34 0000001c V vtable for std::collate<char>
001c7e50 00000024 V vtable for std::numpunct<char>
001c7e74 0000003c V vtable for std::num_get<char, std::istreambuf_iterator<char, std::char_traits<char> > >
001c7eb0 00000030 V vtable for std::num_put<char, std::ostreambuf_iterator<char, std::char_traits<char> > >
001c7ee0 00000010 V vtable for std::__timepunct_cache<char>
001c7ef0 N 
001c7ef0 N 
001c7ef0 N 
001c7ef0 N 
001c7ef0 N 
001c7ef0 N 
001c7ef0 N 
001c7ef0 N 
001c7ef0 N 
001c7ef0 N 
001c7ef0 N 
001c7ef0 N 
001c7ef0 N 
001c7ef0 N 
001c7ef0 N 
001c7ef0 N 
001c7ef0 N 
001c7ef0 N 
001c7ef0 N 
001c7ef0 N 
001c7ef0 N 
001c7ef0 N 
001c7ef0 N 
001c7ef0 N 
001c7ef0 N 
001c7ef0 N 
001c7ef0 N 
001c7ef0 N 
001c7ef0 N 
001c7ef0 N 
001c7ef0 N 
001c7ef0 W KoreanMSX8KB0300MemoryRule.cpp.392ee1b3
001c7ef0 00000010 V vtable for std::__timepunct<char>
001c7f00 00000034 V vtable for std::moneypunct<char, true>
001c7f34 00000034 V vtable for std::moneypunct<char, false>
001c7f68 0000001c V vtable for std::messages<char>
001c7f84 0000002c V vtable for std::__codecvt_abstract_base<char, char, _mbstate_t>
001c7fb0 00000018 V vtable for std::money_get<char, std::istreambuf_iterator<char, std::char_traits<char> > >
001c7fc8 00000018 V vtable for std::money_put<char, std::ostreambuf_iterator<char, std::char_traits<char> > >
001c7fe0 00000014 V vtable for std::time_put<char, std::ostreambuf_iterator<char, std::char_traits<char> > >
001c7ff4 00000028 V vtable for std::time_get<char, std::istreambuf_iterator<char, std::char_traits<char> > >
001c801c 00000010 V vtable for std::__moneypunct_cache<char, false>
001c802c 00000010 V vtable for std::__moneypunct_cache<char, true>
001c803c 00000010 V vtable for std::__numpunct_cache<char>
001c804c 00000088 R std::locale::_S_twinned_facets
001c80d4 00000003 V typeinfo name for std::ostream
001c80d8 00000018 V typeinfo for std::ostream
001c80f0 00000029 V typeinfo name for std::basic_streambuf<char, std::char_traits<char> >
001c811c 00000008 V typeinfo for std::basic_streambuf<char, std::char_traits<char> >
001c8124 00000040 V vtable for std::basic_streambuf<char, std::char_traits<char> >
001c8164 00000019 R typeinfo name for std::_V2::error_category
001c8180 00000008 R typeinfo for std::_V2::error_category
001c8188 00000011 R typeinfo name for std::system_error
001c819c 0000000c R typeinfo for std::system_error
001c81a8 0000000c r typeinfo for (anonymous namespace)::generic_error_category
001c81b4 0000002a r typeinfo name for (anonymous namespace)::generic_error_category
001c81e0 00000014 R vtable for std::system_error
001c81f4 00000028 r vtable for (anonymous namespace)::generic_error_category
001c82e4 0000000e V typeinfo name for std::collate<wchar_t>
001c82f4 0000000c V typeinfo for std::collate<wchar_t>
001c8300 0000001d V typeinfo name for std::__ctype_abstract_base<wchar_t>
001c8320 00000020 V typeinfo for std::__ctype_abstract_base<wchar_t>
001c8340 0000000f V typeinfo name for std::numpunct<wchar_t>
001c8350 0000000c V typeinfo for std::numpunct<wchar_t>
001c835c 0000003a V typeinfo name for std::num_get<wchar_t, std::istreambuf_iterator<wchar_t, std::char_traits<wchar_t> > >
001c8398 0000000c V typeinfo for std::num_get<wchar_t, std::istreambuf_iterator<wchar_t, std::char_traits<wchar_t> > >
001c83a4 0000003a V typeinfo name for std::num_put<wchar_t, std::ostreambuf_iterator<wchar_t, std::char_traits<wchar_t> > >
001c83e0 0000000c V typeinfo for std::num_put<wchar_t, std::ostreambuf_iterator<wchar_t, std::char_traits<wchar_t> > >
001c83ec 00000019 V typeinfo name for std::__timepunct_cache<wchar_t>
001c8408 0000000c V typeinfo for std::__timepunct_cache<wchar_t>
001c8414 00000013 V typeinfo name for std::__timepunct<wchar_t>
001c8428 0000000c V typeinfo for std::__timepunct<wchar_t>
001c8434 00000016 V typeinfo name for std::moneypunct<wchar_t, true>
001c844c 00000020 V typeinfo for std::moneypunct<wchar_t, true>
001c846c 00000016 V typeinfo name for std::moneypunct<wchar_t, false>
001c8484 00000020 V typeinfo for std::moneypunct<wchar_t, false>
001c84a4 0000000f V typeinfo name for std::messages<wchar_t>
001c84b4 00000020 V typeinfo for std::messages<wchar_t>
001c84d4 0000002c V typeinfo name for std::__codecvt_abstract_base<wchar_t, char, _mbstate_t>
001c8500 00000020 V typeinfo for std::__codecvt_abstract_base<wchar_t, char, _mbstate_t>
001c8520 0000003c V typeinfo name for std::money_get<wchar_t, std::istreambuf_iterator<wchar_t, std::char_traits<wchar_t> > >
001c855c 0000000c V typeinfo for std::money_get<wchar_t, std::istreambuf_iterator<wchar_t, std::char_traits<wchar_t> > >
001c8568 0000003c V typeinfo name for std::money_put<wchar_t, std::ostreambuf_iterator<wchar_t, std::char_traits<wchar_t> > >
001c85a4 0000000c V typeinfo for std::money_put<wchar_t, std::ostreambuf_iterator<wchar_t, std::char_traits<wchar_t> > >
001c85b0 0000003b V typeinfo name for std::time_put<wchar_t, std::ostreambuf_iterator<wchar_t, std::char_traits<wchar_t> > >
001c85ec 0000000c V typeinfo for std::time_put<wchar_t, std::ostreambuf_iterator<wchar_t, std::char_traits<wchar_t> > >
001c85f8 0000003b V typeinfo name for std::time_get<wchar_t, std::istreambuf_iterator<wchar_t, std::char_traits<wchar_t> > >
001c8634 00000020 V typeinfo for std::time_get<wchar_t, std::istreambuf_iterator<wchar_t, std::char_traits<wchar_t> > >
001c8654 0000001e V typeinfo name for std::__moneypunct_cache<wchar_t, false>
001c8674 0000000c V typeinfo for std::__moneypunct_cache<wchar_t, false>
001c8680 0000001e V typeinfo name for std::__moneypunct_cache<wchar_t, true>
001c86a0 0000000c V typeinfo for std::__moneypunct_cache<wchar_t, true>
001c86ac 00000018 V typeinfo name for std::__numpunct_cache<wchar_t>
001c86c4 0000000c V typeinfo for std::__numpunct_cache<wchar_t>
001c86d0 0000001c V vtable for std::collate<wchar_t>
001c86ec 00000040 V vtable for std::__ctype_abstract_base<wchar_t>
001c872c 00000024 V vtable for std::numpunct<wchar_t>
001c8750 0000003c V vtable for std::num_get<wchar_t, std::istreambuf_iterator<wchar_t, std::char_traits<wchar_t> > >
001c878c 00000030 V vtable for std::num_put<wchar_t, std::ostreambuf_iterator<wchar_t, std::char_traits<wchar_t> > >
001c87bc 00000010 V vtable for std::__timepunct_cache<wchar_t>
001c87cc 00000010 V vtable for std::__timepunct<wchar_t>
001c87dc 00000034 V vtable for std::moneypunct<wchar_t, true>
001c8810 00000034 V vtable for std::moneypunct<wchar_t, false>
001c8844 0000001c V vtable for std::messages<wchar_t>
001c8860 0000002c V vtable for std::__codecvt_abstract_base<wchar_t, char, _mbstate_t>
001c888c 00000018 V vtable for std::money_get<wchar_t, std::istreambuf_iterator<wchar_t, std::char_traits<wchar_t> > >
001c88a4 00000018 V vtable for std::money_put<wchar_t, std::ostreambuf_iterator<wchar_t, std::char_traits<wchar_t> > >
001c88bc 00000014 V vtable for std::time_put<wchar_t, std::ostreambuf_iterator<wchar_t, std::char_traits<wchar_t> > >
001c88d0 00000028 V vtable for std::time_get<wchar_t, std::istreambuf_iterator<wchar_t, std::char_traits<wchar_t> > >
001c88f8 00000010 V vtable for std::__moneypunct_cache<wchar_t, false>
001c8908 00000010 V vtable for std::__moneypunct_cache<wchar_t, true>
001c8918 00000010 V vtable for std::__numpunct_cache<wchar_t>
001c8928 0000000d R typeinfo name for std::bad_alloc
001c8938 0000000c R typeinfo for std::bad_alloc
001c8944 00000014 R vtable for std::bad_alloc
001c8958 00000019 R typeinfo name for std::bad_array_new_length
001c8974 0000000c R typeinfo for std::bad_array_new_length
001c8980 00000014 R vtable for std::bad_array_new_length
001c8994 0000000c R typeinfo name for std::bad_cast
001c89a0 0000000c R typeinfo for std::bad_cast
001c89ac 00000014 R vtable for std::bad_cast
001c89c0 00000022 R typeinfo name for __cxxabiv1::__class_type_info
001c89e4 0000000c R typeinfo for __cxxabiv1::__class_type_info
001c89f0 0000002c R vtable for __cxxabiv1::__class_type_info
001c8a1c 0000000d R typeinfo name for std::exception
001c8a2c 00000008 R typeinfo for std::exception
001c8a34 00000012 R typeinfo name for std::bad_exception
001c8a48 0000000c R typeinfo for std::bad_exception
001c8a54 00000020 R typeinfo name for __cxxabiv1::__forced_unwind
001c8a74 00000008 R typeinfo for __cxxabiv1::__forced_unwind
001c8a7c 00000024 R typeinfo name for __cxxabiv1::__foreign_exception
001c8aa0 00000008 R typeinfo for __cxxabiv1::__foreign_exception
001c8aa8 00000014 R vtable for std::bad_exception
001c8ad0 0000002c V typeinfo name for __gnu_cxx::__concurrence_broadcast_error
001c8afc 0000000c V typeinfo for __gnu_cxx::__concurrence_broadcast_error
001c8b08 00000027 V typeinfo name for __gnu_cxx::__concurrence_wait_error
001c8b30 0000000c V typeinfo for __gnu_cxx::__concurrence_wait_error
001c8b3c 00000014 V vtable for __gnu_cxx::__concurrence_broadcast_error
001c8b50 00000014 V vtable for __gnu_cxx::__concurrence_wait_error
001c8b64 00000001 R std::nothrow
001c8b68 00000025 R typeinfo name for __cxxabiv1::__si_class_type_info
001c8b90 0000000c R typeinfo for __cxxabiv1::__si_class_type_info
001c8b9c 0000002c R vtable for __cxxabiv1::__si_class_type_info
001c8bc8 0000000d R typeinfo name for std::type_info
001c8bd8 00000008 R typeinfo for std::type_info
001c8be0 00000026 R typeinfo name for __cxxabiv1::__vmi_class_type_info
001c8c08 0000000c R typeinfo for __cxxabiv1::__vmi_class_type_info
001c8c14 0000002c R vtable for __cxxabiv1::__vmi_class_type_info
001c8c40 0000001b V typeinfo name for std::codecvt<char, char, _mbstate_t>
001c8c5c 0000000c V typeinfo for std::codecvt<char, char, _mbstate_t>
001c8c68 0000001b V typeinfo name for std::codecvt<wchar_t, char, _mbstate_t>
001c8c84 0000000c V typeinfo for std::codecvt<wchar_t, char, _mbstate_t>
001c8c90 0000002c V vtable for std::codecvt<char, char, _mbstate_t>
001c8cbc 0000002c V vtable for std::codecvt<wchar_t, char, _mbstate_t>
001c8ce8 00000034 r std::(anonymous namespace)::mon_yday
001c8d1c 00000004 R std::money_base::_S_default_pattern
001c94a8 00000010 R typeinfo name for std::logic_error
001c94b8 0000000c R typeinfo for std::logic_error
001c94c4 00000011 R typeinfo name for std::length_error
001c94d8 0000000c R typeinfo for std::length_error
001c94e4 00000011 R typeinfo name for std::out_of_range
001c94f8 0000000c R typeinfo for std::out_of_range
001c9504 00000012 R typeinfo name for std::runtime_error
001c9518 0000000c R typeinfo for std::runtime_error
001c9524 00000014 R vtable for std::logic_error
001c9538 00000014 R vtable for std::length_error
001c954c 00000014 R vtable for std::out_of_range
001c9560 00000014 R vtable for std::runtime_error
001c9574 0000002d V typeinfo name for std::__codecvt_abstract_base<char16_t, char, _mbstate_t>
001c95a4 00000020 V typeinfo for std::__codecvt_abstract_base<char16_t, char, _mbstate_t>
001c95c4 0000001c V typeinfo name for std::codecvt<char16_t, char, _mbstate_t>
001c95e0 0000000c V typeinfo for std::codecvt<char16_t, char, _mbstate_t>
001c95ec 0000002d V typeinfo name for std::__codecvt_abstract_base<char32_t, char, _mbstate_t>
001c961c 00000020 V typeinfo for std::__codecvt_abstract_base<char32_t, char, _mbstate_t>
001c963c 0000001c V typeinfo name for std::codecvt<char32_t, char, _mbstate_t>
001c9658 0000000c V typeinfo for std::codecvt<char32_t, char, _mbstate_t>
001c9664 0000002e V typeinfo name for std::__codecvt_abstract_base<char16_t, char8_t, _mbstate_t>
001c9694 00000020 V typeinfo for std::__codecvt_abstract_base<char16_t, char8_t, _mbstate_t>
001c96b4 0000001d V typeinfo name for std::codecvt<char16_t, char8_t, _mbstate_t>
001c96d4 0000000c V typeinfo for std::codecvt<char16_t, char8_t, _mbstate_t>
001c96e0 0000002e V typeinfo name for std::__codecvt_abstract_base<char32_t, char8_t, _mbstate_t>
001c9710 00000020 V typeinfo for std::__codecvt_abstract_base<char32_t, char8_t, _mbstate_t>
001c9730 0000001d V typeinfo name for std::codecvt<char32_t, char8_t, _mbstate_t>
001c9750 0000000c V typeinfo for std::codecvt<char32_t, char8_t, _mbstate_t>
001c975c 0000002c V vtable for std::__codecvt_abstract_base<char16_t, char, _mbstate_t>
001c9788 0000002c V vtable for std::codecvt<char16_t, char, _mbstate_t>
001c97b4 0000002c V vtable for std::__codecvt_abstract_base<char32_t, char, _mbstate_t>
001c97e0 0000002c V vtable for std::codecvt<char32_t, char, _mbstate_t>
001c980c 0000002c V vtable for std::__codecvt_abstract_base<char16_t, char8_t, _mbstate_t>
001c9838 0000002c V vtable for std::codecvt<char16_t, char8_t, _mbstate_t>
001c9864 0000002c V vtable for std::__codecvt_abstract_base<char32_t, char8_t, _mbstate_t>
001c9890 0000002c V vtable for std::codecvt<char32_t, char8_t, _mbstate_t>
001c98bc 0000000c V typeinfo name for std::ctype<char>
001c98c8 00000020 V typeinfo for std::ctype<char>
001c98e8 0000000c V typeinfo name for std::ctype<wchar_t>
001c98f4 0000000c V typeinfo for std::ctype<wchar_t>
001c9900 00000030 V vtable for std::ctype<char>
001c9930 00000040 V vtable for std::ctype<wchar_t>
001c99b4 0000001d R typeinfo name for std::ios_base::failure[abi:cxx11]
001c99d4 0000000c R typeinfo for std::ios_base::failure[abi:cxx11]
001c99e0 00000012 V typeinfo name for std::__ios_failure
001c99f4 0000000c V typeinfo for std::__ios_failure
001c9a00 00000018 R typeinfo name for std::__iosfail_type_info
001c9a18 00000018 R typeinfo for std::__iosfail_type_info
001c9a30 00000014 R vtable for std::ios_base::failure[abi:cxx11]
001c9a44 00000014 V vtable for std::__ios_failure
001c9a58 0000002c R vtable for std::__iosfail_type_info
001c9b4c 00000018 V typeinfo name for std::__cxx11::collate<char>
001c9b64 0000000c V typeinfo for std::__cxx11::collate<char>
001c9b70 00000019 V typeinfo name for std::__cxx11::numpunct<char>
001c9b8c 0000000c V typeinfo for std::__cxx11::numpunct<char>
001c9b98 00000020 V typeinfo name for std::__cxx11::moneypunct<char, true>
001c9bb8 00000020 V typeinfo for std::__cxx11::moneypunct<char, true>
001c9bd8 00000020 V typeinfo name for std::__cxx11::moneypunct<char, false>
001c9bf8 00000020 V typeinfo for std::__cxx11::moneypunct<char, false>
001c9c18 00000019 V typeinfo name for std::__cxx11::messages<char>
001c9c34 00000020 V typeinfo for std::__cxx11::messages<char>
001c9c54 00000046 V typeinfo name for std::__cxx11::money_get<char, std::istreambuf_iterator<char, std::char_traits<char> > >
001c9c9c 0000000c V typeinfo for std::__cxx11::money_get<char, std::istreambuf_iterator<char, std::char_traits<char> > >
001c9ca8 00000046 V typeinfo name for std::__cxx11::money_put<char, std::ostreambuf_iterator<char, std::char_traits<char> > >
001c9cf0 0000000c V typeinfo for std::__cxx11::money_put<char, std::ostreambuf_iterator<char, std::char_traits<char> > >
001c9cfc 00000045 V typeinfo name for std::__cxx11::time_get<char, std::istreambuf_iterator<char, std::char_traits<char> > >
001c9d44 00000020 V typeinfo for std::__cxx11::time_get<char, std::istreambuf_iterator<char, std::char_traits<char> > >
001c9d64 0000001c V vtable for std::__cxx11::collate<char>
001c9d80 00000024 V vtable for std::__cxx11::numpunct<char>
001c9da4 00000034 V vtable for std::__cxx11::moneypunct<char, true>
001c9dd8 00000034 V vtable for std::__cxx11::moneypunct<char, false>
001c9e0c 0000001c V vtable for std::__cxx11::messages<char>
001c9e28 00000018 V vtable for std::__cxx11::money_get<char, std::istreambuf_iterator<char, std::char_traits<char> > >
001c9e40 00000018 V vtable for std::__cxx11::money_put<char, std::ostreambuf_iterator<char, std::char_traits<char> > >
001c9e58 0000002c V vtable for std::__cxx11::time_get<char, std::istreambuf_iterator<char, std::char_traits<char> > >
001c9e84 0000000c r typeinfo for (anonymous namespace)::io_error_category
001c9e90 00000025 r typeinfo name for (anonymous namespace)::io_error_category
001c9eb8 00000028 r vtable for (anonymous namespace)::io_error_category
001c9ee0 00000016 R typeinfo name for std::ios_base::failure
001c9ef8 0000000c R typeinfo for std::ios_base::failure
001c9f04 00000014 R vtable for std::ios_base::failure
001c9f18 00000080 r npio2_hw
001c9f98 00000108 r two_over_pi
001ca0a0 00000040 r PIo2
001ca0e0 00000010 r init_jk
001ca0f0 00000060 R __inv_pio4
001ca150 000000e0 R __sincosf_table
001ca230 00000870 R __exp_data
001caaa0 00001048 R __pow_log_data
001cbae8 00001090 R __log_data
001ccd90 00000022 r basefix.0
001cce14 00000014 r fpinan.0
001cce28 00000014 r fpi.1
001cce40 00000028 r tinytens
001cce68 00000100 R __hexdig
001ccf68 00000030 r _DAYS_BEFORE_MONTH
001ccf98 00000030 r DAYS_IN_MONTH
001cd000 0000001c r categories
001cd09c 00000022 r basefix.0
001cd0d8 000000fc R _C_time_locale
001cd2cc 00000010 r zeroes.0
001cd2dc 00000010 r blanks.1
001cd2ec 00000101 R _ctype_
001cd49c 00000060 R __month_lengths
001cd4fc 0000000c r p05.0
001cd508 00000028 R __mprec_bigtens
001cd530 000000c8 R __mprec_tens
001cd6e4 00000010 r zeroes.0
001cd6f4 00000010 r blanks.1
001cd704 0000006c R __action_table
001cd770 0000006c R __state_table
001cd7dc 00000100 R __chclass
001cd914 00000048 r JIS_action_table
001cd95c 00000048 r JIS_state_table
001cda34 000037f8 r categories
001d1300 00000040 r zeroes.0
001d1340 00000040 r blanks.1
001d146c 00000010 r zeroes.0
001d147c 00000010 r blanks.1
001d1578 00000010 r zeroes.0
001d1588 00000010 r blanks.1
001d1598 00000080 R dotab_stdnull
001d1618 R __tdata_align
001d161c r __EH_FRAME_BEGIN__
001d3ca0 R __exidx_start
001d4f60 R __exidx_end
001d5000 00000004 d previousGlassesEye
001d5004 00000004 d bindInputs(GearsystemCore&, bool)::lastX
001d5008 00000004 d bindInputs(GearsystemCore&, bool)::lastY
001d500c 00000008 d framerateCounter
001d5014 00000004 d framerate
001d5018 00000004 D currentConsole
001d501c 00000004 d queueLock
001d5020 00000004 d aptChainloadDeliverArgSize
001d5024 00000004 d kCount
001d5028 00000004 d kInterval
001d502c 00000004 d kDelay
001d5030 W __stacksize__
001d5034 00000004 d (anonymous namespace)::generic_category_instance
001d5038 00000004 D __cxxabiv1::__unexpected_handler
001d503c 00000004 D std::__num_base::_S_atoms_out
001d5040 00000004 D std::__num_base::_S_atoms_in
001d5044 00000004 D std::money_base::_S_atoms
001d5048 00000038 D std::__timepunct_cache<wchar_t>::_S_timezones
001d5080 00000038 D std::__timepunct_cache<char>::_S_timezones
001d50b8 00000004 d (anonymous namespace)::io_category_instance
001d50bc 00000004 D __cxxabiv1::__terminate_handler
001d50c0 00000004 D _impure_ptr
001d50c8 00000200 D _impure_data
001d52c8 00000008 D _tzname
001d52d0 00000254 D __global_locale
001d5524 00000020 D __default_locale
001d5544 00000004 D __malloc_sbrk_base
001d5548 00000004 D __malloc_trim_threshold
001d5550 00000408 D __malloc_av_
001d5958 0000000c D __sglue
001d5968 00000058 d tzinfo
001d59c0 000007e0 d caseconv_table
001d61a0 00000004 D environ
001d61a4 00000400 d _current_working_directory
001d65a8 00001000 d handles
001d75a8 0000000c d __stderr_handle
001d75b4 0000000c d __stdout_handle
001d75c0 0000000c d __stdin_handle
001d75cc 0000008c D devoptab_list
001d7658 00000004 d defaultDevice
001d7664 d _GLOBAL_OFFSET_TABLE_
001d7670 d __frame_dummy_init_array_entry
001d7670 D __init_array_start
001d7670 B __preinit_array_end
001d7670 B __preinit_array_start
001d7670 D __tdata_lma
001d7670 D __tdata_lma_end
001d768c d __do_global_dtors_aux_fini_array_entry
001d768c D __fini_array_start
001d768c D __init_array_end
001d7698 00000004 b menuTarget
001d7698 D __bss_start__
001d7698 D __fini_array_end
001d769c 00000001 b menuIconInitialized
001d76a0 00000008 b menuIconImage
001d76a8 00000004 b frameBuffer
001d76ac 00000004 b uploadBuffer
001d76b0 00000004 b gameInstructionsTextBuf
001d76b4 00000090 b gameTex
001d7744 00000001 b textureInitialized
001d7748 00000078 b gameSubTex
001d77c0 00000030 b gameImage
001d77f0 00000018 b menuIconTex
001d7808 00000004 b menuIconUploadBuffer
001d780c 00000014 b menuIconSubTex
001d7820 00000001 b audioInitialized
001d7824 00000010 b audioBuffers
001d7834 00000060 b audioWave
001d7894 0000001c b gameInstructionsText
001d78b0 00000001 b stereoActive
001d78b1 00000001 b display3DEnabled
001d78b4 00000004 b audioIndex
001d78b8 00000004 b videoTextureSlot
001d78bc 00002000 B sin_tab.lto_priv.0
001d85fa N 
001d85fa N 
001d85fa N 
001d85fa N 
001d85fa N 
001d85fa N 
001d85fa N 
001d85fa N 
001d85fa N 
001d85fa N 
001d85fa N 
001d85fa N 
001d85fa N 
001d85fa N 
001d85fa N 
001d85fa N 
001d85fa N 
001d85fa N 
001d85fa N 
001d85fa N 
001d85fa N 
001d85fa N 
001d85fa N 
001d85fa N 
001d85fa N 
001d85fa N 
001d85fa N 
001d85fa N 
001d85fa N 
001d85fa N 
001d85fa N 
001d85fa N 
001d85fa W KoreanMSXSMS8000MemoryRule.cpp.a5c77496
001d98bc 00005800 B tl_tab.lto_priv.0
001df0c0 00001760 B ym2413.lto_priv.0
001e0820 00000008 b output
001e0828 00000004 b LFO_PM
001e082c 00000004 b LFO_AM
001e0830 000005a8 B __C2Di_Context
001e0dd8 00000040 b s_projTop
001e0e18 00000040 b s_projBot
001e0e58 00000004 b uLoc_mdlvMtx
001e0e5c 00000004 b uLoc_projMtx
001e0e60 00000004 b s_glyphSheets
001e0e64 00000004 b s_textScale
001e0e68 b completed.1
001e0e6c b object.0
001e0e84 0000000c b hookCookie
001e0e90 000002d0 B __C3D_Context
001e1160 00000004 b frameEndCbData
001e1164 00000004 b frameEndCb
001e1168 00000008 b frameCounter
001e1170 00000001 b isTopStereo
001e1171 00000001 b needSwapBot
001e1172 00000001 b needSwapTop
001e1173 00000001 b measureGpuTime
001e1174 00000001 b inSafeTransfer
001e1175 00000001 b inFrame
001e1178 00000010 b cpuTime
001e1188 00000010 b gpuTime
001e1198 0000000c b linkedTarget
001e11a4 00000004 b lastTarget
001e11a8 00000004 b firstTarget
001e11ac 00000008 b C3Di_IVUnifEverDirty
001e11b4 000000c0 b C3Di_FVUnifEverDirty
001e1274 00000018 b C3Di_ShaderFVecData
001e128c 00000002 B C3D_BoolUnifsDirty
001e1290 00000008 B C3D_IVUnifDirty
001e1298 000000c0 B C3D_FVUnifDirty
001e1358 00000004 B C3D_BoolUnifs
001e135c 00000020 B C3D_IVUnif
001e137c 00000c00 B C3D_FVUnif
001e1f80 00000008 b sLinearPool
001e1f88 0000000c b sAddrMap
001e1f98 00000008 b sVramPoolB
001e1fa0 00000008 b sVramPoolA
001e1fa8 0000000c b sAddrMap
001e1fb4 00000048 B currentCopy
001e1ffc 00000004 b sharedFontAddr
001e2000 00000004 B g_sharedFont
001e2004 00000004 b screenAlloc
001e2008 00000004 b screenFree
001e200c 00000002 b gfxIsDoubleBuf
001e2010 00000002 b gfxCurBuf
001e2012 00000001 b gfxIsVram
001e2013 00000001 b gfxTopMode
001e2014 00000002 b gfxFramebufferFormats
001e2018 00000004 b gfxBottomFramebufferMaxSize
001e201c 00000004 b gfxTopFramebufferMaxSize
001e2020 00000008 b gfxBottomFramebuffers
001e2028 00000008 b gfxTopFramebuffers
001e2030 00000001 V __ctru_speedup
001e2034 00000004 b romfs_mount_list
001e2038 00000004 V __romfs_path
001e203c 00000004 B gpuCmdBufOffset
001e2040 00000004 B gpuCmdBufSize
001e2044 00000004 B gpuCmdBuf
001e2048 00000004 b boundQueue
001e204c 00000001 b shouldStop
001e204d 00000001 b isRunning
001e204e 00000001 b isActive
001e2050 00000004 b curQueue
001e2054 00000004 b ndspRefCount
001e2058 00000048 b ndspMaster
001e20a0 00000004 b ndspThread
001e20a4 00000001 b ndspThreadRun
001e20a8 00001080 b dspVar5Backup
001e3128 00000004 b ndspMutex
001e312c 00000008 b sleepEvent
001e3134 00000004 b dspSem
001e3138 00000004 b irqEvent
001e313c 00000008 b ndspHookCookie
001e3144 00000001 b componentFree
001e3146 00000002 b componentDataMask
001e3148 00000002 b componentProgMask
001e314c 00000004 b componentSize
001e3150 00000004 b componentBin
001e3154 00000004 b frameCount
001e3158 00000004 b droppedFrames
001e315c 00000001 b bCancelReceived
001e315d 00000001 b bSleeping
001e315e 00000001 b bEnteringSleep
001e315f 00000001 b bDspReady
001e3160 00000080 B ndspVars
001e31e0 00000002 B ndspBufferId
001e31e2 00000002 B ndspBufferCurId
001e31e4 00000002 B ndspFrameId
001e31e8 00000c60 b ndspChn
001e3e48 00000001 b flagValue.0
001e3e49 00000001 b flagInit.1
001e3e4c 00000004 b serviceName.6
001e3e50 00000001 b aptChainloadFlags
001e3e51 00000001 b aptChainloadMediatype
001e3e54 00000020 b aptChainloadHmac
001e3e74 00000300 b aptChainloadDeliverArg
001e4178 00000008 b aptChainloadTid
001e4180 00001000 b aptParameters
001e5180 00000004 b aptFlags
001e5184 00000001 b aptHomeButtonState
001e5188 00000004 b aptMessageFuncData
001e518c 00000004 b aptMessageFunc
001e5190 0000000c b aptFirstHook
001e519c 00000001 b aptEventHandlerThreadQuit
001e51a0 00000004 b aptEventHandlerThread
001e51a4 00000008 b aptSleepEvent
001e51ac 00000008 b aptReceiveEvent
001e51b4 00000008 b aptEvents
001e51bc 00000004 b aptLockHandle
001e51c0 00000004 b aptRefCount
001e51c4 00000004 b cfguRefCount
001e51c8 00000004 b cfguHandle
001e51cc 00000002 b dspSavedCompDataMask
001e51ce 00000002 b dspSavedCompProgMask
001e51d0 00000004 b dspSavedCompSize
001e51d4 00000004 b dspSavedCompBin
001e51d8 00000001 b dspSleeping
001e51d9 00000001 b dspComponentLoaded
001e51dc 00000008 b dspFirstHook
001e51e4 00000004 b dspRefCount
001e51e8 00000004 b dspHandle
001e51f0 00000080 b fsExemptArchives
001e5270 00000004 b fsuRefCount
001e5274 00000004 b fsuHandle
001e5278 00000007 b gspEventCbOneShot
001e5280 0000001c b gspEventCbData
001e529c 0000001c b gspEventCb
001e52b8 00000038 b gspEvents
001e52f0 00000004 b gspLastEvent
001e52f4 00000001 b gspRunEvents
001e52f8 00000004 b gspEventThread
001e52fc 00000004 b gspEvent
001e5300 00000001 b gspGpuRight
001e5301 00000001 b gspThreadId
001e5304 00000004 b gspSharedMem
001e5308 00000004 b gspSharedMemHandle
001e530c 00000004 b gspRefCount
001e5310 00000004 b gspGpuHandle
001e5314 00000001 b usingIrrst
001e5318 00000004 b hidRefCount
001e531c 00000006 b gRate
001e5324 00000006 b aVec
001e532c 00000004 b cPos
001e5330 00000004 b tPos
001e5334 00000004 b kRepeat
001e5338 00000004 b kUp
001e533c 00000004 b kDown
001e5340 00000004 b kHeld
001e5344 00000004 b kOld
001e5348 00000004 B hidSharedMem
001e534c 00000014 B hidEvents
001e5360 00000004 B hidMemHandle
001e5364 00000004 B hidHandle
001e5368 00000004 b irrstRefCount
001e536c 00000004 b csPos
001e5370 00000004 b kHeld
001e5374 00000004 B irrstSharedMem
001e5378 00000004 B irrstEvent
001e537c 00000004 B irrstMemHandle
001e5380 00000004 B irrstHandle
001e5384 00000004 b ptmSysmRefCount
001e5388 00000004 b ptmSysmHandle
001e538c 00000004 V __ctru_linear_heap_size
001e5390 00000004 V __ctru_heap_size
001e5394 00000004 B __ctru_linear_heap
001e5398 00000004 B __ctru_heap
001e539c 00000004 B __system_retAddr
001e53a0 00000004 B __system_argv
001e53a4 00000004 B __system_argc
001e53a8 b saved_stack
001e53b0 00000004 B __3dslink_host
001e53b4 00000004 b srvRefCount
001e53b8 00000004 b srvHandle
001e53bc 00000004 b arbiter
001e53c0 00000004 b currentAddr
001e53c4 00000004 b maxAddr
001e53c8 00000004 b minAddr
001e53cc 00000004 b srvPmHandle
001e53d0 000005c0 b archive_devices
001e5990 00000004 b archive_device_cwd
001e5994 00000001 b archive_initialized
001e5998 00000004 B std::locale::id::_S_refcount
001e599c 00000004 B std::locale::facet::_S_once
001e59a0 00000004 B std::locale::facet::_S_c_locale
001e59a4 00000004 B std::locale::_S_once
001e59a8 00000004 B std::locale::_S_global
001e59ac 00000004 B std::locale::_S_classic
001e59b0 00000004 b guard variable for (anonymous namespace)::get_locale_cache_mutex()::locale_cache_mutex
001e59b8 00000010 b (anonymous namespace)::get_locale_cache_mutex()::locale_cache_mutex
001e59c8 00000010 V std::string::_Rep::_S_empty_rep_storage
001e59d8 00000010 V std::basic_string<wchar_t, std::char_traits<wchar_t>, std::allocator<wchar_t> >::_Rep::_S_empty_rep_storage
001e59e8 00000004 V guard variable for std::__cxx11::collate<wchar_t>::id
001e59ec 00000004 V guard variable for std::__cxx11::messages<wchar_t>::id
001e59f0 00000004 V guard variable for std::__cxx11::time_get<wchar_t, std::istreambuf_iterator<wchar_t, std::char_traits<wchar_t> > >::id
001e59f4 00000004 V guard variable for std::__cxx11::numpunct<wchar_t>::id
001e59f8 00000004 V guard variable for std::__cxx11::moneypunct<wchar_t, true>::id
001e59fc 00000004 V guard variable for std::__cxx11::moneypunct<wchar_t, false>::id
001e5a00 00000004 V guard variable for std::__cxx11::money_put<wchar_t, std::ostreambuf_iterator<wchar_t, std::char_traits<wchar_t> > >::id
001e5a04 00000004 V guard variable for std::__cxx11::money_get<wchar_t, std::istreambuf_iterator<wchar_t, std::char_traits<wchar_t> > >::id
001e5a08 00000004 V std::__cxx11::collate<wchar_t>::id
001e5a0c 00000004 V std::__cxx11::messages<wchar_t>::id
001e5a10 00000004 V std::__cxx11::time_get<wchar_t, std::istreambuf_iterator<wchar_t, std::char_traits<wchar_t> > >::id
001e5a14 00000004 V std::__cxx11::numpunct<wchar_t>::id
001e5a18 00000004 V std::__cxx11::moneypunct<wchar_t, true>::id
001e5a1c 00000004 V std::__cxx11::moneypunct<wchar_t, false>::id
001e5a20 00000004 V std::__cxx11::money_put<wchar_t, std::ostreambuf_iterator<wchar_t, std::char_traits<wchar_t> > >::id
001e5a24 00000004 V std::__cxx11::money_get<wchar_t, std::istreambuf_iterator<wchar_t, std::char_traits<wchar_t> > >::id
001e5a28 00000004 V guard variable for std::collate<char>::id
001e5a2c 00000004 V guard variable for std::messages<char>::id
001e5a30 00000004 V guard variable for std::time_get<char, std::istreambuf_iterator<char, std::char_traits<char> > >::id
001e5a34 00000004 V guard variable for std::time_put<char, std::ostreambuf_iterator<char, std::char_traits<char> > >::id
001e5a38 00000004 V guard variable for std::__timepunct<char>::id
001e5a3c 00000004 V guard variable for std::numpunct<char>::id
001e5a40 00000004 V guard variable for std::moneypunct<char, true>::id
001e5a44 00000004 V guard variable for std::moneypunct<char, false>::id
001e5a48 00000004 V guard variable for std::money_put<char, std::ostreambuf_iterator<char, std::char_traits<char> > >::id
001e5a4c 00000004 V guard variable for std::money_get<char, std::istreambuf_iterator<char, std::char_traits<char> > >::id
001e5a50 00000004 V guard variable for std::num_put<char, std::ostreambuf_iterator<char, std::char_traits<char> > >::id
001e5a54 00000004 V guard variable for std::num_get<char, std::istreambuf_iterator<char, std::char_traits<char> > >::id
001e5a58 00000004 V std::collate<char>::id
001e5a5c 00000004 V std::messages<char>::id
001e5a60 00000004 V std::time_get<char, std::istreambuf_iterator<char, std::char_traits<char> > >::id
001e5a64 00000004 V std::time_put<char, std::ostreambuf_iterator<char, std::char_traits<char> > >::id
001e5a68 00000004 V std::__timepunct<char>::id
001e5a6c 00000004 V std::numpunct<char>::id
001e5a70 00000004 V std::moneypunct<char, true>::id
001e5a74 00000004 V std::moneypunct<char, false>::id
001e5a78 00000004 V std::money_put<char, std::ostreambuf_iterator<char, std::char_traits<char> > >::id
001e5a7c 00000004 V std::money_get<char, std::istreambuf_iterator<char, std::char_traits<char> > >::id
001e5a80 00000004 V std::num_put<char, std::ostreambuf_iterator<char, std::char_traits<char> > >::id
001e5a84 00000004 V std::num_get<char, std::istreambuf_iterator<char, std::char_traits<char> > >::id
001e5a88 000000c8 b (anonymous namespace)::timepunct_cache_w
001e5b50 00000070 b (anonymous namespace)::moneypunct_cache_wf
001e5bc0 00000070 b (anonymous namespace)::moneypunct_cache_wt
001e5c30 00000128 b (anonymous namespace)::numpunct_cache_w
001e5d58 000000c8 b (anonymous namespace)::timepunct_cache_c
001e5e20 00000044 b (anonymous namespace)::moneypunct_cache_cf
001e5e64 00000044 b (anonymous namespace)::moneypunct_cache_ct
001e5ea8 00000068 b (anonymous namespace)::numpunct_cache_c
001e5f10 00000008 b (anonymous namespace)::codecvt_c32_c8
001e5f18 00000008 b (anonymous namespace)::codecvt_c16_c8
001e5f20 00000008 b (anonymous namespace)::codecvt_c32
001e5f28 00000008 b (anonymous namespace)::codecvt_c16
001e5f30 00000010 b (anonymous namespace)::messages_w
001e5f40 00000008 b (anonymous namespace)::time_put_w
001e5f48 00000008 b (anonymous namespace)::time_get_w
001e5f50 00000014 b (anonymous namespace)::timepunct_w
001e5f64 00000008 b (anonymous namespace)::money_put_w
001e5f6c 00000008 b (anonymous namespace)::money_get_w
001e5f74 0000000c b (anonymous namespace)::moneypunct_wf
001e5f80 0000000c b (anonymous namespace)::moneypunct_wt
001e5f8c 0000000c b (anonymous namespace)::codecvt_w
001e5f98 00000008 b (anonymous namespace)::num_put_w
001e5fa0 00000008 b (anonymous namespace)::num_get_w
001e5fa8 0000000c b (anonymous namespace)::numpunct_w
001e5fb4 0000000c b (anonymous namespace)::collate_w
001e5fc0 000004e0 b (anonymous namespace)::ctype_w
001e64a0 00000010 b (anonymous namespace)::messages_c
001e64b0 00000008 b (anonymous namespace)::time_put_c
001e64b8 00000008 b (anonymous namespace)::time_get_c
001e64c0 00000014 b (anonymous namespace)::timepunct_c
001e64d4 00000008 b (anonymous namespace)::money_put_c
001e64dc 00000008 b (anonymous namespace)::money_get_c
001e64e4 0000000c b (anonymous namespace)::moneypunct_cf
001e64f0 0000000c b (anonymous namespace)::moneypunct_ct
001e64fc 0000000c b (anonymous namespace)::codecvt_c
001e6508 00000008 b (anonymous namespace)::num_put_c
001e6510 00000008 b (anonymous namespace)::num_get_c
001e6518 0000000c b (anonymous namespace)::numpunct_c
001e6524 0000000c b (anonymous namespace)::collate_c
001e6530 00000220 b (anonymous namespace)::ctype_c
001e6750 000000c0 b (anonymous namespace)::cache_vec
001e6810 000000c0 b (anonymous namespace)::facet_vec
001e68d0 0000000c b (anonymous namespace)::name_c
001e68dc 00000018 b (anonymous namespace)::name_vec
001e68f4 00000004 b (anonymous namespace)::c_locale
001e68f8 00000014 b (anonymous namespace)::c_locale_impl
001e690c 00000004 b guard variable for (anonymous namespace)::get_locale_mutex()::locale_mutex
001e6910 00000010 b (anonymous namespace)::get_locale_mutex()::locale_mutex
001e6920 00000004 V guard variable for std::collate<wchar_t>::id
001e6924 00000004 V guard variable for std::messages<wchar_t>::id
001e6928 00000004 V guard variable for std::time_get<wchar_t, std::istreambuf_iterator<wchar_t, std::char_traits<wchar_t> > >::id
001e692c 00000004 V guard variable for std::time_put<wchar_t, std::ostreambuf_iterator<wchar_t, std::char_traits<wchar_t> > >::id
001e6930 00000004 V guard variable for std::__timepunct<wchar_t>::id
001e6934 00000004 V guard variable for std::numpunct<wchar_t>::id
001e6938 00000004 V guard variable for std::moneypunct<wchar_t, true>::id
001e693c 00000004 V guard variable for std::moneypunct<wchar_t, false>::id
001e6940 00000004 V guard variable for std::money_put<wchar_t, std::ostreambuf_iterator<wchar_t, std::char_traits<wchar_t> > >::id
001e6944 00000004 V guard variable for std::money_get<wchar_t, std::istreambuf_iterator<wchar_t, std::char_traits<wchar_t> > >::id
001e6948 00000004 V guard variable for std::num_put<wchar_t, std::ostreambuf_iterator<wchar_t, std::char_traits<wchar_t> > >::id
001e694c 00000004 V guard variable for std::num_get<wchar_t, std::istreambuf_iterator<wchar_t, std::char_traits<wchar_t> > >::id
001e6950 00000004 V std::collate<wchar_t>::id
001e6954 00000004 V std::messages<wchar_t>::id
001e6958 00000004 V std::time_get<wchar_t, std::istreambuf_iterator<wchar_t, std::char_traits<wchar_t> > >::id
001e695c 00000004 V std::time_put<wchar_t, std::ostreambuf_iterator<wchar_t, std::char_traits<wchar_t> > >::id
001e6960 00000004 V std::__timepunct<wchar_t>::id
001e6964 00000004 V std::numpunct<wchar_t>::id
001e6968 00000004 V std::moneypunct<wchar_t, true>::id
001e696c 00000004 V std::moneypunct<wchar_t, false>::id
001e6970 00000004 V std::money_put<wchar_t, std::ostreambuf_iterator<wchar_t, std::char_traits<wchar_t> > >::id
001e6974 00000004 V std::money_get<wchar_t, std::istreambuf_iterator<wchar_t, std::char_traits<wchar_t> > >::id
001e6978 00000004 V std::num_put<wchar_t, std::ostreambuf_iterator<wchar_t, std::char_traits<wchar_t> > >::id
001e697c 00000004 V std::num_get<wchar_t, std::istreambuf_iterator<wchar_t, std::char_traits<wchar_t> > >::id
001e6980 0000001c b (anonymous namespace)::emergency_pool
001e699c 00000004 b init
001e69a0 00000001 B __eh_globals_init::_S_init
001e69a4 0000000c b (anonymous namespace)::eh_globals
001e69b0 00000004 b (anonymous namespace)::get_static_cond()::once
001e69b8 00000008 b (anonymous namespace)::fake_cond
001e69c0 00000004 b (anonymous namespace)::static_cond
001e69c4 00000004 b (anonymous namespace)::get_static_mutex()::once
001e69c8 00000010 b (anonymous namespace)::fake_mutex
001e69d8 00000004 b (anonymous namespace)::static_mutex
001e69dc 00000004 b (anonymous namespace)::__new_handler
001e69e0 00000004 B std::codecvt<wchar_t, char, _mbstate_t>::id
001e69e4 00000004 B std::codecvt<char, char, _mbstate_t>::id
001e69e8 00000004 B std::codecvt<char32_t, char8_t, _mbstate_t>::id
001e69ec 00000004 B std::codecvt<char16_t, char8_t, _mbstate_t>::id
001e69f0 00000004 B std::codecvt<char32_t, char, _mbstate_t>::id
001e69f4 00000004 B std::codecvt<char16_t, char, _mbstate_t>::id
001e69f8 00000010 b std::(anonymous namespace)::messages_w
001e6a08 00000008 b std::(anonymous namespace)::time_get_w
001e6a10 00000008 b std::(anonymous namespace)::money_put_w
001e6a18 00000008 b std::(anonymous namespace)::money_get_w
001e6a20 0000000c b std::(anonymous namespace)::moneypunct_wf
001e6a2c 0000000c b std::(anonymous namespace)::moneypunct_wt
001e6a38 0000000c b std::(anonymous namespace)::numpunct_w
001e6a44 0000000c b std::(anonymous namespace)::collate_w
001e6a50 00000010 b std::(anonymous namespace)::messages_c
001e6a60 00000008 b std::(anonymous namespace)::time_get_c
001e6a68 00000008 b std::(anonymous namespace)::money_put_c
001e6a70 00000008 b std::(anonymous namespace)::money_get_c
001e6a78 0000000c b std::(anonymous namespace)::moneypunct_cf
001e6a84 0000000c b std::(anonymous namespace)::moneypunct_ct
001e6a90 0000000c b std::(anonymous namespace)::numpunct_c
001e6a9c 0000000c b std::(anonymous namespace)::collate_c
001e6aa8 00000004 B std::ctype<wchar_t>::id
001e6aac 00000004 B std::ctype<char>::id
001e6ab0 00000004 V guard variable for std::__cxx11::collate<char>::id
001e6ab4 00000004 V guard variable for std::__cxx11::messages<char>::id
001e6ab8 00000004 V guard variable for std::__cxx11::time_get<char, std::istreambuf_iterator<char, std::char_traits<char> > >::id
001e6abc 00000004 V guard variable for std::__cxx11::numpunct<char>::id
001e6ac0 00000004 V guard variable for std::__cxx11::moneypunct<char, true>::id
001e6ac4 00000004 V guard variable for std::__cxx11::moneypunct<char, false>::id
001e6ac8 00000004 V guard variable for std::__cxx11::money_put<char, std::ostreambuf_iterator<char, std::char_traits<char> > >::id
001e6acc 00000004 V guard variable for std::__cxx11::money_get<char, std::istreambuf_iterator<char, std::char_traits<char> > >::id
001e6ad0 00000004 V std::__cxx11::collate<char>::id
001e6ad4 00000004 V std::__cxx11::messages<char>::id
001e6ad8 00000004 V std::__cxx11::time_get<char, std::istreambuf_iterator<char, std::char_traits<char> > >::id
001e6adc 00000004 V std::__cxx11::numpunct<char>::id
001e6ae0 00000004 V std::__cxx11::moneypunct<char, true>::id
001e6ae4 00000004 V std::__cxx11::moneypunct<char, false>::id
001e6ae8 00000004 V std::__cxx11::money_put<char, std::ostreambuf_iterator<char, std::char_traits<char> > >::id
001e6aec 00000004 V std::__cxx11::money_get<char, std::istreambuf_iterator<char, std::char_traits<char> > >::id
001e6af0 00000004 B _timezone
001e6af4 00000004 B _daylight
001e6af8 00000004 b __tz_mutex
001e6afc 000000e0 b saved_categories.0
001e6bdc 000000e0 b new_categories.1
001e6cbc 00000028 B __malloc_current_mallinfo
001e6ce4 00000004 B __malloc_max_total_mem
001e6ce8 00000004 B __malloc_max_sbrked_mem
001e6cec 00000004 B __malloc_top_pad
001e6cf0 0000000c b __sfp_recursive_mutex
001e6d00 00000168 B __sf
001e6e68 00000004 B __stdio_exit_handler
001e6e6c 0000000c b __malloc_recursive_mutex
001e6e78 00000004 b prev_tzenv
001e6e7c 0000000c b __tzname_dst
001e6e88 0000000c b __tzname_std
001e6e94 0000000c b __env_recursive_mutex
001e6ea0 00000004 b initial_env
001e6ea4 00000400 b temp_cwd
001e72a4 00000004 b __hndl_lock
001e72a8 00000004 B fake_heap_start
001e72ac 00000004 B fake_heap_end
001e72b0 00000004 b __pthread_once_cv
001e72b4 00000004 b __pthread_once_lock
001e72b8 00000004 b heap_start.0
001e72bc B __tls_start
001e7ec4 B __bss_end__
001e7ec4 A __end__
001e7ec4 B __tls_end
001e8cf5 N 
001e8cf5 N 
001e8cf5 N 
001e8cf5 N 
001e8cf5 N 
001e8cf5 N 
001e8cf5 N 
001e8cf5 N 
001e8cf5 N 
001e8cf5 N 
001e8cf5 N 
001e8cf5 N 
001e8cf5 N 
001e8cf5 N 
001e8cf5 N 
001e8cf5 N 
001e8cf5 N 
001e8cf5 N 
001e8cf5 N 
001e8cf5 N 
001e8cf5 N 
001e8cf5 N 
001e8cf5 N 
001e8cf5 N 
001e8cf5 N 
001e8cf5 N 
001e8cf5 N 
001e8cf5 N 
001e8cf5 N 
001e8cf5 N 
001e8cf5 N 
001e8cf5 N 
001e8cf5 W KoreanMemoryRule.cpp.839cfd95
001f93b0 N 
001f93b0 N 
001f93b0 N 
001f93b0 N 
001f93b0 N 
001f93b0 N 
001f93b0 N 
001f93b0 N 
001f93b0 N 
001f93b0 N 
001f93b0 N 
001f93b0 N 
001f93b0 N 
001f93b0 N 
001f93b0 N 
001f93b0 N 
001f93b0 N 
001f93b0 N 
001f93b0 N 
001f93b0 N 
001f93b0 N 
001f93b0 N 
001f93b0 N 
001f93b0 N 
001f93b0 N 
001f93b0 N 
001f93b0 N 
001f93b0 N 
001f93b0 N 
001f93b0 N 
001f93b0 N 
001f93b0 N 
001f93b0 W KoreanSMS32KB2000MemoryRule.cpp.70b5eb83
00209a7a N 
00209a7a N 
00209a7a N 
00209a7a N 
00209a7a N 
00209a7a N 
00209a7a N 
00209a7a N 
00209a7a N 
00209a7a N 
00209a7a N 
00209a7a N 
00209a7a N 
00209a7a N 
00209a7a N 
00209a7a N 
00209a7a N 
00209a7a N 
00209a7a N 
00209a7a N 
00209a7a N 
00209a7a N 
00209a7a N 
00209a7a N 
00209a7a N 
00209a7a N 
00209a7a N 
00209a7a N 
00209a7a N 
00209a7a N 
00209a7a N 
00209a7a N 
00209a7a W MSXMemoryRule.cpp.8fdd56fc
0021a199 N 
0021a199 N 
0021a199 N 
0021a199 N 
0021a199 N 
0021a199 N 
0021a199 N 
0021a199 N 
0021a199 N 
0021a199 N 
0021a199 N 
0021a199 N 
0021a199 N 
0021a199 N 
0021a199 N 
0021a199 N 
0021a199 N 
0021a199 N 
0021a199 N 
0021a199 N 
0021a199 N 
0021a199 N 
0021a199 N 
0021a199 N 
0021a199 N 
0021a199 N 
0021a199 N 
0021a199 N 
0021a199 N 
0021a199 N 
0021a199 N 
0021a199 N 
0021a199 N 
0021a199 N 
0021a199 N 
0021a199 N 
0021a199 N 
0021a199 N 
0021a199 N 
0021a199 N 
0021a199 N 
0021a199 N 
0021a199 N 
0021a199 N 
0021a199 N 
0021a199 N 
0021a199 N 
0021a199 N 
0021a199 N 
0021a199 N 
0021a199 N 
0021a199 N 
0021a199 N 
0021a199 N 
0021a199 N 
0021a199 N 
0021a199 N 
0021a199 N 
0021a199 N 
0021a199 N 
0021a199 N 
0021a199 N 
0021a199 N 
0021a199 N 
0021a199 N 
0021a199 N 
0021a199 N 
0021a199 N 
0021a199 N 
0021a199 N 
0021a199 N 
0021a199 N 
0021a199 N 
0021a199 N 
0021a199 N 
0021a199 N 
0021a199 N 
0021a199 N 
0021a199 N 
0021a199 N 
0021a199 N 
0021a199 N 
0021a199 N 
0021a199 N 
0021a199 W Memory.cpp.94522ff4
0022f423 N 
0022f423 N 
0022f423 N 
0022f423 N 
0022f423 N 
0022f423 N 
0022f423 N 
0022f423 N 
0022f423 N 
0022f423 N 
0022f423 N 
0022f423 N 
0022f423 N 
0022f423 N 
0022f423 N 
0022f423 N 
0022f423 N 
0022f423 N 
0022f423 N 
0022f423 N 
0022f423 N 
0022f423 N 
0022f423 N 
0022f423 N 
0022f423 N 
0022f423 N 
0022f423 N 
0022f423 N 
0022f423 N 
0022f423 N 
0022f423 N 
0022f423 N 
0022f423 N 
0022f423 N 
0022f423 N 
0022f423 W MemoryRule.cpp.c40e1d15
00232214 N 
00232214 N 
00232214 N 
00232214 N 
00232214 N 
00232214 N 
00232214 N 
00232214 N 
00232214 N 
00232214 N 
00232214 N 
00232214 N 
00232214 N 
00232214 N 
00232214 N 
00232214 N 
00232214 N 
00232214 N 
00232214 N 
00232214 N 
00232214 N 
00232214 N 
00232214 N 
00232214 N 
00232214 N 
00232214 N 
00232214 N 
00232214 N 
00232214 N 
00232214 N 
00232214 N 
00232214 N 
00232214 W Multi4PAKAllActionMemoryRule.cpp.b7e34bb8
002428de N 
002428de N 
002428de N 
002428de N 
002428de N 
002428de N 
002428de N 
002428de N 
002428de N 
002428de N 
002428de N 
002428de N 
002428de N 
002428de N 
002428de N 
002428de N 
002428de N 
002428de N 
002428de N 
002428de N 
002428de N 
002428de N 
002428de N 
002428de N 
002428de N 
002428de N 
002428de N 
002428de N 
002428de N 
002428de N 
002428de N 
002428de N 
002428de N 
002428de N 
002428de N 
002428de N 
002428de N 
002428de N 
002428de N 
002428de N 
002428de N 
002428de N 
002428de N 
002428de N 
002428de N 
002428de N 
002428de N 
002428de N 
002428de N 
002428de N 
002428de N 
002428de N 
002428de N 
002428de N 
002428de N 
002428de N 
002428de N 
002428de N 
002428de N 
002428de N 
002428de N 
002428de N 
002428de N 
002428de N 
002428de N 
002428de N 
002428de N 
002428de N 
002428de N 
002428de N 
002428de N 
002428de N 
002428de N 
002428de N 
002428de N 
002428de N 
002428de N 
002428de N 
002428de N 
002428de N 
002428de N 
002428de N 
002428de N 
002428de N 
002428de N 
002428de N 
002428de N 
002428de N 
002428de N 
002428de N 
002428de N 
002428de N 
002428de N 
002428de N 
002428de N 
002428de N 
002428de N 
002428de W Processor.cpp.7be2262f
00259e1c N 
00259e1c N 
00259e1c N 
00259e1c N 
00259e1c N 
00259e1c N 
00259e1c N 
00259e1c N 
00259e1c N 
00259e1c N 
00259e1c N 
00259e1c N 
00259e1c N 
00259e1c N 
00259e1c N 
00259e1c N 
00259e1c N 
00259e1c N 
00259e1c N 
00259e1c N 
00259e1c N 
00259e1c N 
00259e1c N 
00259e1c N 
00259e1c N 
00259e1c N 
00259e1c N 
00259e1c N 
00259e1c W RomOnlyMemoryRule.cpp.ce5fb675
0026a35c N 
0026a35c N 
0026a35c N 
0026a35c N 
0026a35c N 
0026a35c N 
0026a35c N 
0026a35c N 
0026a35c N 
0026a35c N 
0026a35c N 
0026a35c N 
0026a35c N 
0026a35c N 
0026a35c N 
0026a35c N 
0026a35c N 
0026a35c N 
0026a35c N 
0026a35c N 
0026a35c N 
0026a35c N 
0026a35c N 
0026a35c N 
0026a35c N 
0026a35c N 
0026a35c N 
0026a35c N 
0026a35c N 
0026a35c W SG1000MemoryRule.cpp.a90f88cb
0027a8ab N 
0027a8ab N 
0027a8ab N 
0027a8ab N 
0027a8ab N 
0027a8ab N 
0027a8ab N 
0027a8ab N 
0027a8ab N 
0027a8ab N 
0027a8ab N 
0027a8ab N 
0027a8ab N 
0027a8ab N 
0027a8ab N 
0027a8ab N 
0027a8ab N 
0027a8ab N 
0027a8ab N 
0027a8ab N 
0027a8ab N 
0027a8ab N 
0027a8ab N 
0027a8ab N 
0027a8ab N 
0027a8ab N 
0027a8ab N 
0027a8ab N 
0027a8ab N 
0027a8ab N 
0027a8ab N 
0027a8ab N 
0027a8ab N 
0027a8ab N 
0027a8ab N 
0027a8ab N 
0027a8ab N 
0027a8ab N 
0027a8ab N 
0027a8ab W SegaMemoryRule.cpp.6b33ac2e
0028c3c0 N 
0028c3c0 N 
0028c3c0 N 
0028c3c0 N 
0028c3c0 N 
0028c3c0 N 
0028c3c0 N 
0028c3c0 N 
0028c3c0 N 
0028c3c0 N 
0028c3c0 N 
0028c3c0 N 
0028c3c0 N 
0028c3c0 N 
0028c3c0 N 
0028c3c0 N 
0028c3c0 N 
0028c3c0 N 
0028c3c0 N 
0028c3c0 N 
0028c3c0 N 
0028c3c0 N 
0028c3c0 N 
0028c3c0 N 
0028c3c0 N 
0028c3c0 N 
0028c3c0 N 
0028c3c0 N 
0028c3c0 N 
0028c3c0 N 
0028c3c0 N 
0028c3c0 N 
0028c3c0 N 
0028c3c0 N 
0028c3c0 N 
0028c3c0 W SmsIOPorts.cpp.73b1f519
002a336f N 
002a336f N 
002a336f N 
002a336f N 
002a336f N 
002a336f N 
002a336f N 
002a336f N 
002a336f N 
002a336f N 
002a336f N 
002a336f N 
002a336f N 
002a336f N 
002a336f N 
002a336f N 
002a336f N 
002a336f N 
002a336f N 
002a336f N 
002a336f N 
002a336f N 
002a336f N 
002a336f N 
002a336f N 
002a336f N 
002a336f N 
002a336f N 
002a336f W TraceLogger.cpp.02a4268c
002a5a95 N 
002a5a95 N 
002a5a95 N 
002a5a95 N 
002a5a95 N 
002a5a95 N 
002a5a95 N 
002a5a95 N 
002a5a95 N 
002a5a95 N 
002a5a95 N 
002a5a95 N 
002a5a95 N 
002a5a95 N 
002a5a95 N 
002a5a95 N 
002a5a95 N 
002a5a95 N 
002a5a95 N 
002a5a95 N 
002a5a95 N 
002a5a95 N 
002a5a95 N 
002a5a95 N 
002a5a95 N 
002a5a95 N 
002a5a95 N 
002a5a95 N 
002a5a95 N 
002a5a95 N 
002a5a95 N 
002a5a95 N 
002a5a95 N 
002a5a95 N 
002a5a95 N 
002a5a95 N 
002a5a95 N 
002a5a95 N 
002a5a95 N 
002a5a95 N 
002a5a95 N 
002a5a95 N 
002a5a95 N 
002a5a95 N 
002a5a95 N 
002a5a95 N 
002a5a95 N 
002a5a95 N 
002a5a95 N 
002a5a95 N 
002a5a95 N 
002a5a95 N 
002a5a95 N 
002a5a95 N 
002a5a95 N 
002a5a95 W VgmRecorder.cpp.e3b81e69
002aea7f N 
002aea7f N 
002aea7f N 
002aea7f N 
002aea7f N 
002aea7f N 
002aea7f N 
002aea7f N 
002aea7f N 
002aea7f N 
002aea7f N 
002aea7f N 
002aea7f N 
002aea7f N 
002aea7f N 
002aea7f N 
002aea7f N 
002aea7f N 
002aea7f N 
002aea7f N 
002aea7f N 
002aea7f N 
002aea7f N 
002aea7f N 
002aea7f N 
002aea7f N 
002aea7f N 
002aea7f N 
002aea7f N 
002aea7f N 
002aea7f N 
002aea7f N 
002aea7f N 
002aea7f N 
002aea7f N 
002aea7f N 
002aea7f N 
002aea7f N 
002aea7f N 
002aea7f N 
002aea7f N 
002aea7f N 
002aea7f N 
002aea7f N 
002aea7f N 
002aea7f N 
002aea7f N 
002aea7f N 
002aea7f N 
002aea7f N 
002aea7f N 
002aea7f N 
002aea7f N 
002aea7f N 
002aea7f N 
002aea7f N 
002aea7f N 
002aea7f N 
002aea7f N 
002aea7f N 
002aea7f N 
002aea7f N 
002aea7f N 
002aea7f N 
002aea7f N 
002aea7f N 
002aea7f N 
002aea7f N 
002aea7f N 
002aea7f W Video.cpp.ed0b659a
002c0e68 N 
002c0e68 N 
002c0e68 N 
002c0e68 N 
002c0e68 N 
002c0e68 N 
002c0e68 N 
002c0e68 N 
002c0e68 N 
002c0e68 N 
002c0e68 N 
002c0e68 N 
002c0e68 N 
002c0e68 N 
002c0e68 N 
002c0e68 N 
002c0e68 N 
002c0e68 N 
002c0e68 N 
002c0e68 N 
002c0e68 N 
002c0e68 N 
002c0e68 N 
002c0e68 N 
002c0e68 N 
002c0e68 N 
002c0e68 N 
002c0e68 N 
002c0e68 N 
002c0e68 N 
002c0e68 N 
002c0e68 N 
002c0e68 W YM2413.cpp.6df4d0db
002c390d N 
002c390d N 
002c390d N 
002c390d N 
002c390d N 
002c390d N 
002c390d N 
002c390d N 
002c390d N 
002c390d N 
002c390d N 
002c390d N 
002c390d N 
002c390d N 
002c390d N 
002c390d N 
002c390d N 
002c390d N 
002c390d N 
002c390d N 
002c390d N 
002c390d N 
002c390d N 
002c390d N 
002c390d N 
002c390d N 
002c390d N 
002c390d N 
002c390d N 
002c390d N 
002c390d N 
002c390d N 
002c390d N 
002c390d N 
002c390d N 
002c390d N 
002c390d N 
002c390d N 
002c390d N 
002c390d N 
002c390d N 
002c390d N 
002c390d N 
002c390d N 
002c390d N 
002c390d N 
002c390d N 
002c390d N 
002c390d N 
002c390d N 
002c390d N 
002c390d N 
002c390d N 
002c390d N 
002c390d N 
002c390d N 
002c390d N 
002c390d N 
002c390d N 
002c390d N 
002c390d N 
002c390d N 
002c390d N 
002c390d N 
002c390d N 
002c390d N 
002c390d N 
002c390d N 
002c390d N 
002c390d N 
002c390d N 
002c390d N 
002c390d N 
002c390d N 
002c390d N 
002c390d N 
002c390d N 
002c390d N 
002c390d N 
002c390d N 
002c390d N 
002c390d N 
002c390d N 
002c390d N 
002c390d N 
002c390d N 
002c390d N 
002c390d N 
002c390d N 
002c390d N 
002c390d N 
002c390d N 
002c390d N 
002c390d N 
002c390d N 
002c390d N 
002c390d N 
002c390d N 
002c390d N 
002c390d N 
002c390d N 
002c390d N 
002c390d N 
002c390d N 
002c390d N 
002c390d N 
002c390d N 
002c390d N 
002c390d N 
002c390d N 
002c390d N 
002c390d N 
002c390d N 
002c390d N 
002c390d N 
002c390d N 
002c390d N 
002c390d N 
002c390d N 
002c390d N 
002c390d N 
002c390d N 
002c390d N 
002c390d N 
002c390d N 
002c390d N 
002c390d N 
002c390d N 
002c390d N 
002c390d N 
002c390d N 
002c390d N 
002c390d N 
002c390d N 
002c390d N 
002c390d N 
002c390d N 
002c390d N 
002c390d N 
002c390d N 
002c390d N 
002c390d N 
002c390d N 
002c390d N 
002c390d N 
002c390d N 
002c390d N 
002c390d N 
002c390d N 
002c390d N 
002c390d N 
002c390d N 
002c390d N 
002c390d N 
002c390d N 
002c390d N 
002c390d N 
002c390d N 
002c390d N 
002c390d N 
002c390d N 
002c390d N 
002c390d N 
002c390d N 
002c390d N 
002c390d N 
002c390d N 
002c390d N 
002c390d N 
002c390d N 
002c390d N 
002c390d N 
002c390d N 
002c390d N 
002c390d N 
002c390d N 
002c390d N 
002c390d N 
002c390d N 
002c390d N 
002c390d N 
002c390d N 
002c390d N 
002c390d N 
002c390d N 
002c390d N 
002c390d N 
002c390d N 
002c390d N 
002c390d N 
002c390d N 
002c390d N 
002c390d N 
002c390d N 
002c390d N 
002c390d N 
002c390d N 
002c390d N 
002c390d N 
002c390d N 
002c390d N 
002c390d N 
002c390d N 
002c390d N 
002c390d N 
002c390d N 
002c390d N 
002c390d N 
002c390d N 
002c390d N 
002c390d N 
002c390d N 
002c390d N 
002c390d N 
002c390d N 
002c390d N 
002c390d N 
002c390d N 
002c390d N 
002c390d N 
002c390d N 
002c390d N 
002c390d N 
002c390d N 
002c390d N 
002c390d N 
002c390d N 
002c390d N 
002c390d N 
002c390d N 
002c390d N 
002c390d N 
002c390d N 
002c390d N 
002c390d N 
002c390d N 
002c390d N 
002c390d N 
002c390d N 
002c390d N 
002c390d N 
002c390d N 
002c390d N 
002c390d N 
002c390d N 
002c390d N 
002c390d N 
002c390d N 
002c390d N 
002c390d N 
002c390d N 
002c390d N 
002c390d N 
002c390d N 
002c390d N 
002c390d N 
002c390d N 
002c390d N 
002c390d N 
002c390d N 
002c390d N 
002c390d N 
002c390d N 
002c390d N 
002c390d N 
002c390d N 
002c390d N 
002c390d N 
002c390d N 
002c390d N 
002c390d N 
002c390d N 
002c390d N 
002c390d N 
002c390d N 
002c390d N 
002c390d N 
002c390d N 
002c390d N 
002c390d N 
002c390d N 
002c390d N 
002c390d N 
002c390d N 
002c390d N 
002c390d N 
002c390d N 
002c390d N 
002c390d N 
002c390d N 
002c390d N 
002c390d N 
002c390d N 
002c390d N 
002c390d N 
002c390d N 
002c390d N 
002c390d N 
002c390d N 
002c390d N 
002c390d N 
002c390d N 
002c390d N 
002c390d N 
002c390d N 
002c390d N 
002c390d N 
002c390d N 
002c390d N 
002c390d N 
002c390d N 
002c390d N 
002c390d N 
002c390d N 
002c390d N 
002c390d N 
002c390d N 
002c390d N 
002c390d N 
002c390d N 
002c390d W opcodes.cpp.c54a899e
002d6634 N 
002d6634 N 
002d6634 N 
002d6634 N 
002d6634 N 
002d6634 N 
002d6634 N 
002d6634 N 
002d6634 N 
002d6634 N 
002d6634 N 
002d6634 N 
002d6634 N 
002d6634 N 
002d6634 N 
002d6634 N 
002d6634 N 
002d6634 N 
002d6634 N 
002d6634 N 
002d6634 N 
002d6634 N 
002d6634 N 
002d6634 N 
002d6634 N 
002d6634 N 
002d6634 N 
002d6634 N 
002d6634 N 
002d6634 N 
002d6634 N 
002d6634 N 
002d6634 N 
002d6634 N 
002d6634 N 
002d6634 N 
002d6634 N 
002d6634 N 
002d6634 N 
002d6634 N 
002d6634 N 
002d6634 N 
002d6634 N 
002d6634 N 
002d6634 N 
002d6634 N 
002d6634 N 
002d6634 N 
002d6634 N 
002d6634 N 
002d6634 N 
002d6634 N 
002d6634 N 
002d6634 N 
002d6634 N 
002d6634 N 
002d6634 N 
002d6634 N 
002d6634 N 
002d6634 N 
002d6634 N 
002d6634 N 
002d6634 N 
002d6634 N 
002d6634 N 
002d6634 N 
002d6634 N 
002d6634 N 
002d6634 N 
002d6634 N 
002d6634 N 
002d6634 N 
002d6634 N 
002d6634 N 
002d6634 N 
002d6634 N 
002d6634 N 
002d6634 N 
002d6634 N 
002d6634 N 
002d6634 N 
002d6634 N 
002d6634 N 
002d6634 N 
002d6634 N 
002d6634 N 
002d6634 N 
002d6634 N 
002d6634 N 
002d6634 N 
002d6634 N 
002d6634 N 
002d6634 N 
002d6634 N 
002d6634 N 
002d6634 N 
002d6634 N 
002d6634 N 
002d6634 N 
002d6634 N 
002d6634 N 
002d6634 N 
002d6634 N 
002d6634 N 
002d6634 N 
002d6634 N 
002d6634 N 
002d6634 N 
002d6634 N 
002d6634 N 
002d6634 N 
002d6634 N 
002d6634 N 
002d6634 N 
002d6634 N 
002d6634 N 
002d6634 N 
002d6634 N 
002d6634 N 
002d6634 N 
002d6634 N 
002d6634 N 
002d6634 N 
002d6634 N 
002d6634 N 
002d6634 N 
002d6634 N 
002d6634 N 
002d6634 N 
002d6634 N 
002d6634 N 
002d6634 N 
002d6634 N 
002d6634 N 
002d6634 N 
002d6634 N 
002d6634 N 
002d6634 N 
002d6634 N 
002d6634 N 
002d6634 N 
002d6634 N 
002d6634 N 
002d6634 N 
002d6634 N 
002d6634 N 
002d6634 N 
002d6634 N 
002d6634 N 
002d6634 N 
002d6634 N 
002d6634 N 
002d6634 N 
002d6634 N 
002d6634 N 
002d6634 N 
002d6634 N 
002d6634 N 
002d6634 N 
002d6634 N 
002d6634 N 
002d6634 N 
002d6634 N 
002d6634 N 
002d6634 N 
002d6634 N 
002d6634 N 
002d6634 N 
002d6634 N 
002d6634 N 
002d6634 N 
002d6634 N 
002d6634 N 
002d6634 N 
002d6634 N 
002d6634 N 
002d6634 N 
002d6634 N 
002d6634 N 
002d6634 N 
002d6634 N 
002d6634 N 
002d6634 N 
002d6634 N 
002d6634 N 
002d6634 N 
002d6634 N 
002d6634 N 
002d6634 N 
002d6634 N 
002d6634 N 
002d6634 N 
002d6634 N 
002d6634 N 
002d6634 N 
002d6634 N 
002d6634 N 
002d6634 N 
002d6634 N 
002d6634 N 
002d6634 N 
002d6634 N 
002d6634 N 
002d6634 N 
002d6634 N 
002d6634 N 
002d6634 N 
002d6634 N 
002d6634 N 
002d6634 N 
002d6634 N 
002d6634 N 
002d6634 N 
002d6634 N 
002d6634 N 
002d6634 N 
002d6634 N 
002d6634 N 
002d6634 N 
002d6634 N 
002d6634 N 
002d6634 N 
002d6634 N 
002d6634 N 
002d6634 N 
002d6634 N 
002d6634 N 
002d6634 N 
002d6634 N 
002d6634 N 
002d6634 N 
002d6634 N 
002d6634 N 
002d6634 N 
002d6634 N 
002d6634 N 
002d6634 N 
002d6634 N 
002d6634 N 
002d6634 N 
002d6634 N 
002d6634 N 
002d6634 N 
002d6634 N 
002d6634 N 
002d6634 N 
002d6634 N 
002d6634 N 
002d6634 N 
002d6634 N 
002d6634 N 
002d6634 N 
002d6634 N 
002d6634 N 
002d6634 N 
002d6634 N 
002d6634 N 
002d6634 N 
002d6634 N 
002d6634 N 
002d6634 N 
002d6634 N 
002d6634 N 
002d6634 N 
002d6634 N 
002d6634 N 
002d6634 N 
002d6634 N 
002d6634 N 
002d6634 N 
002d6634 N 
002d6634 N 
002d6634 N 
002d6634 N 
002d6634 N 
002d6634 N 
002d6634 N 
002d6634 N 
002d6634 N 
002d6634 N 
002d6634 N 
002d6634 N 
002d6634 N 
002d6634 N 
002d6634 N 
002d6634 N 
002d6634 N 
002d6634 N 
002d6634 N 
002d6634 N 
002d6634 N 
002d6634 N 
002d6634 N 
002d6634 N 
002d6634 N 
002d6634 N 
002d6634 N 
002d6634 N 
002d6634 N 
002d6634 N 
002d6634 N 
002d6634 N 
002d6634 N 
002d6634 W opcodes_cb.cpp.5bd6f3f2
002e8945 N 
002e8945 N 
002e8945 N 
002e8945 N 
002e8945 N 
002e8945 N 
002e8945 N 
002e8945 N 
002e8945 N 
002e8945 N 
002e8945 N 
002e8945 N 
002e8945 N 
002e8945 N 
002e8945 N 
002e8945 N 
002e8945 N 
002e8945 N 
002e8945 N 
002e8945 N 
002e8945 N 
002e8945 N 
002e8945 N 
002e8945 N 
002e8945 N 
002e8945 N 
002e8945 N 
002e8945 N 
002e8945 N 
002e8945 N 
002e8945 N 
002e8945 N 
002e8945 N 
002e8945 N 
002e8945 N 
002e8945 N 
002e8945 N 
002e8945 N 
002e8945 N 
002e8945 N 
002e8945 N 
002e8945 N 
002e8945 N 
002e8945 N 
002e8945 N 
002e8945 N 
002e8945 N 
002e8945 N 
002e8945 N 
002e8945 N 
002e8945 N 
002e8945 N 
002e8945 N 
002e8945 N 
002e8945 N 
002e8945 N 
002e8945 N 
002e8945 N 
002e8945 N 
002e8945 N 
002e8945 N 
002e8945 N 
002e8945 N 
002e8945 N 
002e8945 N 
002e8945 N 
002e8945 N 
002e8945 N 
002e8945 N 
002e8945 N 
002e8945 N 
002e8945 N 
002e8945 N 
002e8945 N 
002e8945 N 
002e8945 N 
002e8945 N 
002e8945 N 
002e8945 N 
002e8945 N 
002e8945 N 
002e8945 N 
002e8945 N 
002e8945 N 
002e8945 N 
002e8945 N 
002e8945 N 
002e8945 N 
002e8945 N 
002e8945 N 
002e8945 N 
002e8945 N 
002e8945 N 
002e8945 N 
002e8945 N 
002e8945 N 
002e8945 N 
002e8945 N 
002e8945 N 
002e8945 N 
002e8945 N 
002e8945 N 
002e8945 N 
002e8945 N 
002e8945 N 
002e8945 N 
002e8945 N 
002e8945 N 
002e8945 N 
002e8945 N 
002e8945 N 
002e8945 N 
002e8945 N 
002e8945 N 
002e8945 N 
002e8945 N 
002e8945 N 
002e8945 N 
002e8945 N 
002e8945 N 
002e8945 N 
002e8945 N 
002e8945 N 
002e8945 W opcodes_ed.cpp.73540b24
002f990e N 
002f990e N 
002f990e N 
002f990e N 
002f990e N 
002f990e N 
002f990e N 
002f990e N 
002f990e N 
002f990e N 
002f990e N 
002f990e N 
002f990e N 
002f990e N 
002f990e N 
002f990e N 
002f990e N 
002f990e N 
002f990e N 
002f990e N 
002f990e N 
002f990e N 
002f990e N 
002f990e N 
002f990e N 
002f990e N 
002f990e N 
002f990e N 
002f990e N 
002f990e N 
002f990e N 
002f990e N 
002f990e N 
002f990e N 
002f990e N 
002f990e N 
002f990e N 
002f990e N 
002f990e N 
002f990e N 
002f990e N 
002f990e N 
002f990e N 
002f990e W Blip_Buffer.cpp.71489fd5
002fc6ab N 
002fc6ab N 
002fc6ab N 
002fc6ab N 
002fc6ab N 
002fc6ab N 
002fc6ab N 
002fc6ab N 
002fc6ab N 
002fc6ab N 
002fc6ab N 
002fc6ab N 
002fc6ab N 
002fc6ab N 
002fc6ab N 
002fc6ab N 
002fc6ab N 
002fc6ab N 
002fc6ab N 
002fc6ab N 
002fc6ab N 
002fc6ab N 
002fc6ab N 
002fc6ab N 
002fc6ab N 
002fc6ab N 
002fc6ab N 
002fc6ab N 
002fc6ab N 
002fc6ab N 
002fc6ab N 
002fc6ab N 
002fc6ab N 
002fc6ab N 
002fc6ab N 
002fc6ab N 
002fc6ab N 
002fc6ab N 
002fc6ab N 
002fc6ab N 
002fc6ab N 
002fc6ab N 
002fc6ab N 
002fc6ab N 
002fc6ab N 
002fc6ab N 
002fc6ab N 
002fc6ab N 
002fc6ab W Sms_Apu.cpp.69827d8e
003009bf N 
003009bf N 
003009bf N 
003009bf N 
003009bf N 
003009bf N 
003009bf N 
003009bf N 
003009bf N 
003009bf N 
003009bf N 
003009bf N 
003009bf N 
003009bf N 
003009bf N 
003009bf N 
003009bf N 
003009bf N 
003009bf N 
003009bf N 
003009bf N 
003009bf N 
003009bf N 
003009bf N 
003009bf N 
003009bf N 
003009bf N 
003009bf N 
003009bf N 
003009bf N 
003009bf W Stereo_Buffer.cpp.5ed73e4d
003039ab N 
003039ab N 
003039ab N 
003039ab N 
003039ab N 
003039ab N 
003039ab N 
003039ab N 
003039ab N 
003039ab N 
003039ab N 
003039ab N 
003039ab N 
003039ab N 
003039ab N 
003039ab N 
003039ab N 
003039ab N 
003039ab N 
003039ab N 
003039ab N 
003039ab N 
003039ab N 
003039ab N 
003039ab N 
003039ab N 
003039ab N 
003039ab N 
003039ab N 
003039ab N 
003039ab N 
003039ab N 
003039ab N 
003039ab N 
003039ab N 
003039ab N 
003039ab N 
003039ab N 
003039ab N 
003039ab N 
003039ab N 
003039ab N 
003039ab N 
003039ab N 
003039ab N 
003039ab N 
003039ab N 
003039ab N 
003039ab W emu2413.c.5d143be7
00304663 N 
00304663 N 
00304663 N 
00304663 N 
00304663 N 
00304663 N 
00304663 N 
00304663 N 
00304663 N 
00304663 N 
00304663 N 
00304663 N 
00304663 N 
00304663 N 
00304663 N 
00304663 N 
00304663 N 
00304663 N 
00304663 N 
00304663 N 
00304663 N 
00304663 N 
00304663 N 
00304663 N 
00304663 N 
00304663 N 
00304663 N 
00304663 N 
00304663 N 
00304663 N 
00304663 N 
00304663 N 
00304663 N 
00304663 N 
00304663 N 
00304663 N 
00304663 N 
00304663 N 
00304663 N 
00304663 N 
00304663 N 
00304663 N 
00304663 N 
00304663 N 
00304663 N 
00304663 N 
00304663 N 
00304663 N 
00304663 N 
00304663 N 
00304663 N 
00304663 N 
00304663 N 
00304663 N 
00304663 N 
00304663 N 
00304663 N 
00304663 N 
00304663 N 
00304663 N 
00304663 N 
00304663 N 
00304663 N 
00304663 N 
00304663 N 
00304663 N 
00304663 N 
00304663 N 
00304663 N 
00304663 N 
00304663 N 
00304663 N 
00304663 N 
00304663 N 
00304663 N 
00304663 N 
00304663 N 
00304663 N 
00304663 N 
00304663 N 
00304663 N 
00304663 N 
00304663 N 
00304663 N 
00304663 N 
00304663 N 
00304663 N 
00304663 N 
00304663 N 
00304663 N 
00304663 N 
00304663 N 
00304663 N 
00304663 N 
00304663 N 
00304663 N 
00304663 N 
00304663 N 
00304663 N 
00304663 N 
00304663 N 
00304663 N 
00304663 N 
00304663 N 
00304663 N 
00304663 N 
00304663 N 
00304663 N 
00304663 N 
00304663 N 
00304663 N 
00304663 N 
00304663 N 
00304663 N 
00304663 N 
00304663 N 
00304663 N 
00304663 N 
00304663 N 
00304663 N 
00304663 N 
00304663 N 
00304663 N 
00304663 N 
00304663 N 
00304663 N 
00304663 N 
00304663 N 
00304663 N 
00304663 N 
00304663 N 
00304663 N 
00304663 N 
00304663 N 
00304663 N 
00304663 N 
00304663 N 
00304663 N 
00304663 N 
00304663 N 
00304663 N 
00304663 N 
00304663 N 
00304663 N 
00304663 N 
00304663 N 
00304663 N 
00304663 N 
00304663 N 
00304663 N 
00304663 N 
00304663 N 
00304663 N 
00304663 N 
00304663 N 
00304663 N 
00304663 N 
00304663 N 
00304663 N 
00304663 N 
00304663 N 
00304663 N 
00304663 N 
00304663 N 
00304663 N 
00304663 N 
00304663 N 
00304663 N 
00304663 N 
00304663 N 
00304663 N 
00304663 N 
00304663 N 
00304663 N 
00304663 N 
00304663 N 
00304663 N 
00304663 N 
00304663 N 
00304663 N 
00304663 N 
00304663 N 
00304663 N 
00304663 N 
00304663 N 
00304663 N 
00304663 N 
00304663 N 
00304663 N 
00304663 N 
00304663 N 
00304663 N 
00304663 N 
00304663 N 
00304663 N 
00304663 N 
00304663 N 
00304663 N 
00304663 N 
00304663 N 
00304663 N 
00304663 N 
00304663 N 
00304663 N 
00304663 N 
00304663 N 
00304663 N 
00304663 N 
00304663 N 
00304663 N 
00304663 N 
00304663 N 
00304663 N 
00304663 N 
00304663 W miniz.c.17aa458d
