         w __cxa_pure_virtual
         w __deregister_frame_info
         w __gnu_Unwind_Find_exidx
         w __register_frame_info
         w __syscall_tls_create
         w __syscall_tls_delete
         w __syscall_tls_get
         w __syscall_tls_set
         w userAppExit
         w userAppInit
00000000 b _TLS_MODULE_BASE_
00000000 00000802 B __ctru_dev_utf16_buf
00000000 A __sync_synchronize
00000000 a shift
00000000 a shift
00000804 00000401 B __ctru_dev_path_buf
00055dd3 N 
00055dd3 N 
00055dd3 N 
00055dd3 N 
00055dd3 N 
00055dd3 N 
00055dd3 N 
00055dd3 N 
00055dd3 N 
00055dd3 N 
00055dd3 N 
00055dd3 N 
00055dd3 N 
00055dd3 N 
00055dd3 N 
00055dd3 N 
00055dd3 N 
00055dd3 N 
00055dd3 N 
00055dd3 N 
00055dd3 N 
00055dd3 N 
00055dd3 N 
00055dd3 N 
00055dd3 N 
00055dd3 N 
00055dd3 N 
00055dd3 N 
00055dd3 N 
00055dd3 N 
00055dd3 N 
00055dd3 N 
00055dd3 N 
00055dd3 N 
00055dd3 N 
00055dd3 N 
00055dd3 N 
00055dd3 N 
00055dd3 N 
00055dd3 N 
00055dd3 N 
00055dd3 N 
00055dd3 N 
00055dd3 N 
00055dd3 N 
00055dd3 N 
00055dd3 N 
00055dd3 N 
00055dd3 N 
00055dd3 N 
00055dd3 N 
00055dd3 N 
00055dd3 N 
00055dd3 N 
00055dd3 N 
00055dd3 N 
00055dd3 N 
00055dd3 N 
00055dd3 N 
00055dd3 N 
00055dd3 N 
00055dd3 N 
00055dd3 N 
00055dd3 N 
00055dd3 N 
00055dd3 N 
00055dd3 N 
00055dd3 N 
00055dd3 N 
00055dd3 N 
00055dd3 N 
00055dd3 W main.cpp.9df4358f
00070cc2 N 
00070cc2 N 
00070cc2 N 
00070cc2 N 
00070cc2 N 
00070cc2 N 
00070cc2 N 
00070cc2 N 
00070cc2 N 
00070cc2 N 
00070cc2 N 
00070cc2 N 
00070cc2 N 
00070cc2 N 
00070cc2 N 
00070cc2 N 
00070cc2 N 
00070cc2 N 
00070cc2 N 
00070cc2 N 
00070cc2 N 
00070cc2 N 
00070cc2 N 
00070cc2 N 
00070cc2 N 
00070cc2 N 
00070cc2 N 
00070cc2 N 
00070cc2 N 
00070cc2 N 
00070cc2 N 
00070cc2 N 
00070cc2 N 
00070cc2 N 
00070cc2 N 
00070cc2 N 
00070cc2 W Audio.cpp.1de9753f
0007b86c N 
0007b86c N 
0007b86c N 
0007b86c N 
0007b86c N 
0007b86c N 
0007b86c N 
0007b86c N 
0007b86c N 
0007b86c N 
0007b86c N 
0007b86c N 
0007b86c N 
0007b86c N 
0007b86c N 
0007b86c N 
0007b86c N 
0007b86c N 
0007b86c N 
0007b86c N 
0007b86c N 
0007b86c N 
0007b86c N 
0007b86c N 
0007b86c N 
0007b86c N 
0007b86c N 
0007b86c N 
0007b86c N 
0007b86c N 
0007b86c N 
0007b86c W BootromMemoryRule.cpp.d0ec2130
0008bf3c N 
0008bf3c N 
0008bf3c N 
0008bf3c N 
0008bf3c N 
0008bf3c N 
0008bf3c N 
0008bf3c N 
0008bf3c N 
0008bf3c N 
0008bf3c N 
0008bf3c N 
0008bf3c N 
0008bf3c N 
0008bf3c N 
0008bf3c N 
0008bf3c N 
0008bf3c N 
0008bf3c N 
0008bf3c N 
0008bf3c N 
0008bf3c N 
0008bf3c N 
0008bf3c N 
0008bf3c N 
0008bf3c N 
0008bf3c N 
0008bf3c N 
0008bf3c N 
0008bf3c N 
0008bf3c N 
0008bf3c N 
0008bf3c N 
0008bf3c N 
0008bf3c N 
0008bf3c N 
0008bf3c N 
0008bf3c N 
0008bf3c N 
0008bf3c N 
0008bf3c N 
0008bf3c N 
0008bf3c N 
0008bf3c N 
0008bf3c N 
0008bf3c N 
0008bf3c N 
0008bf3c N 
0008bf3c N 
0008bf3c N 
0008bf3c N 
0008bf3c N 
0008bf3c N 
0008bf3c N 
0008bf3c N 
0008bf3c N 
0008bf3c N 
0008bf3c N 
0008bf3c N 
0008bf3c N 
0008bf3c N 
0008bf3c N 
0008bf3c N 
0008bf3c N 
0008bf3c N 
0008bf3c N 
0008bf3c N 
0008bf3c N 
0008bf3c N 
0008bf3c N 
0008bf3c N 
0008bf3c N 
0008bf3c N 
0008bf3c N 
0008bf3c N 
0008bf3c N 
0008bf3c N 
0008bf3c N 
0008bf3c N 
0008bf3c N 
0008bf3c N 
0008bf3c N 
0008bf3c W Cartridge.cpp.de2b0956
00097ed5 N 
00097ed5 N 
00097ed5 N 
00097ed5 N 
00097ed5 N 
00097ed5 N 
00097ed5 N 
00097ed5 N 
00097ed5 N 
00097ed5 N 
00097ed5 N 
00097ed5 N 
00097ed5 N 
00097ed5 N 
00097ed5 N 
00097ed5 N 
00097ed5 N 
00097ed5 N 
00097ed5 N 
00097ed5 N 
00097ed5 N 
00097ed5 N 
00097ed5 N 
00097ed5 N 
00097ed5 N 
00097ed5 N 
00097ed5 N 
00097ed5 N 
00097ed5 N 
00097ed5 N 
00097ed5 N 
00097ed5 N 
00097ed5 N 
00097ed5 W CodemastersMemoryRule.cpp.0cf38962
000a864f N 
000a864f N 
000a864f N 
000a864f N 
000a864f N 
000a864f N 
000a864f N 
000a864f N 
000a864f N 
000a864f N 
000a864f N 
000a864f N 
000a864f N 
000a864f N 
000a864f N 
000a864f N 
000a864f N 
000a864f N 
000a864f N 
000a864f N 
000a864f N 
000a864f N 
000a864f N 
000a864f N 
000a864f N 
000a864f N 
000a864f N 
000a864f N 
000a864f N 
000a864f N 
000a864f N 
000a864f N 
000a864f N 
000a864f N 
000a864f N 
000a864f N 
000a864f N 
000a864f N 
000a864f N 
000a864f N 
000a864f N 
000a864f N 
000a864f N 
000a864f N 
000a864f N 
000a864f N 
000a864f N 
000a864f N 
000a864f N 
000a864f W Eeprom93C46MemoryRule.cpp.ceb45082
000b92be N 
000b92be N 
000b92be N 
000b92be N 
000b92be N 
000b92be N 
000b92be N 
000b92be N 
000b92be N 
000b92be N 
000b92be N 
000b92be N 
000b92be N 
000b92be N 
000b92be N 
000b92be N 
000b92be N 
000b92be N 
000b92be N 
000b92be N 
000b92be N 
000b92be N 
000b92be N 
000b92be N 
000b92be N 
000b92be N 
000b92be N 
000b92be N 
000b92be N 
000b92be N 
000b92be N 
000b92be N 
000b92be N 
000b92be N 
000b92be N 
000b92be W GameGearIOPorts.cpp.d8c5abe4
000d023a N 
000d023a N 
000d023a N 
000d023a N 
000d023a N 
000d023a N 
000d023a N 
000d023a N 
000d023a N 
000d023a N 
000d023a N 
000d023a N 
000d023a N 
000d023a N 
000d023a N 
000d023a N 
000d023a N 
000d023a N 
000d023a N 
000d023a N 
000d023a N 
000d023a N 
000d023a N 
000d023a N 
000d023a N 
000d023a N 
000d023a N 
000d023a N 
000d023a N 
000d023a N 
000d023a N 
000d023a N 
000d023a N 
000d023a N 
000d023a N 
000d023a N 
000d023a N 
000d023a N 
000d023a N 
000d023a N 
000d023a N 
000d023a N 
000d023a N 
000d023a N 
000d023a N 
000d023a N 
000d023a N 
000d023a N 
000d023a N 
000d023a N 
000d023a N 
000d023a N 
000d023a N 
000d023a N 
000d023a N 
000d023a N 
000d023a N 
000d023a N 
000d023a N 
000d023a N 
000d023a N 
000d023a N 
000d023a N 
000d023a N 
000d023a N 
000d023a N 
000d023a N 
000d023a N 
000d023a N 
000d023a N 
000d023a N 
000d023a N 
000d023a N 
000d023a N 
000d023a N 
000d023a N 
000d023a N 
000d023a N 
000d023a N 
000d023a N 
000d023a N 
000d023a N 
000d023a N 
000d023a N 
000d023a N 
000d023a N 
000d023a N 
000d023a N 
000d023a N 
000d023a N 
000d023a N 
000d023a N 
000d023a N 
000d023a N 
000d023a N 
000d023a N 
000d023a N 
000d023a N 
000d023a N 
000d023a N 
000d023a N 
000d023a N 
000d023a N 
000d023a N 
000d023a N 
000d023a N 
000d023a N 
000d023a N 
000d023a N 
000d023a N 
000d023a N 
000d023a N 
000d023a N 
000d023a N 
000d023a N 
000d023a N 
000d023a N 
000d023a N 
000d023a N 
000d023a N 
000d023a N 
000d023a N 
000d023a N 
000d023a N 
000d023a N 
000d023a N 
000d023a N 
000d023a N 
000d023a N 
000d023a N 
000d023a N 
000d023a N 
000d023a N 
000d023a N 
000d023a N 
000d023a N 
000d023a N 
000d023a N 
000d023a N 
000d023a N 
000d023a N 
000d023a N 
000d023a N 
000d023a N 
000d023a N 
000d023a N 
000d023a N 
000d023a N 
000d023a N 
000d023a N 
000d023a N 
000d023a N 
000d023a N 
000d023a N 
000d023a N 
000d023a N 
000d023a N 
000d023a N 
000d023a N 
000d023a N 
000d023a N 
000d023a N 
000d023a N 
000d023a N 
000d023a N 
000d023a N 
000d023a N 
000d023a N 
000d023a N 
000d023a N 
000d023a N 
000d023a W GearsystemCore.cpp.2153e92a
000edeee N 
000edeee N 
000edeee N 
000edeee N 
000edeee N 
000edeee N 
000edeee N 
000edeee N 
000edeee N 
000edeee N 
000edeee N 
000edeee N 
000edeee N 
000edeee N 
000edeee N 
000edeee N 
000edeee N 
000edeee N 
000edeee N 
000edeee N 
000edeee N 
000edeee N 
000edeee N 
000edeee N 
000edeee N 
000edeee N 
000edeee N 
000edeee N 
000edeee N 
000edeee N 
000edeee N 
000edeee N 
000edeee N 
000edeee N 
000edeee N 
000edeee N 
000edeee N 
000edeee N 
000edeee W Input.cpp.d0838126
00100000 A __start__
00100000 T _start
00100008 T __service_ptr
0010000c T __apt_appid
00100010 T __heap_size
00100014 T __linear_heap_size
00100018 T __system_arglist
0010001c T __system_runflags
00100020 t startup
00100058 t ClearMem
0010006c t ClrLoop
00100094 T _init
001000b0 00000098 t BootromMemoryRule::Reset()
00100148 00000004 t BootromMemoryRule::~BootromMemoryRule()
00100148 00000004 t BootromMemoryRule::~BootromMemoryRule()
0010014c 00000090 t BootromMemoryRule::PerformRead(unsigned short)
001001dc 000000cc t BootromMemoryRule::PerformWrite(unsigned short, unsigned char)
001002a8 0000001c t BootromMemoryRule::GetPage(int)
001002c4 00000014 t BootromMemoryRule::GetBank(int)
001002d8 000000a0 t CodemastersMemoryRule::PerformRead(unsigned short)
00100378 000000ec t CodemastersMemoryRule::PerformWrite(unsigned short, unsigned char)
00100464 00000014 t CodemastersMemoryRule::GetRamBanks()
00100478 00000058 t CodemastersMemoryRule::GetPage(int)
001004d0 00000014 t CodemastersMemoryRule::GetBank(int)
001004e4 00000004 t Eeprom93C46MemoryRule::~Eeprom93C46MemoryRule()
001004e4 00000004 t Eeprom93C46MemoryRule::~Eeprom93C46MemoryRule()
001004e8 000000f8 t Eeprom93C46MemoryRule::PerformRead(unsigned short)
001005e0 00000008 t MSXMemoryRule::Has8kBanks()
001005e0 00000008 t JanggunMemoryRule::Has8kBanks()
001005e0 00000008 t IratahackMemoryRule::PersistedRAM()
001005e0 00000008 t KoreanBFFCMemoryRule::Has8kBanks()
001005e0 00000008 t KoreanFFFEMemoryRule::Has8kBanks()
001005e0 00000008 t Eeprom93C46MemoryRule::PersistedRAM()
001005e0 00000008 t KoreanMDFFF0MemoryRule::Has8kBanks()
001005e0 00000008 t KoreanMDFFF5MemoryRule::Has8kBanks()
001005e0 00000008 t KoreanFFF3FFFCMemoryRule::Has8kBanks()
001005e0 00000008 t Korean0000XORFFMemoryRule::Has8kBanks()
001005e0 00000008 t Korean2000XOR1FMemoryRule::Has8kBanks()
001005e0 00000008 t KoreanMSX8KB0300MemoryRule::Has8kBanks()
001005e0 00000008 t KoreanMSXSMS8000MemoryRule::Has8kBanks()
001005e8 00000008 t Eeprom93C46MemoryRule::GetRamSize()
001005f0 00000008 t Eeprom93C46MemoryRule::GetRamBanks()
001005f8 00000020 t Eeprom93C46MemoryRule::GetPage(int)
00100618 00000014 t Eeprom93C46MemoryRule::GetBank(int)
0010062c 0000028c T GameGearIOPorts::DoInput(unsigned char)
001008b8 00000004 t GameGearIOPorts::~GameGearIOPorts()
001008b8 00000004 t GameGearIOPorts::~GameGearIOPorts()
001008bc 00000020 t GameGearIOPorts::Reset()
001008dc 00000060 t C2D_DrawImageAt.constprop.0.isra.0
0010093c 0000001c t BootromMemoryRule::~BootromMemoryRule()
00100958 0000001c t Eeprom93C46MemoryRule::~Eeprom93C46MemoryRule()
00100974 0000001c t GameGearIOPorts::~GameGearIOPorts()
00100990 0000064c t chooseRom(std::__cxx11::basic_string<char, std::char_traits<char>, std::allocator<char> >&)::{lambda()#1}::operator()() const
001009e5 N 
001009e5 N 
001009e5 N 
001009e5 N 
001009e5 N 
001009e5 N 
001009e5 N 
001009e5 N 
001009e5 N 
001009e5 N 
001009e5 N 
001009e5 N 
001009e5 N 
001009e5 N 
001009e5 N 
001009e5 N 
001009e5 N 
001009e5 N 
001009e5 N 
001009e5 N 
001009e5 N 
001009e5 N 
001009e5 N 
001009e5 N 
001009e5 N 
001009e5 N 
001009e5 N 
001009e5 N 
001009e5 N 
001009e5 N 
001009e5 N 
001009e5 N 
001009e5 N 
001009e5 N 
001009e5 N 
001009e5 N 
001009e5 N 
001009e5 N 
001009e5 N 
001009e5 N 
001009e5 N 
001009e5 N 
001009e5 W IratahackMemoryRule.cpp.de823862
00100fdc 00000a10 t chooseRom(std::__cxx11::basic_string<char, std::char_traits<char>, std::allocator<char> >&)
001019ec 000000a8 t updateTexture(C3D_Tex&)
00101a94 00000070 t Eeprom93C46MemoryRule::Reset()
00101b04 00000058 t CodemastersMemoryRule::Reset()
00101b5c 0000046c t Eeprom93C46MemoryRule::PerformWrite(unsigned short, unsigned char)
00101fc8 00000034 t CodemastersMemoryRule::~CodemastersMemoryRule()
00101fc8 00000034 t CodemastersMemoryRule::~CodemastersMemoryRule()
00101ffc 00000028 t CodemastersMemoryRule::~CodemastersMemoryRule()
00102024 00000030 t BootromMemoryRule::SaveState(std::ostream&)
00102054 00000050 t CodemastersMemoryRule::SaveState(std::ostream&)
001020a4 00000070 t Eeprom93C46MemoryRule::SaveRam(std::ostream&)
00102114 00000040 t Eeprom93C46MemoryRule::SaveState(std::ostream&)
00102154 00000030 t GameGearIOPorts::SaveState(std::ostream&)
00102184 00000030 t BootromMemoryRule::LoadState(std::istream&, int)
001021b4 00000050 t CodemastersMemoryRule::LoadState(std::istream&, int)
00102204 00000040 t Eeprom93C46MemoryRule::LoadState(std::istream&, int)
00102244 00000030 t GameGearIOPorts::LoadState(std::istream&)
00102274 000004d4 t GameGearIOPorts::DoOutput(unsigned char, unsigned char)
00102748 00000a78 t GearsystemCore::~GearsystemCore() [clone .isra.0]
001031c0 00001030 t GearsystemCore::Reset()
001041f0 00000094 T void std::__cxx11::basic_string<char, std::char_traits<char>, std::allocator<char> >::_M_construct<char const*>(char const*, char const*, std::forward_iterator_tag)
00104284 000000a8 T void std::__cxx11::basic_string<char, std::char_traits<char>, std::allocator<char> >::_M_construct<true>(char const*, unsigned int)
0010432c 00000048 T Log_func(char const*, ...)
00104374 00000c88 t Cartridge::LoadFromBuffer(unsigned char const*, int, char const*) [clone .part.0] [clone .constprop.0]
00104ffc 00002f20 t Cartridge::LoadFromZipFile(unsigned char const*, int)
00107f1c 00000a1c t Cartridge::LoadFromFile(char const*)
00108938 000000a0 t Eeprom93C46MemoryRule::LoadRam(std::istream&, long)
001089d8 000001f0 t GearsystemCore::AddMemoryRules()
00108bc8 0000004c T Memory::Write(unsigned short, unsigned char)
00108c14 000000d4 T Processor::StackPush(SixteenBitRegister*)
00108ce8 00000098 T IratahackMemoryRule::PerformRead(unsigned short)
00108d80 00000008 T IratahackMemoryRule::GetRamSize()
00108d88 00000008 T IratahackMemoryRule::GetRamBanks()
00108d90 0000001c T IratahackMemoryRule::GetPage(int)
00108dac 00000030 T IratahackMemoryRule::GetBank(int)
00108ddc 000000f4 T JanggunMemoryRule::PerformRead(unsigned short)
00108ed0 0000018c T JanggunMemoryRule::PerformWrite(unsigned short, unsigned char)
0010905c 00000060 T JanggunMemoryRule::Reset()
001090bc 0000005c T JanggunMemoryRule::GetPage(int)
00109118 00000050 T JanggunMemoryRule::GetBank(int)
00109168 00000048 T JumboDahjeeMemoryRule::PerformRead(unsigned short)
001091b0 0000004c T JumboDahjeeMemoryRule::PerformWrite(unsigned short, unsigned char)
001091fc 00000020 T JumboDahjeeMemoryRule::Reset()
0010921c 00000018 T JumboDahjeeMemoryRule::GetPage(int)
00109234 00000010 T SG1000MemoryRule::GetBank(int)
00109234 00000010 T RomOnlyMemoryRule::GetBank(int)
00109234 00000010 T JumboDahjeeMemoryRule::GetBank(int)
00109244 0000003c T Korean0000XORFFMemoryRule::PerformRead(unsigned short)
00109280 000000c8 T Korean0000XORFFMemoryRule::PerformWrite(unsigned short, unsigned char)
00109348 00000064 T Korean0000XORFFMemoryRule::Reset()
001093ac 00000018 T Korean0000XORFFMemoryRule::GetPage(int)
001093c4 0000000c T Korean0000XORFFMemoryRule::GetBank(int)
001093d0 0000003c T Korean2000XOR1FMemoryRule::PerformRead(unsigned short)
0010940c 000000a0 T Korean2000XOR1FMemoryRule::PerformWrite(unsigned short, unsigned char)
001094ac 0000006c T Korean2000XOR1FMemoryRule::Reset()
00109518 00000018 T Korean2000XOR1FMemoryRule::GetPage(int)
00109530 0000000c T Korean2000XOR1FMemoryRule::GetBank(int)
0010953c 0000003c T KoreanBFFCMemoryRule::PerformRead(unsigned short)
00109578 00000138 T KoreanBFFCMemoryRule::PerformWrite(unsigned short, unsigned char)
001096b0 0000007c T KoreanBFFCMemoryRule::Reset()
0010972c 00000018 T KoreanBFFCMemoryRule::GetPage(int)
00109744 0000000c T KoreanBFFCMemoryRule::GetBank(int)
00109750 0000003c T KoreanFFF3FFFCMemoryRule::PerformRead(unsigned short)
0010978c 00000234 T KoreanFFF3FFFCMemoryRule::PerformWrite(unsigned short, unsigned char)
001099c0 00000060 T KoreanFFF3FFFCMemoryRule::Reset()
00109a20 00000018 T KoreanFFF3FFFCMemoryRule::GetPage(int)
00109a38 0000000c T KoreanFFF3FFFCMemoryRule::GetBank(int)
00109a44 0000003c T KoreanFFFEMemoryRule::PerformRead(unsigned short)
00109a80 00000128 T KoreanFFFEMemoryRule::PerformWrite(unsigned short, unsigned char)
00109ba8 0000006c T KoreanFFFEMemoryRule::Reset()
00109c14 00000018 T KoreanFFFEMemoryRule::GetPage(int)
00109c2c 0000000c T KoreanFFFEMemoryRule::GetBank(int)
00109c38 0000003c T KoreanFFFFHiComMemoryRule::PerformRead(unsigned short)
00109c74 00000090 T KoreanFFFFHiComMemoryRule::PerformWrite(unsigned short, unsigned char)
00109d04 00000040 T KoreanFFFFHiComMemoryRule::Reset()
00109d44 00000018 T KoreanFFFFHiComMemoryRule::GetPage(int)
00109d5c 0000000c T KoreanFFFFHiComMemoryRule::GetBank(int)
00109d68 0000003c T KoreanMDFFF0MemoryRule::PerformRead(unsigned short)
00109da4 000001d0 T KoreanMDFFF0MemoryRule::PerformWrite(unsigned short, unsigned char)
00109f74 00000074 T KoreanMDFFF0MemoryRule::Reset()
00109fe8 00000018 T KoreanMDFFF0MemoryRule::GetPage(int)
0010a000 0000000c T KoreanMDFFF0MemoryRule::GetBank(int)
0010a00c 0000003c T KoreanMDFFF5MemoryRule::PerformRead(unsigned short)
0010a048 000001cc T KoreanMDFFF5MemoryRule::PerformWrite(unsigned short, unsigned char)
0010a214 00000068 T KoreanMDFFF5MemoryRule::Reset()
0010a27c 00000018 T KoreanMDFFF5MemoryRule::GetPage(int)
0010a294 0000000c T KoreanMDFFF5MemoryRule::GetBank(int)
0010a2a0 0000003c T KoreanMSX32KB2000MemoryRule::PerformRead(unsigned short)
0010a2dc 00000080 T KoreanMSX32KB2000MemoryRule::PerformWrite(unsigned short, unsigned char)
0010a35c 00000040 T KoreanMSX32KB2000MemoryRule::Reset()
0010a39c 00000020 T KoreanMSX32KB2000MemoryRule::GetPage(int)
0010a3bc 00000014 T KoreanMSX32KB2000MemoryRule::GetBank(int)
0010a3d0 0000003c T KoreanMSX8KB0300MemoryRule::PerformRead(unsigned short)
0010a40c 000000bc T KoreanMSX8KB0300MemoryRule::PerformWrite(unsigned short, unsigned char)
0010a4c8 00000078 T KoreanMSX8KB0300MemoryRule::Reset()
0010a540 00000018 T KoreanMSX8KB0300MemoryRule::GetPage(int)
0010a558 0000000c T KoreanMSX8KB0300MemoryRule::GetBank(int)
0010a564 0000003c T KoreanMSXSMS8000MemoryRule::PerformRead(unsigned short)
0010a5a0 00000138 T KoreanMSXSMS8000MemoryRule::PerformWrite(unsigned short, unsigned char)
0010a6d8 00000070 T KoreanMSXSMS8000MemoryRule::Reset()
0010a748 00000018 T KoreanMSXSMS8000MemoryRule::GetPage(int)
0010a760 0000000c T KoreanMSXSMS8000MemoryRule::GetBank(int)
0010a76c 0000005c T KoreanMemoryRule::PerformRead(unsigned short)
0010a7c8 00000054 T KoreanMemoryRule::PerformWrite(unsigned short, unsigned char)
0010a81c 0000002c T KoreanMemoryRule::Reset()
0010a848 00000050 T KoreanMemoryRule::GetPage(int)
0010a898 00000034 T KoreanMemoryRule::GetBank(int)
0010a8cc 0000003c T KoreanSMS32KB2000MemoryRule::PerformRead(unsigned short)
0010a908 000000a0 T KoreanSMS32KB2000MemoryRule::PerformWrite(unsigned short, unsigned char)
0010a9a8 0000003c T KoreanSMS32KB2000MemoryRule::Reset()
0010a9e4 00000020 T KoreanSMS32KB2000MemoryRule::GetPage(int)
0010aa04 00000014 T KoreanSMS32KB2000MemoryRule::GetBank(int)
0010aa18 00000108 T MSXMemoryRule::PerformRead(unsigned short)
0010ab20 00000060 T MSXMemoryRule::PerformWrite(unsigned short, unsigned char)
0010ab80 00000028 T MSXMemoryRule::Reset()
0010aba8 00000090 T MSXMemoryRule::GetPage(int)
0010ac38 00000050 T MSXMemoryRule::GetBank(int)
0010ac88 00000004 T SG1000MemoryRule::Reset()
0010ac88 00000004 T RomOnlyMemoryRule::Reset()
0010ac88 00000004 T Memory::ResetDisassemblerRecords()
0010ac8c 00000004 T MemoryRule::SaveRam(std::ostream&)
0010ac8c 00000004 T MemoryRule::SaveState(std::ostream&)
0010ac90 00000008 T MemoryRule::LoadRam(std::istream&, long)
0010ac98 00000008 T MemoryRule::SetRamChangedCallback(void (*)())
0010aca0 00000008 T MemoryRule::Has8kBanks()
0010aca0 00000008 T MemoryRule::PersistedRAM()
0010aca8 00000008 T MemoryRule::GetRamSize()
0010acb0 00000008 T MemoryRule::GetRamBanks()
0010acb8 00000008 T MemoryRule::GetRamBank()
0010acc0 00000008 T MemoryRule::GetPage(int)
0010acc8 00000008 T MemoryRule::GetBank(int)
0010acd0 00000004 T MemoryRule::LoadState(std::istream&, int)
0010acd4 0000003c T Multi4PAKAllActionMemoryRule::PerformRead(unsigned short)
0010ad10 000000ec T Multi4PAKAllActionMemoryRule::PerformWrite(unsigned short, unsigned char)
0010adfc 00000040 T Multi4PAKAllActionMemoryRule::Reset()
0010ae3c 00000020 T Multi4PAKAllActionMemoryRule::GetPage(int)
0010ae5c 00000030 T Multi4PAKAllActionMemoryRule::GetBank(int)
0010ae8c 000002d4 T IratahackMemoryRule::PerformWrite(unsigned short, unsigned char)
0010b160 00000028 T IratahackMemoryRule::~IratahackMemoryRule()
0010b188 0000001c T JanggunMemoryRule::~JanggunMemoryRule()
0010b1a4 00000028 T JumboDahjeeMemoryRule::~JumboDahjeeMemoryRule()
0010b1cc 0000001c T Korean0000XORFFMemoryRule::~Korean0000XORFFMemoryRule()
0010b1e8 0000001c T Korean2000XOR1FMemoryRule::~Korean2000XOR1FMemoryRule()
0010b204 0000001c T KoreanBFFCMemoryRule::~KoreanBFFCMemoryRule()
0010b220 0000001c T KoreanFFF3FFFCMemoryRule::~KoreanFFF3FFFCMemoryRule()
0010b23c 0000001c T KoreanFFFEMemoryRule::~KoreanFFFEMemoryRule()
0010b258 0000001c T KoreanFFFFHiComMemoryRule::~KoreanFFFFHiComMemoryRule()
0010b274 0000001c T KoreanMDFFF0MemoryRule::~KoreanMDFFF0MemoryRule()
0010b290 0000001c T KoreanMDFFF5MemoryRule::~KoreanMDFFF5MemoryRule()
0010b2ac 0000001c T KoreanMSX32KB2000MemoryRule::~KoreanMSX32KB2000MemoryRule()
0010b2c8 0000001c T KoreanMSX8KB0300MemoryRule::~KoreanMSX8KB0300MemoryRule()
0010b2e4 0000001c T KoreanMSXSMS8000MemoryRule::~KoreanMSXSMS8000MemoryRule()
0010b300 0000001c T KoreanMemoryRule::~KoreanMemoryRule()
0010b31c 0000001c T KoreanSMS32KB2000MemoryRule::~KoreanSMS32KB2000MemoryRule()
0010b338 0000001c T MSXMemoryRule::~MSXMemoryRule()
0010b354 0000001c T Multi4PAKAllActionMemoryRule::~Multi4PAKAllActionMemoryRule()
0010b370 00000084 T IratahackMemoryRule::Reset()
0010b3f4 00000044 T IratahackMemoryRule::SaveRam(std::ostream&)
0010b438 00000070 T IratahackMemoryRule::SaveState(std::ostream&)
0010b4a8 00000078 T JanggunMemoryRule::SaveState(std::ostream&)
0010b520 00000014 T JumboDahjeeMemoryRule::SaveState(std::ostream&)
0010b534 00000030 T Korean0000XORFFMemoryRule::SaveState(std::ostream&)
0010b564 00000030 T KoreanBFFCMemoryRule::SaveState(std::ostream&)
0010b564 00000030 T KoreanFFFEMemoryRule::SaveState(std::ostream&)
0010b564 00000030 T Korean2000XOR1FMemoryRule::SaveState(std::ostream&)
0010b594 00000040 T KoreanFFF3FFFCMemoryRule::SaveState(std::ostream&)
0010b5d4 00000030 T KoreanFFFFHiComMemoryRule::SaveState(std::ostream&)
0010b604 00000040 T KoreanMDFFF0MemoryRule::SaveState(std::ostream&)
0010b644 00000040 T KoreanMDFFF5MemoryRule::SaveState(std::ostream&)
0010b684 00000030 T KoreanMSX32KB2000MemoryRule::SaveState(std::ostream&)
0010b684 00000030 T KoreanSMS32KB2000MemoryRule::SaveState(std::ostream&)
0010b684 00000030 T Multi4PAKAllActionMemoryRule::SaveState(std::ostream&)
0010b6b4 00000030 T KoreanMSX8KB0300MemoryRule::SaveState(std::ostream&)
0010b6e4 00000040 T KoreanMSXSMS8000MemoryRule::SaveState(std::ostream&)
0010b724 00000030 T KoreanMemoryRule::SaveState(std::ostream&)
0010b754 00000030 T MSXMemoryRule::SaveState(std::ostream&)
0010b784 00000070 T IratahackMemoryRule::LoadState(std::istream&, int)
0010b7f4 0000008c T JanggunMemoryRule::LoadState(std::istream&, int)
0010b880 0000001c T JumboDahjeeMemoryRule::LoadState(std::istream&, int)
0010b89c 00000030 T Korean0000XORFFMemoryRule::LoadState(std::istream&, int)
0010b8cc 00000030 T KoreanBFFCMemoryRule::LoadState(std::istream&, int)
0010b8cc 00000030 T KoreanFFFEMemoryRule::LoadState(std::istream&, int)
0010b8cc 00000030 T Korean2000XOR1FMemoryRule::LoadState(std::istream&, int)
0010b8fc 00000040 T KoreanFFF3FFFCMemoryRule::LoadState(std::istream&, int)
0010b93c 00000030 T KoreanFFFFHiComMemoryRule::LoadState(std::istream&, int)
0010b96c 00000040 T KoreanMDFFF0MemoryRule::LoadState(std::istream&, int)
0010b9ac 00000040 T KoreanMDFFF5MemoryRule::LoadState(std::istream&, int)
0010b9ec 00000030 T KoreanMSX32KB2000MemoryRule::LoadState(std::istream&, int)
0010b9ec 00000030 T KoreanSMS32KB2000MemoryRule::LoadState(std::istream&, int)
0010b9ec 00000030 T Multi4PAKAllActionMemoryRule::LoadState(std::istream&, int)
0010ba1c 00000030 T KoreanMSX8KB0300MemoryRule::LoadState(std::istream&, int)
0010ba4c 00000040 T KoreanMSXSMS8000MemoryRule::LoadState(std::istream&, int)
0010ba8c 00000030 T KoreanMemoryRule::LoadState(std::istream&, int)
0010babc 00000030 T MSXMemoryRule::LoadState(std::istream&, int)
0010baec 0000007c T IratahackMemoryRule::LoadRam(std::istream&, long)
0010bb68 000000e4 T Memory::Read(unsigned short)
0010bc4c 00002964 t Processor::DispatchOpcode(unsigned char)
0010e5b0 00001788 t Processor::DispatchOpcodeCB(unsigned char)
0010fd38 00000af0 t Processor::DispatchOpcodeED(unsigned char)
00110828 00003a50 T GearsystemCore::RunToVBlank(unsigned char*, short*, int*, GearsystemCore::GS_Debug_Run*) [clone .part.0] [clone .constprop.0]
001114c0 N 
001114c0 N 
001114c0 N 
001114c0 N 
001114c0 N 
001114c0 N 
001114c0 N 
001114c0 N 
001114c0 N 
001114c0 N 
001114c0 N 
001114c0 N 
001114c0 N 
001114c0 N 
001114c0 N 
001114c0 N 
001114c0 N 
001114c0 N 
001114c0 N 
001114c0 N 
001114c0 N 
001114c0 N 
001114c0 N 
001114c0 N 
001114c0 N 
001114c0 N 
001114c0 N 
001114c0 N 
001114c0 N 
001114c0 N 
001114c0 N 
001114c0 N 
001114c0 W JanggunMemoryRule.cpp.8b8671f4
00114278 00000034 T IratahackMemoryRule::~IratahackMemoryRule()
00114278 00000034 T IratahackMemoryRule::~IratahackMemoryRule()
001142ac 00000004 T JanggunMemoryRule::~JanggunMemoryRule()
001142ac 00000004 T JanggunMemoryRule::~JanggunMemoryRule()
001142b0 00000034 T JumboDahjeeMemoryRule::~JumboDahjeeMemoryRule()
001142b0 00000034 T JumboDahjeeMemoryRule::~JumboDahjeeMemoryRule()
001142e4 00000004 T Korean0000XORFFMemoryRule::~Korean0000XORFFMemoryRule()
001142e4 00000004 T Korean0000XORFFMemoryRule::~Korean0000XORFFMemoryRule()
001142e8 00000004 T Korean2000XOR1FMemoryRule::~Korean2000XOR1FMemoryRule()
001142e8 00000004 T Korean2000XOR1FMemoryRule::~Korean2000XOR1FMemoryRule()
001142ec 00000004 T KoreanBFFCMemoryRule::~KoreanBFFCMemoryRule()
001142ec 00000004 T KoreanBFFCMemoryRule::~KoreanBFFCMemoryRule()
001142f0 00000004 T KoreanFFF3FFFCMemoryRule::~KoreanFFF3FFFCMemoryRule()
001142f0 00000004 T KoreanFFF3FFFCMemoryRule::~KoreanFFF3FFFCMemoryRule()
001142f4 00000004 T KoreanFFFEMemoryRule::~KoreanFFFEMemoryRule()
001142f4 00000004 T KoreanFFFEMemoryRule::~KoreanFFFEMemoryRule()
001142f8 00000004 T KoreanFFFFHiComMemoryRule::~KoreanFFFFHiComMemoryRule()
001142f8 00000004 T KoreanFFFFHiComMemoryRule::~KoreanFFFFHiComMemoryRule()
001142fc 00000004 T KoreanMDFFF0MemoryRule::~KoreanMDFFF0MemoryRule()
001142fc 00000004 T KoreanMDFFF0MemoryRule::~KoreanMDFFF0MemoryRule()
00114300 00000004 T KoreanMDFFF5MemoryRule::~KoreanMDFFF5MemoryRule()
00114300 00000004 T KoreanMDFFF5MemoryRule::~KoreanMDFFF5MemoryRule()
00114304 00000004 T KoreanMSX32KB2000MemoryRule::~KoreanMSX32KB2000MemoryRule()
00114304 00000004 T KoreanMSX32KB2000MemoryRule::~KoreanMSX32KB2000MemoryRule()
00114308 00000004 T KoreanMSX8KB0300MemoryRule::~KoreanMSX8KB0300MemoryRule()
00114308 00000004 T KoreanMSX8KB0300MemoryRule::~KoreanMSX8KB0300MemoryRule()
0011430c 00000004 T KoreanMSXSMS8000MemoryRule::~KoreanMSXSMS8000MemoryRule()
0011430c 00000004 T KoreanMSXSMS8000MemoryRule::~KoreanMSXSMS8000MemoryRule()
00114310 00000004 T KoreanMemoryRule::~KoreanMemoryRule()
00114310 00000004 T KoreanMemoryRule::~KoreanMemoryRule()
00114314 00000004 T KoreanSMS32KB2000MemoryRule::~KoreanSMS32KB2000MemoryRule()
00114314 00000004 T KoreanSMS32KB2000MemoryRule::~KoreanSMS32KB2000MemoryRule()
00114318 00000004 T MSXMemoryRule::~MSXMemoryRule()
00114318 00000004 T MSXMemoryRule::~MSXMemoryRule()
0011431c 000002a0 T Memory::Reset(bool)
001145bc 00000004 T Multi4PAKAllActionMemoryRule::~Multi4PAKAllActionMemoryRule()
001145bc 00000004 T Multi4PAKAllActionMemoryRule::~Multi4PAKAllActionMemoryRule()
001145c0 00000120 T Processor::Reset(bool)
001146e0 00000010 T RomOnlyMemoryRule::PerformRead(unsigned short)
001146f0 00000034 T RomOnlyMemoryRule::PerformWrite(unsigned short, unsigned char)
00114724 00000018 T RomOnlyMemoryRule::GetPage(int)
0011473c 000000c0 T SG1000MemoryRule::PerformRead(unsigned short)
001147fc 0000005c T SG1000MemoryRule::PerformWrite(unsigned short, unsigned char)
00114858 00000018 T SG1000MemoryRule::GetPage(int)
00114870 00000094 T SegaMemoryRule::PerformRead(unsigned short)
00114904 00000154 T SegaMemoryRule::PerformWrite(unsigned short, unsigned char)
00114a58 00000014 T SegaMemoryRule::PersistedRAM()
00114a6c 00000014 T SegaMemoryRule::GetRamSize()
00114a80 00000014 T SegaMemoryRule::GetRamBanks()
00114a94 00000014 T SegaMemoryRule::GetRamBank()
00114aa8 0000005c T SegaMemoryRule::GetPage(int)
00114b04 00000014 T SegaMemoryRule::GetBank(int)
00114b18 000002cc T SmsIOPorts::DoInput(unsigned char)
00114de4 0000000c T SmsIOPorts::Reset()
00114df0 0000001c T RomOnlyMemoryRule::~RomOnlyMemoryRule()
00114e0c 0000001c T SG1000MemoryRule::~SG1000MemoryRule()
00114e28 0000001c T SmsIOPorts::~SmsIOPorts()
00114e44 00000028 T SegaMemoryRule::~SegaMemoryRule()
00114e6c 00000074 T SegaMemoryRule::Reset()
00114ee0 00000044 T SegaMemoryRule::SaveRam(std::ostream&)
00114f24 00000070 T SegaMemoryRule::SaveState(std::ostream&)
00114f94 00000014 T SmsIOPorts::SaveState(std::ostream&)
00114fa8 00000070 T SegaMemoryRule::LoadState(std::istream&, int)
00115018 00000014 T SmsIOPorts::LoadState(std::istream&)
0011502c 0000007c T SegaMemoryRule::LoadRam(std::istream&, long)
001150a8 00000004 T RomOnlyMemoryRule::~RomOnlyMemoryRule()
001150a8 00000004 T RomOnlyMemoryRule::~RomOnlyMemoryRule()
001150ac 00000004 T SG1000MemoryRule::~SG1000MemoryRule()
001150ac 00000004 T SG1000MemoryRule::~SG1000MemoryRule()
001150b0 00000034 T SegaMemoryRule::~SegaMemoryRule()
001150b0 00000034 T SegaMemoryRule::~SegaMemoryRule()
001150e4 00000004 T SmsIOPorts::~SmsIOPorts()
001150e4 00000004 T SmsIOPorts::~SmsIOPorts()
001150e8 000000a4 T void std::vector<unsigned char, std::allocator<unsigned char> >::_M_realloc_append<unsigned char const&>(unsigned char const&) [clone .isra.0]
0011518c 00000414 T VgmRecorder::WriteWait(int) [clone .part.0]
001155a0 00000274 T VgmRecorder::Stop() [clone .part.0]
00115814 00000224 T Video::Reset(bool, bool, int, bool)
00115a38 000000b4 T Video::InitPalettes(unsigned char const*, unsigned short*, unsigned short*, unsigned short*, unsigned short*) [clone .isra.0]
00115aec 00000264 T Video::WriteControl(unsigned char) [clone .part.0]
00115d50 00001384 T YM2413::Sync()
001170d4 00000fdc T SmsIOPorts::DoOutput(unsigned char, unsigned char)
001180b0 00000114 T YM2413::EndFrame(short*) [clone .part.0]
001181c4 00000240 T Processor::FetchArg16()
00118404 00000208 T Processor::StackPop(SixteenBitRegister*)
0011860c 000001f0 T Processor::GetEffectiveAddress()
001187fc 000004bc T Processor::OPCodes_LD_dd_nn(SixteenBitRegister*)
00118cb8 0000031c T Processor::OPCodes_LD_nn_dd(SixteenBitRegister*)
00118fd4 000002a4 T Processor::OPCodes_JP_nn_Conditional(bool)
00119278 00000038 T Processor::OPCodes_OR(unsigned char)
001192b0 0000005c T Processor::OPCodes_XOR(unsigned char)
0011930c 00000060 T Processor::OPCodes_AND(unsigned char)
0011936c 00000088 T Processor::OPCodes_CP(unsigned char)
001193f4 000000a0 T Processor::OPCodes_INC(unsigned char*)
00119494 000000a4 T Processor::OPCodes_DEC(unsigned char*)
00119538 00000058 T Processor::OPCodes_ADD(unsigned char)
00119590 00000064 T Processor::OPCodes_ADC(unsigned char)
001195f4 00000080 T Processor::OPCodes_SUB(unsigned char)
00119674 0000008c T Processor::OPCodes_SBC(unsigned char)
00119700 0000008c T Processor::OPCodes_ADD_HL(unsigned short)
0011978c 000002d8 T Processor::OPCodes_RLC(unsigned char*, bool) [clone .constprop.0]
00119a64 000002cc T Processor::OPCodes_RL(unsigned char*, bool) [clone .constprop.0]
00119d30 000002c4 T Processor::OPCodes_RRC(unsigned char*, bool) [clone .constprop.0]
00119ff4 000002cc T Processor::OPCodes_RR(unsigned char*, bool) [clone .constprop.0]
0011a2c0 0000009c T Processor::OPCode0x29()
0011a35c 000004a0 T Processor::OPCode0x36()
0011a7fc 00000324 T Processor::OPCode0xC4()
0011ab20 00000324 T Processor::OPCode0xCC()
0011ae44 00000328 T Processor::OPCode0xD4()
0011b16c 00000324 T Processor::OPCode0xE4()
0011b490 00000324 T Processor::OPCode0xEC()
0011b7b4 00000320 T Processor::OPCode0xF4()
0011bad4 00000320 T Processor::OPCode0xFC()
0011bdf4 0000025c T Processor::OPCodes_SLL(unsigned char*)
0011c050 00000284 T Processor::OPCodes_SLA(unsigned char*)
0011c2d4 000002ec T Processor::OPCodes_SRA(unsigned char*)
0011c5c0 0000000c T miniz_def_realloc_func
0011c5cc 00000008 T miniz_def_alloc_func
0011c5d4 00000008 T miniz_def_free_func
0011c5dc 0000005c T mz_zip_mem_read_func.lto_priv.0
0011c638 00000290 T Processor::OPCodes_SRL(unsigned char*)
0011c8c8 00000250 T Processor::OPCodes_BIT(unsigned char*, int)
0011cb18 00000240 T Processor::OPCodes_BIT(unsigned char*, int) [clone .constprop.6]
0011cd58 00000240 T Processor::OPCodes_BIT(unsigned char*, int) [clone .constprop.5]
0011cf98 00000240 T Processor::OPCodes_BIT(unsigned char*, int) [clone .constprop.4]
0011d1d8 00000240 T Processor::OPCodes_BIT(unsigned char*, int) [clone .constprop.3]
0011d418 00000240 T Processor::OPCodes_BIT(unsigned char*, int) [clone .constprop.2]
0011d658 00000240 T Processor::OPCodes_BIT(unsigned char*, int) [clone .constprop.1]
0011d898 00000240 T Processor::OPCodes_BIT(unsigned char*, int) [clone .constprop.0]
0011dad8 00000318 T Processor::OPCodes_BIT_HL(int)
0011ddf0 000001f8 T Processor::OPCodes_SET(unsigned char*, int) [clone .constprop.7]
0011dfe8 000001f4 T Processor::OPCodes_SET(unsigned char*, int) [clone .constprop.6]
0011e1dc 000001f4 T Processor::OPCodes_SET(unsigned char*, int) [clone .constprop.5]
0011e3d0 000001f4 T Processor::OPCodes_SET(unsigned char*, int) [clone .constprop.4]
0011e5c4 000001f4 T Processor::OPCodes_SET(unsigned char*, int) [clone .constprop.3]
0011e7b8 000001f4 T Processor::OPCodes_SET(unsigned char*, int) [clone .constprop.2]
0011e9ac 000001f4 T Processor::OPCodes_SET(unsigned char*, int) [clone .constprop.1]
0011eba0 000001f4 T Processor::OPCodes_SET(unsigned char*, int) [clone .constprop.0]
0011ed94 000001f0 T Processor::OPCodes_RES(unsigned char*, int) [clone .constprop.7]
0011ef84 000001f0 T Processor::OPCodes_RES(unsigned char*, int) [clone .constprop.6]
0011f174 000001f0 T Processor::OPCodes_RES(unsigned char*, int) [clone .constprop.5]
0011f364 000001f0 T Processor::OPCodes_RES(unsigned char*, int) [clone .constprop.4]
0011f554 000001f0 T Processor::OPCodes_RES(unsigned char*, int) [clone .constprop.3]
0011f744 000001f0 T Processor::OPCodes_RES(unsigned char*, int) [clone .constprop.2]
0011f934 000001f0 T Processor::OPCodes_RES(unsigned char*, int) [clone .constprop.1]
0011fb24 000001f0 T Processor::OPCodes_RES(unsigned char*, int) [clone .constprop.0]
0011fd14 00000434 T Processor::OPCodes_IN_C(unsigned char*)
00120148 00000470 T Processor::OPCodes_INI()
001205b8 00000470 T Processor::OPCodes_IND()
00120a28 00000218 T Processor::OPCodes_OUTI()
00120c40 00000218 T Processor::OPCodes_OUTD()
00120e58 000000b4 T Processor::OPCodes_BlockIORepeat(unsigned char)
00120f0c 000001d8 T Processor::OPCodes_CPI()
001210e4 000001d8 T Processor::OPCodes_CPD()
001212bc 00000080 T Processor::OPCodes_ADC_HL(unsigned short)
0012133c 000000a0 T Processor::OPCodes_SBC_HL(unsigned short)
001213dc 0000007c T Processor::OPCodeED0x4C()
001213dc 0000007c T Processor::OPCodeED0x54()
001213dc 0000007c T Processor::OPCodeED0x5C()
001213dc 0000007c T Processor::OPCodeED0x64()
001213dc 0000007c T Processor::OPCodeED0x6C()
001213dc 0000007c T Processor::OPCodeED0x74()
001213dc 0000007c T Processor::OPCodeED0x7C()
00121458 00000260 T Processor::OPCodeED0x55()
00121458 00000260 T Processor::OPCodeED0x5D()
00121458 00000260 T Processor::OPCodeED0x65()
00121458 00000260 T Processor::OPCodeED0x6D()
00121458 00000260 T Processor::OPCodeED0x75()
00121458 00000260 T Processor::OPCodeED0x7D()
001216b8 00000200 T Blip_Buffer::set_sample_rate(long, int) [clone .constprop.0]
001218b8 00000048 T Blip_Buffer::clock_rate_factor(long) const [clone .isra.0]
00121900 000001d8 T Blip_Synth_::volume_unit(double) [clone .part.0]
00121ad8 000004c8 t Blip_Synth_::treble_eq(blip_eq_t const&) [clone .constprop.0]
00121fa0 00000020 T Blip_Synth_::volume_unit(double) [clone .constprop.0]
00121fc0 00000130 T Blip_Synth<12, 1>::offset_resampled(unsigned long, int, Blip_Buffer*) const [clone .isra.0]
001220f0 00000da0 T Sms_Apu::run_until(long) [clone .part.0]
00122e6e N 
00122e6e N 
00122e6e N 
00122e6e N 
00122e6e N 
00122e6e N 
00122e6e N 
00122e6e N 
00122e6e N 
00122e6e N 
00122e6e N 
00122e6e N 
00122e6e N 
00122e6e N 
00122e6e N 
00122e6e N 
00122e6e N 
00122e6e N 
00122e6e N 
00122e6e N 
00122e6e N 
00122e6e N 
00122e6e N 
00122e6e N 
00122e6e N 
00122e6e N 
00122e6e N 
00122e6e N 
00122e6e N 
00122e6e N 
00122e6e N 
00122e6e N 
00122e6e W JumboDahjeeMemoryRule.cpp.dadc69ed
00122e90 000005a0 T load_instrument.lto_priv.0
00123430 00002a30 T update_instrument_zero.lto_priv.0
00125e60 0000051c T YM2413ResetChip
0012637c 00000118 T mz_crc32.constprop.0
00126494 000001b0 T mz_zip_reader_end_internal.isra.0
00126644 000003e0 T mz_zip_file_stat_internal.part.0.constprop.0
00126a24 t .udivsi3_skip_div0_test
00126a24 T __aeabi_uidiv
00126a24 000001ec T __udivsi3
00126c10 00000020 T __aeabi_uidivmod
00126c30 T __aeabi_idiv
00126c30 00000220 T __divsi3
00126c38 t .divsi3_skip_div0_test
00126e50 00000020 T __aeabi_idivmod
00126e70 00000004 W __aeabi_idiv0
00126e70 00000004 W __aeabi_ldiv0
00126e74 T __aeabi_drsub
00126e7c 000002b0 T __aeabi_dsub
00126e7c 000002b0 T __subdf3
00126e80 000002ac T __adddf3
00126e80 000002ac T __aeabi_dadd
0012712c 00000024 T __aeabi_ui2d
0012712c 00000024 T __floatunsidf
00127150 00000028 T __aeabi_i2d
00127150 00000028 T __floatsidf
00127178 00000048 T __aeabi_f2d
00127178 00000048 T __extendsfdf2
001271c0 00000074 T __aeabi_ul2d
001271c0 00000074 T __floatundidf
001271d4 00000060 T __aeabi_l2d
001271d4 00000060 T __floatdidf
00127234 T __aeabi_ldivmod
00127308 T __aeabi_uldivmod
00127344 00000014 T __restore_core_regs
00127344 00000014 T restore_core_regs
00127358 T __gnu_Unwind_Restore_VFP
00127360 T __gnu_Unwind_Save_VFP
00127368 T __gnu_Unwind_Restore_VFP_D
00127370 T __gnu_Unwind_Save_VFP_D
00127378 T __gnu_Unwind_Restore_VFP_D_16_to_31
00127380 T __gnu_Unwind_Save_VFP_D_16_to_31
00127388 T __gnu_Unwind_Restore_WMMXD
001273cc T __gnu_Unwind_Save_WMMXD
00127410 T __gnu_Unwind_Restore_WMMXC
00127424 T __gnu_Unwind_Save_WMMXC
00127438 00000024 T _Unwind_RaiseException
00127438 00000024 T ___Unwind_RaiseException
0012745c 00000024 T _Unwind_Resume
0012745c 00000024 T ___Unwind_Resume
00127480 00000024 T _Unwind_Resume_or_Rethrow
00127480 00000024 T ___Unwind_Resume_or_Rethrow
001274a4 00000024 T _Unwind_ForcedUnwind
001274a4 00000024 T ___Unwind_ForcedUnwind
001274c8 00000024 T _Unwind_Backtrace
001274c8 00000024 T ___Unwind_Backtrace
00127508 00000390 T strcmp
00127890 t __do_global_dtors_aux
001278e0 t frame_dummy
00127910 00003620 T main
0012af30 00000044 t C2Di_FrameEndHook
0012af74 00000368 T C2D_Init
0012b2dc 0000004c T C2D_Fini
0012b328 000000bc T C2D_Prepare
0012b3e4 00000048 T C2D_Flush
0012b42c 000000fc T C2D_SceneSize
0012b528 00000060 T C2D_CreateScreenTarget
0012b588 00000060 T C2D_TargetClear
0012b5e8 0000014c T C2Di_CalcQuad
0012b734 00000054 T C2Di_AppendQuad
0012b788 00000738 T C2Di_Update
0012bec0 000002e8 T C2D_DrawImage
0012c1a8 00000168 T C2D_DrawRectangle
0012c310 00000028 T AttrInfo_Init
0012c338 00000094 T AttrInfo_AddLoader
0012c3cc 00000054 T C3D_SetAttrInfo
0012c420 00000080 T C3Di_AttrInfoBind
0012c4a0 00000004 W C3Di_LightEnvUpdate
0012c4a4 00000004 W C3Di_LightEnvDirty
0012c4a8 000000b4 t C3Di_AptEventHook
0012c55c 00000004 W C3Di_GasUpdate
0012c560 000001d0 T C3D_Init
0012c730 00000098 T C3D_SetViewport
0012c7c8 000004e8 T C3Di_UpdateContext
0012ccb0 000000e0 T C3Di_SplitFrame
0012cd90 00000044 T C3D_Fini
0012cdd4 00000194 T C3D_BindProgram
0012cf68 00000024 T BufInfo_Init
0012cf8c 00000080 T BufInfo_Add
0012d00c 0000003c T C3D_SetBufInfo
0012d048 00000048 T C3Di_BufInfoBind
0012d090 0000021c T C3D_DrawElements
0012d2ac 00000040 T C3D_DepthMap
0012d2ec 0000001c T C3D_CullFace
0012d308 00000040 T C3D_StencilTest
0012d348 00000024 T C3D_StencilOp
0012d36c 0000001c T C3D_BlendingColor
0012d388 00000024 T C3D_EarlyDepthTest
0012d3ac 0000002c T C3D_DepthTest
0012d3d8 0000002c T C3D_AlphaTest
0012d404 00000050 T C3D_AlphaBlend
0012d454 00000030 T C3D_FragOpMode
0012d484 00000044 T C3D_FragOpShadow
0012d4c8 000001ac T C3Di_EffectBind
0012d674 0000001c T C3D_CalcColorBufSize
0012d690 0000001c T C3D_CalcDepthBufSize
0012d6ac 00000044 T C3D_SetFrameBuf
0012d6f0 0000016c T C3Di_FrameBufBind
0012d85c 000000c8 T C3D_FrameBufClear
0012d924 00000044 T C3D_FrameBufTransfer
0012d968 000000a8 T C3D_ImmSendAttrib
0012da10 00000070 T C3D_ProcTexInit
0012da80 00000054 T C3D_ProcTexBind
0012dad4 0000005c T C3D_ProcTexLutBind
0012db30 000000a4 T ProcTexLut_FromArray
0012dbd4 00000178 T C3Di_ProcTexUpdate
0012dd4c 00000068 T C3Di_ProcTexDirty
0012ddb4 0000004c t onVBlank0
0012de00 0000004c t onVBlank1
0012de4c 00000080 t C3Di_RenderTargetDestroy
0012decc 000000f4 t onQueueFinish
0012dfc0 00000038 T C3Di_RenderQueueEnableVBlank
0012dff8 00000030 T C3Di_RenderQueueDisableVBlank
0012e028 00000060 T C3Di_RenderQueueInit
0012e088 000000b4 T C3Di_RenderQueueExit
0012e13c 00000034 T C3Di_RenderQueueWaitDone
0012e170 000000e8 T C3D_FrameBegin
0012e258 00000048 T C3D_FrameDrawOn
0012e2a0 00000058 T C3D_FrameSplit
0012e2f8 000001d0 T C3D_FrameEnd
0012e4c8 0000001c T C3D_FrameEndHook
0012e4e4 00000170 T C3D_RenderTargetCreate
0012e654 000000f0 T C3D_RenderTargetDelete
0012e744 000000a8 T C3D_RenderTargetSetOutput
0012e7ec 000000fc T C3D_SyncTextureCopy
0012e8e8 00000034 T C3D_GetTexEnv
0012e91c 00000024 T C3Di_TexEnvBind
0012e940 00000290 T C3D_TexInitWithParams
0012ebd0 000000c8 T C3D_TexLoadImage
0012ec98 00000044 T C3D_TexBind
0012ecdc 00000044 T C3D_TexFlush
0012ed20 00000074 T C3D_TexDelete
0012ed94 0000014c T C3Di_SetTex
0012eee0 00000290 T C3D_UpdateUniforms
0012f170 000000c0 T C3Di_DirtyUniforms
0012f230 000000d8 T C3Di_LoadShaderUniforms
0012f308 00000028 T C3Di_ClearShaderUniforms
0012f330 000000cc T Mtx_Ortho
0012f3fc 000000cc T Mtx_OrthoTilt
0012f4c8 00000024 t addrMapNodeComparator(rbtree_node const*, rbtree_node const*)
0012f4ec 00000004 t addrMapNodeDestructor(rbtree_node*)
0012f4f0 0000012c T linearMemAlign
0012f61c 00000008 T linearAlloc
0012f624 0000005c T linearFree
0012f680 00000088 T MemPool::CoalesceRight(MemBlock*)
0012f708 00000178 T MemPool::Allocate(MemChunk&, unsigned long, int)
0012f880 00000118 T MemPool::Deallocate(MemChunk const&)
0012f998 00000030 T MemPool::GetFreeSpace()
0012f9c8 00000024 t addrMapNodeComparator(rbtree_node const*, rbtree_node const*)
0012f9ec 00000004 t addrMapNodeDestructor(rbtree_node*)
0012f9f0 00000248 T vramMemAlignAt
0012fc38 0000000c T vramAlloc
0012fc44 0000000c T vramAllocAt
0012fc50 00000094 T vramFree
0012fce4 000001c8 T consoleDrawChar
0012feac 00000170 T consolePrintChar
0013001c 000000fc t newRow
00130118 000000b8 T consoleClear
001301d0 000000cc t gfxPresentFramebuffer
0013029c 00000010 T gfxSet3D
001302ac 0000001c T gfxIsWide
001302c8 000000f8 T gfxSetScreenFormat
001303c0 000000d8 T gfxInit
00130498 00000010 T gfxInitDefault
001304a8 000000b8 T gfxExit
00130560 000000a0 T gfxGetFramebuffer
00130600 00000100 T gfxFlushBuffers
00130700 00000028 T gfxScreenSwapBuffers
00130728 00000074 T osConvertVirtToPhys
0013079c 00000054 T osGetTimeRef
001307f0 000000ec T osGetTime
001308dc 00000034 T __ctru_speedup_config
00130910 00000038 T osSetSpeedupEnable
00130948 00000008 t romfs_close
00130950 000000ac t romfs_seek
001309fc 00000024 t romfs_dirreset
00130a20 000000c0 t fill_dir
00130ae0 000002ac t romfs_dirnext
00130d8c 00000074 t romfs_free
00130e00 000000d0 t searchForFile.constprop.0
00130ed0 000000d4 t searchForDir.constprop.0
00130fa4 000001c0 t navigateToDir.constprop.0
00131164 00000114 t romfs_open
00131278 0000004c t romfs_chdir
001312c4 00000068 t romfs_diropen
0013132c 00000178 t romfs_stat
001314a4 00000008 t romfs_dirclose
001314b0 0000007c t romfs_fstat
0013152c 000000d0 t romfs_read
001315fc 00000294 T romfsMountFromFile
00131890 00000098 T romfsMountFromCurrentProcess
00131928 00000258 T romfsMountSelf
00131b80 000000a0 T romfsUnmount
00131c20 0000013c T GPUCMD_Add
00131d5c 000000b0 T GPUCMD_Split
00131e0c 00000034 T f32tof16
00131e40 00000034 T f32tof24
00131e74 00000038 T f32tof31
00131eac 00000010 T GX_BindQueue
00131ebc 0000007c T GX_ProcessCommandList
00131f38 00000074 T GX_MemoryFill
00131fac 00000074 T GX_DisplayTransfer
00132020 00000078 T GX_TextureCopy
00132098 00000064 t gxCmdQueueDoCommands.part.0
001320fc 000000e4 T gxCmdQueueInterrupt
001321e0 00000068 T gxCmdQueueClear
00132248 00000108 T gxCmdQueueAdd
00132350 00000080 T gxCmdQueueRun
001323d0 00000064 T gxCmdQueueStop
00132434 000000ac T gxCmdQueueWait
001324e0 000001e0 T shaderInstanceInit
001326c0 00000018 T shaderInstanceGetUniformLocation
001326d8 0000001c T shaderProgramInit
001326f4 00000074 T shaderProgramFree
00132768 00000094 T shaderProgramSetVsh
001327fc 000008d0 T shaderProgramConfigure
001330cc 000001dc t DVLE_GenerateOutmap.part.0
001332a8 000001ac T DVLB_ParseFile
00133454 00000050 T DVLB_Free
001334a4 00000074 T DVLE_GetUniformRegister
001334e2 N 
001334e2 N 
001334e2 N 
001334e2 N 
001334e2 N 
001334e2 N 
001334e2 N 
001334e2 N 
001334e2 N 
001334e2 N 
001334e2 N 
001334e2 N 
001334e2 N 
001334e2 N 
001334e2 N 
001334e2 N 
001334e2 N 
001334e2 N 
001334e2 N 
001334e2 N 
001334e2 N 
001334e2 N 
001334e2 N 
001334e2 N 
001334e2 N 
001334e2 N 
001334e2 N 
001334e2 N 
001334e2 N 
001334e2 N 
001334e2 N 
001334e2 N 
001334e2 W Korean0000XORFFMemoryRule.cpp.2caec03c
00133518 00000158 t ndspUpdateMaster
00133670 00000108 t ndspFinalize
00133778 0000025c t ndspInitialize.part.0
001339d4 00000108 t ndspHookCallback
00133ae0 00000318 t ndspThreadMain
00133df8 000003f0 T ndspInit
001341e8 000000d8 T ndspExit
001342c0 000000e0 T ndspChnReset
001343a0 00000018 T ndspChnSetFormat
001343b8 00000050 T ndspChnSetInterp
00134408 00000060 T ndspChnSetRate
00134468 00000080 T ndspChnSetMix
001344e8 000000c8 T ndspChnWaveBufAdd
001345b0 00000040 T ndspiInitChn
001345f0 0000002c T ndspiDirtyChn
0013461c 0000043c T ndspiUpdateChn
00134a58 00000180 T ndspiReadChnState
00134bd8 00000180 t aptConvertScreenForCapture
00134d58 00000138 T aptSendCommand
00134e90 00000044 t aptExitProcess
00134ed4 00000394 T aptExit
00135268 000000d8 T aptHandleSleep
00135340 00000034 T aptHook
00135374 00000030 T aptUnhook
001353a4 00000084 T APT_SleepIfShellClosed
00135428 00000078 T aptSetSleepAllowed
001354a0 00000084 T APT_UnlockTransition
00135528 00000470 t aptEventHandler
00135998 000000bc T APT_ReceiveParameter
00135a54 000000b0 t aptReceiveParameter.constprop.0
00135b08 00000294 t aptScreenTransfer
00135d9c 000002d0 t aptWaitForWakeUp.isra.0
0013606c 000000f4 T aptJumpToHomeMenu
00136160 00000058 T aptMainLoop
001361b8 00000240 T aptInit
001363f8 0000002c T APT_SetAppCpuTimeLimit
00136424 00000090 T APT_CheckNew3DS
001364b4 000000a8 T cfguInit
0013655c 0000003c T cfguExit
00136598 0000004c T CFGU_GetConfigInfoBlk2
001365e4 000000a4 t DSP_LoadComponent.part.0
00136688 000000fc T dspInit
00136784 0000008c T dspExit
00136810 00000024 T dspHook
00136834 00000030 T dspUnhook
00136864 000000b4 T aptDspSleep
00136918 000000b4 T aptDspWakeup
001369cc 00000044 T aptDspCancel
00136a10 00000050 T DSP_FlushDataCache
00136a60 00000034 T DSP_SetSemaphore
00136a94 00000034 T DSP_SetSemaphoreMask
00136ac8 00000038 T DSP_GetSemaphoreHandle
00136b00 0000003c T DSP_LoadComponent
00136b3c 00000044 T DSP_RegisterInterruptEvents
00136b80 00000078 T DSP_ReadPipeIfPossible
00136bf8 0000004c T DSP_WriteProcessPipe
00136c44 00000044 T DSP_ConvertProcessAddressFromDspDram
00136c88 00000044 T DSP_RecvData
00136ccc 00000050 T DSP_RecvDataIsReady
00136d1c 00000104 T fsInit
00136e20 0000003c T fsExit
00136e5c 00000068 T fsExemptFromSession
00136ec4 00000050 T fsUnexemptFromSession
00136f14 000000cc T FSUSER_OpenFile
00136fe0 000000cc T FSUSER_OpenFileDirectly
001370ac 000000b8 T FSUSER_DeleteFile
00137164 000000f4 T FSUSER_RenameFile
00137258 000000b8 T FSUSER_DeleteDirectory
00137310 000000d0 T FSUSER_CreateFile
001373e0 000000c0 T FSUSER_CreateDirectory
001374a0 000000f4 T FSUSER_RenameDirectory
00137594 000000b4 T FSUSER_OpenDirectory
00137648 00000090 T FSUSER_OpenArchive
001376d8 0000008c T FSUSER_CloseArchive
00137764 00000074 T FSUSER_GetSdmcArchiveResource
001377d8 00000064 T FSUSER_IsSdmcWritable
0013783c 00000064 T FSFILE_Read
001378a0 0000006c T FSFILE_Write
0013790c 00000044 T FSFILE_GetSize
00137950 00000028 T FSFILE_SetSize
00137978 0000003c T FSFILE_Close
001379b4 00000024 T FSFILE_Flush
001379d8 00000060 T FSDIR_Read
00137a38 0000003c T FSDIR_Close
00137a74 00000c70 t gspHardwareInit
001386e4 00000288 T gspInit
0013896c 00000104 T gspExit
00138a70 00000010 T gspHasGpuRight
00138a80 000000a4 T gspPresentBuffer
00138b24 00000030 T gspSetEventCallback
00138b54 00000050 T gspWaitForEvent
00138ba4 0000004c T gspWaitForAnyEvent
00138bf0 00000154 t gspEventThreadMain
00138d44 0000012c T gspSubmitGxCommand
00138e70 00000050 T GSPGPU_FlushDataCache
00138ec0 00000034 T GSPGPU_SetLcdForceBlack
00138ef4 00000084 T GSPGPU_AcquireRight
00138f78 00000064 T GSPGPU_ReleaseRight
00138fdc 0000007c T GSPGPU_ImportDisplayCaptureInfo
00139058 0000002c T GSPGPU_SaveVramSysArea
00139084 0000002c T GSPGPU_RestoreVramSysArea
001390b0 00000024 W hidShouldUseIrrst
001390d4 000001cc T hidInit
001392a0 000000e8 T hidExit
00139388 000002a0 T hidScanInput
00139628 00000010 T hidKeysHeld
00139638 00000010 T hidKeysDown
00139648 00000018 T hidTouchRead
00139660 000001a4 T irrstInit
00139804 000000dc T irrstExit
001398e0 000000b4 T irrstScanInput
00139994 00000024 T irrstKeysHeld
001399b8 00000078 T ptmSysmInit
00139a30 0000003c T ptmSysmExit
00139a6c 00000034 T PTMSYSM_ConfigureNew3DSCPU
00139aa0 00000074 T rbtree_find
00139b14 00000010 T rbtree_init
00139b24 00000198 t do_insert
00139cbc 00000008 T rbtree_insert
00139cc4 00000310 T rbtree_remove
00139fd4 00000090 T rbtree_rotate
0013a064 000000e8 T utf16_to_utf8
0013a14c 000000c0 T utf8_to_utf16
0013a210 000001e8 W __system_allocateHeaps
0013a3f8 00000038 W __libctru_init
0013a430 0000016c W __system_initArgv
0013a59c 00000030 T __syscall_getreent
0013a5cc 00000064 T __syscall_gettod_r
0013a630 00000004 T __syscall_lock_acquire
0013a634 00000004 T __syscall_lock_release
0013a638 00000004 T __syscall_lock_acquire_recursive
0013a63c 00000004 T __syscall_lock_release_recursive
0013a640 00000004 T __syscall_exit
0013a644 00000014 T __syscall_cond_broadcast
0013a658 00000014 T __syscall_cond_wait
0013a66c 00000044 T __syscall_cond_wait_recursive
0013a6b0 00000054 T initThreadVars
0013a704 00000080 T __system_initSyscalls
0013a784 T svcControlMemory
0013a7a4 T svcQueryMemory
0013a7d4 T svcExitProcess
0013a7dc T svcCreateThread
0013a7fc T svcExitThread
0013a804 T svcSleepThread
0013a80c T svcReleaseMutex
0013a814 T svcCreateEvent
0013a828 T svcSignalEvent
0013a830 T svcClearEvent
0013a838 T svcMapMemoryBlock
0013a840 T svcUnmapMemoryBlock
0013a848 T svcCreateAddressArbiter
0013a85c T svcArbitrateAddress
0013a874 T svcArbitrateAddressNoTimeout
0013a87c T svcCloseHandle
0013a884 T svcWaitSynchronization
0013a88c T svcWaitSynchronizationN
0013a8b4 T svcDuplicateHandle
0013a8c8 T svcGetSystemTick
0013a8d0 T svcConnectToPort
0013a8e4 T svcSendSyncRequest
0013a8ec T svcGetResourceLimit
0013a900 T svcGetResourceLimitLimitValues
0013a908 T svcGetResourceLimitCurrentValues
0013a910 T svcBreak
0013a918 T __aeabi_read_tp
0013a924 W initSystem
0013a974 W __ctru_exit
0013a988 0000008c W envGetHandle
0013aa14 00000050 W envDestroyHandles
0013aa64 00000164 T srvInit
0013abc8 00000064 T srvExit
0013ac2c 00000060 T srvEnableNotification
0013ac8c 000000a0 T srvGetServiceHandleDirect
0013ad2c 00000048 T srvGetServiceHandle
0013ad74 00000034 T srvSubscribe
0013ada8 00000060 T srvReceiveNotification
0013ae08 00000038 T srvPublishToSubscriber
0013ae40 0000000c T __sync_init
0013ae4c 00000018 T __sync_fini
0013ae64 00000028 T syncArbitrateAddress
0013ae8c 0000001c T LightLock_Init
0013aea8 000000ac T LightLock_Lock
0013af54 00000040 T LightLock_Unlock
0013af94 00000054 T RecursiveLock_Lock
0013afe8 00000054 T RecursiveLock_Unlock
0013b03c 000000ec T CondVar_WaitTimeout
0013b128 00000124 T CondVar_WakeUp
0013b24c 00000044 T LightEvent_Init
0013b290 000000b8 T LightEvent_Clear
0013b348 000000dc T LightEvent_Signal
0013b424 00000050 T LightEvent_TryWait
0013b474 000000ac T LightEvent_Wait
0013b520 000001fc T threadCreate
0013b71c 00000038 T threadFree
0013b754 00000024 T threadJoin
0013b778 00000030 T threadGetCurrent
0013b7a8 00000040 T threadExit
0013b7e8 00000020 t _thread_begin
0013b808 00000090 t mappableFindAddressWithin
0013b898 00000028 T mappableInit
0013b8c0 0000007c T mappableAlloc
0013b93c 00000004 T mappableFree
0013b940 0000000c T srvPmGetSessionHandle
0013b94c 00000060 T rbtree_node_next
0013b9ac 00000054 T decode_utf16
0013ba00 00000140 T decode_utf8
0013bb40 00000054 T encode_utf16
0013bb94 000000e0 T encode_utf8
0013bc74 00000030 W __appExit
0013bca4 00000030 W __appInit
0013bcd4 00000090 W __libctru_exit
0013bd64 00000024 t error_cmp
0013bd88 00000050 t archive_translate_error
0013bdd8 000000c0 t archive_seek
0013be98 00000078 t _archiveInit.part.0
0013bf10 00000110 t archiveFindDevice.part.0
0013c020 00000298 t archive_utf16path
0013c2b8 00000098 t _archiveUnmountDeviceStruct.part.0
0013c350 00000178 t _archiveMountDevice
0013c4c8 000000f8 t archive_diropen
0013c5c0 000000ac t archive_fstat
0013c66c 00000074 t archive_fsync
0013c6e0 00000074 t archive_close
0013c754 00000078 t archive_dirclose
0013c7cc 000000ec t sdmc_statvfs
0013c8b8 000000f8 t archive_chdir
0013c9b0 0000008c t archive_ftruncate
0013ca3c 000000bc t archive_read
0013caf8 000000a8 t archive_unlink
0013cba0 000000c0 t archive_rmdir
0013cc60 000000d8 t archive_mkdir
0013cd38 000001a0 t archive_stat
0013ced8 00000164 t archive_dirnext
0013d03c 0000013c t archive_write
0013d178 00000254 t archive_open
0013d3cc 00000270 t archive_rename
0013d63c 000001c8 T archiveMountSdmc
0013d804 00000054 T archiveUnmountAll
0013d858 00000004 T operator delete(void*)
0013d85c 00000004 T operator delete[](void*)
0013d860 0000005c T operator new(unsigned int)
0013d8bc 00000004 T operator new[](unsigned int)
0013d8c0 0000000c W __gnu_cxx::__concurrence_lock_error::what() const
0013d8cc 0000000c W __gnu_cxx::__concurrence_unlock_error::what() const
0013d8d8 00000004 T std::locale::facet::~facet()
0013d8d8 00000004 T std::locale::facet::~facet()
0013d8dc 0000001c T std::locale::facet::~facet()
0013d8f8 00000020 W __gnu_cxx::__concurrence_lock_error::~__concurrence_lock_error()
0013d8f8 00000020 W __gnu_cxx::__concurrence_lock_error::~__concurrence_lock_error()
0013d918 00000028 W __gnu_cxx::__concurrence_lock_error::~__concurrence_lock_error()
0013d940 00000020 W __gnu_cxx::__concurrence_unlock_error::~__concurrence_unlock_error()
0013d940 00000020 W __gnu_cxx::__concurrence_unlock_error::~__concurrence_unlock_error()
0013d960 00000028 W __gnu_cxx::__concurrence_unlock_error::~__concurrence_unlock_error()
0013d988 00000020 T std::locale::facet::_S_initialize_once()
0013d9a8 0000002c W __gnu_cxx::__throw_concurrence_unlock_error()
0013d9d4 0000003c T std::locale::locale(std::locale const&)
0013d9d4 0000003c T std::locale::locale(std::locale const&)
0013da10 00000008 T std::locale::locale(std::locale::_Impl*)
0013da10 00000008 T std::locale::locale(std::locale::_Impl*)
0013da18 0000004c T std::locale::facet::_S_get_c_locale()
0013da64 0000000c T std::locale::facet::_S_get_c_name()
0013da70 000001dc T std::locale::_Impl::~_Impl()
0013da70 000001dc T std::locale::_Impl::~_Impl()
0013dc4c 000000b0 T std::locale::operator=(std::locale const&)
0013dcfc 00000078 T std::locale::~locale()
0013dcfc 00000078 T std::locale::~locale()
0013dd74 000005ac T std::locale::_Impl::_M_install_facet(std::locale::id const*, std::locale::facet const*)
0013e320 00000388 T std::locale::_Impl::_M_install_cache(std::locale::facet const*, unsigned int)
0013e6a8 00000064 T std::locale::id::_M_id() const
0013e70c 00000010 T std::__basic_file<char>::__basic_file(pthread_mutex_t*)
0013e70c 00000010 T std::__basic_file<char>::__basic_file(pthread_mutex_t*)
0013e71c 00000044 T std::__basic_file<char>::~__basic_file()
0013e71c 00000044 T std::__basic_file<char>::~__basic_file()
0013e760 00000078 T std::__basic_file<char>::open(char const*, std::_Ios_Openmode, int)
0013e7d8 00000010 T std::__basic_file<char>::is_open() const
0013e7e8 00000058 T std::__basic_file<char>::close()
0013e840 00000060 T std::__basic_file<char>::xsgetn(char*, int)
0013e8a0 00000074 T std::__basic_file<char>::xsputn(char const*, int)
0013e914 000000d8 T std::__basic_file<char>::xsputn_2(char const*, int, char const*, int)
0013e9ec 00000048 T std::__basic_file<char>::seekoff(long long, std::_Ios_Seekdir)
0013ea34 00000094 T std::__basic_file<char>::showmanyc()
0013eac8 00000034 t std::__facet_shims::(anonymous namespace)::collate_shim<char>::do_compare(char const*, char const*, char const*, char const*) const
0013eafc 00000060 t std::__facet_shims::(anonymous namespace)::time_get_shim<char>::do_get_year(std::istreambuf_iterator<char, std::char_traits<char> >, std::istreambuf_iterator<char, std::char_traits<char> >, std::ios_base&, std::_Ios_Iostate&, tm*) const
0013eb5c 00000060 t std::__facet_shims::(anonymous namespace)::time_get_shim<char>::do_get_monthname(std::istreambuf_iterator<char, std::char_traits<char> >, std::istreambuf_iterator<char, std::char_traits<char> >, std::ios_base&, std::_Ios_Iostate&, tm*) const
0013ebbc 00000060 t std::__facet_shims::(anonymous namespace)::time_get_shim<char>::do_get_weekday(std::istreambuf_iterator<char, std::char_traits<char> >, std::istreambuf_iterator<char, std::char_traits<char> >, std::ios_base&, std::_Ios_Iostate&, tm*) const
0013ec1c 00000060 t std::__facet_shims::(anonymous namespace)::time_get_shim<char>::do_get_date(std::istreambuf_iterator<char, std::char_traits<char> >, std::istreambuf_iterator<char, std::char_traits<char> >, std::ios_base&, std::_Ios_Iostate&, tm*) const
0013ec7c 00000060 t std::__facet_shims::(anonymous namespace)::time_get_shim<char>::do_get_time(std::istreambuf_iterator<char, std::char_traits<char> >, std::istreambuf_iterator<char, std::char_traits<char> >, std::ios_base&, std::_Ios_Iostate&, tm*) const
0013ecdc 0000000c t std::__facet_shims::(anonymous namespace)::time_get_shim<char>::do_date_order() const
0013ece8 00000098 t std::__facet_shims::(anonymous namespace)::money_get_shim<char>::do_get(std::istreambuf_iterator<char, std::char_traits<char> >, std::istreambuf_iterator<char, std::char_traits<char> >, bool, std::ios_base&, std::_Ios_Iostate&, long double&) const
0013ed80 00000054 t std::__facet_shims::(anonymous namespace)::money_put_shim<char>::do_put(std::ostreambuf_iterator<char, std::char_traits<char> >, bool, std::ios_base&, char, long double) const
0013edd4 00000010 t std::__facet_shims::(anonymous namespace)::messages_shim<char>::do_close(int) const
0013ede4 00000030 t std::__facet_shims::(anonymous namespace)::messages_shim<char>::do_open(std::string const&, std::locale const&) const
0013ee14 00000034 t std::__facet_shims::(anonymous namespace)::collate_shim<wchar_t>::do_compare(wchar_t const*, wchar_t const*, wchar_t const*, wchar_t const*) const
0013ee48 00000060 t std::__facet_shims::(anonymous namespace)::time_get_shim<wchar_t>::do_get_year(std::istreambuf_iterator<wchar_t, std::char_traits<wchar_t> >, std::istreambuf_iterator<wchar_t, std::char_traits<wchar_t> >, std::ios_base&, std::_Ios_Iostate&, tm*) const
0013eea8 00000060 t std::__facet_shims::(anonymous namespace)::time_get_shim<wchar_t>::do_get_monthname(std::istreambuf_iterator<wchar_t, std::char_traits<wchar_t> >, std::istreambuf_iterator<wchar_t, std::char_traits<wchar_t> >, std::ios_base&, std::_Ios_Iostate&, tm*) const
0013ef08 00000060 t std::__facet_shims::(anonymous namespace)::time_get_shim<wchar_t>::do_get_weekday(std::istreambuf_iterator<wchar_t, std::char_traits<wchar_t> >, std::istreambuf_iterator<wchar_t, std::char_traits<wchar_t> >, std::ios_base&, std::_Ios_Iostate&, tm*) const
0013ef68 00000060 t std::__facet_shims::(anonymous namespace)::time_get_shim<wchar_t>::do_get_date(std::istreambuf_iterator<wchar_t, std::char_traits<wchar_t> >, std::istreambuf_iterator<wchar_t, std::char_traits<wchar_t> >, std::ios_base&, std::_Ios_Iostate&, tm*) const
0013efc8 00000060 t std::__facet_shims::(anonymous namespace)::time_get_shim<wchar_t>::do_get_time(std::istreambuf_iterator<wchar_t, std::char_traits<wchar_t> >, std::istreambuf_iterator<wchar_t, std::char_traits<wchar_t> >, std::ios_base&, std::_Ios_Iostate&, tm*) const
0013f028 0000000c t std::__facet_shims::(anonymous namespace)::time_get_shim<wchar_t>::do_date_order() const
0013f034 00000098 t std::__facet_shims::(anonymous namespace)::money_get_shim<wchar_t>::do_get(std::istreambuf_iterator<wchar_t, std::char_traits<wchar_t> >, std::istreambuf_iterator<wchar_t, std::char_traits<wchar_t> >, bool, std::ios_base&, std::_Ios_Iostate&, long double&) const
0013f0cc 00000054 t std::__facet_shims::(anonymous namespace)::money_put_shim<wchar_t>::do_put(std::ostreambuf_iterator<wchar_t, std::char_traits<wchar_t> >, bool, std::ios_base&, wchar_t, long double) const
0013f120 00000010 t std::__facet_shims::(anonymous namespace)::messages_shim<wchar_t>::do_close(int) const
0013f130 00000030 t std::__facet_shims::(anonymous namespace)::messages_shim<wchar_t>::do_open(std::string const&, std::locale const&) const
0013f160 000000c0 t wchar_t* std::basic_string<wchar_t, std::char_traits<wchar_t>, std::allocator<wchar_t> >::_S_construct<wchar_t const*>(wchar_t const*, wchar_t const*, std::allocator<wchar_t> const&, std::forward_iterator_tag) [clone .isra.0]
0013f220 000000b8 t char* std::string::_S_construct<char const*>(char const*, char const*, std::allocator<char> const&, std::forward_iterator_tag) [clone .isra.0]
0013f2d8 00000058 t std::basic_string<wchar_t, std::char_traits<wchar_t>, std::allocator<wchar_t> >::~basic_string() [clone .isra.0]
0013f330 00000058 t std::basic_string<char, std::char_traits<char>, std::allocator<char> >::~basic_string() [clone .isra.0]
0013f388 00000090 t std::__facet_shims::(anonymous namespace)::collate_shim<wchar_t>::do_transform(wchar_t const*, wchar_t const*) const
0013f418 000000ac t std::__facet_shims::(anonymous namespace)::messages_shim<wchar_t>::do_get(int, int, int, std::basic_string<wchar_t, std::char_traits<wchar_t>, std::allocator<wchar_t> > const&) const
0013f4c8 00000118 t std::__facet_shims::(anonymous namespace)::money_put_shim<wchar_t>::do_put(std::ostreambuf_iterator<wchar_t, std::char_traits<wchar_t> >, bool, std::ios_base&, wchar_t, std::basic_string<wchar_t, std::char_traits<wchar_t>, std::allocator<wchar_t> > const&) const
0013f5e0 00000118 t std::__facet_shims::(anonymous namespace)::money_put_shim<char>::do_put(std::ostreambuf_iterator<char, std::char_traits<char> >, bool, std::ios_base&, char, std::string const&) const
0013f6f8 00000090 t std::__facet_shims::(anonymous namespace)::collate_shim<char>::do_transform(char const*, char const*) const
0013f788 000000ac t std::__facet_shims::(anonymous namespace)::messages_shim<char>::do_get(int, int, int, std::string const&) const
0013f834 00000058 t void std::__facet_shims::(anonymous namespace)::__destroy_string<wchar_t>(void*)
0013f88c 00000058 t void std::__facet_shims::(anonymous namespace)::__destroy_string<char>(void*)
0013f8e4 0000005c t std::__facet_shims::(anonymous namespace)::messages_shim<char>::~messages_shim()
0013f8e4 0000005c t std::__facet_shims::(anonymous namespace)::messages_shim<char>::~messages_shim()
0013f940 0000005c t std::__facet_shims::(anonymous namespace)::messages_shim<wchar_t>::~messages_shim()
0013f940 0000005c t std::__facet_shims::(anonymous namespace)::messages_shim<wchar_t>::~messages_shim()
0013f99c 00000068 t std::__facet_shims::(anonymous namespace)::money_get_shim<char>::~money_get_shim()
0013f99c 00000068 t std::__facet_shims::(anonymous namespace)::money_get_shim<char>::~money_get_shim()
0013fa04 00000068 t std::__facet_shims::(anonymous namespace)::money_put_shim<char>::~money_put_shim()
0013fa04 00000068 t std::__facet_shims::(anonymous namespace)::money_put_shim<char>::~money_put_shim()
0013fa6c 00000068 t std::__facet_shims::(anonymous namespace)::money_get_shim<wchar_t>::~money_get_shim()
0013fa6c 00000068 t std::__facet_shims::(anonymous namespace)::money_get_shim<wchar_t>::~money_get_shim()
0013fad4 00000068 t std::__facet_shims::(anonymous namespace)::money_put_shim<wchar_t>::~money_put_shim()
0013fad4 00000068 t std::__facet_shims::(anonymous namespace)::money_put_shim<wchar_t>::~money_put_shim()
0013fb3c 00000068 t std::__facet_shims::(anonymous namespace)::time_get_shim<char>::~time_get_shim()
0013fb3c 00000068 t std::__facet_shims::(anonymous namespace)::time_get_shim<char>::~time_get_shim()
0013fba4 00000068 t std::__facet_shims::(anonymous namespace)::time_get_shim<wchar_t>::~time_get_shim()
0013fba4 00000068 t std::__facet_shims::(anonymous namespace)::time_get_shim<wchar_t>::~time_get_shim()
0013fc0c 00000064 t std::__facet_shims::(anonymous namespace)::messages_shim<char>::~messages_shim()
0013fc70 00000064 t std::__facet_shims::(anonymous namespace)::messages_shim<wchar_t>::~messages_shim()
0013fcd4 00000068 t std::__facet_shims::(anonymous namespace)::numpunct_shim<char>::~numpunct_shim()
0013fcd4 00000068 t std::__facet_shims::(anonymous namespace)::numpunct_shim<char>::~numpunct_shim()
0013fd3c 00000068 t std::__facet_shims::(anonymous namespace)::numpunct_shim<wchar_t>::~numpunct_shim()
0013fd3c 00000068 t std::__facet_shims::(anonymous namespace)::numpunct_shim<wchar_t>::~numpunct_shim()
0013fda4 00000070 t std::__facet_shims::(anonymous namespace)::money_get_shim<char>::~money_get_shim()
0013fe14 00000070 t std::__facet_shims::(anonymous namespace)::money_put_shim<char>::~money_put_shim()
0013fe84 00000070 t std::__facet_shims::(anonymous namespace)::money_get_shim<wchar_t>::~money_get_shim()
0013fef4 00000070 t std::__facet_shims::(anonymous namespace)::money_put_shim<wchar_t>::~money_put_shim()
0013ff64 00000070 t std::__facet_shims::(anonymous namespace)::time_get_shim<char>::~time_get_shim()
0013ffd4 00000070 t std::__facet_shims::(anonymous namespace)::time_get_shim<wchar_t>::~time_get_shim()
00140044 00000070 t std::__facet_shims::(anonymous namespace)::collate_shim<char>::~collate_shim()
00140044 00000070 t std::__facet_shims::(anonymous namespace)::collate_shim<char>::~collate_shim()
001400b4 00000070 t std::__facet_shims::(anonymous namespace)::collate_shim<wchar_t>::~collate_shim()
001400b4 00000070 t std::__facet_shims::(anonymous namespace)::collate_shim<wchar_t>::~collate_shim()
00140124 00000070 t std::__facet_shims::(anonymous namespace)::numpunct_shim<char>::~numpunct_shim()
00140194 00000070 t std::__facet_shims::(anonymous namespace)::numpunct_shim<wchar_t>::~numpunct_shim()
00140204 00000078 t std::__facet_shims::(anonymous namespace)::collate_shim<char>::~collate_shim()
0014027c 00000078 t std::__facet_shims::(anonymous namespace)::collate_shim<wchar_t>::~collate_shim()
001402f4 00000074 t std::__facet_shims::(anonymous namespace)::moneypunct_shim<char, true>::~moneypunct_shim()
001402f4 00000074 t std::__facet_shims::(anonymous namespace)::moneypunct_shim<char, true>::~moneypunct_shim()
00140368 00000074 t std::__facet_shims::(anonymous namespace)::moneypunct_shim<char, false>::~moneypunct_shim()
00140368 00000074 t std::__facet_shims::(anonymous namespace)::moneypunct_shim<char, false>::~moneypunct_shim()
001403dc 00000074 t std::__facet_shims::(anonymous namespace)::moneypunct_shim<wchar_t, true>::~moneypunct_shim()
001403dc 00000074 t std::__facet_shims::(anonymous namespace)::moneypunct_shim<wchar_t, true>::~moneypunct_shim()
00140450 00000074 t std::__facet_shims::(anonymous namespace)::moneypunct_shim<wchar_t, false>::~moneypunct_shim()
00140450 00000074 t std::__facet_shims::(anonymous namespace)::moneypunct_shim<wchar_t, false>::~moneypunct_shim()
001404c4 0000007c t std::__facet_shims::(anonymous namespace)::moneypunct_shim<char, true>::~moneypunct_shim()
00140540 0000007c t std::__facet_shims::(anonymous namespace)::moneypunct_shim<char, false>::~moneypunct_shim()
001405bc 0000007c t std::__facet_shims::(anonymous namespace)::moneypunct_shim<wchar_t, true>::~moneypunct_shim()
00140638 0000007c t std::__facet_shims::(anonymous namespace)::moneypunct_shim<wchar_t, false>::~moneypunct_shim()
001406b4 00000148 t std::__facet_shims::(anonymous namespace)::money_get_shim<wchar_t>::do_get(std::istreambuf_iterator<wchar_t, std::char_traits<wchar_t> >, std::istreambuf_iterator<wchar_t, std::char_traits<wchar_t> >, bool, std::ios_base&, std::_Ios_Iostate&, std::basic_string<wchar_t, std::char_traits<wchar_t>, std::allocator<wchar_t> >&) const
001407fc 00000148 t std::__facet_shims::(anonymous namespace)::money_get_shim<char>::do_get(std::istreambuf_iterator<char, std::char_traits<char> >, std::istreambuf_iterator<char, std::char_traits<char> >, bool, std::ios_base&, std::_Ios_Iostate&, std::string&) const
00140944 00000034 W std::locale::facet::_M_remove_reference() const
00140978 0000022c W void std::__facet_shims::__numpunct_fill_cache<char>(std::integral_constant<bool, false>, std::locale::facet const*, std::__numpunct_cache<char>*)
00140ba4 00000258 W void std::__facet_shims::__numpunct_fill_cache<wchar_t>(std::integral_constant<bool, false>, std::locale::facet const*, std::__numpunct_cache<wchar_t>*)
00140dfc 00000060 W int std::__facet_shims::__collate_compare<char>(std::integral_constant<bool, false>, std::locale::facet const*, char const*, char const*, char const*, char const*)
00140e5c 00000060 W int std::__facet_shims::__collate_compare<wchar_t>(std::integral_constant<bool, false>, std::locale::facet const*, wchar_t const*, wchar_t const*, wchar_t const*, wchar_t const*)
00140ebc 00000194 W void std::__facet_shims::__collate_transform<char>(std::integral_constant<bool, false>, std::locale::facet const*, std::__facet_shims::__any_string&, char const*, char const*)
00141050 00000194 W void std::__facet_shims::__collate_transform<wchar_t>(std::integral_constant<bool, false>, std::locale::facet const*, std::__facet_shims::__any_string&, wchar_t const*, wchar_t const*)
001411e4 00000314 W void std::__facet_shims::__moneypunct_fill_cache<char, true>(std::integral_constant<bool, false>, std::locale::facet const*, std::__moneypunct_cache<char, true>*)
001414f8 00000314 W void std::__facet_shims::__moneypunct_fill_cache<char, false>(std::integral_constant<bool, false>, std::locale::facet const*, std::__moneypunct_cache<char, false>*)
0014180c 00000350 W void std::__facet_shims::__moneypunct_fill_cache<wchar_t, true>(std::integral_constant<bool, false>, std::locale::facet const*, std::__moneypunct_cache<wchar_t, true>*)
00141b5c 00000350 W void std::__facet_shims::__moneypunct_fill_cache<wchar_t, false>(std::integral_constant<bool, false>, std::locale::facet const*, std::__moneypunct_cache<wchar_t, false>*)
00141eac 000000d0 W int std::__facet_shims::__messages_open<char>(std::integral_constant<bool, false>, std::locale::facet const*, char const*, unsigned int, std::locale const&)
00141f7c 000000d0 W int std::__facet_shims::__messages_open<wchar_t>(std::integral_constant<bool, false>, std::locale::facet const*, char const*, unsigned int, std::locale const&)
0014204c 00000230 W void std::__facet_shims::__messages_get<char>(std::integral_constant<bool, false>, std::locale::facet const*, std::__facet_shims::__any_string&, int, int, int, char const*, unsigned int)
0014227c 00000230 W void std::__facet_shims::__messages_get<wchar_t>(std::integral_constant<bool, false>, std::locale::facet const*, std::__facet_shims::__any_string&, int, int, int, wchar_t const*, unsigned int)
001424ac 00000044 W void std::__facet_shims::__messages_close<char>(std::integral_constant<bool, false>, std::locale::facet const*, int)
001424f0 00000044 W void std::__facet_shims::__messages_close<wchar_t>(std::integral_constant<bool, false>, std::locale::facet const*, int)
00142534 0000002c W std::time_base::dateorder std::__facet_shims::__time_get_dateorder<char>(std::integral_constant<bool, false>, std::locale::facet const*)
00142560 0000002c W std::time_base::dateorder std::__facet_shims::__time_get_dateorder<wchar_t>(std::integral_constant<bool, false>, std::locale::facet const*)
0014258c 0000023c W std::istreambuf_iterator<char, std::char_traits<char> > std::__facet_shims::__time_get<char>(std::integral_constant<bool, false>, std::locale::facet const*, std::istreambuf_iterator<char, std::char_traits<char> >, std::istreambuf_iterator<char, std::char_traits<char> >, std::ios_base&, std::_Ios_Iostate&, tm*, char)
001427c8 0000023c W std::istreambuf_iterator<wchar_t, std::char_traits<wchar_t> > std::__facet_shims::__time_get<wchar_t>(std::integral_constant<bool, false>, std::locale::facet const*, std::istreambuf_iterator<wchar_t, std::char_traits<wchar_t> >, std::istreambuf_iterator<wchar_t, std::char_traits<wchar_t> >, std::ios_base&, std::_Ios_Iostate&, tm*, char)
00142a04 000003c4 W std::istreambuf_iterator<char, std::char_traits<char> > std::__facet_shims::__money_get<char>(std::integral_constant<bool, false>, std::locale::facet const*, std::istreambuf_iterator<char, std::char_traits<char> >, std::istreambuf_iterator<char, std::char_traits<char> >, bool, std::ios_base&, std::_Ios_Iostate&, long double*, std::__facet_shims::__any_string*)
00142dc8 000003c4 W std::istreambuf_iterator<wchar_t, std::char_traits<wchar_t> > std::__facet_shims::__money_get<wchar_t>(std::integral_constant<bool, false>, std::locale::facet const*, std::istreambuf_iterator<wchar_t, std::char_traits<wchar_t> >, std::istreambuf_iterator<wchar_t, std::char_traits<wchar_t> >, bool, std::ios_base&, std::_Ios_Iostate&, long double*, std::__facet_shims::__any_string*)
00143190 00000264 W std::ostreambuf_iterator<char, std::char_traits<char> > std::__facet_shims::__money_put<char>(std::integral_constant<bool, false>, std::locale::facet const*, std::ostreambuf_iterator<char, std::char_traits<char> >, bool, std::ios_base&, char, long double, std::__facet_shims::__any_string const*)
001433f8 00000274 W std::ostreambuf_iterator<wchar_t, std::char_traits<wchar_t> > std::__facet_shims::__money_put<wchar_t>(std::integral_constant<bool, false>, std::locale::facet const*, std::ostreambuf_iterator<wchar_t, std::char_traits<wchar_t> >, bool, std::ios_base&, wchar_t, long double, std::__facet_shims::__any_string const*)
0014366c 00000a0c T std::locale::facet::_M_cow_shim(std::locale::id const*) const
00143bee N 
00143bee N 
00143bee N 
00143bee N 
00143bee N 
00143bee N 
00143bee N 
00143bee N 
00143bee N 
00143bee N 
00143bee N 
00143bee N 
00143bee N 
00143bee N 
00143bee N 
00143bee N 
00143bee N 
00143bee N 
00143bee N 
00143bee N 
00143bee N 
00143bee N 
00143bee N 
00143bee N 
00143bee N 
00143bee N 
00143bee N 
00143bee N 
00143bee N 
00143bee N 
00143bee N 
00143bee N 
00143bee W Korean2000XOR1FMemoryRule.cpp.6491b6a6
00144078 00000088 W std::string::copy(char*, unsigned int, unsigned int) const
00144100 00000034 W std::string::swap(std::string&)
00144134 0000005c W std::string::find_first_not_of(char, unsigned int) const
00144190 00000088 W std::string::_Rep::_S_create(unsigned int, unsigned int, std::allocator<char> const&)
00144218 00000084 W std::string::_S_construct(unsigned int, char, std::allocator<char> const&)
0014429c 00000004 W std::string::_Rep::_M_destroy(std::allocator<char> const&)
001442a0 000001a8 W std::string::_M_mutate(unsigned int, unsigned int, unsigned int)
00144448 00000048 W std::string::_M_leak_hard()
00144490 0000001c W std::string::_M_leak()
001444ac 0000006c W std::string::_M_replace_aux(unsigned int, unsigned int, unsigned int, char)
00144518 0000005c W std::string::_M_replace_safe(unsigned int, unsigned int, char const*, unsigned int)
00144574 000000f4 W std::string::assign(char const*, unsigned int)
00144668 00000090 W std::string::_Rep::_M_clone(std::allocator<char> const&, unsigned int)
001446f8 000000b4 W std::string::reserve(unsigned int)
001447ac 000000c8 W std::string::append(std::string const&)
00144874 0000012c W std::string::append(char const*, unsigned int)
001449a0 000000d4 W std::string::append(unsigned int, char)
00144a74 00000048 W std::string::resize(unsigned int, char)
00144abc 00000080 W std::string::push_back(char)
00144b3c 00000088 W std::basic_string<wchar_t, std::char_traits<wchar_t>, std::allocator<wchar_t> >::copy(wchar_t*, unsigned int, unsigned int) const
00144bc4 00000034 W std::basic_string<wchar_t, std::char_traits<wchar_t>, std::allocator<wchar_t> >::swap(std::basic_string<wchar_t, std::char_traits<wchar_t>, std::allocator<wchar_t> >&)
00144bf8 000000a0 W std::basic_string<wchar_t, std::char_traits<wchar_t>, std::allocator<wchar_t> >::_Rep::_S_create(unsigned int, unsigned int, std::allocator<wchar_t> const&)
00144c98 00000090 W std::basic_string<wchar_t, std::char_traits<wchar_t>, std::allocator<wchar_t> >::_S_construct(unsigned int, wchar_t, std::allocator<wchar_t> const&)
00144d28 00000004 W std::basic_string<wchar_t, std::char_traits<wchar_t>, std::allocator<wchar_t> >::_Rep::_M_destroy(std::allocator<wchar_t> const&)
00144d2c 000001b8 W std::basic_string<wchar_t, std::char_traits<wchar_t>, std::allocator<wchar_t> >::_M_mutate(unsigned int, unsigned int, unsigned int)
00144ee4 00000048 W std::basic_string<wchar_t, std::char_traits<wchar_t>, std::allocator<wchar_t> >::_M_leak_hard()
00144f2c 00000074 W std::basic_string<wchar_t, std::char_traits<wchar_t>, std::allocator<wchar_t> >::_M_replace_aux(unsigned int, unsigned int, unsigned int, wchar_t)
00144fa0 0000005c W std::basic_string<wchar_t, std::char_traits<wchar_t>, std::allocator<wchar_t> >::_M_replace_safe(unsigned int, unsigned int, wchar_t const*, unsigned int)
00144ffc 000000f4 W std::basic_string<wchar_t, std::char_traits<wchar_t>, std::allocator<wchar_t> >::assign(wchar_t const*, unsigned int)
001450f0 00000090 W std::basic_string<wchar_t, std::char_traits<wchar_t>, std::allocator<wchar_t> >::_Rep::_M_clone(std::allocator<wchar_t> const&, unsigned int)
00145180 000000b4 W std::basic_string<wchar_t, std::char_traits<wchar_t>, std::allocator<wchar_t> >::reserve(unsigned int)
00145234 000000c8 W std::basic_string<wchar_t, std::char_traits<wchar_t>, std::allocator<wchar_t> >::append(std::basic_string<wchar_t, std::char_traits<wchar_t>, std::allocator<wchar_t> > const&)
001452fc 0000011c W std::basic_string<wchar_t, std::char_traits<wchar_t>, std::allocator<wchar_t> >::append(wchar_t const*, unsigned int)
00145418 000000d4 W std::basic_string<wchar_t, std::char_traits<wchar_t>, std::allocator<wchar_t> >::append(unsigned int, wchar_t)
001454ec 00000048 W std::basic_string<wchar_t, std::char_traits<wchar_t>, std::allocator<wchar_t> >::resize(unsigned int, wchar_t)
00145534 00000074 W std::basic_string<wchar_t, std::char_traits<wchar_t>, std::allocator<wchar_t> >::push_back(wchar_t)
001455a8 00000034 t std::__facet_shims::(anonymous namespace)::collate_shim<char>::do_compare(char const*, char const*, char const*, char const*) const
001455dc 00000060 t std::__facet_shims::(anonymous namespace)::time_get_shim<char>::do_get_year(std::istreambuf_iterator<char, std::char_traits<char> >, std::istreambuf_iterator<char, std::char_traits<char> >, std::ios_base&, std::_Ios_Iostate&, tm*) const
0014563c 00000060 t std::__facet_shims::(anonymous namespace)::time_get_shim<char>::do_get_monthname(std::istreambuf_iterator<char, std::char_traits<char> >, std::istreambuf_iterator<char, std::char_traits<char> >, std::ios_base&, std::_Ios_Iostate&, tm*) const
0014569c 00000060 t std::__facet_shims::(anonymous namespace)::time_get_shim<char>::do_get_weekday(std::istreambuf_iterator<char, std::char_traits<char> >, std::istreambuf_iterator<char, std::char_traits<char> >, std::ios_base&, std::_Ios_Iostate&, tm*) const
001456fc 00000060 t std::__facet_shims::(anonymous namespace)::time_get_shim<char>::do_get_date(std::istreambuf_iterator<char, std::char_traits<char> >, std::istreambuf_iterator<char, std::char_traits<char> >, std::ios_base&, std::_Ios_Iostate&, tm*) const
0014575c 00000060 t std::__facet_shims::(anonymous namespace)::time_get_shim<char>::do_get_time(std::istreambuf_iterator<char, std::char_traits<char> >, std::istreambuf_iterator<char, std::char_traits<char> >, std::ios_base&, std::_Ios_Iostate&, tm*) const
001457bc 0000000c t std::__facet_shims::(anonymous namespace)::time_get_shim<char>::do_date_order() const
001457c8 00000098 t std::__facet_shims::(anonymous namespace)::money_get_shim<char>::do_get(std::istreambuf_iterator<char, std::char_traits<char> >, std::istreambuf_iterator<char, std::char_traits<char> >, bool, std::ios_base&, std::_Ios_Iostate&, long double&) const
00145860 00000054 t std::__facet_shims::(anonymous namespace)::money_put_shim<char>::do_put(std::ostreambuf_iterator<char, std::char_traits<char> >, bool, std::ios_base&, char, long double) const
001458b4 00000010 t std::__facet_shims::(anonymous namespace)::messages_shim<char>::do_close(int) const
001458c4 0000002c t std::__facet_shims::(anonymous namespace)::messages_shim<char>::do_open(std::__cxx11::basic_string<char, std::char_traits<char>, std::allocator<char> > const&, std::locale const&) const
001458f0 00000034 t std::__facet_shims::(anonymous namespace)::collate_shim<wchar_t>::do_compare(wchar_t const*, wchar_t const*, wchar_t const*, wchar_t const*) const
00145924 00000060 t std::__facet_shims::(anonymous namespace)::time_get_shim<wchar_t>::do_get_year(std::istreambuf_iterator<wchar_t, std::char_traits<wchar_t> >, std::istreambuf_iterator<wchar_t, std::char_traits<wchar_t> >, std::ios_base&, std::_Ios_Iostate&, tm*) const
00145984 00000060 t std::__facet_shims::(anonymous namespace)::time_get_shim<wchar_t>::do_get_monthname(std::istreambuf_iterator<wchar_t, std::char_traits<wchar_t> >, std::istreambuf_iterator<wchar_t, std::char_traits<wchar_t> >, std::ios_base&, std::_Ios_Iostate&, tm*) const
001459e4 00000060 t std::__facet_shims::(anonymous namespace)::time_get_shim<wchar_t>::do_get_weekday(std::istreambuf_iterator<wchar_t, std::char_traits<wchar_t> >, std::istreambuf_iterator<wchar_t, std::char_traits<wchar_t> >, std::ios_base&, std::_Ios_Iostate&, tm*) const
00145a44 00000060 t std::__facet_shims::(anonymous namespace)::time_get_shim<wchar_t>::do_get_date(std::istreambuf_iterator<wchar_t, std::char_traits<wchar_t> >, std::istreambuf_iterator<wchar_t, std::char_traits<wchar_t> >, std::ios_base&, std::_Ios_Iostate&, tm*) const
00145aa4 00000060 t std::__facet_shims::(anonymous namespace)::time_get_shim<wchar_t>::do_get_time(std::istreambuf_iterator<wchar_t, std::char_traits<wchar_t> >, std::istreambuf_iterator<wchar_t, std::char_traits<wchar_t> >, std::ios_base&, std::_Ios_Iostate&, tm*) const
00145b04 0000000c t std::__facet_shims::(anonymous namespace)::time_get_shim<wchar_t>::do_date_order() const
00145b10 00000098 t std::__facet_shims::(anonymous namespace)::money_get_shim<wchar_t>::do_get(std::istreambuf_iterator<wchar_t, std::char_traits<wchar_t> >, std::istreambuf_iterator<wchar_t, std::char_traits<wchar_t> >, bool, std::ios_base&, std::_Ios_Iostate&, long double&) const
00145ba8 00000054 t std::__facet_shims::(anonymous namespace)::money_put_shim<wchar_t>::do_put(std::ostreambuf_iterator<wchar_t, std::char_traits<wchar_t> >, bool, std::ios_base&, wchar_t, long double) const
00145bfc 00000010 t std::__facet_shims::(anonymous namespace)::messages_shim<wchar_t>::do_close(int) const
00145c0c 0000002c t std::__facet_shims::(anonymous namespace)::messages_shim<wchar_t>::do_open(std::__cxx11::basic_string<char, std::char_traits<char>, std::allocator<char> > const&, std::locale const&) const
00145c38 00000094 t void std::__cxx11::basic_string<char, std::char_traits<char>, std::allocator<char> >::_M_construct<char const*>(char const*, char const*, std::forward_iterator_tag) [clone .isra.0]
00145ccc 00000098 t void std::__cxx11::basic_string<wchar_t, std::char_traits<wchar_t>, std::allocator<wchar_t> >::_M_construct<wchar_t const*>(wchar_t const*, wchar_t const*, std::forward_iterator_tag) [clone .isra.0]
00145d64 000000bc t std::__facet_shims::(anonymous namespace)::collate_shim<wchar_t>::do_transform(wchar_t const*, wchar_t const*) const
00145e20 000000d4 t std::__facet_shims::(anonymous namespace)::messages_shim<wchar_t>::do_get(int, int, int, std::__cxx11::basic_string<wchar_t, std::char_traits<wchar_t>, std::allocator<wchar_t> > const&) const
00145ef8 000000bc t std::__facet_shims::(anonymous namespace)::money_put_shim<char>::do_put(std::ostreambuf_iterator<char, std::char_traits<char> >, bool, std::ios_base&, char, std::__cxx11::basic_string<char, std::char_traits<char>, std::allocator<char> > const&) const
00145fb8 000000bc t std::__facet_shims::(anonymous namespace)::money_put_shim<wchar_t>::do_put(std::ostreambuf_iterator<wchar_t, std::char_traits<wchar_t> >, bool, std::ios_base&, wchar_t, std::__cxx11::basic_string<wchar_t, std::char_traits<wchar_t>, std::allocator<wchar_t> > const&) const
00146074 000000bc t std::__facet_shims::(anonymous namespace)::collate_shim<char>::do_transform(char const*, char const*) const
00146130 000000d4 t std::__facet_shims::(anonymous namespace)::messages_shim<char>::do_get(int, int, int, std::__cxx11::basic_string<char, std::char_traits<char>, std::allocator<char> > const&) const
00146204 00000014 t void std::__facet_shims::(anonymous namespace)::__destroy_string<wchar_t>(void*)
00146218 00000014 t void std::__facet_shims::(anonymous namespace)::__destroy_string<char>(void*)
0014622c 0000005c t std::__facet_shims::(anonymous namespace)::messages_shim<char>::~messages_shim()
0014622c 0000005c t std::__facet_shims::(anonymous namespace)::messages_shim<char>::~messages_shim()
00146288 0000005c t std::__facet_shims::(anonymous namespace)::messages_shim<wchar_t>::~messages_shim()
00146288 0000005c t std::__facet_shims::(anonymous namespace)::messages_shim<wchar_t>::~messages_shim()
001462e4 00000068 t std::__facet_shims::(anonymous namespace)::money_get_shim<char>::~money_get_shim()
001462e4 00000068 t std::__facet_shims::(anonymous namespace)::money_get_shim<char>::~money_get_shim()
0014634c 00000068 t std::__facet_shims::(anonymous namespace)::money_put_shim<char>::~money_put_shim()
0014634c 00000068 t std::__facet_shims::(anonymous namespace)::money_put_shim<char>::~money_put_shim()
001463b4 00000068 t std::__facet_shims::(anonymous namespace)::money_get_shim<wchar_t>::~money_get_shim()
001463b4 00000068 t std::__facet_shims::(anonymous namespace)::money_get_shim<wchar_t>::~money_get_shim()
0014641c 00000068 t std::__facet_shims::(anonymous namespace)::money_put_shim<wchar_t>::~money_put_shim()
0014641c 00000068 t std::__facet_shims::(anonymous namespace)::money_put_shim<wchar_t>::~money_put_shim()
00146484 00000068 t std::__facet_shims::(anonymous namespace)::time_get_shim<char>::~time_get_shim()
00146484 00000068 t std::__facet_shims::(anonymous namespace)::time_get_shim<char>::~time_get_shim()
001464ec 00000068 t std::__facet_shims::(anonymous namespace)::time_get_shim<wchar_t>::~time_get_shim()
001464ec 00000068 t std::__facet_shims::(anonymous namespace)::time_get_shim<wchar_t>::~time_get_shim()
00146554 00000064 t std::__facet_shims::(anonymous namespace)::messages_shim<char>::~messages_shim()
001465b8 00000064 t std::__facet_shims::(anonymous namespace)::messages_shim<wchar_t>::~messages_shim()
0014661c 00000068 t std::__facet_shims::(anonymous namespace)::numpunct_shim<char>::~numpunct_shim()
0014661c 00000068 t std::__facet_shims::(anonymous namespace)::numpunct_shim<char>::~numpunct_shim()
00146684 00000068 t std::__facet_shims::(anonymous namespace)::numpunct_shim<wchar_t>::~numpunct_shim()
00146684 00000068 t std::__facet_shims::(anonymous namespace)::numpunct_shim<wchar_t>::~numpunct_shim()
001466ec 00000070 t std::__facet_shims::(anonymous namespace)::money_get_shim<char>::~money_get_shim()
0014675c 00000070 t std::__facet_shims::(anonymous namespace)::money_put_shim<char>::~money_put_shim()
001467cc 00000070 t std::__facet_shims::(anonymous namespace)::money_get_shim<wchar_t>::~money_get_shim()
0014683c 00000070 t std::__facet_shims::(anonymous namespace)::money_put_shim<wchar_t>::~money_put_shim()
001468ac 00000070 t std::__facet_shims::(anonymous namespace)::time_get_shim<char>::~time_get_shim()
0014691c 00000070 t std::__facet_shims::(anonymous namespace)::time_get_shim<wchar_t>::~time_get_shim()
0014698c 00000070 t std::__facet_shims::(anonymous namespace)::collate_shim<char>::~collate_shim()
0014698c 00000070 t std::__facet_shims::(anonymous namespace)::collate_shim<char>::~collate_shim()
001469fc 00000070 t std::__facet_shims::(anonymous namespace)::collate_shim<wchar_t>::~collate_shim()
001469fc 00000070 t std::__facet_shims::(anonymous namespace)::collate_shim<wchar_t>::~collate_shim()
00146a6c 00000070 t std::__facet_shims::(anonymous namespace)::numpunct_shim<char>::~numpunct_shim()
00146adc 00000070 t std::__facet_shims::(anonymous namespace)::numpunct_shim<wchar_t>::~numpunct_shim()
00146b4c 00000078 t std::__facet_shims::(anonymous namespace)::collate_shim<char>::~collate_shim()
00146bc4 00000078 t std::__facet_shims::(anonymous namespace)::collate_shim<wchar_t>::~collate_shim()
00146c3c 00000074 t std::__facet_shims::(anonymous namespace)::moneypunct_shim<char, true>::~moneypunct_shim()
00146c3c 00000074 t std::__facet_shims::(anonymous namespace)::moneypunct_shim<char, true>::~moneypunct_shim()
00146cb0 00000074 t std::__facet_shims::(anonymous namespace)::moneypunct_shim<char, false>::~moneypunct_shim()
00146cb0 00000074 t std::__facet_shims::(anonymous namespace)::moneypunct_shim<char, false>::~moneypunct_shim()
00146d24 00000074 t std::__facet_shims::(anonymous namespace)::moneypunct_shim<wchar_t, true>::~moneypunct_shim()
00146d24 00000074 t std::__facet_shims::(anonymous namespace)::moneypunct_shim<wchar_t, true>::~moneypunct_shim()
00146d98 00000074 t std::__facet_shims::(anonymous namespace)::moneypunct_shim<wchar_t, false>::~moneypunct_shim()
00146d98 00000074 t std::__facet_shims::(anonymous namespace)::moneypunct_shim<wchar_t, false>::~moneypunct_shim()
00146e0c 0000007c t std::__facet_shims::(anonymous namespace)::moneypunct_shim<char, true>::~moneypunct_shim()
00146e88 0000007c t std::__facet_shims::(anonymous namespace)::moneypunct_shim<char, false>::~moneypunct_shim()
00146f04 0000007c t std::__facet_shims::(anonymous namespace)::moneypunct_shim<wchar_t, true>::~moneypunct_shim()
00146f80 0000007c t std::__facet_shims::(anonymous namespace)::moneypunct_shim<wchar_t, false>::~moneypunct_shim()
00146ffc 000001e0 t std::__facet_shims::(anonymous namespace)::money_get_shim<wchar_t>::do_get(std::istreambuf_iterator<wchar_t, std::char_traits<wchar_t> >, std::istreambuf_iterator<wchar_t, std::char_traits<wchar_t> >, bool, std::ios_base&, std::_Ios_Iostate&, std::__cxx11::basic_string<wchar_t, std::char_traits<wchar_t>, std::allocator<wchar_t> >&) const
001471dc 00000264 t std::__facet_shims::(anonymous namespace)::money_get_shim<char>::do_get(std::istreambuf_iterator<char, std::char_traits<char> >, std::istreambuf_iterator<char, std::char_traits<char> >, bool, std::ios_base&, std::_Ios_Iostate&, std::__cxx11::basic_string<char, std::char_traits<char>, std::allocator<char> >&) const
00147440 00000180 W void std::__facet_shims::__numpunct_fill_cache<char>(std::integral_constant<bool, true>, std::locale::facet const*, std::__numpunct_cache<char>*)
001475c0 000001a8 W void std::__facet_shims::__numpunct_fill_cache<wchar_t>(std::integral_constant<bool, true>, std::locale::facet const*, std::__numpunct_cache<wchar_t>*)
00147768 00000060 W int std::__facet_shims::__collate_compare<char>(std::integral_constant<bool, true>, std::locale::facet const*, char const*, char const*, char const*, char const*)
001477c8 00000060 W int std::__facet_shims::__collate_compare<wchar_t>(std::integral_constant<bool, true>, std::locale::facet const*, wchar_t const*, wchar_t const*, wchar_t const*, wchar_t const*)
00147828 00000144 W void std::__facet_shims::__collate_transform<char>(std::integral_constant<bool, true>, std::locale::facet const*, std::__facet_shims::__any_string&, char const*, char const*)
0014796c 00000144 W void std::__facet_shims::__collate_transform<wchar_t>(std::integral_constant<bool, true>, std::locale::facet const*, std::__facet_shims::__any_string&, wchar_t const*, wchar_t const*)
00147ab0 00000230 W void std::__facet_shims::__moneypunct_fill_cache<char, true>(std::integral_constant<bool, true>, std::locale::facet const*, std::__moneypunct_cache<char, true>*)
00147ce0 00000230 W void std::__facet_shims::__moneypunct_fill_cache<char, false>(std::integral_constant<bool, true>, std::locale::facet const*, std::__moneypunct_cache<char, false>*)
00147f10 00000268 W void std::__facet_shims::__moneypunct_fill_cache<wchar_t, true>(std::integral_constant<bool, true>, std::locale::facet const*, std::__moneypunct_cache<wchar_t, true>*)
00148178 00000268 W void std::__facet_shims::__moneypunct_fill_cache<wchar_t, false>(std::integral_constant<bool, true>, std::locale::facet const*, std::__moneypunct_cache<wchar_t, false>*)
001483e0 000000bc W int std::__facet_shims::__messages_open<char>(std::integral_constant<bool, true>, std::locale::facet const*, char const*, unsigned int, std::locale const&)
0014849c 000000bc W int std::__facet_shims::__messages_open<wchar_t>(std::integral_constant<bool, true>, std::locale::facet const*, char const*, unsigned int, std::locale const&)
00148558 000001d0 W void std::__facet_shims::__messages_get<char>(std::integral_constant<bool, true>, std::locale::facet const*, std::__facet_shims::__any_string&, int, int, int, char const*, unsigned int)
00148728 000001d0 W void std::__facet_shims::__messages_get<wchar_t>(std::integral_constant<bool, true>, std::locale::facet const*, std::__facet_shims::__any_string&, int, int, int, wchar_t const*, unsigned int)
001488f8 00000044 W void std::__facet_shims::__messages_close<char>(std::integral_constant<bool, true>, std::locale::facet const*, int)
0014893c 00000044 W void std::__facet_shims::__messages_close<wchar_t>(std::integral_constant<bool, true>, std::locale::facet const*, int)
00148980 0000002c W std::time_base::dateorder std::__facet_shims::__time_get_dateorder<char>(std::integral_constant<bool, true>, std::locale::facet const*)
001489ac 0000002c W std::time_base::dateorder std::__facet_shims::__time_get_dateorder<wchar_t>(std::integral_constant<bool, true>, std::locale::facet const*)
001489d8 0000023c W std::istreambuf_iterator<char, std::char_traits<char> > std::__facet_shims::__time_get<char>(std::integral_constant<bool, true>, std::locale::facet const*, std::istreambuf_iterator<char, std::char_traits<char> >, std::istreambuf_iterator<char, std::char_traits<char> >, std::ios_base&, std::_Ios_Iostate&, tm*, char)
00148c14 0000023c W std::istreambuf_iterator<wchar_t, std::char_traits<wchar_t> > std::__facet_shims::__time_get<wchar_t>(std::integral_constant<bool, true>, std::locale::facet const*, std::istreambuf_iterator<wchar_t, std::char_traits<wchar_t> >, std::istreambuf_iterator<wchar_t, std::char_traits<wchar_t> >, std::ios_base&, std::_Ios_Iostate&, tm*, char)
00148e50 00000210 W std::istreambuf_iterator<char, std::char_traits<char> > std::__facet_shims::__money_get<char>(std::integral_constant<bool, true>, std::locale::facet const*, std::istreambuf_iterator<char, std::char_traits<char> >, std::istreambuf_iterator<char, std::char_traits<char> >, bool, std::ios_base&, std::_Ios_Iostate&, long double*, std::__facet_shims::__any_string*)
00149060 0000020c W std::istreambuf_iterator<wchar_t, std::char_traits<wchar_t> > std::__facet_shims::__money_get<wchar_t>(std::integral_constant<bool, true>, std::locale::facet const*, std::istreambuf_iterator<wchar_t, std::char_traits<wchar_t> >, std::istreambuf_iterator<wchar_t, std::char_traits<wchar_t> >, bool, std::ios_base&, std::_Ios_Iostate&, long double*, std::__facet_shims::__any_string*)
00149270 0000026c W std::ostreambuf_iterator<char, std::char_traits<char> > std::__facet_shims::__money_put<char>(std::integral_constant<bool, true>, std::locale::facet const*, std::ostreambuf_iterator<char, std::char_traits<char> >, bool, std::ios_base&, char, long double, std::__facet_shims::__any_string const*)
001494e0 00000214 W std::ostreambuf_iterator<wchar_t, std::char_traits<wchar_t> > std::__facet_shims::__money_put<wchar_t>(std::integral_constant<bool, true>, std::locale::facet const*, std::ostreambuf_iterator<wchar_t, std::char_traits<wchar_t> >, bool, std::ios_base&, wchar_t, long double, std::__facet_shims::__any_string const*)
001496f4 00000a0c T std::locale::facet::_M_sso_shim(std::locale::id const*) const
0014a100 0000000c W std::__cxx11::moneypunct<wchar_t, false>::do_decimal_point() const
0014a10c 0000000c W std::__cxx11::moneypunct<wchar_t, false>::do_thousands_sep() const
0014a118 0000000c W std::__cxx11::moneypunct<wchar_t, false>::do_frac_digits() const
0014a124 00000014 W std::__cxx11::moneypunct<wchar_t, false>::do_pos_format() const
0014a138 00000014 W std::__cxx11::moneypunct<wchar_t, false>::do_neg_format() const
0014a14c 0000000c W std::__cxx11::moneypunct<wchar_t, true>::do_decimal_point() const
0014a158 0000000c W std::__cxx11::moneypunct<wchar_t, true>::do_thousands_sep() const
0014a164 0000000c W std::__cxx11::moneypunct<wchar_t, true>::do_frac_digits() const
0014a170 00000014 W std::__cxx11::moneypunct<wchar_t, true>::do_pos_format() const
0014a184 00000014 W std::__cxx11::moneypunct<wchar_t, true>::do_neg_format() const
0014a198 0000000c W std::__cxx11::numpunct<wchar_t>::do_decimal_point() const
0014a1a4 0000000c W std::__cxx11::numpunct<wchar_t>::do_thousands_sep() const
0014a1b0 00000008 W std::__cxx11::time_get<wchar_t, std::istreambuf_iterator<wchar_t, std::char_traits<wchar_t> > >::do_date_order() const
0014a1b8 00000008 W std::__cxx11::messages<wchar_t>::do_open(std::__cxx11::basic_string<char, std::char_traits<char>, std::allocator<char> > const&, std::locale const&) const
0014a1c0 00000004 W std::__cxx11::messages<wchar_t>::do_close(int) const
0014a1c4 00000020 W std::__cxx11::collate<wchar_t>::do_hash(wchar_t const*, wchar_t const*) const
0014a1e4 00000020 W std::__cxx11::money_get<wchar_t, std::istreambuf_iterator<wchar_t, std::char_traits<wchar_t> > >::~money_get()
0014a1e4 00000020 W std::__cxx11::money_get<wchar_t, std::istreambuf_iterator<wchar_t, std::char_traits<wchar_t> > >::~money_get()
0014a204 00000028 W std::__cxx11::money_get<wchar_t, std::istreambuf_iterator<wchar_t, std::char_traits<wchar_t> > >::~money_get()
0014a22c 00000020 W std::__cxx11::money_put<wchar_t, std::ostreambuf_iterator<wchar_t, std::char_traits<wchar_t> > >::~money_put()
0014a22c 00000020 W std::__cxx11::money_put<wchar_t, std::ostreambuf_iterator<wchar_t, std::char_traits<wchar_t> > >::~money_put()
0014a24c 00000028 W std::__cxx11::money_put<wchar_t, std::ostreambuf_iterator<wchar_t, std::char_traits<wchar_t> > >::~money_put()
0014a274 00000020 W std::__cxx11::time_get<wchar_t, std::istreambuf_iterator<wchar_t, std::char_traits<wchar_t> > >::~time_get()
0014a274 00000020 W std::__cxx11::time_get<wchar_t, std::istreambuf_iterator<wchar_t, std::char_traits<wchar_t> > >::~time_get()
0014a294 00000028 W std::__cxx11::time_get<wchar_t, std::istreambuf_iterator<wchar_t, std::char_traits<wchar_t> > >::~time_get()
0014a2bc 00000028 W std::__cxx11::messages<wchar_t>::~messages()
0014a2bc 00000028 W std::__cxx11::messages<wchar_t>::~messages()
0014a2e4 0000001c W std::__cxx11::messages<wchar_t>::~messages()
0014a300 00000028 W std::__cxx11::collate<wchar_t>::~collate()
0014a300 00000028 W std::__cxx11::collate<wchar_t>::~collate()
0014a328 00000098 t void std::__cxx11::basic_string<wchar_t, std::char_traits<wchar_t>, std::allocator<wchar_t> >::_M_construct<wchar_t const*>(wchar_t const*, wchar_t const*, std::forward_iterator_tag) [clone .isra.0]
0014a3c0 00000030 W std::__cxx11::collate<wchar_t>::~collate()
0014a3f0 000000c0 W std::__cxx11::moneypunct<wchar_t, false>::do_grouping() const
0014a4b0 000000c0 W std::__cxx11::moneypunct<wchar_t, true>::do_grouping() const
0014a570 000000c0 W std::__cxx11::numpunct<wchar_t>::do_grouping() const
0014a630 00000058 W std::__cxx11::moneypunct<wchar_t, false>::do_curr_symbol() const
0014a688 00000058 W std::__cxx11::moneypunct<wchar_t, false>::do_positive_sign() const
0014a6e0 00000058 W std::__cxx11::moneypunct<wchar_t, false>::do_negative_sign() const
0014a738 00000058 W std::__cxx11::moneypunct<wchar_t, true>::do_curr_symbol() const
0014a790 00000058 W std::__cxx11::moneypunct<wchar_t, true>::do_positive_sign() const
0014a7e8 00000058 W std::__cxx11::moneypunct<wchar_t, true>::do_negative_sign() const
0014a840 00000058 W std::__cxx11::numpunct<wchar_t>::do_truename() const
0014a898 00000058 W std::__cxx11::numpunct<wchar_t>::do_falsename() const
0014a8f0 000000f8 W std::__cxx11::collate<wchar_t>::do_compare(wchar_t const*, wchar_t const*, wchar_t const*, wchar_t const*) const
0014a9e8 000002dc W std::__cxx11::collate<wchar_t>::do_transform(wchar_t const*, wchar_t const*) const
0014acc4 000000d4 W std::__convert_from_v(int* const&, char*, int, char const*, ...)
0014ad98 000012e4 W std::istreambuf_iterator<wchar_t, std::char_traits<wchar_t> > std::__cxx11::money_get<wchar_t, std::istreambuf_iterator<wchar_t, std::char_traits<wchar_t> > >::_M_extract<true>(std::istreambuf_iterator<wchar_t, std::char_traits<wchar_t> >, std::istreambuf_iterator<wchar_t, std::char_traits<wchar_t> >, std::ios_base&, std::_Ios_Iostate&, std::__cxx11::basic_string<char, std::char_traits<char>, std::allocator<char> >&) const
0014c07c 000012e4 W std::istreambuf_iterator<wchar_t, std::char_traits<wchar_t> > std::__cxx11::money_get<wchar_t, std::istreambuf_iterator<wchar_t, std::char_traits<wchar_t> > >::_M_extract<false>(std::istreambuf_iterator<wchar_t, std::char_traits<wchar_t> >, std::istreambuf_iterator<wchar_t, std::char_traits<wchar_t> >, std::ios_base&, std::_Ios_Iostate&, std::__cxx11::basic_string<char, std::char_traits<char>, std::allocator<char> >&) const
0014d360 000000cc W std::__cxx11::money_get<wchar_t, std::istreambuf_iterator<wchar_t, std::char_traits<wchar_t> > >::do_get(std::istreambuf_iterator<wchar_t, std::char_traits<wchar_t> >, std::istreambuf_iterator<wchar_t, std::char_traits<wchar_t> >, bool, std::ios_base&, std::_Ios_Iostate&, long double&) const
0014d42c 0000013c W std::__cxx11::money_get<wchar_t, std::istreambuf_iterator<wchar_t, std::char_traits<wchar_t> > >::do_get(std::istreambuf_iterator<wchar_t, std::char_traits<wchar_t> >, std::istreambuf_iterator<wchar_t, std::char_traits<wchar_t> >, bool, std::ios_base&, std::_Ios_Iostate&, std::__cxx11::basic_string<wchar_t, std::char_traits<wchar_t>, std::allocator<wchar_t> >&) const
0014d568 00000740 W std::ostreambuf_iterator<wchar_t, std::char_traits<wchar_t> > std::__cxx11::money_put<wchar_t, std::ostreambuf_iterator<wchar_t, std::char_traits<wchar_t> > >::_M_insert<true>(std::ostreambuf_iterator<wchar_t, std::char_traits<wchar_t> >, std::ios_base&, wchar_t, std::__cxx11::basic_string<wchar_t, std::char_traits<wchar_t>, std::allocator<wchar_t> > const&) const
0014dca8 00000740 W std::ostreambuf_iterator<wchar_t, std::char_traits<wchar_t> > std::__cxx11::money_put<wchar_t, std::ostreambuf_iterator<wchar_t, std::char_traits<wchar_t> > >::_M_insert<false>(std::ostreambuf_iterator<wchar_t, std::char_traits<wchar_t> >, std::ios_base&, wchar_t, std::__cxx11::basic_string<wchar_t, std::char_traits<wchar_t>, std::allocator<wchar_t> > const&) const
0014e3e8 00000188 W std::__cxx11::money_put<wchar_t, std::ostreambuf_iterator<wchar_t, std::char_traits<wchar_t> > >::do_put(std::ostreambuf_iterator<wchar_t, std::char_traits<wchar_t> >, bool, std::ios_base&, wchar_t, long double) const
0014e570 00000054 W std::__cxx11::money_put<wchar_t, std::ostreambuf_iterator<wchar_t, std::char_traits<wchar_t> > >::do_put(std::ostreambuf_iterator<wchar_t, std::char_traits<wchar_t> >, bool, std::ios_base&, wchar_t, std::__cxx11::basic_string<wchar_t, std::char_traits<wchar_t>, std::allocator<wchar_t> > const&) const
0014e5c4 0000026c W std::__cxx11::time_get<wchar_t, std::istreambuf_iterator<wchar_t, std::char_traits<wchar_t> > >::_M_extract_num(std::istreambuf_iterator<wchar_t, std::char_traits<wchar_t> >, std::istreambuf_iterator<wchar_t, std::char_traits<wchar_t> >, int&, int, int, unsigned int, std::ios_base&, std::_Ios_Iostate&) const
0014e830 00000680 W std::__cxx11::time_get<wchar_t, std::istreambuf_iterator<wchar_t, std::char_traits<wchar_t> > >::do_get_year(std::istreambuf_iterator<wchar_t, std::char_traits<wchar_t> >, std::istreambuf_iterator<wchar_t, std::char_traits<wchar_t> >, std::ios_base&, std::_Ios_Iostate&, tm*) const
0014eeb0 00000dac W std::__cxx11::time_get<wchar_t, std::istreambuf_iterator<wchar_t, std::char_traits<wchar_t> > >::_M_extract_name(std::istreambuf_iterator<wchar_t, std::char_traits<wchar_t> >, std::istreambuf_iterator<wchar_t, std::char_traits<wchar_t> >, int&, wchar_t const**, unsigned int, std::ios_base&, std::_Ios_Iostate&) const
0014fc5c 00000698 W std::__cxx11::time_get<wchar_t, std::istreambuf_iterator<wchar_t, std::char_traits<wchar_t> > >::_M_extract_wday_or_month(std::istreambuf_iterator<wchar_t, std::char_traits<wchar_t> >, std::istreambuf_iterator<wchar_t, std::char_traits<wchar_t> >, int&, wchar_t const**, unsigned int, std::ios_base&, std::_Ios_Iostate&) const
001502f4 00000258 W std::__cxx11::time_get<wchar_t, std::istreambuf_iterator<wchar_t, std::char_traits<wchar_t> > >::do_get_weekday(std::istreambuf_iterator<wchar_t, std::char_traits<wchar_t> >, std::istreambuf_iterator<wchar_t, std::char_traits<wchar_t> >, std::ios_base&, std::_Ios_Iostate&, tm*) const
0015054c 000002d0 W std::__cxx11::time_get<wchar_t, std::istreambuf_iterator<wchar_t, std::char_traits<wchar_t> > >::do_get_monthname(std::istreambuf_iterator<wchar_t, std::char_traits<wchar_t> >, std::istreambuf_iterator<wchar_t, std::char_traits<wchar_t> >, std::ios_base&, std::_Ios_Iostate&, tm*) const
0015081c 00001f6c W std::__cxx11::time_get<wchar_t, std::istreambuf_iterator<wchar_t, std::char_traits<wchar_t> > >::_M_extract_via_format(std::istreambuf_iterator<wchar_t, std::char_traits<wchar_t> >, std::istreambuf_iterator<wchar_t, std::char_traits<wchar_t> >, std::ios_base&, std::_Ios_Iostate&, tm*, wchar_t const*, std::__time_get_state&) const
0015081c 00001f6c t std::__cxx11::time_get<wchar_t, std::istreambuf_iterator<wchar_t, std::char_traits<wchar_t> > >::_M_extract_via_format(std::istreambuf_iterator<wchar_t, std::char_traits<wchar_t> >, std::istreambuf_iterator<wchar_t, std::char_traits<wchar_t> >, std::ios_base&, std::_Ios_Iostate&, tm*, wchar_t const*, std::__time_get_state&) const [clone .localalias]
00152788 000001d0 W std::__cxx11::time_get<wchar_t, std::istreambuf_iterator<wchar_t, std::char_traits<wchar_t> > >::do_get_time(std::istreambuf_iterator<wchar_t, std::char_traits<wchar_t> >, std::istreambuf_iterator<wchar_t, std::char_traits<wchar_t> >, std::ios_base&, std::_Ios_Iostate&, tm*) const
00152958 000001d0 W std::__cxx11::time_get<wchar_t, std::istreambuf_iterator<wchar_t, std::char_traits<wchar_t> > >::do_get_date(std::istreambuf_iterator<wchar_t, std::char_traits<wchar_t> >, std::istreambuf_iterator<wchar_t, std::char_traits<wchar_t> >, std::ios_base&, std::_Ios_Iostate&, tm*) const
00152b28 000001d0 W std::__cxx11::time_get<wchar_t, std::istreambuf_iterator<wchar_t, std::char_traits<wchar_t> > >::do_get(std::istreambuf_iterator<wchar_t, std::char_traits<wchar_t> >, std::istreambuf_iterator<wchar_t, std::char_traits<wchar_t> >, std::ios_base&, std::_Ios_Iostate&, tm*, char, char) const
00152cf8 0000003c W std::__cxx11::messages<wchar_t>::messages(unsigned int)
00152cf8 0000003c W std::__cxx11::messages<wchar_t>::messages(unsigned int)
00152d34 000000a4 t _GLOBAL__sub_I__ZNSt12ctype_bynameIwEC2ERKNSt7__cxx1112basic_stringIcSt11char_traitsIcESaIcEEEj
00152dd8 00000040 W std::basic_filebuf<char, std::char_traits<char> >::sync()
00152e18 00000058 W std::basic_filebuf<char, std::char_traits<char> >::setbuf(char*, int)
00152e70 00000094 W std::basic_filebuf<char, std::char_traits<char> >::showmanyc()
00152f04 00000158 W std::basic_filebuf<char, std::char_traits<char> >::pbackfail(int)
0015305c 000004c0 W std::basic_filebuf<char, std::char_traits<char> >::underflow()
0015351c 00000134 W std::basic_filebuf<char, std::char_traits<char> >::xsputn(char const*, int)
00153650 00000210 W std::basic_filebuf<char, std::char_traits<char> >::xsgetn(char*, int)
00153860 000000d4 W std::basic_filebuf<char, std::char_traits<char> >::basic_filebuf()
00153860 000000d4 W std::basic_filebuf<char, std::char_traits<char> >::basic_filebuf()
00153934 00000048 W std::basic_filebuf<char, std::char_traits<char> >::_M_allocate_internal_buffer()
0015397c 00000070 W std::basic_filebuf<char, std::char_traits<char> >::_M_destroy_internal_buffer()
001539ec 0000016c W std::basic_filebuf<char, std::char_traits<char> >::_M_convert_to_external(char*, int)
00153b58 00000080 W std::basic_filebuf<char, std::char_traits<char> >::_M_get_ext_pos(_mbstate_t&)
00153bd8 00000110 W std::basic_filebuf<char, std::char_traits<char> >::_M_terminate_output()
00153ce8 000000c0 W std::basic_filebuf<char, std::char_traits<char> >::_M_seek(long long, std::_Ios_Seekdir, _mbstate_t)
00153da8 00000224 W std::basic_filebuf<char, std::char_traits<char> >::overflow(int)
00153fcc 00000234 W std::basic_filebuf<char, std::char_traits<char> >::seekoff(long long, std::_Ios_Seekdir, std::_Ios_Openmode)
00154200 000000b4 W std::basic_filebuf<char, std::char_traits<char> >::seekpos(std::fpos<_mbstate_t>, std::_Ios_Openmode)
001542b4 00000210 W std::basic_filebuf<char, std::char_traits<char> >::imbue(std::locale const&)
001542df N 
001542df N 
001542df N 
001542df N 
001542df N 
001542df N 
001542df N 
001542df N 
001542df N 
001542df N 
001542df N 
001542df N 
001542df N 
001542df N 
001542df N 
001542df N 
001542df N 
001542df N 
001542df N 
001542df N 
001542df N 
001542df N 
001542df N 
001542df N 
001542df N 
001542df N 
001542df N 
001542df N 
001542df N 
001542df N 
001542df N 
001542df N 
001542df W KoreanBFFCMemoryRule.cpp.563adef9
001544c4 00000064 W std::basic_filebuf<char, std::char_traits<char> >::close()::__close_sentry::~__close_sentry()
001544c4 00000064 W std::basic_filebuf<char, std::char_traits<char> >::close()::__close_sentry::~__close_sentry()
00154528 000000c0 W std::basic_filebuf<char, std::char_traits<char> >::close()
001545e8 00000048 W std::basic_filebuf<char, std::char_traits<char> >::~basic_filebuf()
001545e8 00000048 W std::basic_filebuf<char, std::char_traits<char> >::~basic_filebuf()
00154630 000000e4 W std::basic_filebuf<char, std::char_traits<char> >::open(char const*, std::_Ios_Openmode)
00154714 00000050 W std::basic_filebuf<char, std::char_traits<char> >::~basic_filebuf()
00154764 0000007c W std::basic_ofstream<char, std::char_traits<char> >::~basic_ofstream()
001547e0 0000008c W virtual thunk to std::basic_ofstream<char, std::char_traits<char> >::~basic_ofstream()
0015486c 00000084 W std::basic_ofstream<char, std::char_traits<char> >::~basic_ofstream()
001548f0 00000094 W virtual thunk to std::basic_ofstream<char, std::char_traits<char> >::~basic_ofstream()
00154984 00000080 W std::basic_ifstream<char, std::char_traits<char> >::~basic_ifstream()
00154a04 00000094 W virtual thunk to std::basic_ifstream<char, std::char_traits<char> >::~basic_ifstream()
00154a98 00000088 W std::basic_ifstream<char, std::char_traits<char> >::~basic_ifstream()
00154b20 0000009c W virtual thunk to std::basic_ifstream<char, std::char_traits<char> >::~basic_ifstream()
00154bbc 0000002c T std::__throw_bad_cast()
00154be8 00000040 T std::__throw_logic_error(char const*)
00154c28 00000040 T std::__throw_length_error(char const*)
00154c68 00000040 T std::__throw_out_of_range(char const*)
00154ca8 00000010 T std::__throw_out_of_range_fmt(char const*, ...)
00154cb8 00000040 T std::__throw_runtime_error(char const*)
00154cf8 00000008 W std::ctype<char>::do_widen(char) const
00154d00 00000008 W std::ctype<char>::do_narrow(char, char) const
00154d08 00000020 W std::basic_ios<char, std::char_traits<char> >::~basic_ios()
00154d08 00000020 W std::basic_ios<char, std::char_traits<char> >::~basic_ios()
00154d28 00000028 W std::basic_ios<char, std::char_traits<char> >::~basic_ios()
00154d50 0000002c W std::basic_ios<char, std::char_traits<char> >::clear(std::_Ios_Iostate)
00154d7c 0000001c W std::basic_ios<char, std::char_traits<char> >::_M_setstate(std::_Ios_Iostate)
00154d98 0000006c W std::basic_ios<char, std::char_traits<char> >::_M_cache_locale(std::locale const&)
00154e04 000000a0 W std::basic_ios<char, std::char_traits<char> >::init(std::basic_streambuf<char, std::char_traits<char> >*)
00154ea4 0000006c T std::ios_base::ios_base()
00154ea4 0000006c T std::ios_base::ios_base()
00154f10 00000058 T std::ios_base::_M_call_callbacks(std::ios_base::event)
00154f68 000000a4 T std::ios_base::~ios_base()
00154f68 000000a4 T std::ios_base::~ios_base()
0015500c 0000001c T std::ios_base::~ios_base()
00155028 00000204 W std::istream::sentry::sentry(std::istream&, bool)
00155028 00000204 W std::istream::sentry::sentry(std::istream&, bool)
0015522c 000000f0 W std::istream::read(char*, int)
00155320 000000f8 W std::istream::tellg()
00155418 00000120 W std::istream::seekg(long long, std::_Ios_Seekdir)
00155538 0000000c W std::moneypunct<char, false>::do_decimal_point() const
00155544 0000000c W std::moneypunct<char, false>::do_thousands_sep() const
00155550 0000000c W std::moneypunct<char, false>::do_frac_digits() const
0015555c 00000014 W std::moneypunct<char, false>::do_pos_format() const
00155570 00000014 W std::moneypunct<char, false>::do_neg_format() const
00155584 0000000c W std::moneypunct<char, true>::do_decimal_point() const
00155590 0000000c W std::moneypunct<char, true>::do_thousands_sep() const
0015559c 0000000c W std::moneypunct<char, true>::do_frac_digits() const
001555a8 00000014 W std::moneypunct<char, true>::do_pos_format() const
001555bc 00000014 W std::moneypunct<char, true>::do_neg_format() const
001555d0 0000000c W std::numpunct<char>::do_decimal_point() const
001555dc 0000000c W std::numpunct<char>::do_thousands_sep() const
001555e8 00000008 W std::time_get<char, std::istreambuf_iterator<char, std::char_traits<char> > >::do_date_order() const
001555f0 00000008 W std::messages<char>::do_open(std::string const&, std::locale const&) const
001555f8 00000004 W std::messages<char>::do_close(int) const
001555fc 00000020 W std::collate<char>::do_hash(char const*, char const*) const
0015561c 00000020 W std::num_get<char, std::istreambuf_iterator<char, std::char_traits<char> > >::~num_get()
0015561c 00000020 W std::num_get<char, std::istreambuf_iterator<char, std::char_traits<char> > >::~num_get()
0015563c 00000020 W std::num_put<char, std::ostreambuf_iterator<char, std::char_traits<char> > >::~num_put()
0015563c 00000020 W std::num_put<char, std::ostreambuf_iterator<char, std::char_traits<char> > >::~num_put()
0015565c 00000020 W std::money_get<char, std::istreambuf_iterator<char, std::char_traits<char> > >::~money_get()
0015565c 00000020 W std::money_get<char, std::istreambuf_iterator<char, std::char_traits<char> > >::~money_get()
0015567c 00000020 W std::money_put<char, std::ostreambuf_iterator<char, std::char_traits<char> > >::~money_put()
0015567c 00000020 W std::money_put<char, std::ostreambuf_iterator<char, std::char_traits<char> > >::~money_put()
0015569c 00000020 W std::__timepunct_cache<char>::~__timepunct_cache()
0015569c 00000020 W std::__timepunct_cache<char>::~__timepunct_cache()
001556bc 00000020 W std::time_put<char, std::ostreambuf_iterator<char, std::char_traits<char> > >::~time_put()
001556bc 00000020 W std::time_put<char, std::ostreambuf_iterator<char, std::char_traits<char> > >::~time_put()
001556dc 00000020 W std::time_get<char, std::istreambuf_iterator<char, std::char_traits<char> > >::~time_get()
001556dc 00000020 W std::time_get<char, std::istreambuf_iterator<char, std::char_traits<char> > >::~time_get()
001556fc 00000028 W std::num_get<char, std::istreambuf_iterator<char, std::char_traits<char> > >::~num_get()
00155724 00000028 W std::num_put<char, std::ostreambuf_iterator<char, std::char_traits<char> > >::~num_put()
0015574c 00000028 W std::money_get<char, std::istreambuf_iterator<char, std::char_traits<char> > >::~money_get()
00155774 00000028 W std::money_put<char, std::ostreambuf_iterator<char, std::char_traits<char> > >::~money_put()
0015579c 0000001c W std::__timepunct_cache<char>::~__timepunct_cache()
001557b8 00000028 W std::time_put<char, std::ostreambuf_iterator<char, std::char_traits<char> > >::~time_put()
001557e0 00000028 W std::time_get<char, std::istreambuf_iterator<char, std::char_traits<char> > >::~time_get()
00155808 00000024 W std::ctype<char>::do_widen(char const*, char const*, char*) const
0015582c 00000070 W std::__moneypunct_cache<char, false>::~__moneypunct_cache()
0015582c 00000070 W std::__moneypunct_cache<char, false>::~__moneypunct_cache()
0015589c 0000001c W std::__moneypunct_cache<char, false>::~__moneypunct_cache()
001558b8 00000070 W std::__moneypunct_cache<char, true>::~__moneypunct_cache()
001558b8 00000070 W std::__moneypunct_cache<char, true>::~__moneypunct_cache()
00155928 0000001c W std::__moneypunct_cache<char, true>::~__moneypunct_cache()
00155944 00000060 W std::__numpunct_cache<char>::~__numpunct_cache()
00155944 00000060 W std::__numpunct_cache<char>::~__numpunct_cache()
001559a4 0000001c W std::__numpunct_cache<char>::~__numpunct_cache()
001559c0 00000028 W std::messages<char>::~messages()
001559c0 00000028 W std::messages<char>::~messages()
001559e8 0000001c W std::messages<char>::~messages()
00155a04 00000028 W std::collate<char>::~collate()
00155a04 00000028 W std::collate<char>::~collate()
00155a2c 00000060 W std::__timepunct<char>::~__timepunct()
00155a2c 00000060 W std::__timepunct<char>::~__timepunct()
00155a8c 0000001c W std::__timepunct<char>::~__timepunct()
00155aa8 00000028 t std::basic_streambuf<char, std::char_traits<char> >::sbumpc() [clone .isra.0]
00155ad0 0000004c t std::ctype<char>::widen(char) const [clone .part.0]
00155b1c 0000009c t std::ctype<char>::widen(char const*, char const*, char*) const [clone .isra.0]
00155bb8 000000b8 t char* std::string::_S_construct<char const*>(char const*, char const*, std::allocator<char> const&, std::forward_iterator_tag) [clone .isra.0]
00155c70 00000058 t std::basic_string<char, std::char_traits<char>, std::allocator<char> >::~basic_string() [clone .isra.0]
00155cc8 00000030 W std::collate<char>::~collate()
00155cf8 00000160 W std::time_put<char, std::ostreambuf_iterator<char, std::char_traits<char> > >::do_put(std::ostreambuf_iterator<char, std::char_traits<char> >, std::ios_base&, char, tm const*, char, char) const
00155e58 000000cc W std::moneypunct<char, false>::do_grouping() const
00155f24 000000cc W std::moneypunct<char, false>::do_curr_symbol() const
00155ff0 000000cc W std::moneypunct<char, false>::do_positive_sign() const
001560bc 000000cc W std::moneypunct<char, false>::do_negative_sign() const
00156188 000000cc W std::moneypunct<char, true>::do_grouping() const
00156254 000000cc W std::moneypunct<char, true>::do_curr_symbol() const
00156320 000000cc W std::moneypunct<char, true>::do_positive_sign() const
001563ec 000000cc W std::moneypunct<char, true>::do_negative_sign() const
001564b8 000000cc W std::numpunct<char>::do_grouping() const
00156584 000000cc W std::numpunct<char>::do_truename() const
00156650 000000cc W std::numpunct<char>::do_falsename() const
0015671c 00000168 W std::collate<char>::do_compare(char const*, char const*, char const*, char const*) const
00156884 000002c4 W std::collate<char>::do_transform(char const*, char const*) const
00156b48 00000068 W std::ctype<char>::narrow(char, char) const
00156bb0 00000738 W std::__moneypunct_cache<char, false>::_M_cache(std::locale const&)
001572e8 00000738 W std::__moneypunct_cache<char, true>::_M_cache(std::locale const&)
00157a20 0000058c W std::__numpunct_cache<char>::_M_cache(std::locale const&)
00157fac 000000b4 t std::__use_cache<std::__numpunct_cache<char> >::operator()(std::locale const&) const [clone .isra.0]
00158060 0000004c W std::__timepunct<char>::__timepunct(std::__timepunct_cache<char>*, unsigned int)
00158060 0000004c W std::__timepunct<char>::__timepunct(std::__timepunct_cache<char>*, unsigned int)
001580ac 000002b4 W std::time_get<char, std::istreambuf_iterator<char, std::char_traits<char> > >::_M_extract_num(std::istreambuf_iterator<char, std::char_traits<char> >, std::istreambuf_iterator<char, std::char_traits<char> >, int&, int, int, unsigned int, std::ios_base&, std::_Ios_Iostate&) const
00158360 0000003c W std::messages<char>::messages(unsigned int)
00158360 0000003c W std::messages<char>::messages(unsigned int)
0015839c 00000178 W char* std::__add_grouping<char>(char*, char, char const*, unsigned int, char const*, char const*)
00158514 000000ac W std::num_put<char, std::ostreambuf_iterator<char, std::char_traits<char> > >::_M_group_float(char const*, unsigned int, char, char const*, char*, char*, int&) const
001585c0 00000050 W std::num_put<char, std::ostreambuf_iterator<char, std::char_traits<char> > >::_M_group_int(char const*, unsigned int, char, std::ios_base&, char*, char*, int&) const
00158610 0000055c W std::ostreambuf_iterator<char, std::char_traits<char> > std::money_put<char, std::ostreambuf_iterator<char, std::char_traits<char> > >::_M_insert<true>(std::ostreambuf_iterator<char, std::char_traits<char> >, std::ios_base&, char, std::string const&) const
00158b6c 0000055c W std::ostreambuf_iterator<char, std::char_traits<char> > std::money_put<char, std::ostreambuf_iterator<char, std::char_traits<char> > >::_M_insert<false>(std::ostreambuf_iterator<char, std::char_traits<char> >, std::ios_base&, char, std::string const&) const
001590c8 0000023c W std::money_put<char, std::ostreambuf_iterator<char, std::char_traits<char> > >::do_put(std::ostreambuf_iterator<char, std::char_traits<char> >, bool, std::ios_base&, char, long double) const
00159304 00000054 W std::money_put<char, std::ostreambuf_iterator<char, std::char_traits<char> > >::do_put(std::ostreambuf_iterator<char, std::char_traits<char> >, bool, std::ios_base&, char, std::string const&) const
00159358 00000308 W std::__pad<char, std::char_traits<char> >::_S_pad(std::ios_base&, char, char*, char const*, int, int)
00159660 00000034 W std::num_put<char, std::ostreambuf_iterator<char, std::char_traits<char> > >::_M_pad(char, int, std::ios_base&, char*, char const*, int&) const
00159694 000003ec W std::ostreambuf_iterator<char, std::char_traits<char> > std::num_put<char, std::ostreambuf_iterator<char, std::char_traits<char> > >::_M_insert_float<double>(std::ostreambuf_iterator<char, std::char_traits<char> >, std::ios_base&, char, char, double) const
00159a80 0000003c W std::num_put<char, std::ostreambuf_iterator<char, std::char_traits<char> > >::do_put(std::ostreambuf_iterator<char, std::char_traits<char> >, std::ios_base&, char, double) const
00159abc 000003ec W std::ostreambuf_iterator<char, std::char_traits<char> > std::num_put<char, std::ostreambuf_iterator<char, std::char_traits<char> > >::_M_insert_float<long double>(std::ostreambuf_iterator<char, std::char_traits<char> >, std::ios_base&, char, char, long double) const
00159ea8 0000003c W std::num_put<char, std::ostreambuf_iterator<char, std::char_traits<char> > >::do_put(std::ostreambuf_iterator<char, std::char_traits<char> >, std::ios_base&, char, long double) const
00159ee4 000000ac W int std::__int_to_char<char, unsigned long>(char*, unsigned long, char const*, std::_Ios_Fmtflags, bool)
00159f90 00000240 W std::ostreambuf_iterator<char, std::char_traits<char> > std::num_put<char, std::ostreambuf_iterator<char, std::char_traits<char> > >::_M_insert_int<long>(std::ostreambuf_iterator<char, std::char_traits<char> >, std::ios_base&, char, long) const
0015a1d0 0000003c W std::num_put<char, std::ostreambuf_iterator<char, std::char_traits<char> > >::do_put(std::ostreambuf_iterator<char, std::char_traits<char> >, std::ios_base&, char, long) const
0015a20c 000001b0 W std::num_put<char, std::ostreambuf_iterator<char, std::char_traits<char> > >::do_put(std::ostreambuf_iterator<char, std::char_traits<char> >, std::ios_base&, char, bool) const
0015a3bc 000001dc W std::ostreambuf_iterator<char, std::char_traits<char> > std::num_put<char, std::ostreambuf_iterator<char, std::char_traits<char> > >::_M_insert_int<unsigned long>(std::ostreambuf_iterator<char, std::char_traits<char> >, std::ios_base&, char, unsigned long) const
0015a598 0000003c W std::num_put<char, std::ostreambuf_iterator<char, std::char_traits<char> > >::do_put(std::ostreambuf_iterator<char, std::char_traits<char> >, std::ios_base&, char, unsigned long) const
0015a5d4 0000006c W std::num_put<char, std::ostreambuf_iterator<char, std::char_traits<char> > >::do_put(std::ostreambuf_iterator<char, std::char_traits<char> >, std::ios_base&, char, void const*) const
0015a640 00000114 W int std::__int_to_char<char, unsigned long long>(char*, unsigned long long, char const*, std::_Ios_Fmtflags, bool)
0015a754 00000260 W std::ostreambuf_iterator<char, std::char_traits<char> > std::num_put<char, std::ostreambuf_iterator<char, std::char_traits<char> > >::_M_insert_int<long long>(std::ostreambuf_iterator<char, std::char_traits<char> >, std::ios_base&, char, long long) const
0015a9b4 0000003c W std::num_put<char, std::ostreambuf_iterator<char, std::char_traits<char> > >::do_put(std::ostreambuf_iterator<char, std::char_traits<char> >, std::ios_base&, char, long long) const
0015a9f0 000001fc W std::ostreambuf_iterator<char, std::char_traits<char> > std::num_put<char, std::ostreambuf_iterator<char, std::char_traits<char> > >::_M_insert_int<unsigned long long>(std::ostreambuf_iterator<char, std::char_traits<char> >, std::ios_base&, char, unsigned long long) const
0015abec 0000003c W std::num_put<char, std::ostreambuf_iterator<char, std::char_traits<char> > >::do_put(std::ostreambuf_iterator<char, std::char_traits<char> >, std::ios_base&, char, unsigned long long) const
0015ac28 00000100 W std::istreambuf_iterator<char, std::char_traits<char> >::equal(std::istreambuf_iterator<char, std::char_traits<char> > const&) const
0015ad28 00000068 W std::istreambuf_iterator<char, std::char_traits<char> >::_M_get() const
0015ad90 00000c54 W std::num_get<char, std::istreambuf_iterator<char, std::char_traits<char> > >::_M_extract_float(std::istreambuf_iterator<char, std::char_traits<char> >, std::istreambuf_iterator<char, std::char_traits<char> >, std::ios_base&, std::_Ios_Iostate&, std::string&) const
0015b9e4 000001c8 W std::num_get<char, std::istreambuf_iterator<char, std::char_traits<char> > >::do_get(std::istreambuf_iterator<char, std::char_traits<char> >, std::istreambuf_iterator<char, std::char_traits<char> >, std::ios_base&, std::_Ios_Iostate&, float&) const
0015bbac 000001c8 W std::num_get<char, std::istreambuf_iterator<char, std::char_traits<char> > >::do_get(std::istreambuf_iterator<char, std::char_traits<char> >, std::istreambuf_iterator<char, std::char_traits<char> >, std::ios_base&, std::_Ios_Iostate&, double&) const
0015bd74 000001c8 W std::num_get<char, std::istreambuf_iterator<char, std::char_traits<char> > >::do_get(std::istreambuf_iterator<char, std::char_traits<char> >, std::istreambuf_iterator<char, std::char_traits<char> >, std::ios_base&, std::_Ios_Iostate&, long double&) const
0015bf3c 00000968 W std::istreambuf_iterator<char, std::char_traits<char> > std::num_get<char, std::istreambuf_iterator<char, std::char_traits<char> > >::_M_extract_int<long>(std::istreambuf_iterator<char, std::char_traits<char> >, std::istreambuf_iterator<char, std::char_traits<char> >, std::ios_base&, std::_Ios_Iostate&, long&) const
0015c8a4 00000510 W std::num_get<char, std::istreambuf_iterator<char, std::char_traits<char> > >::do_get(std::istreambuf_iterator<char, std::char_traits<char> >, std::istreambuf_iterator<char, std::char_traits<char> >, std::ios_base&, std::_Ios_Iostate&, bool&) const
0015cdb4 00000048 W std::num_get<char, std::istreambuf_iterator<char, std::char_traits<char> > >::do_get(std::istreambuf_iterator<char, std::char_traits<char> >, std::istreambuf_iterator<char, std::char_traits<char> >, std::ios_base&, std::_Ios_Iostate&, long&) const
0015cdfc 00000a88 W std::istreambuf_iterator<char, std::char_traits<char> > std::num_get<char, std::istreambuf_iterator<char, std::char_traits<char> > >::_M_extract_int<unsigned short>(std::istreambuf_iterator<char, std::char_traits<char> >, std::istreambuf_iterator<char, std::char_traits<char> >, std::ios_base&, std::_Ios_Iostate&, unsigned short&) const
0015d884 00000048 W std::num_get<char, std::istreambuf_iterator<char, std::char_traits<char> > >::do_get(std::istreambuf_iterator<char, std::char_traits<char> >, std::istreambuf_iterator<char, std::char_traits<char> >, std::ios_base&, std::_Ios_Iostate&, unsigned short&) const
0015d8cc 00000a80 W std::istreambuf_iterator<char, std::char_traits<char> > std::num_get<char, std::istreambuf_iterator<char, std::char_traits<char> > >::_M_extract_int<unsigned int>(std::istreambuf_iterator<char, std::char_traits<char> >, std::istreambuf_iterator<char, std::char_traits<char> >, std::ios_base&, std::_Ios_Iostate&, unsigned int&) const
0015e34c 00000048 W std::num_get<char, std::istreambuf_iterator<char, std::char_traits<char> > >::do_get(std::istreambuf_iterator<char, std::char_traits<char> >, std::istreambuf_iterator<char, std::char_traits<char> >, std::ios_base&, std::_Ios_Iostate&, unsigned int&) const
0015e394 00000a80 W std::istreambuf_iterator<char, std::char_traits<char> > std::num_get<char, std::istreambuf_iterator<char, std::char_traits<char> > >::_M_extract_int<unsigned long>(std::istreambuf_iterator<char, std::char_traits<char> >, std::istreambuf_iterator<char, std::char_traits<char> >, std::ios_base&, std::_Ios_Iostate&, unsigned long&) const
0015ee14 00000048 W std::num_get<char, std::istreambuf_iterator<char, std::char_traits<char> > >::do_get(std::istreambuf_iterator<char, std::char_traits<char> >, std::istreambuf_iterator<char, std::char_traits<char> >, std::ios_base&, std::_Ios_Iostate&, unsigned long&) const
0015ee5c 0000007c W std::num_get<char, std::istreambuf_iterator<char, std::char_traits<char> > >::do_get(std::istreambuf_iterator<char, std::char_traits<char> >, std::istreambuf_iterator<char, std::char_traits<char> >, std::ios_base&, std::_Ios_Iostate&, void*&) const
0015eed8 000009f8 W std::istreambuf_iterator<char, std::char_traits<char> > std::num_get<char, std::istreambuf_iterator<char, std::char_traits<char> > >::_M_extract_int<long long>(std::istreambuf_iterator<char, std::char_traits<char> >, std::istreambuf_iterator<char, std::char_traits<char> >, std::ios_base&, std::_Ios_Iostate&, long long&) const
0015f8d0 00000048 W std::num_get<char, std::istreambuf_iterator<char, std::char_traits<char> > >::do_get(std::istreambuf_iterator<char, std::char_traits<char> >, std::istreambuf_iterator<char, std::char_traits<char> >, std::ios_base&, std::_Ios_Iostate&, long long&) const
0015f918 00000a54 W std::istreambuf_iterator<char, std::char_traits<char> > std::num_get<char, std::istreambuf_iterator<char, std::char_traits<char> > >::_M_extract_int<unsigned long long>(std::istreambuf_iterator<char, std::char_traits<char> >, std::istreambuf_iterator<char, std::char_traits<char> >, std::ios_base&, std::_Ios_Iostate&, unsigned long long&) const
0016036c 00000048 W std::num_get<char, std::istreambuf_iterator<char, std::char_traits<char> > >::do_get(std::istreambuf_iterator<char, std::char_traits<char> >, std::istreambuf_iterator<char, std::char_traits<char> >, std::ios_base&, std::_Ios_Iostate&, unsigned long long&) const
001603b4 000002c8 W std::time_get<char, std::istreambuf_iterator<char, std::char_traits<char> > >::do_get_year(std::istreambuf_iterator<char, std::char_traits<char> >, std::istreambuf_iterator<char, std::char_traits<char> >, std::ios_base&, std::_Ios_Iostate&, tm*) const
0016067c 00000a5c W std::time_get<char, std::istreambuf_iterator<char, std::char_traits<char> > >::_M_extract_name(std::istreambuf_iterator<char, std::char_traits<char> >, std::istreambuf_iterator<char, std::char_traits<char> >, int&, char const**, unsigned int, std::ios_base&, std::_Ios_Iostate&) const
001610d8 0000043c W std::time_get<char, std::istreambuf_iterator<char, std::char_traits<char> > >::_M_extract_wday_or_month(std::istreambuf_iterator<char, std::char_traits<char> >, std::istreambuf_iterator<char, std::char_traits<char> >, int&, char const**, unsigned int, std::ios_base&, std::_Ios_Iostate&) const
00161514 00000244 W std::time_get<char, std::istreambuf_iterator<char, std::char_traits<char> > >::do_get_weekday(std::istreambuf_iterator<char, std::char_traits<char> >, std::istreambuf_iterator<char, std::char_traits<char> >, std::ios_base&, std::_Ios_Iostate&, tm*) const
00161758 000002b4 W std::time_get<char, std::istreambuf_iterator<char, std::char_traits<char> > >::do_get_monthname(std::istreambuf_iterator<char, std::char_traits<char> >, std::istreambuf_iterator<char, std::char_traits<char> >, std::ios_base&, std::_Ios_Iostate&, tm*) const
00161a0c 000013ac W std::time_get<char, std::istreambuf_iterator<char, std::char_traits<char> > >::_M_extract_via_format(std::istreambuf_iterator<char, std::char_traits<char> >, std::istreambuf_iterator<char, std::char_traits<char> >, std::ios_base&, std::_Ios_Iostate&, tm*, char const*, std::__time_get_state&) const
00161a0c 000013ac t std::time_get<char, std::istreambuf_iterator<char, std::char_traits<char> > >::_M_extract_via_format(std::istreambuf_iterator<char, std::char_traits<char> >, std::istreambuf_iterator<char, std::char_traits<char> >, std::ios_base&, std::_Ios_Iostate&, tm*, char const*, std::__time_get_state&) const [clone .localalias]
00162db8 000001b8 W std::time_get<char, std::istreambuf_iterator<char, std::char_traits<char> > >::do_get_time(std::istreambuf_iterator<char, std::char_traits<char> >, std::istreambuf_iterator<char, std::char_traits<char> >, std::ios_base&, std::_Ios_Iostate&, tm*) const
00162f70 000001b8 W std::time_get<char, std::istreambuf_iterator<char, std::char_traits<char> > >::do_get_date(std::istreambuf_iterator<char, std::char_traits<char> >, std::istreambuf_iterator<char, std::char_traits<char> >, std::ios_base&, std::_Ios_Iostate&, tm*) const
00163128 00000e94 W std::istreambuf_iterator<char, std::char_traits<char> > std::money_get<char, std::istreambuf_iterator<char, std::char_traits<char> > >::_M_extract<true>(std::istreambuf_iterator<char, std::char_traits<char> >, std::istreambuf_iterator<char, std::char_traits<char> >, std::ios_base&, std::_Ios_Iostate&, std::string&) const
00163fbc 00000e94 W std::istreambuf_iterator<char, std::char_traits<char> > std::money_get<char, std::istreambuf_iterator<char, std::char_traits<char> > >::_M_extract<false>(std::istreambuf_iterator<char, std::char_traits<char> >, std::istreambuf_iterator<char, std::char_traits<char> >, std::ios_base&, std::_Ios_Iostate&, std::string&) const
001649ea N 
001649ea N 
001649ea N 
001649ea N 
001649ea N 
001649ea N 
001649ea N 
001649ea N 
001649ea N 
001649ea N 
001649ea N 
001649ea N 
001649ea N 
001649ea N 
001649ea N 
001649ea N 
001649ea N 
001649ea N 
001649ea N 
001649ea N 
001649ea N 
001649ea N 
001649ea N 
001649ea N 
001649ea N 
001649ea N 
001649ea N 
001649ea N 
001649ea N 
001649ea N 
001649ea N 
001649ea W KoreanFFF3FFFCMemoryRule.cpp.5ac22d33
00164e50 000000fc W std::money_get<char, std::istreambuf_iterator<char, std::char_traits<char> > >::do_get(std::istreambuf_iterator<char, std::char_traits<char> >, std::istreambuf_iterator<char, std::char_traits<char> >, bool, std::ios_base&, std::_Ios_Iostate&, long double&) const
00164f4c 000001f8 W std::money_get<char, std::istreambuf_iterator<char, std::char_traits<char> > >::do_get(std::istreambuf_iterator<char, std::char_traits<char> >, std::istreambuf_iterator<char, std::char_traits<char> >, bool, std::ios_base&, std::_Ios_Iostate&, std::string&) const
00165144 000000f4 t _GLOBAL__sub_I__ZNSt12ctype_bynameIcEC2ERKSsj
00165238 0000002c W __gnu_cxx::__throw_concurrence_lock_error()
00165268 00000b80 T std::locale::_Impl::_Impl(unsigned int)
00165268 00000b80 T std::locale::_Impl::_Impl(unsigned int)
00165de8 00000054 T std::locale::_S_initialize_once()
00165e40 00000148 T std::locale::locale()
00165e40 00000148 T std::locale::locale()
00165f88 000000e4 W std::ostream::sentry::~sentry()
00165f88 000000e4 W std::ostream::sentry::~sentry()
0016606c 000001b8 W std::ostream::flush()
00166224 000000b0 W std::ostream::sentry::sentry(std::ostream&)
00166224 000000b0 W std::ostream::sentry::sentry(std::ostream&)
001662d4 000001b0 W std::ostream::write(char const*, int)
00166484 000001c0 W std::system_error::system_error(std::error_code, char const*)
00166484 000001c0 W std::system_error::system_error(std::error_code, char const*)
00166644 00000004 W std::basic_streambuf<char, std::char_traits<char> >::imbue(std::locale const&)
00166648 00000004 W std::basic_streambuf<char, std::char_traits<char> >::setbuf(char*, int)
00166650 00000020 W std::basic_streambuf<char, std::char_traits<char> >::seekoff(long long, std::_Ios_Seekdir, std::_Ios_Openmode)
00166670 00000028 W std::basic_streambuf<char, std::char_traits<char> >::seekpos(std::fpos<_mbstate_t>, std::_Ios_Openmode)
00166698 00000008 W std::basic_streambuf<char, std::char_traits<char> >::sync()
001666a0 00000008 W std::basic_streambuf<char, std::char_traits<char> >::showmanyc()
001666a8 00000008 W std::basic_streambuf<char, std::char_traits<char> >::underflow()
001666b0 00000008 W std::basic_streambuf<char, std::char_traits<char> >::pbackfail(int)
001666b8 00000008 W std::basic_streambuf<char, std::char_traits<char> >::overflow(int)
001666c0 00000020 W std::basic_streambuf<char, std::char_traits<char> >::~basic_streambuf()
001666c0 00000020 W std::basic_streambuf<char, std::char_traits<char> >::~basic_streambuf()
001666e0 00000028 W std::basic_streambuf<char, std::char_traits<char> >::~basic_streambuf()
00166708 000000bc W std::basic_streambuf<char, std::char_traits<char> >::xsputn(char const*, int)
001667c4 0000004c W std::basic_streambuf<char, std::char_traits<char> >::uflow()
00166810 000000f0 W std::basic_streambuf<char, std::char_traits<char> >::xsgetn(char*, int)
00166900 00000054 W std::__cxx11::basic_string<char, std::char_traits<char>, std::allocator<char> >::_M_create(unsigned int&, unsigned int)
00166954 00000014 W std::__cxx11::basic_string<char, std::char_traits<char>, std::allocator<char> >::_M_dispose()
00166968 00000094 W std::__cxx11::basic_string<char, std::char_traits<char>, std::allocator<char> >::_M_construct(unsigned int, char)
001669fc 000000c8 W std::__cxx11::basic_string<char, std::char_traits<char>, std::allocator<char> >::_M_assign(std::__cxx11::basic_string<char, std::char_traits<char>, std::allocator<char> > const&)
00166ac4 00000104 W std::__cxx11::basic_string<char, std::char_traits<char>, std::allocator<char> >::_M_mutate(unsigned int, unsigned int, char const*, unsigned int)
00166bc8 00000074 W std::__cxx11::basic_string<char, std::char_traits<char>, std::allocator<char> >::_M_erase(unsigned int, unsigned int)
00166c3c 00000098 W std::__cxx11::basic_string<char, std::char_traits<char>, std::allocator<char> >::reserve(unsigned int)
00166cd4 00000110 W std::__cxx11::basic_string<char, std::char_traits<char>, std::allocator<char> >::_M_replace_aux(unsigned int, unsigned int, unsigned int, char)
00166de4 00000044 W std::__cxx11::basic_string<char, std::char_traits<char>, std::allocator<char> >::resize(unsigned int, char)
00166e28 00000140 W std::__cxx11::basic_string<char, std::char_traits<char>, std::allocator<char> >::_M_replace_cold(char*, unsigned int, char const*, unsigned int, unsigned int)
00166f68 00000130 W std::__cxx11::basic_string<char, std::char_traits<char>, std::allocator<char> >::_M_replace(unsigned int, unsigned int, char const*, unsigned int)
00167098 00000090 W std::__cxx11::basic_string<char, std::char_traits<char>, std::allocator<char> >::_M_append(char const*, unsigned int)
00167128 00000088 W std::__cxx11::basic_string<char, std::char_traits<char>, std::allocator<char> >::copy(char*, unsigned int, unsigned int) const
001671b0 00000188 W std::__cxx11::basic_string<char, std::char_traits<char>, std::allocator<char> >::swap(std::__cxx11::basic_string<char, std::char_traits<char>, std::allocator<char> >&)
00167338 000000a4 W std::__cxx11::basic_string<char, std::char_traits<char>, std::allocator<char> >::find(char const*, unsigned int, unsigned int) const
001673dc 00000048 W std::__cxx11::basic_string<char, std::char_traits<char>, std::allocator<char> >::rfind(char, unsigned int) const
00167424 00000064 W std::__cxx11::basic_string<char, std::char_traits<char>, std::allocator<char> >::find_last_of(char const*, unsigned int, unsigned int) const
00167488 0000005c W std::__cxx11::basic_string<char, std::char_traits<char>, std::allocator<char> >::find_first_not_of(char, unsigned int) const
001674e4 0000000c t (anonymous namespace)::generic_error_category::name() const
001674f0 00000020 t (anonymous namespace)::generic_error_category::equivalent(int, std::error_condition const&) const
00167510 00000004 t (anonymous namespace)::generic_error_category::~generic_error_category()
00167510 00000004 t (anonymous namespace)::generic_error_category::~generic_error_category()
00167514 000000cc t (anonymous namespace)::system_error_category::default_error_condition(int) const
001675e0 0000000c T std::_V2::error_category::default_error_condition(int) const
001675ec 00000020 T std::_V2::error_category::equivalent(std::error_code const&, int) const
0016760c 0000010c t (anonymous namespace)::strerror_string(int)
00167718 00000020 t (anonymous namespace)::system_error_category::message[abi:cxx11](int) const
00167718 00000020 t (anonymous namespace)::generic_error_category::message[abi:cxx11](int) const
00167738 0000001c t (anonymous namespace)::generic_error_category::~generic_error_category()
00167754 00000020 T std::system_error::~system_error()
00167754 00000020 T std::system_error::~system_error()
00167774 00000028 T std::system_error::~system_error()
0016779c 00000078 T std::_V2::error_category::_M_message[abi:cxx11](int) const
00167814 00000134 T std::_V2::error_category::equivalent(int, std::error_condition const&) const
00167948 000000c0 T std::__throw_system_error(int)
00167a08 00000004 T std::_V2::error_category::~error_category()
00167a08 00000004 T std::_V2::error_category::~error_category()
00167a0c 0000000c T std::_V2::generic_category()
00167a18 0000000c W std::moneypunct<wchar_t, false>::do_decimal_point() const
00167a24 0000000c W std::moneypunct<wchar_t, false>::do_thousands_sep() const
00167a30 0000000c W std::moneypunct<wchar_t, false>::do_frac_digits() const
00167a3c 00000014 W std::moneypunct<wchar_t, false>::do_pos_format() const
00167a50 00000014 W std::moneypunct<wchar_t, false>::do_neg_format() const
00167a64 0000000c W std::moneypunct<wchar_t, true>::do_decimal_point() const
00167a70 0000000c W std::moneypunct<wchar_t, true>::do_thousands_sep() const
00167a7c 0000000c W std::moneypunct<wchar_t, true>::do_frac_digits() const
00167a88 00000014 W std::moneypunct<wchar_t, true>::do_pos_format() const
00167a9c 00000014 W std::moneypunct<wchar_t, true>::do_neg_format() const
00167ab0 0000000c W std::numpunct<wchar_t>::do_decimal_point() const
00167abc 0000000c W std::numpunct<wchar_t>::do_thousands_sep() const
00167ac8 00000008 W std::time_get<wchar_t, std::istreambuf_iterator<wchar_t, std::char_traits<wchar_t> > >::do_date_order() const
00167ad0 00000008 W std::messages<wchar_t>::do_open(std::string const&, std::locale const&) const
00167ad8 00000004 W std::messages<wchar_t>::do_close(int) const
00167adc 00000020 W std::collate<wchar_t>::do_hash(wchar_t const*, wchar_t const*) const
00167afc 00000020 W std::num_get<wchar_t, std::istreambuf_iterator<wchar_t, std::char_traits<wchar_t> > >::~num_get()
00167afc 00000020 W std::num_get<wchar_t, std::istreambuf_iterator<wchar_t, std::char_traits<wchar_t> > >::~num_get()
00167b1c 00000020 W std::num_put<wchar_t, std::ostreambuf_iterator<wchar_t, std::char_traits<wchar_t> > >::~num_put()
00167b1c 00000020 W std::num_put<wchar_t, std::ostreambuf_iterator<wchar_t, std::char_traits<wchar_t> > >::~num_put()
00167b3c 00000020 W std::money_get<wchar_t, std::istreambuf_iterator<wchar_t, std::char_traits<wchar_t> > >::~money_get()
00167b3c 00000020 W std::money_get<wchar_t, std::istreambuf_iterator<wchar_t, std::char_traits<wchar_t> > >::~money_get()
00167b5c 00000020 W std::money_put<wchar_t, std::ostreambuf_iterator<wchar_t, std::char_traits<wchar_t> > >::~money_put()
00167b5c 00000020 W std::money_put<wchar_t, std::ostreambuf_iterator<wchar_t, std::char_traits<wchar_t> > >::~money_put()
00167b7c 00000020 W std::__timepunct_cache<wchar_t>::~__timepunct_cache()
00167b7c 00000020 W std::__timepunct_cache<wchar_t>::~__timepunct_cache()
00167b9c 00000020 W std::time_put<wchar_t, std::ostreambuf_iterator<wchar_t, std::char_traits<wchar_t> > >::~time_put()
00167b9c 00000020 W std::time_put<wchar_t, std::ostreambuf_iterator<wchar_t, std::char_traits<wchar_t> > >::~time_put()
00167bbc 00000020 W std::time_get<wchar_t, std::istreambuf_iterator<wchar_t, std::char_traits<wchar_t> > >::~time_get()
00167bbc 00000020 W std::time_get<wchar_t, std::istreambuf_iterator<wchar_t, std::char_traits<wchar_t> > >::~time_get()
00167bdc 00000028 W std::num_get<wchar_t, std::istreambuf_iterator<wchar_t, std::char_traits<wchar_t> > >::~num_get()
00167c04 00000028 W std::num_put<wchar_t, std::ostreambuf_iterator<wchar_t, std::char_traits<wchar_t> > >::~num_put()
00167c2c 00000028 W std::money_get<wchar_t, std::istreambuf_iterator<wchar_t, std::char_traits<wchar_t> > >::~money_get()
00167c54 00000028 W std::money_put<wchar_t, std::ostreambuf_iterator<wchar_t, std::char_traits<wchar_t> > >::~money_put()
00167c7c 0000001c W std::__timepunct_cache<wchar_t>::~__timepunct_cache()
00167c98 00000028 W std::time_put<wchar_t, std::ostreambuf_iterator<wchar_t, std::char_traits<wchar_t> > >::~time_put()
00167cc0 00000028 W std::time_get<wchar_t, std::istreambuf_iterator<wchar_t, std::char_traits<wchar_t> > >::~time_get()
00167ce8 00000070 W std::__moneypunct_cache<wchar_t, false>::~__moneypunct_cache()
00167ce8 00000070 W std::__moneypunct_cache<wchar_t, false>::~__moneypunct_cache()
00167d58 0000001c W std::__moneypunct_cache<wchar_t, false>::~__moneypunct_cache()
00167d74 00000070 W std::__moneypunct_cache<wchar_t, true>::~__moneypunct_cache()
00167d74 00000070 W std::__moneypunct_cache<wchar_t, true>::~__moneypunct_cache()
00167de4 0000001c W std::__moneypunct_cache<wchar_t, true>::~__moneypunct_cache()
00167e00 00000060 W std::__numpunct_cache<wchar_t>::~__numpunct_cache()
00167e00 00000060 W std::__numpunct_cache<wchar_t>::~__numpunct_cache()
00167e60 0000001c W std::__numpunct_cache<wchar_t>::~__numpunct_cache()
00167e7c 00000028 W std::messages<wchar_t>::~messages()
00167e7c 00000028 W std::messages<wchar_t>::~messages()
00167ea4 0000001c W std::messages<wchar_t>::~messages()
00167ec0 00000028 W std::collate<wchar_t>::~collate()
00167ec0 00000028 W std::collate<wchar_t>::~collate()
00167ee8 00000060 W std::__timepunct<wchar_t>::~__timepunct()
00167ee8 00000060 W std::__timepunct<wchar_t>::~__timepunct()
00167f48 0000001c W std::__timepunct<wchar_t>::~__timepunct()
00167f64 00000028 t std::basic_streambuf<wchar_t, std::char_traits<wchar_t> >::sbumpc() [clone .isra.0]
00167f8c 00000058 t std::basic_string<wchar_t, std::char_traits<wchar_t>, std::allocator<wchar_t> >::~basic_string() [clone .isra.0]
00167fe4 000000c0 t wchar_t* std::basic_string<wchar_t, std::char_traits<wchar_t>, std::allocator<wchar_t> >::_S_construct<wchar_t const*>(wchar_t const*, wchar_t const*, std::allocator<wchar_t> const&, std::forward_iterator_tag) [clone .isra.0]
001680a4 00000058 t std::basic_string<char, std::char_traits<char>, std::allocator<char> >::~basic_string() [clone .isra.0]
001680fc 00000030 W std::collate<wchar_t>::~collate()
0016812c 000000cc W std::moneypunct<wchar_t, false>::do_grouping() const
001681f8 000000cc W std::moneypunct<wchar_t, true>::do_grouping() const
001682c4 000000cc W std::numpunct<wchar_t>::do_grouping() const
00168390 00000168 W std::collate<wchar_t>::do_compare(wchar_t const*, wchar_t const*, wchar_t const*, wchar_t const*) const
001684f8 00000130 W std::time_put<wchar_t, std::ostreambuf_iterator<wchar_t, std::char_traits<wchar_t> > >::do_put(std::ostreambuf_iterator<wchar_t, std::char_traits<wchar_t> >, std::ios_base&, wchar_t, tm const*, char, char) const
00168628 000000d4 W std::moneypunct<wchar_t, false>::do_curr_symbol() const
001686fc 000000d4 W std::moneypunct<wchar_t, false>::do_positive_sign() const
001687d0 000000d4 W std::moneypunct<wchar_t, false>::do_negative_sign() const
001688a4 000000d4 W std::moneypunct<wchar_t, true>::do_curr_symbol() const
00168978 000000d4 W std::moneypunct<wchar_t, true>::do_positive_sign() const
00168a4c 000000d4 W std::moneypunct<wchar_t, true>::do_negative_sign() const
00168b20 000000d4 W std::numpunct<wchar_t>::do_truename() const
00168bf4 000000d4 W std::numpunct<wchar_t>::do_falsename() const
00168cc8 000002e0 W std::collate<wchar_t>::do_transform(wchar_t const*, wchar_t const*) const
00168fa8 00000798 W std::__moneypunct_cache<wchar_t, false>::_M_cache(std::locale const&)
00169740 00000798 W std::__moneypunct_cache<wchar_t, true>::_M_cache(std::locale const&)
00169ed8 000004d8 W std::__numpunct_cache<wchar_t>::_M_cache(std::locale const&)
0016a3b0 000000b8 t std::__use_cache<std::__numpunct_cache<wchar_t> >::operator()(std::locale const&) const [clone .isra.0]
0016a468 0000004c W std::__timepunct<wchar_t>::__timepunct(std::__timepunct_cache<wchar_t>*, unsigned int)
0016a468 0000004c W std::__timepunct<wchar_t>::__timepunct(std::__timepunct_cache<wchar_t>*, unsigned int)
0016a4b4 0000026c W std::time_get<wchar_t, std::istreambuf_iterator<wchar_t, std::char_traits<wchar_t> > >::_M_extract_num(std::istreambuf_iterator<wchar_t, std::char_traits<wchar_t> >, std::istreambuf_iterator<wchar_t, std::char_traits<wchar_t> >, int&, int, int, unsigned int, std::ios_base&, std::_Ios_Iostate&) const
0016a720 0000003c W std::messages<wchar_t>::messages(unsigned int)
0016a720 0000003c W std::messages<wchar_t>::messages(unsigned int)
0016a75c 00000178 W wchar_t* std::__add_grouping<wchar_t>(wchar_t*, wchar_t, char const*, unsigned int, wchar_t const*, wchar_t const*)
0016a8d4 000000b0 W std::num_put<wchar_t, std::ostreambuf_iterator<wchar_t, std::char_traits<wchar_t> > >::_M_group_float(char const*, unsigned int, wchar_t, wchar_t const*, wchar_t*, wchar_t*, int&) const
0016a984 00000054 W std::num_put<wchar_t, std::ostreambuf_iterator<wchar_t, std::char_traits<wchar_t> > >::_M_group_int(char const*, unsigned int, wchar_t, std::ios_base&, wchar_t*, wchar_t*, int&) const
0016a9d8 00000628 W std::ostreambuf_iterator<wchar_t, std::char_traits<wchar_t> > std::money_put<wchar_t, std::ostreambuf_iterator<wchar_t, std::char_traits<wchar_t> > >::_M_insert<true>(std::ostreambuf_iterator<wchar_t, std::char_traits<wchar_t> >, std::ios_base&, wchar_t, std::basic_string<wchar_t, std::char_traits<wchar_t>, std::allocator<wchar_t> > const&) const
0016b000 000005c4 W std::ostreambuf_iterator<wchar_t, std::char_traits<wchar_t> > std::money_put<wchar_t, std::ostreambuf_iterator<wchar_t, std::char_traits<wchar_t> > >::_M_insert<false>(std::ostreambuf_iterator<wchar_t, std::char_traits<wchar_t> >, std::ios_base&, wchar_t, std::basic_string<wchar_t, std::char_traits<wchar_t>, std::allocator<wchar_t> > const&) const
0016b5c4 000001d0 W std::money_put<wchar_t, std::ostreambuf_iterator<wchar_t, std::char_traits<wchar_t> > >::do_put(std::ostreambuf_iterator<wchar_t, std::char_traits<wchar_t> >, bool, std::ios_base&, wchar_t, long double) const
0016b794 00000054 W std::money_put<wchar_t, std::ostreambuf_iterator<wchar_t, std::char_traits<wchar_t> > >::do_put(std::ostreambuf_iterator<wchar_t, std::char_traits<wchar_t> >, bool, std::ios_base&, wchar_t, std::basic_string<wchar_t, std::char_traits<wchar_t>, std::allocator<wchar_t> > const&) const
0016b7e8 00000220 W std::__pad<wchar_t, std::char_traits<wchar_t> >::_S_pad(std::ios_base&, wchar_t, wchar_t*, wchar_t const*, int, int)
0016ba08 00000034 W std::num_put<wchar_t, std::ostreambuf_iterator<wchar_t, std::char_traits<wchar_t> > >::_M_pad(wchar_t, int, std::ios_base&, wchar_t*, wchar_t const*, int&) const
0016ba3c 0000034c W std::ostreambuf_iterator<wchar_t, std::char_traits<wchar_t> > std::num_put<wchar_t, std::ostreambuf_iterator<wchar_t, std::char_traits<wchar_t> > >::_M_insert_float<double>(std::ostreambuf_iterator<wchar_t, std::char_traits<wchar_t> >, std::ios_base&, wchar_t, char, double) const
0016bd88 0000003c W std::num_put<wchar_t, std::ostreambuf_iterator<wchar_t, std::char_traits<wchar_t> > >::do_put(std::ostreambuf_iterator<wchar_t, std::char_traits<wchar_t> >, std::ios_base&, wchar_t, double) const
0016bdc4 0000034c W std::ostreambuf_iterator<wchar_t, std::char_traits<wchar_t> > std::num_put<wchar_t, std::ostreambuf_iterator<wchar_t, std::char_traits<wchar_t> > >::_M_insert_float<long double>(std::ostreambuf_iterator<wchar_t, std::char_traits<wchar_t> >, std::ios_base&, wchar_t, char, long double) const
0016c110 0000003c W std::num_put<wchar_t, std::ostreambuf_iterator<wchar_t, std::char_traits<wchar_t> > >::do_put(std::ostreambuf_iterator<wchar_t, std::char_traits<wchar_t> >, std::ios_base&, wchar_t, long double) const
0016c14c 000000b4 W int std::__int_to_char<wchar_t, unsigned long>(wchar_t*, unsigned long, wchar_t const*, std::_Ios_Fmtflags, bool)
0016c200 00000238 W std::ostreambuf_iterator<wchar_t, std::char_traits<wchar_t> > std::num_put<wchar_t, std::ostreambuf_iterator<wchar_t, std::char_traits<wchar_t> > >::_M_insert_int<long>(std::ostreambuf_iterator<wchar_t, std::char_traits<wchar_t> >, std::ios_base&, wchar_t, long) const
0016c438 0000003c W std::num_put<wchar_t, std::ostreambuf_iterator<wchar_t, std::char_traits<wchar_t> > >::do_put(std::ostreambuf_iterator<wchar_t, std::char_traits<wchar_t> >, std::ios_base&, wchar_t, long) const
0016c474 000001b8 W std::num_put<wchar_t, std::ostreambuf_iterator<wchar_t, std::char_traits<wchar_t> > >::do_put(std::ostreambuf_iterator<wchar_t, std::char_traits<wchar_t> >, std::ios_base&, wchar_t, bool) const
0016c62c 000001d4 W std::ostreambuf_iterator<wchar_t, std::char_traits<wchar_t> > std::num_put<wchar_t, std::ostreambuf_iterator<wchar_t, std::char_traits<wchar_t> > >::_M_insert_int<unsigned long>(std::ostreambuf_iterator<wchar_t, std::char_traits<wchar_t> >, std::ios_base&, wchar_t, unsigned long) const
0016c800 0000003c W std::num_put<wchar_t, std::ostreambuf_iterator<wchar_t, std::char_traits<wchar_t> > >::do_put(std::ostreambuf_iterator<wchar_t, std::char_traits<wchar_t> >, std::ios_base&, wchar_t, unsigned long) const
0016c83c 0000006c W std::num_put<wchar_t, std::ostreambuf_iterator<wchar_t, std::char_traits<wchar_t> > >::do_put(std::ostreambuf_iterator<wchar_t, std::char_traits<wchar_t> >, std::ios_base&, wchar_t, void const*) const
0016c8a8 00000118 W int std::__int_to_char<wchar_t, unsigned long long>(wchar_t*, unsigned long long, wchar_t const*, std::_Ios_Fmtflags, bool)
0016c9c0 00000258 W std::ostreambuf_iterator<wchar_t, std::char_traits<wchar_t> > std::num_put<wchar_t, std::ostreambuf_iterator<wchar_t, std::char_traits<wchar_t> > >::_M_insert_int<long long>(std::ostreambuf_iterator<wchar_t, std::char_traits<wchar_t> >, std::ios_base&, wchar_t, long long) const
0016cc18 0000003c W std::num_put<wchar_t, std::ostreambuf_iterator<wchar_t, std::char_traits<wchar_t> > >::do_put(std::ostreambuf_iterator<wchar_t, std::char_traits<wchar_t> >, std::ios_base&, wchar_t, long long) const
0016cc54 000001f8 W std::ostreambuf_iterator<wchar_t, std::char_traits<wchar_t> > std::num_put<wchar_t, std::ostreambuf_iterator<wchar_t, std::char_traits<wchar_t> > >::_M_insert_int<unsigned long long>(std::ostreambuf_iterator<wchar_t, std::char_traits<wchar_t> >, std::ios_base&, wchar_t, unsigned long long) const
0016ce4c 0000003c W std::num_put<wchar_t, std::ostreambuf_iterator<wchar_t, std::char_traits<wchar_t> > >::do_put(std::ostreambuf_iterator<wchar_t, std::char_traits<wchar_t> >, std::ios_base&, wchar_t, unsigned long long) const
0016ce88 000000fc W std::istreambuf_iterator<wchar_t, std::char_traits<wchar_t> >::equal(std::istreambuf_iterator<wchar_t, std::char_traits<wchar_t> > const&) const
0016cf84 0000007c W std::istreambuf_iterator<wchar_t, std::char_traits<wchar_t> >::_M_get() const
0016d000 00000d40 W std::num_get<wchar_t, std::istreambuf_iterator<wchar_t, std::char_traits<wchar_t> > >::_M_extract_float(std::istreambuf_iterator<wchar_t, std::char_traits<wchar_t> >, std::istreambuf_iterator<wchar_t, std::char_traits<wchar_t> >, std::ios_base&, std::_Ios_Iostate&, std::string&) const
0016dd40 000001dc W std::num_get<wchar_t, std::istreambuf_iterator<wchar_t, std::char_traits<wchar_t> > >::do_get(std::istreambuf_iterator<wchar_t, std::char_traits<wchar_t> >, std::istreambuf_iterator<wchar_t, std::char_traits<wchar_t> >, std::ios_base&, std::_Ios_Iostate&, float&) const
0016df1c 000001dc W std::num_get<wchar_t, std::istreambuf_iterator<wchar_t, std::char_traits<wchar_t> > >::do_get(std::istreambuf_iterator<wchar_t, std::char_traits<wchar_t> >, std::istreambuf_iterator<wchar_t, std::char_traits<wchar_t> >, std::ios_base&, std::_Ios_Iostate&, double&) const
0016e0f8 000001dc W std::num_get<wchar_t, std::istreambuf_iterator<wchar_t, std::char_traits<wchar_t> > >::do_get(std::istreambuf_iterator<wchar_t, std::char_traits<wchar_t> >, std::istreambuf_iterator<wchar_t, std::char_traits<wchar_t> >, std::ios_base&, std::_Ios_Iostate&, long double&) const
0016e2d4 0000099c W std::istreambuf_iterator<wchar_t, std::char_traits<wchar_t> > std::num_get<wchar_t, std::istreambuf_iterator<wchar_t, std::char_traits<wchar_t> > >::_M_extract_int<long>(std::istreambuf_iterator<wchar_t, std::char_traits<wchar_t> >, std::istreambuf_iterator<wchar_t, std::char_traits<wchar_t> >, std::ios_base&, std::_Ios_Iostate&, long&) const
0016ec70 00000514 W std::num_get<wchar_t, std::istreambuf_iterator<wchar_t, std::char_traits<wchar_t> > >::do_get(std::istreambuf_iterator<wchar_t, std::char_traits<wchar_t> >, std::istreambuf_iterator<wchar_t, std::char_traits<wchar_t> >, std::ios_base&, std::_Ios_Iostate&, bool&) const
0016f184 00000048 W std::num_get<wchar_t, std::istreambuf_iterator<wchar_t, std::char_traits<wchar_t> > >::do_get(std::istreambuf_iterator<wchar_t, std::char_traits<wchar_t> >, std::istreambuf_iterator<wchar_t, std::char_traits<wchar_t> >, std::ios_base&, std::_Ios_Iostate&, long&) const
0016f1cc 00000a64 W std::istreambuf_iterator<wchar_t, std::char_traits<wchar_t> > std::num_get<wchar_t, std::istreambuf_iterator<wchar_t, std::char_traits<wchar_t> > >::_M_extract_int<unsigned short>(std::istreambuf_iterator<wchar_t, std::char_traits<wchar_t> >, std::istreambuf_iterator<wchar_t, std::char_traits<wchar_t> >, std::ios_base&, std::_Ios_Iostate&, unsigned short&) const
0016fc30 00000048 W std::num_get<wchar_t, std::istreambuf_iterator<wchar_t, std::char_traits<wchar_t> > >::do_get(std::istreambuf_iterator<wchar_t, std::char_traits<wchar_t> >, std::istreambuf_iterator<wchar_t, std::char_traits<wchar_t> >, std::ios_base&, std::_Ios_Iostate&, unsigned short&) const
0016fc78 00000a08 W std::istreambuf_iterator<wchar_t, std::char_traits<wchar_t> > std::num_get<wchar_t, std::istreambuf_iterator<wchar_t, std::char_traits<wchar_t> > >::_M_extract_int<unsigned int>(std::istreambuf_iterator<wchar_t, std::char_traits<wchar_t> >, std::istreambuf_iterator<wchar_t, std::char_traits<wchar_t> >, std::ios_base&, std::_Ios_Iostate&, unsigned int&) const
00170680 00000048 W std::num_get<wchar_t, std::istreambuf_iterator<wchar_t, std::char_traits<wchar_t> > >::do_get(std::istreambuf_iterator<wchar_t, std::char_traits<wchar_t> >, std::istreambuf_iterator<wchar_t, std::char_traits<wchar_t> >, std::ios_base&, std::_Ios_Iostate&, unsigned int&) const
001706c8 00000a08 W std::istreambuf_iterator<wchar_t, std::char_traits<wchar_t> > std::num_get<wchar_t, std::istreambuf_iterator<wchar_t, std::char_traits<wchar_t> > >::_M_extract_int<unsigned long>(std::istreambuf_iterator<wchar_t, std::char_traits<wchar_t> >, std::istreambuf_iterator<wchar_t, std::char_traits<wchar_t> >, std::ios_base&, std::_Ios_Iostate&, unsigned long&) const
001710d0 00000048 W std::num_get<wchar_t, std::istreambuf_iterator<wchar_t, std::char_traits<wchar_t> > >::do_get(std::istreambuf_iterator<wchar_t, std::char_traits<wchar_t> >, std::istreambuf_iterator<wchar_t, std::char_traits<wchar_t> >, std::ios_base&, std::_Ios_Iostate&, unsigned long&) const
00171118 0000007c W std::num_get<wchar_t, std::istreambuf_iterator<wchar_t, std::char_traits<wchar_t> > >::do_get(std::istreambuf_iterator<wchar_t, std::char_traits<wchar_t> >, std::istreambuf_iterator<wchar_t, std::char_traits<wchar_t> >, std::ios_base&, std::_Ios_Iostate&, void*&) const
00171194 00000a34 W std::istreambuf_iterator<wchar_t, std::char_traits<wchar_t> > std::num_get<wchar_t, std::istreambuf_iterator<wchar_t, std::char_traits<wchar_t> > >::_M_extract_int<long long>(std::istreambuf_iterator<wchar_t, std::char_traits<wchar_t> >, std::istreambuf_iterator<wchar_t, std::char_traits<wchar_t> >, std::ios_base&, std::_Ios_Iostate&, long long&) const
00171bc8 00000048 W std::num_get<wchar_t, std::istreambuf_iterator<wchar_t, std::char_traits<wchar_t> > >::do_get(std::istreambuf_iterator<wchar_t, std::char_traits<wchar_t> >, std::istreambuf_iterator<wchar_t, std::char_traits<wchar_t> >, std::ios_base&, std::_Ios_Iostate&, long long&) const
00171c10 00000af0 W std::istreambuf_iterator<wchar_t, std::char_traits<wchar_t> > std::num_get<wchar_t, std::istreambuf_iterator<wchar_t, std::char_traits<wchar_t> > >::_M_extract_int<unsigned long long>(std::istreambuf_iterator<wchar_t, std::char_traits<wchar_t> >, std::istreambuf_iterator<wchar_t, std::char_traits<wchar_t> >, std::ios_base&, std::_Ios_Iostate&, unsigned long long&) const
00172700 00000048 W std::num_get<wchar_t, std::istreambuf_iterator<wchar_t, std::char_traits<wchar_t> > >::do_get(std::istreambuf_iterator<wchar_t, std::char_traits<wchar_t> >, std::istreambuf_iterator<wchar_t, std::char_traits<wchar_t> >, std::ios_base&, std::_Ios_Iostate&, unsigned long long&) const
00172748 000002f4 W std::time_get<wchar_t, std::istreambuf_iterator<wchar_t, std::char_traits<wchar_t> > >::do_get_year(std::istreambuf_iterator<wchar_t, std::char_traits<wchar_t> >, std::istreambuf_iterator<wchar_t, std::char_traits<wchar_t> >, std::ios_base&, std::_Ios_Iostate&, tm*) const
00172a3c 00000af0 W std::time_get<wchar_t, std::istreambuf_iterator<wchar_t, std::char_traits<wchar_t> > >::_M_extract_name(std::istreambuf_iterator<wchar_t, std::char_traits<wchar_t> >, std::istreambuf_iterator<wchar_t, std::char_traits<wchar_t> >, int&, wchar_t const**, unsigned int, std::ios_base&, std::_Ios_Iostate&) const
0017352c 000005b4 W std::time_get<wchar_t, std::istreambuf_iterator<wchar_t, std::char_traits<wchar_t> > >::_M_extract_wday_or_month(std::istreambuf_iterator<wchar_t, std::char_traits<wchar_t> >, std::istreambuf_iterator<wchar_t, std::char_traits<wchar_t> >, int&, wchar_t const**, unsigned int, std::ios_base&, std::_Ios_Iostate&) const
00173ae0 00000258 W std::time_get<wchar_t, std::istreambuf_iterator<wchar_t, std::char_traits<wchar_t> > >::do_get_weekday(std::istreambuf_iterator<wchar_t, std::char_traits<wchar_t> >, std::istreambuf_iterator<wchar_t, std::char_traits<wchar_t> >, std::ios_base&, std::_Ios_Iostate&, tm*) const
00173d38 000002d0 W std::time_get<wchar_t, std::istreambuf_iterator<wchar_t, std::char_traits<wchar_t> > >::do_get_monthname(std::istreambuf_iterator<wchar_t, std::char_traits<wchar_t> >, std::istreambuf_iterator<wchar_t, std::char_traits<wchar_t> >, std::ios_base&, std::_Ios_Iostate&, tm*) const
00174008 000016e4 W std::time_get<wchar_t, std::istreambuf_iterator<wchar_t, std::char_traits<wchar_t> > >::_M_extract_via_format(std::istreambuf_iterator<wchar_t, std::char_traits<wchar_t> >, std::istreambuf_iterator<wchar_t, std::char_traits<wchar_t> >, std::ios_base&, std::_Ios_Iostate&, tm*, wchar_t const*, std::__time_get_state&) const
00174008 000016e4 t std::time_get<wchar_t, std::istreambuf_iterator<wchar_t, std::char_traits<wchar_t> > >::_M_extract_via_format(std::istreambuf_iterator<wchar_t, std::char_traits<wchar_t> >, std::istreambuf_iterator<wchar_t, std::char_traits<wchar_t> >, std::ios_base&, std::_Ios_Iostate&, tm*, wchar_t const*, std::__time_get_state&) const [clone .localalias]
0017515b N 
0017515b N 
0017515b N 
0017515b N 
0017515b N 
0017515b N 
0017515b N 
0017515b N 
0017515b N 
0017515b N 
0017515b N 
0017515b N 
0017515b N 
0017515b N 
0017515b N 
0017515b N 
0017515b N 
0017515b N 
0017515b N 
0017515b N 
0017515b N 
0017515b N 
0017515b N 
0017515b N 
0017515b N 
0017515b N 
0017515b N 
0017515b N 
0017515b N 
0017515b N 
0017515b N 
0017515b W KoreanFFFEMemoryRule.cpp.e21d3ff9
001756ec 000001d0 W std::time_get<wchar_t, std::istreambuf_iterator<wchar_t, std::char_traits<wchar_t> > >::do_get_time(std::istreambuf_iterator<wchar_t, std::char_traits<wchar_t> >, std::istreambuf_iterator<wchar_t, std::char_traits<wchar_t> >, std::ios_base&, std::_Ios_Iostate&, tm*) const
001758bc 000001d0 W std::time_get<wchar_t, std::istreambuf_iterator<wchar_t, std::char_traits<wchar_t> > >::do_get_date(std::istreambuf_iterator<wchar_t, std::char_traits<wchar_t> >, std::istreambuf_iterator<wchar_t, std::char_traits<wchar_t> >, std::ios_base&, std::_Ios_Iostate&, tm*) const
00175a8c 0000103c W std::istreambuf_iterator<wchar_t, std::char_traits<wchar_t> > std::money_get<wchar_t, std::istreambuf_iterator<wchar_t, std::char_traits<wchar_t> > >::_M_extract<true>(std::istreambuf_iterator<wchar_t, std::char_traits<wchar_t> >, std::istreambuf_iterator<wchar_t, std::char_traits<wchar_t> >, std::ios_base&, std::_Ios_Iostate&, std::string&) const
00176ac8 0000103c W std::istreambuf_iterator<wchar_t, std::char_traits<wchar_t> > std::money_get<wchar_t, std::istreambuf_iterator<wchar_t, std::char_traits<wchar_t> > >::_M_extract<false>(std::istreambuf_iterator<wchar_t, std::char_traits<wchar_t> >, std::istreambuf_iterator<wchar_t, std::char_traits<wchar_t> >, std::ios_base&, std::_Ios_Iostate&, std::string&) const
00177b04 000000fc W std::money_get<wchar_t, std::istreambuf_iterator<wchar_t, std::char_traits<wchar_t> > >::do_get(std::istreambuf_iterator<wchar_t, std::char_traits<wchar_t> >, std::istreambuf_iterator<wchar_t, std::char_traits<wchar_t> >, bool, std::ios_base&, std::_Ios_Iostate&, long double&) const
00177c00 00000190 W std::money_get<wchar_t, std::istreambuf_iterator<wchar_t, std::char_traits<wchar_t> > >::do_get(std::istreambuf_iterator<wchar_t, std::char_traits<wchar_t> >, std::istreambuf_iterator<wchar_t, std::char_traits<wchar_t> >, bool, std::ios_base&, std::_Ios_Iostate&, std::basic_string<wchar_t, std::char_traits<wchar_t>, std::allocator<wchar_t> >&) const
00177d90 000000f4 t _GLOBAL__sub_I__ZNSt12ctype_bynameIwEC2ERKSsj
00177e84 0000005c W std::__cxx11::basic_string<wchar_t, std::char_traits<wchar_t>, std::allocator<wchar_t> >::_M_create(unsigned int&, unsigned int)
00177ee0 00000014 W std::__cxx11::basic_string<wchar_t, std::char_traits<wchar_t>, std::allocator<wchar_t> >::_M_dispose()
00177ef4 00000090 W std::__cxx11::basic_string<wchar_t, std::char_traits<wchar_t>, std::allocator<wchar_t> >::_M_construct(unsigned int, wchar_t)
00177f84 00000104 W std::__cxx11::basic_string<wchar_t, std::char_traits<wchar_t>, std::allocator<wchar_t> >::_M_mutate(unsigned int, unsigned int, wchar_t const*, unsigned int)
00178088 0000009c W std::__cxx11::basic_string<wchar_t, std::char_traits<wchar_t>, std::allocator<wchar_t> >::reserve(unsigned int)
00178124 00000108 W std::__cxx11::basic_string<wchar_t, std::char_traits<wchar_t>, std::allocator<wchar_t> >::_M_replace_aux(unsigned int, unsigned int, unsigned int, wchar_t)
0017822c 00000044 W std::__cxx11::basic_string<wchar_t, std::char_traits<wchar_t>, std::allocator<wchar_t> >::resize(unsigned int, wchar_t)
00178270 00000144 W std::__cxx11::basic_string<wchar_t, std::char_traits<wchar_t>, std::allocator<wchar_t> >::_M_replace_cold(wchar_t*, unsigned int, wchar_t const*, unsigned int, unsigned int)
001783b4 00000130 W std::__cxx11::basic_string<wchar_t, std::char_traits<wchar_t>, std::allocator<wchar_t> >::_M_replace(unsigned int, unsigned int, wchar_t const*, unsigned int)
001784e4 0000008c W std::__cxx11::basic_string<wchar_t, std::char_traits<wchar_t>, std::allocator<wchar_t> >::_M_append(wchar_t const*, unsigned int)
00178570 00000088 W std::__cxx11::basic_string<wchar_t, std::char_traits<wchar_t>, std::allocator<wchar_t> >::copy(wchar_t*, unsigned int, unsigned int) const
001785f8 000000a8 W void std::__cxx11::basic_string<wchar_t, std::char_traits<wchar_t>, std::allocator<wchar_t> >::_M_construct<true>(wchar_t const*, unsigned int)
001786a0 0000000c T std::bad_alloc::what() const
001786ac 00000020 T std::bad_alloc::~bad_alloc()
001786ac 00000020 T std::bad_alloc::~bad_alloc()
001786cc 0000002c T std::bad_alloc::~bad_alloc()
001786f8 0000000c T std::bad_array_new_length::what() const
00178704 00000020 T std::bad_array_new_length::~bad_array_new_length()
00178704 00000020 T std::bad_array_new_length::~bad_array_new_length()
00178724 0000002c T std::bad_array_new_length::~bad_array_new_length()
00178750 0000000c T std::bad_cast::what() const
0017875c 00000020 T std::bad_cast::~bad_cast()
0017875c 00000020 T std::bad_cast::~bad_cast()
0017877c 0000002c T std::bad_cast::~bad_cast()
001787a8 00000014 T __cxxabiv1::__class_type_info::__do_find_public_src(int, void const*, __cxxabiv1::__class_type_info const*, void const*) const
001787bc 00000020 T __cxxabiv1::__class_type_info::~__class_type_info()
001787bc 00000020 T __cxxabiv1::__class_type_info::~__class_type_info()
001787dc 0000002c T __cxxabiv1::__class_type_info::~__class_type_info()
00178808 00000084 T __cxxabiv1::__class_type_info::__do_dyncast(int, __cxxabiv1::__class_type_info::__sub_kind, __cxxabiv1::__class_type_info const*, void const*, __cxxabiv1::__class_type_info const*, void const*, __cxxabiv1::__class_type_info::__dyncast_result&) const
0017888c 00000038 T __cxxabiv1::__class_type_info::__do_upcast(__cxxabiv1::__class_type_info const*, void const*, __cxxabiv1::__class_type_info::__upcast_result&) const
001788c4 00000090 T __cxxabiv1::__class_type_info::__do_upcast(__cxxabiv1::__class_type_info const*, void**) const
00178954 0000005c T __cxxabiv1::__class_type_info::__do_catch(std::type_info const*, void**, unsigned int) const
001789b0 00000004 T operator delete(void*, unsigned int)
001789b4 00000184 T __dynamic_cast
00178b38 000000f4 t (anonymous namespace)::pool::free(void*) [clone .constprop.0]
00178c2c 000000b8 t (anonymous namespace)::pool::allocate(unsigned int) [clone .constprop.0]
00178ce4 00000044 T __cxa_allocate_exception
00178d28 00000028 T __cxa_free_exception
00178d50 000001a0 t _GLOBAL__sub_I__ZN9__gnu_cxx9__freeresEv
00178ef0 00000018 t _GLOBAL__sub_D__ZN9__gnu_cxx9__freeresEv
00178f08 T __cxa_end_cleanup
00178f18 00000138 T __cxa_type_match
00179050 000000b4 T __cxa_begin_cleanup
00179104 000000b0 T __gnu_end_cleanup
001791b4 0000002c T __cxa_throw_bad_array_new_length
001791e0 00000070 t __cxxabiv1::__is_gxx_exception_class(char*)
00179250 0000002c T __cxa_call_terminate
0017927c 0000014c T __cxa_call_unexpected
001793c8 000000e0 T __cxa_begin_catch
001794a8 000000e0 T __cxa_end_catch
00179588 00000018 T std::uncaught_exception()
001795a0 00000004 T std::exception::~exception()
001795a0 00000004 T std::exception::~exception()
001795a4 00000004 T std::bad_exception::~bad_exception()
001795a4 00000004 T std::bad_exception::~bad_exception()
001795a8 0000000c T transaction clone for std::bad_exception::what() const
001795a8 0000000c T std::bad_exception::what() const
001795b4 00000020 T std::bad_exception::~bad_exception()
001795d4 00000038 t eh_globals_dtor(void*)
0017960c 00000038 T __cxa_get_globals_fast
00179644 00000090 T __cxa_get_globals
001796d4 00000030 t _GLOBAL__sub_I__ZN17__eh_globals_init7_S_initE
00179704 00000034 t _GLOBAL__sub_D__ZN17__eh_globals_init7_S_initE
00179738 00000150 t read_encoded_value_with_base(unsigned char, unsigned int, unsigned char const*, unsigned int*)
00179888 00000058 t base_of_encoded_value(unsigned char, _Unwind_Context*)
001798e0 000000f0 t parse_lsda_header(_Unwind_Context*, unsigned char const*, lsda_header_info*)
001799d0 0000074c T __gxx_personality_v0
0017a11c 00000014 T __cxxabiv1::__terminate(void (*)())
0017a130 00000018 T std::terminate()
0017a148 0000000c T __cxxabiv1::__unexpected(void (*)())
0017a154 00000018 T std::unexpected()
0017a16c 00000014 T std::get_terminate()
0017a180 00000014 T std::get_unexpected()
0017a194 00000070 t __gxx_exception_cleanup(_Unwind_Reason_Code, _Unwind_Control_Block*)
0017a204 00000080 T __cxa_throw
0017a284 000000b0 T __cxa_rethrow
0017a334 0000000c W __gnu_cxx::__concurrence_broadcast_error::what() const
0017a340 0000000c W __gnu_cxx::__concurrence_wait_error::what() const
0017a350 00000038 t (anonymous namespace)::init()
0017a388 00000024 t (anonymous namespace)::init_static_cond()
0017a3ac 00000020 W __gnu_cxx::__concurrence_wait_error::~__concurrence_wait_error()
0017a3ac 00000020 W __gnu_cxx::__concurrence_wait_error::~__concurrence_wait_error()
0017a3cc 0000002c W __gnu_cxx::__concurrence_wait_error::~__concurrence_wait_error()
0017a3f8 00000020 W __gnu_cxx::__concurrence_broadcast_error::~__concurrence_broadcast_error()
0017a3f8 00000020 W __gnu_cxx::__concurrence_broadcast_error::~__concurrence_broadcast_error()
0017a418 0000002c W __gnu_cxx::__concurrence_broadcast_error::~__concurrence_broadcast_error()
0017a444 0000002c W __gnu_cxx::__throw_concurrence_broadcast_error()
0017a470 00000124 T __cxa_guard_acquire
0017a594 0000008c T __cxa_guard_release
0017a620 00000014 T std::get_new_handler()
0017a634 0000001c T operator new[](unsigned int, std::nothrow_t const&)
0017a650 00000020 T __cxxabiv1::__si_class_type_info::~__si_class_type_info()
0017a650 00000020 T __cxxabiv1::__si_class_type_info::~__si_class_type_info()
0017a670 0000002c T __cxxabiv1::__si_class_type_info::~__si_class_type_info()
0017a69c 0000006c T __cxxabiv1::__si_class_type_info::__do_find_public_src(int, void const*, __cxxabiv1::__class_type_info const*, void const*) const
0017a708 000000e4 T __cxxabiv1::__si_class_type_info::__do_dyncast(int, __cxxabiv1::__class_type_info::__sub_kind, __cxxabiv1::__class_type_info const*, void const*, __cxxabiv1::__class_type_info const*, void const*, __cxxabiv1::__class_type_info::__dyncast_result&) const
0017a7ec 00000044 T __cxxabiv1::__si_class_type_info::__do_upcast(__cxxabiv1::__class_type_info const*, void const*, __cxxabiv1::__class_type_info::__upcast_result&) const
0017a830 00000004 T std::type_info::~type_info()
0017a830 00000004 T std::type_info::~type_info()
0017a834 00000008 T std::type_info::__is_pointer_p() const
0017a834 00000008 T std::type_info::__is_function_p() const
0017a83c 0000004c T std::type_info::__equal(std::type_info const&) const
0017a83c 0000004c T std::type_info::operator==(std::type_info const&) const
0017a888 00000020 T __cxxabiv1::__vmi_class_type_info::~__vmi_class_type_info()
0017a888 00000020 T __cxxabiv1::__vmi_class_type_info::~__vmi_class_type_info()
0017a8a8 0000002c T __cxxabiv1::__vmi_class_type_info::~__vmi_class_type_info()
0017a8d4 000000cc T __cxxabiv1::__vmi_class_type_info::__do_find_public_src(int, void const*, __cxxabiv1::__class_type_info const*, void const*) const
0017a9a0 000006ac T __cxxabiv1::__vmi_class_type_info::__do_dyncast(int, __cxxabiv1::__class_type_info::__sub_kind, __cxxabiv1::__class_type_info const*, void const*, __cxxabiv1::__class_type_info const*, void const*, __cxxabiv1::__class_type_info::__dyncast_result&) const
0017b04c 00000264 t __cxxabiv1::__vmi_class_type_info::__do_upcast(__cxxabiv1::__class_type_info const*, void const*, __cxxabiv1::__class_type_info::__upcast_result&) const [clone .part.0]
0017b2b0 00000038 T __cxxabiv1::__vmi_class_type_info::__do_upcast(__cxxabiv1::__class_type_info const*, void const*, __cxxabiv1::__class_type_info::__upcast_result&) const
0017b2e8 00000068 t std::(anonymous namespace)::__set_C_locale()
0017b350 000000c4 T void std::__convert_to_v<float>(char const*, float&, std::_Ios_Iostate&, int* const&)
0017b418 000000dc T void std::__convert_to_v<double>(char const*, double&, std::_Ios_Iostate&, int* const&)
0017b4f8 000000d0 T void std::__convert_to_v<long double>(char const*, long double&, std::_Ios_Iostate&, int* const&)
0017b5c8 00000034 T std::locale::facet::_S_create_c_locale(int*&, char const*, int*)
0017b5fc 0000000c T std::locale::facet::_S_destroy_c_locale(int*&)
0017b608 0000001c T std::codecvt<char, char, _mbstate_t>::do_in(_mbstate_t&, char const*, char const*, char const*&, char*, char*, char*&) const
0017b608 0000001c T std::codecvt<char, char, _mbstate_t>::do_out(_mbstate_t&, char const*, char const*, char const*&, char*, char*, char*&) const
0017b624 00000010 T std::codecvt<char, char, _mbstate_t>::do_unshift(_mbstate_t&, char*, char*, char*&) const
0017b624 00000010 T std::codecvt<wchar_t, char, _mbstate_t>::do_unshift(_mbstate_t&, char*, char*, char*&) const
0017b634 00000008 T std::codecvt<char, char, _mbstate_t>::do_encoding() const
0017b634 00000008 T std::codecvt<char, char, _mbstate_t>::do_max_length() const
0017b63c 00000008 T std::codecvt<char, char, _mbstate_t>::do_always_noconv() const
0017b644 00000014 T std::codecvt<char, char, _mbstate_t>::do_length(_mbstate_t&, char const*, char const*, unsigned int) const
0017b658 00000008 T std::codecvt<wchar_t, char, _mbstate_t>::do_always_noconv() const
0017b660 00000048 T std::codecvt<char, char, _mbstate_t>::~codecvt()
0017b660 00000048 T std::codecvt<char, char, _mbstate_t>::~codecvt()
0017b6a8 00000048 T std::codecvt<wchar_t, char, _mbstate_t>::~codecvt()
0017b6a8 00000048 T std::codecvt<wchar_t, char, _mbstate_t>::~codecvt()
0017b6f0 0000005c T std::codecvt<char, char, _mbstate_t>::~codecvt()
0017b74c 0000005c T std::codecvt<wchar_t, char, _mbstate_t>::~codecvt()
0017b7a8 00000048 T std::codecvt<char, char, _mbstate_t>::codecvt(unsigned int)
0017b7a8 00000048 T std::codecvt<char, char, _mbstate_t>::codecvt(unsigned int)
0017b7f0 00000048 T std::codecvt<wchar_t, char, _mbstate_t>::codecvt(unsigned int)
0017b7f0 00000048 T std::codecvt<wchar_t, char, _mbstate_t>::codecvt(unsigned int)
0017b838 0000015c T std::codecvt<wchar_t, char, _mbstate_t>::do_out(_mbstate_t&, wchar_t const*, wchar_t const*, wchar_t const*&, char*, char*, char*&) const
0017b994 000000c0 T std::codecvt<wchar_t, char, _mbstate_t>::do_in(_mbstate_t&, char const*, char const*, char const*&, wchar_t*, wchar_t*, wchar_t*&) const
0017ba54 00000028 T std::codecvt<wchar_t, char, _mbstate_t>::do_encoding() const
0017ba7c 0000001c T std::codecvt<wchar_t, char, _mbstate_t>::do_max_length() const
0017ba98 000000a0 T std::codecvt<wchar_t, char, _mbstate_t>::do_length(_mbstate_t&, char const*, char const*, unsigned int) const
0017bb38 00000020 T std::__cxx11::collate<char>::_M_compare(char const*, char const*) const
0017bb58 00000010 T std::__cxx11::collate<char>::_M_transform(char*, char const*, unsigned int) const
0017bb68 00000020 T std::__cxx11::collate<wchar_t>::_M_compare(wchar_t const*, wchar_t const*) const
0017bb88 00000010 T std::__cxx11::collate<wchar_t>::_M_transform(wchar_t*, wchar_t const*, unsigned int) const
0017bb98 00000020 T std::collate<char>::_M_compare(char const*, char const*) const
0017bbb8 00000010 T std::collate<char>::_M_transform(char*, char const*, unsigned int) const
0017bbc8 00000020 T std::collate<wchar_t>::_M_compare(wchar_t const*, wchar_t const*) const
0017bbe8 00000010 T std::collate<wchar_t>::_M_transform(wchar_t*, wchar_t const*, unsigned int) const
0017bbf8 00000048 T std::ios_base::_M_init()
0017bc40 000000d8 t std::(anonymous namespace)::day_of_the_week(int, int, int)
0017bd18 000000e4 T std::__num_base::_S_format_float(std::ios_base const&, char*, char)
0017bdfc 000000e0 T std::__verify_grouping_impl(char const*, unsigned int, char const*, unsigned int)
0017bedc 0000000c T std::__verify_grouping(char const*, unsigned int, std::string const&)
0017bee8 000006c8 T std::__time_get_state::_M_finalize_state(tm*)
0017c5b0 000000cc T std::__cxx11::messages<char>::do_get(int, int, int, std::__cxx11::basic_string<char, std::char_traits<char>, std::allocator<char> > const&) const
0017c67c 000000c8 T std::__cxx11::messages<wchar_t>::do_get(int, int, int, std::__cxx11::basic_string<wchar_t, std::char_traits<wchar_t>, std::allocator<wchar_t> > const&) const
0017c744 00000088 T std::messages<char>::do_get(int, int, int, std::string const&) const
0017c7cc 00000088 T std::messages<wchar_t>::do_get(int, int, int, std::basic_string<wchar_t, std::char_traits<wchar_t>, std::allocator<wchar_t> > const&) const
0017c854 00000020 T std::__verify_grouping(char const*, unsigned int, std::__cxx11::basic_string<char, std::char_traits<char>, std::allocator<char> > const&)
0017c874 00000108 T std::__cxx11::moneypunct<char, true>::_M_initialize_moneypunct(int*, char const*)
0017c97c 00000108 T std::__cxx11::moneypunct<char, false>::_M_initialize_moneypunct(int*, char const*)
0017ca84 00000048 T std::__cxx11::moneypunct<char, true>::~moneypunct()
0017ca84 00000048 T std::__cxx11::moneypunct<char, true>::~moneypunct()
0017cacc 0000005c T std::__cxx11::moneypunct<char, true>::~moneypunct()
0017cb28 00000048 T std::__cxx11::moneypunct<char, false>::~moneypunct()
0017cb28 00000048 T std::__cxx11::moneypunct<char, false>::~moneypunct()
0017cb70 0000005c T std::__cxx11::moneypunct<char, false>::~moneypunct()
0017cbcc 00000118 T std::__cxx11::moneypunct<wchar_t, true>::_M_initialize_moneypunct(int*, char const*)
0017cce4 00000118 T std::__cxx11::moneypunct<wchar_t, false>::_M_initialize_moneypunct(int*, char const*)
0017cdfc 00000048 T std::__cxx11::moneypunct<wchar_t, true>::~moneypunct()
0017cdfc 00000048 T std::__cxx11::moneypunct<wchar_t, true>::~moneypunct()
0017ce44 0000005c T std::__cxx11::moneypunct<wchar_t, true>::~moneypunct()
0017cea0 00000048 T std::__cxx11::moneypunct<wchar_t, false>::~moneypunct()
0017cea0 00000048 T std::__cxx11::moneypunct<wchar_t, false>::~moneypunct()
0017cee8 0000005c T std::__cxx11::moneypunct<wchar_t, false>::~moneypunct()
0017cf44 00000108 T std::moneypunct<char, true>::_M_initialize_moneypunct(int*, char const*)
0017d04c 00000108 T std::moneypunct<char, false>::_M_initialize_moneypunct(int*, char const*)
0017d154 00000078 T std::moneypunct<char, true>::~moneypunct()
0017d154 00000078 T std::moneypunct<char, true>::~moneypunct()
0017d1cc 00000028 T std::moneypunct<char, true>::~moneypunct()
0017d1f4 00000078 T std::moneypunct<char, false>::~moneypunct()
0017d1f4 00000078 T std::moneypunct<char, false>::~moneypunct()
0017d26c 00000028 T std::moneypunct<char, false>::~moneypunct()
0017d294 00000118 T std::moneypunct<wchar_t, true>::_M_initialize_moneypunct(int*, char const*)
0017d3ac 00000118 T std::moneypunct<wchar_t, false>::_M_initialize_moneypunct(int*, char const*)
0017d4c4 00000078 T std::moneypunct<wchar_t, true>::~moneypunct()
0017d4c4 00000078 T std::moneypunct<wchar_t, true>::~moneypunct()
0017d53c 00000028 T std::moneypunct<wchar_t, true>::~moneypunct()
0017d564 00000078 T std::moneypunct<wchar_t, false>::~moneypunct()
0017d564 00000078 T std::moneypunct<wchar_t, false>::~moneypunct()
0017d5dc 00000028 T std::moneypunct<wchar_t, false>::~moneypunct()
0017d604 0000011c T std::__cxx11::numpunct<char>::_M_initialize_numpunct(int*)
0017d720 00000048 T std::__cxx11::numpunct<char>::~numpunct()
0017d720 00000048 T std::__cxx11::numpunct<char>::~numpunct()
0017d768 0000005c T std::__cxx11::numpunct<char>::~numpunct()
0017d7c4 00000104 T std::__cxx11::numpunct<wchar_t>::_M_initialize_numpunct(int*)
0017d8c8 00000048 T std::__cxx11::numpunct<wchar_t>::~numpunct()
0017d8c8 00000048 T std::__cxx11::numpunct<wchar_t>::~numpunct()
0017d910 0000005c T std::__cxx11::numpunct<wchar_t>::~numpunct()
0017d96c 0000011c T std::numpunct<char>::_M_initialize_numpunct(int*)
0017da88 00000078 T std::numpunct<char>::~numpunct()
0017da88 00000078 T std::numpunct<char>::~numpunct()
0017db00 00000028 T std::numpunct<char>::~numpunct()
0017db28 00000104 T std::numpunct<wchar_t>::_M_initialize_numpunct(int*)
0017dc2c 00000078 T std::numpunct<wchar_t>::~numpunct()
0017dc2c 00000078 T std::numpunct<wchar_t>::~numpunct()
0017dca4 00000028 T std::numpunct<wchar_t>::~numpunct()
0017dccc 00000008 T std::logic_error::what() const
0017dccc 00000008 T std::runtime_error::what() const
0017dcd4 00000078 T std::logic_error::~logic_error()
0017dcd4 00000078 T std::logic_error::~logic_error()
0017dd4c 00000078 T std::runtime_error::~runtime_error()
0017dd4c 00000078 T std::runtime_error::~runtime_error()
0017ddc4 00000080 T std::runtime_error::~runtime_error()
0017de44 00000078 T std::length_error::~length_error()
0017de44 00000078 T std::length_error::~length_error()
0017debc 00000078 T std::out_of_range::~out_of_range()
0017debc 00000078 T std::out_of_range::~out_of_range()
0017df34 00000080 T std::logic_error::~logic_error()
0017dfb4 00000080 T std::length_error::~length_error()
0017e034 00000080 T std::out_of_range::~out_of_range()
0017e0b4 00000098 T std::__timepunct<char>::_M_put(char*, unsigned int, char const*, tm const*) const
0017e14c 00000304 T std::__timepunct<char>::_M_initialize_timepunct(int*)
0017e450 00000098 T std::__timepunct<wchar_t>::_M_put(wchar_t*, unsigned int, wchar_t const*, tm const*) const
0017e4e8 00000304 T std::__timepunct<wchar_t>::_M_initialize_timepunct(int*)
0017e7ec 00000010 T std::__codecvt_utf8_base<char32_t>::do_unshift(_mbstate_t&, char*, char*, char*&) const
0017e7ec 00000010 T std::__codecvt_utf8_base<char16_t>::do_unshift(_mbstate_t&, char*, char*, char*&) const
0017e7ec 00000010 T std::__codecvt_utf8_base<wchar_t>::do_unshift(_mbstate_t&, char*, char*, char*&) const
0017e7ec 00000010 T std::__codecvt_utf16_base<char32_t>::do_unshift(_mbstate_t&, char*, char*, char*&) const
0017e7ec 00000010 T std::__codecvt_utf16_base<char16_t>::do_unshift(_mbstate_t&, char*, char*, char*&) const
0017e7ec 00000010 T std::__codecvt_utf16_base<wchar_t>::do_unshift(_mbstate_t&, char*, char*, char*&) const
0017e7ec 00000010 T std::__codecvt_utf8_utf16_base<char32_t>::do_unshift(_mbstate_t&, char*, char*, char*&) const
0017e7ec 00000010 T std::__codecvt_utf8_utf16_base<char16_t>::do_unshift(_mbstate_t&, char*, char*, char*&) const
0017e7ec 00000010 T std::__codecvt_utf8_utf16_base<wchar_t>::do_unshift(_mbstate_t&, char*, char*, char*&) const
0017e7ec 00000010 T std::codecvt<char32_t, char, _mbstate_t>::do_unshift(_mbstate_t&, char*, char*, char*&) const
0017e7ec 00000010 T std::codecvt<char16_t, char, _mbstate_t>::do_unshift(_mbstate_t&, char*, char*, char*&) const
0017e7fc 00000008 T std::__codecvt_utf8_base<char32_t>::do_encoding() const
0017e7fc 00000008 T std::__codecvt_utf8_base<char16_t>::do_encoding() const
0017e7fc 00000008 T std::__codecvt_utf8_base<wchar_t>::do_encoding() const
0017e7fc 00000008 T std::__codecvt_utf16_base<char32_t>::do_encoding() const
0017e7fc 00000008 T std::__codecvt_utf16_base<char16_t>::do_encoding() const
0017e7fc 00000008 T std::__codecvt_utf16_base<wchar_t>::do_encoding() const
0017e7fc 00000008 T std::__codecvt_utf8_utf16_base<char32_t>::do_encoding() const
0017e7fc 00000008 T std::__codecvt_utf8_utf16_base<char16_t>::do_encoding() const
0017e7fc 00000008 T std::__codecvt_utf8_utf16_base<wchar_t>::do_encoding() const
0017e7fc 00000008 T std::codecvt<char32_t, char8_t, _mbstate_t>::do_encoding() const
0017e7fc 00000008 T std::codecvt<char32_t, char, _mbstate_t>::do_encoding() const
0017e7fc 00000008 T std::codecvt<char16_t, char8_t, _mbstate_t>::do_encoding() const
0017e7fc 00000008 T std::codecvt<char16_t, char, _mbstate_t>::do_encoding() const
0017e804 00000008 T std::__codecvt_utf8_base<char32_t>::do_always_noconv() const
0017e804 00000008 T std::__codecvt_utf8_base<char16_t>::do_always_noconv() const
0017e804 00000008 T std::__codecvt_utf8_base<wchar_t>::do_always_noconv() const
0017e804 00000008 T std::__codecvt_utf16_base<char32_t>::do_always_noconv() const
0017e804 00000008 T std::__codecvt_utf16_base<char16_t>::do_always_noconv() const
0017e804 00000008 T std::__codecvt_utf16_base<wchar_t>::do_always_noconv() const
0017e804 00000008 T std::__codecvt_utf8_utf16_base<char32_t>::do_always_noconv() const
0017e804 00000008 T std::__codecvt_utf8_utf16_base<char16_t>::do_always_noconv() const
0017e804 00000008 T std::__codecvt_utf8_utf16_base<wchar_t>::do_always_noconv() const
0017e804 00000008 T std::codecvt<char32_t, char8_t, _mbstate_t>::do_always_noconv() const
0017e804 00000008 T std::codecvt<char32_t, char, _mbstate_t>::do_always_noconv() const
0017e804 00000008 T std::codecvt<char16_t, char8_t, _mbstate_t>::do_always_noconv() const
0017e804 00000008 T std::codecvt<char16_t, char, _mbstate_t>::do_always_noconv() const
0017e80c 00000008 T std::codecvt<char32_t, char8_t, _mbstate_t>::do_max_length() const
0017e80c 00000008 T std::codecvt<char32_t, char, _mbstate_t>::do_max_length() const
0017e80c 00000008 T std::codecvt<char16_t, char8_t, _mbstate_t>::do_max_length() const
0017e80c 00000008 T std::codecvt<char16_t, char, _mbstate_t>::do_max_length() const
0017e814 00000010 T std::codecvt<char32_t, char8_t, _mbstate_t>::do_unshift(_mbstate_t&, char8_t*, char8_t*, char8_t*&) const
0017e814 00000010 T std::codecvt<char16_t, char8_t, _mbstate_t>::do_unshift(_mbstate_t&, char8_t*, char8_t*, char8_t*&) const
0017e824 000001c0 t char32_t std::(anonymous namespace)::read_utf8_code_point<char>(std::(anonymous namespace)::range<char const, true>&, unsigned long)
0017e9e4 000001c0 t char32_t std::(anonymous namespace)::read_utf8_code_point<char8_t>(std::(anonymous namespace)::range<char8_t const, true>&, unsigned long)
0017eba4 00000020 T std::codecvt<char16_t, char, _mbstate_t>::~codecvt()
0017eba4 00000020 T std::codecvt<char16_t, char, _mbstate_t>::~codecvt()
0017ebc4 00000020 T std::codecvt<char32_t, char, _mbstate_t>::~codecvt()
0017ebc4 00000020 T std::codecvt<char32_t, char, _mbstate_t>::~codecvt()
0017ebe4 00000020 T std::codecvt<char16_t, char8_t, _mbstate_t>::~codecvt()
0017ebe4 00000020 T std::codecvt<char16_t, char8_t, _mbstate_t>::~codecvt()
0017ec04 00000020 T std::codecvt<char32_t, char8_t, _mbstate_t>::~codecvt()
0017ec04 00000020 T std::codecvt<char32_t, char8_t, _mbstate_t>::~codecvt()
0017ec24 00000028 T std::codecvt<char16_t, char, _mbstate_t>::~codecvt()
0017ec4c 00000028 T std::codecvt<char32_t, char, _mbstate_t>::~codecvt()
0017ec74 00000028 T std::codecvt<char16_t, char8_t, _mbstate_t>::~codecvt()
0017ec9c 00000028 T std::codecvt<char32_t, char8_t, _mbstate_t>::~codecvt()
0017ecc4 00000104 t bool std::(anonymous namespace)::write_utf8_code_point<char>(std::(anonymous namespace)::range<char, true>&, char32_t)
0017edc8 00000104 t bool std::(anonymous namespace)::write_utf8_code_point<char8_t>(std::(anonymous namespace)::range<char8_t, true>&, char32_t) [clone .part.0]
0017eecc 000000c8 t std::codecvt_base::result std::(anonymous namespace)::utf16_out<char16_t, char>(std::(anonymous namespace)::range<char16_t const, true>&, std::(anonymous namespace)::range<char, true>&, unsigned long, std::codecvt_mode, std::(anonymous namespace)::surrogates) [clone .part.0]
0017ef94 00000060 T std::codecvt<char16_t, char, _mbstate_t>::do_out(_mbstate_t&, char16_t const*, char16_t const*, char16_t const*&, char*, char*, char*&) const
0017eff4 00000060 T std::codecvt<char32_t, char8_t, _mbstate_t>::do_length(_mbstate_t&, char8_t const*, char8_t const*, unsigned int) const
0017f054 0000008c T std::codecvt<char32_t, char8_t, _mbstate_t>::do_in(_mbstate_t&, char8_t const*, char8_t const*, char8_t const*&, char32_t*, char32_t*, char32_t*&) const
0017f0e0 0000009c T std::codecvt<char16_t, char8_t, _mbstate_t>::do_length(_mbstate_t&, char8_t const*, char8_t const*, unsigned int) const
0017f17c 000000e4 T std::codecvt<char16_t, char8_t, _mbstate_t>::do_out(_mbstate_t&, char16_t const*, char16_t const*, char16_t const*&, char8_t*, char8_t*, char8_t*&) const
0017f260 00000104 t std::codecvt_base::result std::(anonymous namespace)::utf16_in<char, char16_t>(std::(anonymous namespace)::range<char const, true>&, std::(anonymous namespace)::range<char16_t, true>&, unsigned long, std::codecvt_mode)
0017f364 00000060 T std::codecvt<char16_t, char, _mbstate_t>::do_in(_mbstate_t&, char const*, char const*, char const*&, char16_t*, char16_t*, char16_t*&) const
0017f3c4 000000b4 T std::codecvt<char32_t, char8_t, _mbstate_t>::do_out(_mbstate_t&, char32_t const*, char32_t const*, char32_t const*&, char8_t*, char8_t*, char8_t*&) const
0017f478 00000098 T std::codecvt<char32_t, char, _mbstate_t>::do_out(_mbstate_t&, char32_t const*, char32_t const*, char32_t const*&, char*, char*, char*&) const
0017f510 000000e0 T std::codecvt<char16_t, char8_t, _mbstate_t>::do_in(_mbstate_t&, char8_t const*, char8_t const*, char8_t const*&, char16_t*, char16_t*, char16_t*&) const
0017f5f0 00000060 T std::codecvt<char32_t, char, _mbstate_t>::do_length(_mbstate_t&, char const*, char const*, unsigned int) const
0017f650 0000008c T std::codecvt<char32_t, char, _mbstate_t>::do_in(_mbstate_t&, char const*, char const*, char const*&, char32_t*, char32_t*, char32_t*&) const
0017f6dc 0000009c T std::codecvt<char16_t, char, _mbstate_t>::do_length(_mbstate_t&, char const*, char const*, unsigned int) const
0017f778 000006a4 T std::locale::_Impl::_M_init_extra(std::locale::facet**)
0017fe1c 000000dc T std::logic_error::logic_error(char const*)
0017fe1c 000000dc T std::logic_error::logic_error(char const*)
0017fef8 00000020 T std::length_error::length_error(char const*)
0017fef8 00000020 T std::length_error::length_error(char const*)
0017ff18 00000020 T std::out_of_range::out_of_range(char const*)
0017ff18 00000020 T std::out_of_range::out_of_range(char const*)
0017ff38 000000dc T std::runtime_error::runtime_error(char const*)
0017ff38 000000dc T std::runtime_error::runtime_error(char const*)
00180014 000000c4 T std::__cow_string::__cow_string(char const*, unsigned int)
00180014 000000c4 T std::__cow_string::__cow_string(char const*, unsigned int)
001800d8 00000044 T std::ctype<char>::~ctype()
001800d8 00000044 T std::ctype<char>::~ctype()
0018011c 00000034 T std::ctype<wchar_t>::~ctype()
0018011c 00000034 T std::ctype<wchar_t>::~ctype()
00180150 0000003c W std::ctype<char>::do_narrow(char const*, char const*, char, char*) const
0018018c 0000003c T std::ctype<wchar_t>::~ctype()
001801c8 0000004c T std::ctype<char>::~ctype()
00180214 00000094 T std::ctype<char>::_M_widen_init() const
001802a8 00000058 T std::ctype<wchar_t>::ctype(unsigned int)
001802a8 00000058 T std::ctype<wchar_t>::ctype(unsigned int)
00180300 0000001c T std::ctype<char>::do_toupper(char) const
0018031c 00000018 T std::ctype<char>::do_tolower(char) const
00180334 00000080 T std::ctype<char>::ctype(char const*, bool, unsigned int)
00180334 00000080 T std::ctype<char>::ctype(char const*, bool, unsigned int)
001803b4 0000007c T std::ctype<char>::do_toupper(char*, char const*) const
00180430 00000078 T std::ctype<char>::do_tolower(char*, char const*) const
001804a8 00000060 T std::ctype<wchar_t>::do_is(char, wchar_t) const
00180508 000000d4 T std::ctype<wchar_t>::_M_convert_to_wmask(char) const
001805dc 00000008 T std::ctype<wchar_t>::do_toupper(wchar_t) const
001805e4 00000044 T std::ctype<wchar_t>::do_toupper(wchar_t*, wchar_t const*) const
00180628 00000008 T std::ctype<wchar_t>::do_tolower(wchar_t) const
00180630 00000044 T std::ctype<wchar_t>::do_tolower(wchar_t*, wchar_t const*) const
00180674 00000088 T std::ctype<wchar_t>::do_is(wchar_t const*, wchar_t const*, char*) const
001806fc 000000d8 T std::ctype<wchar_t>::do_scan_is(char, wchar_t const*, wchar_t const*) const
001807d4 000000d0 T std::ctype<wchar_t>::do_scan_not(char, wchar_t const*, wchar_t const*) const
001808a4 0000000c T std::ctype<wchar_t>::do_widen(char) const
001808b0 0000003c T std::ctype<wchar_t>::do_widen(char const*, char const*, wchar_t*) const
001808ec 00000040 T std::ctype<wchar_t>::do_narrow(wchar_t, char) const
0018092c 000000b4 T std::ctype<wchar_t>::do_narrow(wchar_t const*, wchar_t const*, char, char*) const
001809e0 000000b0 T std::ctype<wchar_t>::_M_initialize_ctype()
00180a90 00000004 T std::ios_base::failure[abi:cxx11]::what() const
00180a94 00000020 T std::ios_base::failure[abi:cxx11]::~failure()
00180a94 00000020 T std::ios_base::failure[abi:cxx11]::~failure()
00180ab4 00000028 T std::ios_base::failure[abi:cxx11]::~failure()
00180adc 00000020 T std::__iosfail_type_info::~__iosfail_type_info()
00180adc 00000020 T std::__iosfail_type_info::~__iosfail_type_info()
00180afc 00000028 T std::__iosfail_type_info::~__iosfail_type_info()
00180b24 0000004c T std::__iosfail_type_info::__do_upcast(__cxxabiv1::__class_type_info const*, void**) const
00180b70 00000034 W std::__ios_failure::~__ios_failure()
00180b70 00000034 W std::__ios_failure::~__ios_failure()
00180ba4 0000003c W std::__ios_failure::~__ios_failure()
00180be0 00000094 T std::__throw_ios_failure(char const*)
00180c74 000000b0 T std::__throw_ios_failure(char const*, int)
00180d24 0000000c W std::__cxx11::moneypunct<char, false>::do_decimal_point() const
00180d30 0000000c W std::__cxx11::moneypunct<char, false>::do_thousands_sep() const
00180d3c 0000000c W std::__cxx11::moneypunct<char, false>::do_frac_digits() const
00180d48 00000014 W std::__cxx11::moneypunct<char, false>::do_pos_format() const
00180d5c 00000014 W std::__cxx11::moneypunct<char, false>::do_neg_format() const
00180d70 0000000c W std::__cxx11::moneypunct<char, true>::do_decimal_point() const
00180d7c 0000000c W std::__cxx11::moneypunct<char, true>::do_thousands_sep() const
00180d88 0000000c W std::__cxx11::moneypunct<char, true>::do_frac_digits() const
00180d94 00000014 W std::__cxx11::moneypunct<char, true>::do_pos_format() const
00180da8 00000014 W std::__cxx11::moneypunct<char, true>::do_neg_format() const
00180dbc 0000000c W std::__cxx11::numpunct<char>::do_decimal_point() const
00180dc8 0000000c W std::__cxx11::numpunct<char>::do_thousands_sep() const
00180dd4 00000008 W std::__cxx11::time_get<char, std::istreambuf_iterator<char, std::char_traits<char> > >::do_date_order() const
00180ddc 00000008 W std::__cxx11::messages<char>::do_open(std::__cxx11::basic_string<char, std::char_traits<char>, std::allocator<char> > const&, std::locale const&) const
00180de4 00000004 W std::__cxx11::messages<char>::do_close(int) const
00180de8 00000020 W std::__cxx11::collate<char>::do_hash(char const*, char const*) const
00180e08 00000020 W std::__cxx11::money_get<char, std::istreambuf_iterator<char, std::char_traits<char> > >::~money_get()
00180e08 00000020 W std::__cxx11::money_get<char, std::istreambuf_iterator<char, std::char_traits<char> > >::~money_get()
00180e28 00000028 W std::__cxx11::money_get<char, std::istreambuf_iterator<char, std::char_traits<char> > >::~money_get()
00180e50 00000020 W std::__cxx11::money_put<char, std::ostreambuf_iterator<char, std::char_traits<char> > >::~money_put()
00180e50 00000020 W std::__cxx11::money_put<char, std::ostreambuf_iterator<char, std::char_traits<char> > >::~money_put()
00180e70 00000028 W std::__cxx11::money_put<char, std::ostreambuf_iterator<char, std::char_traits<char> > >::~money_put()
00180e98 00000020 W std::__cxx11::time_get<char, std::istreambuf_iterator<char, std::char_traits<char> > >::~time_get()
00180e98 00000020 W std::__cxx11::time_get<char, std::istreambuf_iterator<char, std::char_traits<char> > >::~time_get()
00180eb8 00000028 W std::__cxx11::time_get<char, std::istreambuf_iterator<char, std::char_traits<char> > >::~time_get()
00180ee0 00000028 W std::__cxx11::messages<char>::~messages()
00180ee0 00000028 W std::__cxx11::messages<char>::~messages()
00180f08 0000001c W std::__cxx11::messages<char>::~messages()
00180f24 00000028 W std::__cxx11::collate<char>::~collate()
00180f24 00000028 W std::__cxx11::collate<char>::~collate()
00180f4c 00000094 t void std::__cxx11::basic_string<char, std::char_traits<char>, std::allocator<char> >::_M_construct<char const*>(char const*, char const*, std::forward_iterator_tag) [clone .isra.0]
00180fe0 00000030 W std::__cxx11::collate<char>::~collate()
00181010 00000058 W std::__cxx11::moneypunct<char, false>::do_grouping() const
00181068 00000058 W std::__cxx11::moneypunct<char, false>::do_curr_symbol() const
001810c0 00000058 W std::__cxx11::moneypunct<char, false>::do_positive_sign() const
00181118 00000058 W std::__cxx11::moneypunct<char, false>::do_negative_sign() const
00181170 00000058 W std::__cxx11::moneypunct<char, true>::do_grouping() const
001811c8 00000058 W std::__cxx11::moneypunct<char, true>::do_curr_symbol() const
00181220 00000058 W std::__cxx11::moneypunct<char, true>::do_positive_sign() const
00181278 00000058 W std::__cxx11::moneypunct<char, true>::do_negative_sign() const
001812d0 00000058 W std::__cxx11::numpunct<char>::do_grouping() const
00181328 00000058 W std::__cxx11::numpunct<char>::do_truename() const
00181380 00000058 W std::__cxx11::numpunct<char>::do_falsename() const
001813d8 000000f8 W std::__cxx11::collate<char>::do_compare(char const*, char const*, char const*, char const*) const
001814d0 000002c4 W std::__cxx11::collate<char>::do_transform(char const*, char const*) const
00181794 00001414 W std::istreambuf_iterator<char, std::char_traits<char> > std::__cxx11::money_get<char, std::istreambuf_iterator<char, std::char_traits<char> > >::_M_extract<true>(std::istreambuf_iterator<char, std::char_traits<char> >, std::istreambuf_iterator<char, std::char_traits<char> >, std::ios_base&, std::_Ios_Iostate&, std::__cxx11::basic_string<char, std::char_traits<char>, std::allocator<char> >&) const
00182ba8 00001414 W std::istreambuf_iterator<char, std::char_traits<char> > std::__cxx11::money_get<char, std::istreambuf_iterator<char, std::char_traits<char> > >::_M_extract<false>(std::istreambuf_iterator<char, std::char_traits<char> >, std::istreambuf_iterator<char, std::char_traits<char> >, std::ios_base&, std::_Ios_Iostate&, std::__cxx11::basic_string<char, std::char_traits<char>, std::allocator<char> >&) const
00183fbc 000000cc W std::__cxx11::money_get<char, std::istreambuf_iterator<char, std::char_traits<char> > >::do_get(std::istreambuf_iterator<char, std::char_traits<char> >, std::istreambuf_iterator<char, std::char_traits<char> >, bool, std::ios_base&, std::_Ios_Iostate&, long double&) const
00184088 0000018c W std::__cxx11::money_get<char, std::istreambuf_iterator<char, std::char_traits<char> > >::do_get(std::istreambuf_iterator<char, std::char_traits<char> >, std::istreambuf_iterator<char, std::char_traits<char> >, bool, std::ios_base&, std::_Ios_Iostate&, std::__cxx11::basic_string<char, std::char_traits<char>, std::allocator<char> >&) const
00184214 0000074c W std::ostreambuf_iterator<char, std::char_traits<char> > std::__cxx11::money_put<char, std::ostreambuf_iterator<char, std::char_traits<char> > >::_M_insert<true>(std::ostreambuf_iterator<char, std::char_traits<char> >, std::ios_base&, char, std::__cxx11::basic_string<char, std::char_traits<char>, std::allocator<char> > const&) const
00184960 0000074c W std::ostreambuf_iterator<char, std::char_traits<char> > std::__cxx11::money_put<char, std::ostreambuf_iterator<char, std::char_traits<char> > >::_M_insert<false>(std::ostreambuf_iterator<char, std::char_traits<char> >, std::ios_base&, char, std::__cxx11::basic_string<char, std::char_traits<char>, std::allocator<char> > const&) const
001850ac 000001f0 W std::__cxx11::money_put<char, std::ostreambuf_iterator<char, std::char_traits<char> > >::do_put(std::ostreambuf_iterator<char, std::char_traits<char> >, bool, std::ios_base&, char, long double) const
0018529c 00000054 W std::__cxx11::money_put<char, std::ostreambuf_iterator<char, std::char_traits<char> > >::do_put(std::ostreambuf_iterator<char, std::char_traits<char> >, bool, std::ios_base&, char, std::__cxx11::basic_string<char, std::char_traits<char>, std::allocator<char> > const&) const
001852f0 000002b4 W std::__cxx11::time_get<char, std::istreambuf_iterator<char, std::char_traits<char> > >::_M_extract_num(std::istreambuf_iterator<char, std::char_traits<char> >, std::istreambuf_iterator<char, std::char_traits<char> >, int&, int, int, unsigned int, std::ios_base&, std::_Ios_Iostate&) const
001855a4 00000918 W std::__cxx11::time_get<char, std::istreambuf_iterator<char, std::char_traits<char> > >::do_get_year(std::istreambuf_iterator<char, std::char_traits<char> >, std::istreambuf_iterator<char, std::char_traits<char> >, std::ios_base&, std::_Ios_Iostate&, tm*) const
0018584c N 
0018584c N 
0018584c N 
0018584c N 
0018584c N 
0018584c N 
0018584c N 
0018584c N 
0018584c N 
0018584c N 
0018584c N 
0018584c N 
0018584c N 
0018584c N 
0018584c N 
0018584c N 
0018584c N 
0018584c N 
0018584c N 
0018584c N 
0018584c N 
0018584c N 
0018584c N 
0018584c N 
0018584c N 
0018584c N 
0018584c N 
0018584c N 
0018584c N 
0018584c N 
0018584c N 
0018584c W KoreanFFFFHiComMemoryRule.cpp.7eeabf61
00185ebc 00000d90 W std::__cxx11::time_get<char, std::istreambuf_iterator<char, std::char_traits<char> > >::_M_extract_name(std::istreambuf_iterator<char, std::char_traits<char> >, std::istreambuf_iterator<char, std::char_traits<char> >, int&, char const**, unsigned int, std::ios_base&, std::_Ios_Iostate&) const
00186c4c 000006bc W std::__cxx11::time_get<char, std::istreambuf_iterator<char, std::char_traits<char> > >::_M_extract_wday_or_month(std::istreambuf_iterator<char, std::char_traits<char> >, std::istreambuf_iterator<char, std::char_traits<char> >, int&, char const**, unsigned int, std::ios_base&, std::_Ios_Iostate&) const
00187308 00000244 W std::__cxx11::time_get<char, std::istreambuf_iterator<char, std::char_traits<char> > >::do_get_weekday(std::istreambuf_iterator<char, std::char_traits<char> >, std::istreambuf_iterator<char, std::char_traits<char> >, std::ios_base&, std::_Ios_Iostate&, tm*) const
0018754c 000002b4 W std::__cxx11::time_get<char, std::istreambuf_iterator<char, std::char_traits<char> > >::do_get_monthname(std::istreambuf_iterator<char, std::char_traits<char> >, std::istreambuf_iterator<char, std::char_traits<char> >, std::ios_base&, std::_Ios_Iostate&, tm*) const
00187800 0000241c W std::__cxx11::time_get<char, std::istreambuf_iterator<char, std::char_traits<char> > >::_M_extract_via_format(std::istreambuf_iterator<char, std::char_traits<char> >, std::istreambuf_iterator<char, std::char_traits<char> >, std::ios_base&, std::_Ios_Iostate&, tm*, char const*, std::__time_get_state&) const
00187800 0000241c t std::__cxx11::time_get<char, std::istreambuf_iterator<char, std::char_traits<char> > >::_M_extract_via_format(std::istreambuf_iterator<char, std::char_traits<char> >, std::istreambuf_iterator<char, std::char_traits<char> >, std::ios_base&, std::_Ios_Iostate&, tm*, char const*, std::__time_get_state&) const [clone .localalias]
00189c1c 000001b8 W std::__cxx11::time_get<char, std::istreambuf_iterator<char, std::char_traits<char> > >::do_get_time(std::istreambuf_iterator<char, std::char_traits<char> >, std::istreambuf_iterator<char, std::char_traits<char> >, std::ios_base&, std::_Ios_Iostate&, tm*) const
00189dd4 000001b8 W std::__cxx11::time_get<char, std::istreambuf_iterator<char, std::char_traits<char> > >::do_get_date(std::istreambuf_iterator<char, std::char_traits<char> >, std::istreambuf_iterator<char, std::char_traits<char> >, std::ios_base&, std::_Ios_Iostate&, tm*) const
00189f8c 000001f0 W std::__cxx11::time_get<char, std::istreambuf_iterator<char, std::char_traits<char> > >::do_get(std::istreambuf_iterator<char, std::char_traits<char> >, std::istreambuf_iterator<char, std::char_traits<char> >, std::ios_base&, std::_Ios_Iostate&, tm*, char, char) const
0018a17c 0000003c W std::__cxx11::messages<char>::messages(unsigned int)
0018a17c 0000003c W std::__cxx11::messages<char>::messages(unsigned int)
0018a1b8 000000a4 t _GLOBAL__sub_I__ZNSt12ctype_bynameIcEC2ERKNSt7__cxx1112basic_stringIcSt11char_traitsIcESaIcEEEj
0018a25c 00000030 T std::runtime_error::runtime_error(std::__cxx11::basic_string<char, std::char_traits<char>, std::allocator<char> > const&)
0018a25c 00000030 T std::runtime_error::runtime_error(std::__cxx11::basic_string<char, std::char_traits<char>, std::allocator<char> > const&)
0018a28c 0000000c t (anonymous namespace)::io_error_category::name() const
0018a298 00000020 t (anonymous namespace)::io_error_category::~io_error_category()
0018a298 00000020 t (anonymous namespace)::io_error_category::~io_error_category()
0018a2b8 00000028 t (anonymous namespace)::io_error_category::~io_error_category()
0018a2e0 00000084 t (anonymous namespace)::io_error_category::message[abi:cxx11](int) const
0018a364 0000000c T std::iostream_category()
0018a370 00000008 T std::ios_base::failure::what() const
0018a378 00000078 T std::ios_base::failure::~failure()
0018a378 00000078 T std::ios_base::failure::~failure()
0018a3f0 00000080 T std::ios_base::failure::~failure()
0018a470 000000b4 T std::ios_base::failure::failure(std::string const&)
0018a470 000000b4 T std::ios_base::failure::failure(std::string const&)
0018a524 00000114 T std::__construct_ios_failure(void*, char const*)
0018a638 000000a0 T std::__destroy_ios_failure(void*)
0018a6d8 0000000c T std::__is_ios_failure_handler(__cxxabiv1::__class_type_info const*)
0018a6e8 00000264 T sinf
0018a950 00000258 T log
0018aba8 000000b0 T sin
0018ac58 00000024 t with_errno
0018ac7c 00000028 t xflow
0018aca8 00000010 T __math_uflow
0018acb8 00000010 T __math_oflow
0018acc8 00000048 T __math_divzero
0018ad10 0000001c T __math_invalid
0018ad2c 00000014 T __math_check_uflow
0018ad40 00000028 T __math_check_oflow
0018ad68 00000310 T __ieee754_rem_pio2
0018b078 00000740 T pow
0018b7b8 000008b8 T __kernel_rem_pio2
0018c070 00000140 T scalbn
0018c1b0 000000c0 T __kernel_sin
0018c270 000000a8 T cos
0018c318 00000024 t with_errnof
0018c33c 0000001c T __math_invalidf
0018c358 00000144 T floor
0018c4a0 0000025c T cosf
0018c700 00000150 T __kernel_cos
0018c850 00000014 T fabs
0018c864 0000002c T __aeabi_d2lz
0018c864 0000002c T __fixdfdi
0018c890 00000040 T __aeabi_d2ulz
0018c890 00000040 T __fixunsdfdi
0018c8d0 00000130 T __udivmoddi4
0018ca00 00000018 t selfrel_offset31
0018ca18 00000090 t search_EIT_table
0018caa8 00000040 t __gnu_unwind_get_pr_addr
0018cae8 00000110 t get_eit_entry
0018cbf8 00000088 t restore_non_core_regs
0018cc80 00000014 t _Unwind_decode_typeinfo_ptr.constprop.0
0018cc94 00000004 t _Unwind_DebugHook
0018cc98 00000064 t unwind_phase2
0018ccfc 0000013c t unwind_phase2_forced
0018ce38 000000a4 T __gnu_Unwind_RaiseException
0018cedc 00000020 T __gnu_Unwind_ForcedUnwind
0018cefc 00000074 T __gnu_Unwind_Resume
0018cf70 00000020 T __gnu_Unwind_Resume_or_Rethrow
0018cf90 00000004 T _Unwind_Complete
0018cf94 00000018 T _Unwind_DeleteException
0018cfac 0000007c T _Unwind_VRS_Get
0018d028 0000002c t _Unwind_GetGR
0018d054 0000007c T _Unwind_VRS_Set
0018d0d0 0000002c t _Unwind_SetGR
0018d0fc 000000c0 T __gnu_Unwind_Backtrace
0018d1bc 00000404 t __gnu_unwind_pr_common
0018d5c0 00000008 T __aeabi_unwind_cpp_pr0
0018d5c8 00000008 W __aeabi_unwind_cpp_pr1
0018d5d0 00000008 W __aeabi_unwind_cpp_pr2
0018d5d8 00000454 T _Unwind_VRS_Pop
0018da2c 00000064 t next_unwind_byte
0018da90 0000002c t _Unwind_GetGR.constprop.0
0018dabc 00000004 t unwind_UCB_from_context
0018dac0 0000046c T __gnu_unwind_execute
0018df2c 00000048 T __gnu_unwind_frame
0018df74 00000010 T _Unwind_GetRegionStart
0018df84 0000001c T _Unwind_GetLanguageSpecificData
0018dfa0 00000008 T _Unwind_GetDataRelBase
0018dfa8 00000008 T _Unwind_GetTextRelBase
0018dfb0 000000e4 T strncat
0018e094 00000028 T fstat
0018e0bc 00000024 T getenv
0018e0e0 00000078 T sscanf
0018e158 00000128 T memcpy
0018e280 00000008 T wmemcpy
0018e288 00000008 T towupper
0018e290 0000008c T strlen
0018e31c 00000078 T bsearch
0018e394 00000140 t iso_year_adjust
0018e4d4 000011d0 t __strftime.isra.0
0018f6a4 00000038 T wcsftime
0018f6dc 00000050 t get_arg
0018f72c 00002b88 T __ssvfscanf_r
001922b4 00000134 T _fopen_r
001923e8 00000028 T fopen
00192410 00000060 t sulp
00192470 00001428 T _strtod_l
00193898 00000044 T _strtod_r
001938dc 00000048 T strtod
00193928 00000110 T strtof
00193a38 0000002c T wcslen
00193a64 00000028 T memalign
00193a8c 00000264 t _strtoull_l.isra.0
00193cf0 00000038 T _strtoull_r
00193d28 000000a0 T _wcrtomb_r
00193dc8 000000a8 T wcrtomb
00193e70 000000f4 t rshift
00193f64 000008b4 T __gethex
00194818 00000044 T towctrans
0019485c 000000c0 T fileno
0019491c 000001ec t _strtoul_l.isra.0
00194b08 00000038 T _strtoul_r
00194b40 0000003c T strtoul
00194b7c 000000c4 T _mbrtowc_r
00194c40 000000b8 T mbrtowc
00194cf8 00000140 T strchr
00194e38 0000000c T __tz_lock
00194e44 0000000c T __tz_unlock
00194e50 000000d8 T memcmp
00194f28 00000198 T _fgets_r
001950c0 00000030 T fgets
001950f0 00000028 T calloc
00195118 00000034 T wcscpy
0019514c 000000f8 T __sccl
00195244 00000334 t validate_structure
00195578 000004d8 T mktime
00195a50 0000016c T _memalign_r
00195bbc 0000007c T btowc
00195c38 0000000c T __errno
00195c44 0000000c T labs
00195c50 00000014 T abort
00195c64 00000164 T __smakebuf_r
00195dc8 00000030 T lseek
00195df8 0000047c t _strtoll_l.isra.0
00195f32 N 
00195f32 N 
00195f32 N 
00195f32 N 
00195f32 N 
00195f32 N 
00195f32 N 
00195f32 N 
00195f32 N 
00195f32 N 
00195f32 N 
00195f32 N 
00195f32 N 
00195f32 N 
00195f32 N 
00195f32 N 
00195f32 N 
00195f32 N 
00195f32 N 
00195f32 N 
00195f32 N 
00195f32 N 
00195f32 N 
00195f32 N 
00195f32 N 
00195f32 N 
00195f32 N 
00195f32 N 
00195f32 N 
00195f32 N 
00195f32 N 
00195f32 W KoreanMDFFF0MemoryRule.cpp.481a0f02
00196274 00000038 T _strtoll_r
001962ac 00000078 T __currentlocale
00196324 000007c8 T __loadlocale
00196aec 0000008c T __get_locale_env
00196b78 00000358 T _setlocale_r
00196ed0 00000024 T __locale_mb_cur_max
00196ef4 00000028 T setlocale
00196f1c 000000e4 T memset
00197000 00000030 T wmemchr
00197030 000000d8 T _calloc_r
00197108 0000022c T __sflush_r
00197334 000000c4 T _fflush_r
001973f8 00000044 T fflush
0019743c 00000088 T _vsnprintf_r
001974c4 00000038 T vsnprintf
001974fc 00000028 T realloc
00197524 00000258 T __tzcalc_limits
0019777c 0000082c T _malloc_r
00197fa8 00000114 T _malloc_trim_r
001980bc 00000314 T _free_r
001983d0 00000050 t get_arg
00198420 000000e4 T _sungetc_r
00198504 0000006c T __ssrefill_r
00198570 000000b4 T _sfread_r
00198624 000022c4 T __ssvfiscanf_r
0019a8e8 0000001c t stdio_exit_handler
0019a904 0000005c t cleanup_stdio
0019a960 00000154 t global_stdio_init.part.0
0019aab4 00000138 T __sfp
0019abec 0000005c T __sinit
0019ac48 0000000c T __sfp_lock_acquire
0019ac54 0000000c T __sfp_lock_release
0019ac60 00000384 t _strtol_l.part.0
0019afe4 0000006c T _strtol_r
0019b050 00000074 T strtol
0019b0c4 00000084 T __libc_init_array
0019b148 000000d4 T strncpy
0019b21c 0000001c T _fseek_r
0019b238 000001c8 T _wctype_r
0019b400 00000020 T wctype
0019b420 00000010 T _tzset_unlocked
0019b430 000000c4 T swprintf
0019b4f4 00000040 T malloc
0019b534 00000020 T free
0019b554 000000e8 T memchr
0019b63c 00000024 T wmemset
0019b660 00000004 T wcscoll
0019b664 00000030 T write
0019b694 00000058 T iswctype
0019b6ec 00000080 T wctob
0019b76c 0000000c T __gettzinfo
0019b778 00000040 T mbstowcs
0019b7b8 000000dc T _findenv_r
0019b894 00000018 T _getenv_r
0019b8ac 00000024 T _localeconv_r
0019b8d0 00000044 T __sread
0019b914 00000008 T __seofread
0019b91c 00000068 T __swrite
0019b984 00000040 T __sseek
0019b9c4 00000008 T __sclose
0019b9cc 00000078 T strxfrm
0019ba44 000001a8 T memmove
0019bbec 000004f0 T _realloc_r
0019c0dc 0000000c T __malloc_lock
0019c0e8 0000000c T __malloc_unlock
0019c0f4 00000588 T _fseeko_r
0019c67c 00000148 T _fclose_r
0019c7c4 00000020 T fclose
0019c7e4 00000048 T time
0019c82c 00000030 T read
0019c85c 00000004 W __call_exitprocs
0019c860 00000030 T exit
0019c890 00000008 T towlower
0019c898 000005e0 t get_arg
0019ce78 0000345c T _svfprintf_r
001a02d4 000000b8 T __sflags
001a038c 00000004 T wcsxfrm
001a0390 0000002c T __ascii_wctomb
001a03bc 000000f8 T __utf8_wctomb
001a04b4 00000088 T __sjis_wctomb
001a053c 000000b4 T __eucjp_wctomb
001a05f0 000000c8 T __jis_wctomb
001a06b8 00000048 T wcslcpy
001a0700 00000008 T iswlower
001a0708 0000003c T __libc_fini_array
001a0744 0000003c T strnlen
001a0780 00000008 T iswblank
001a0788 000000d8 T strncmp
001a0860 00000004 T strcoll
001a0864 000000a0 T __xpg_strerror_r
001a0904 00000648 T _tzset_unlocked_r
001a0f4c 00000020 T iswxdigit
001a0f6c 00000008 T wmemmove
001a0f74 0000002c T wcscmp
001a0fa0 00000008 T iswalnum
001a0fa8 00000070 T __match
001a1018 000002a8 T __hexnan
001a12c0 00000238 T towctrans_l
001a14f8 00000068 T sprintf
001a1560 00000010 T __set_ctype
001a1570 00000140 t iso_year_adjust
001a16b0 00001118 t __strftime.isra.0
001a27c8 00000038 T strftime
001a2800 00000038 t lflush
001a2838 000001a8 T __srefill_r
001a29e0 00000010 T nan
001a29f0 0000000c T nanf
001a2a00 00000088 T frexp
001a2a88 000000bc T strcat
001a2b44 000001f0 T _wcstoul_l
001a2d34 00000054 T wcstoul
001a2d88 000000dc T stpncpy
001a2e64 0000000c T __env_lock
001a2e70 0000000c T __env_unlock
001a2e7c 0000005c T __assert_func
001a2ed8 00000008 T iswspace
001a2ee0 00000088 T _Balloc
001a2f68 0000001c T _Bfree
001a2f84 000000f4 T __multadd
001a3078 0000010c T __s2b
001a3184 00000080 T __hi0bits
001a3204 000000f0 T __lo0bits
001a32f4 000000a4 T __i2b
001a3398 00000230 T __multiply
001a35c8 00000130 T __pow5mult
001a36f8 00000138 T __lshift
001a3830 00000058 T __mcmp
001a3888 00000218 T __mdiff
001a3aa0 00000068 T __ulp
001a3b08 000000d4 T __b2d
001a3bdc 00000120 T __d2b
001a3cfc 00000078 T __ratio
001a3d74 0000008c T __copybits
001a3e00 0000005c T __any_on
001a3e5c 00000014 T iswdigit
001a3e70 0000000c T abs
001a3e7c 00000070 T _fwalk_sglue
001a3eec 00000044 T strlcpy
001a3f30 00000068 T strcasecmp
001a3f98 00000024 T div
001a3fbc 000005e0 t get_arg
001a459c 0000226c T _svfiprintf_r
001a6672 N 
001a6672 N 
001a6672 N 
001a6672 N 
001a6672 N 
001a6672 N 
001a6672 N 
001a6672 N 
001a6672 N 
001a6672 N 
001a6672 N 
001a6672 N 
001a6672 N 
001a6672 N 
001a6672 N 
001a6672 N 
001a6672 N 
001a6672 N 
001a6672 N 
001a6672 N 
001a6672 N 
001a6672 N 
001a6672 N 
001a6672 N 
001a6672 N 
001a6672 N 
001a6672 N 
001a6672 N 
001a6672 N 
001a6672 N 
001a6672 N 
001a6672 W KoreanMDFFF5MemoryRule.cpp.8df632cb
001a6808 00000038 T iswalnum_l
001a6840 000000b8 T __submore
001a68f8 000000a4 T __ssprint_r
001a699c 00000044 T __ascii_mbtowc
001a69e0 00000340 T __utf8_mbtowc
001a6d20 000000dc T __sjis_mbtowc
001a6dfc 00000150 T __eucjp_mbtowc
001a6f4c 000001d8 T __jis_mbtowc
001a7124 0000003c T fiprintf
001a7160 00000008 T iswprint
001a7168 00000008 T iswcntrl
001a7170 00000094 T strncasecmp
001a7204 00000008 T iswupper
001a720c 0000009c T _raise_r
001a72a8 00000020 T raise
001a72c8 00000410 T _strerror_r
001a76d8 000000b8 T _mbstowcs_r
001a7790 000000f0 T strcpy
001a7880 00000008 T iswalpha
001a7888 00000008 T iswgraph
001a7890 00000090 T category
001a7920 000001c0 t quorem
001a7ae0 00001420 T _dtoa_r
001a8f00 00000044 T iswlower_l
001a8f44 00000020 T iswblank_l
001a8f68 00000288 t wcvt
001a91f0 0000057c t get_arg.isra.0
001a9770 00003134 T _svfwprintf_r
001ac8a4 00000044 T iswupper_l
001ac8e8 00000028 T _wcsrtombs_r
001ac910 00000078 T siscanf
001ac988 00000008 T iswpunct
001ac990 00000038 T iswspace_l
001ac9c8 00000008 T _user_strerror
001ac9d0 0000012c T __ssputs_r
001acafc 000000fc T _mbsnrtowcs_r
001acbf8 000005e0 t get_arg
001ad1d8 000022f8 T _vfiprintf_r
001af4d0 000000b4 t __sbprintf
001af584 0000015c T _wcsnrtombs_l
001af6e0 00000064 T _wcsnrtombs_r
001af744 000000a0 T sniprintf
001af7e4 00000040 T mbrlen
001af824 00000018 T iswprint_l
001af83c 00000024 T iswcntrl_l
001af860 00000024 T iswalpha_l
001af884 00000024 T iswgraph_l
001af8a8 00000020 T iswpunct_l
001af8c8 00000030 T __sprint_r
001af8f8 000000a4 T __sswprint_r
001af99c 00000140 T __swsetup_r
001afadc 000004a4 T __sfvwrite_r
001aff80 00000018 T isalnum
001aff98 000000a0 T snprintf
001b0038 00000034 T printf
001b006c 0000001c T toupper
001b0088 000000e0 T _puts_r
001b0168 00000020 T puts
001b0188 0000001c T tolower
001b01a4 000005e0 t get_arg
001b0788 00003554 T _vfprintf_r
001b3cdc 000000b4 t __sbprintf
001b3d90 00000020 T _exit
001b3db0 00000140 T chdir
001b3ef0 000001c8 T _concatenate_path
001b40b8 00000070 t __dirnext
001b4128 00000114 T opendir
001b423c 00000098 T closedir
001b42d4 000000f8 T readdir_r
001b43cc 00000048 T readdir
001b4414 0000009c T _fstat_r
001b44b0 00000014 T _getpid_r
001b44c4 0000002c T __getreent
001b44f0 00000030 T _gettimeofday_r
001b4520 000000a0 T __release_handle
001b45c0 000000b0 T __alloc_handle
001b4670 00000058 T __get_handle
001b46c8 00000110 T _close_r
001b47d8 00000008 t null_write
001b47e0 00000018 T setDefaultDevice
001b47f8 00000098 T FindDevice
001b4890 00000024 T RemoveDevice
001b48b4 00000088 T AddDevice
001b493c 00000020 T GetDeviceOpTab
001b495c 00000008 T _isatty_r
001b4964 00000014 T _kill_r
001b4978 00000094 T _lseek_r
001b4a0c 00000060 T pthread_mutex_lock
001b4a6c 00000060 T pthread_mutex_unlock
001b4acc 00000018 T pthread_cond_broadcast
001b4ae4 00000060 T pthread_cond_wait
001b4b44 0000009c T pthread_once
001b4be0 00000034 T pthread_key_create
001b4c14 00000024 T pthread_setspecific
001b4c38 00000024 T pthread_getspecific
001b4c5c 00000024 T pthread_key_delete
001b4c80 000000c0 T _open_r
001b4d40 00000094 T _read_r
001b4dd4 00000078 W _sbrk_r
001b4e4c 0000001c T __libc_lock_acquire
001b4e68 0000001c T __libc_lock_release
001b4e84 0000001c T __libc_lock_acquire_recursive
001b4ea0 0000001c T __libc_lock_release_recursive
001b4ebc 00000024 T __libc_cond_broadcast
001b4ee0 00000024 T __libc_cond_wait
001b4f04 00000024 T __libc_cond_wait_recursive
001b4f28 00000094 T _write_r
001b4fbc 00000048 T strrchr
001b5004 T _fini
001b6130 00000005 r glyph3x5(char)::blank
001b6138 000000a0 r glyph3x5(char)::glyphs
001b61d8 000000e0 r kSegaScopeGames
001b62b8 00000040 r updateTexture(C3D_Tex&)::swizzle
001b62f8 000000e4 R _ZL12kVdpHCounter.lto_priv.0
001b63dc 00000010 R _ZL7volumes.lto_priv.0
001b63ec 0000000c R _ZL13noise_periods.lto_priv.0
001b63f8 00000400 r kCRC32_tab
001b67f8 00000006 r s_min_table_sizes.5
001b6800 00000013 r s_length_dezigzag.4
001b6814 0000001f r s_length_extra.3
001b6834 0000003e r s_length_base.2
001b6874 00000020 r s_dist_extra.1
001b6894 00000040 r s_dist_base.0
001b68d4 00000004 r k2bitTo5bit
001b68d8 00000004 r k2bitTo6bit
001b68dc 00000010 r k4bitTo5bit
001b68ec 00000010 r k4bitTo6bit
001b6900 00000040 r initMenuIcon()::swizzle
001b6940 00000024 r vtable for SmsIOPorts
001b6964 00000024 r vtable for GameGearIOPorts
001b6988 00000030 r kSG1000_palette_888_normal
001b69b8 00000030 r kSG1000_palette_888_sg1000ii
001b69e8 00000030 r kSG1000_palette_888_sms
001b6a18 0000004c R vtable for SG1000MemoryRule
001b6a64 0000004c r vtable for CodemastersMemoryRule
001b6ab0 0000004c R vtable for SegaMemoryRule
001b6afc 0000004c R vtable for RomOnlyMemoryRule
001b6b48 0000004c R vtable for KoreanMemoryRule
001b6b94 0000004c R vtable for KoreanMSXSMS8000MemoryRule
001b6be0 0000004c R vtable for KoreanSMS32KB2000MemoryRule
001b6c2c 0000004c R vtable for KoreanMSX32KB2000MemoryRule
001b6c78 0000004c R vtable for Korean2000XOR1FMemoryRule
001b6cc4 0000004c R vtable for KoreanMSX8KB0300MemoryRule
001b6d10 0000004c R vtable for Korean0000XORFFMemoryRule
001b6d5c 0000004c R vtable for KoreanFFFFHiComMemoryRule
001b6da8 0000004c R vtable for KoreanFFFEMemoryRule
001b6dae N 
001b6dae N 
001b6dae N 
001b6dae N 
001b6dae N 
001b6dae N 
001b6dae N 
001b6dae N 
001b6dae N 
001b6dae N 
001b6dae N 
001b6dae N 
001b6dae N 
001b6dae N 
001b6dae N 
001b6dae N 
001b6dae N 
001b6dae N 
001b6dae N 
001b6dae N 
001b6dae N 
001b6dae N 
001b6dae N 
001b6dae N 
001b6dae N 
001b6dae N 
001b6dae N 
001b6dae N 
001b6dae N 
001b6dae N 
001b6dae N 
001b6dae N 
001b6dae W KoreanMSX32KB2000MemoryRule.cpp.481ce501
001b6df4 0000004c R vtable for KoreanBFFCMemoryRule
001b6e40 0000004c R vtable for KoreanFFF3FFFCMemoryRule
001b6e8c 0000004c R vtable for KoreanMDFFF5MemoryRule
001b6ed8 0000004c R vtable for KoreanMDFFF0MemoryRule
001b6f24 0000004c R vtable for MSXMemoryRule
001b6f70 0000004c R vtable for JanggunMemoryRule
001b6fbc 0000004c R vtable for Multi4PAKAllActionMemoryRule
001b7008 0000004c R vtable for JumboDahjeeMemoryRule
001b7054 0000004c r vtable for Eeprom93C46MemoryRule
001b70a0 0000004c r vtable for BootromMemoryRule
001b70ec 0000004c R vtable for IratahackMemoryRule
001b7138 000015c0 r kGameDatabase
001b86f8 00004000 r kMenuCartridgePixels
001bcc1c 00000084 r IratahackMemoryRule::kFlashSeqs
001bcca0 00000100 r kOPCodeXYCBTStates
001bcda0 00000100 r kOPCodeCBTStates
001bcea0 00000100 r kOPCodeEDTStates
001bcfa0 00000100 r kOPCodeXYTStates
001bd0a0 00000100 r kOPCodeTStates
001bd1a0 00000100 r kOPCodeTStatesBranched
001bd2a0 00000100 R _ZL15kZ80ParityTable.lto_priv.0
001bd2a0 00000100 R _ZL15kZ80ParityTable.lto_priv.1
001bd2a0 00000100 R _ZL15kZ80ParityTable.lto_priv.2
001bd3a0 00001000 r kOPCodeDAATable
001be3b4 000000d2 r lfo_am_table
001be488 000000e0 r eg_inc
001be568 00000110 r eg_mul
001be678 00000040 r lfo_pm_table
001be6b8 00000200 R ksl_tab.lto_priv.0
001be8b8 00000060 R eg_rate_select.lto_priv.0
001be918 00000060 R eg_rate_shift.lto_priv.0
001be9e0 00000010 r mul_tab
001be9f0 00000040 r sl_tab
001bea30 00000098 r table
001beac8 00000400 r s_crc_table.9
001beec8 00000008 r s_defaultTint.0
001bf1fc r .LC11
001bf1fc r .LC11
001bf1fc r .LC16
001bf1fc r .LC16
001bf208 r .LC12
001bf208 r .LC12
001bf208 r .LC17
001bf208 r .LC17
001bf210 r .LC13
001bf210 r .LC13
001bf210 r .LC18
001bf210 r .LC18
001c01c0 r .LC2
001c0238 r .LC3
001c2bf0 R render2d_shbin
001c2d7c 00000004 r depthFmtSizes
001c2d7c R render2d_shbin_end
001c2d80 00000005 r colorFmtSizes
001c2d88 00000010 r CSWTCH.11
001c2d98 00000038 r CSWTCH.19
001c2dd8 00000030 r colorTable
001c2e08 00000080 r romFS_devoptab
001c2e94 00000011 r dsp_filename.0
001c2ec4 00000008 r morton_y.2
001c2ecc 00000008 r morton_x.3
001c2ed4 00000008 r s_sleepWakeEvents.4
001c2edc 0000000c r serviceNameTable.5
001c2ee8 00000030 r error_table
001c2f18 00000080 r archive_devoptab
001c2f98 00000012 R typeinfo name for std::locale::facet
001c2fac 00000008 R typeinfo for std::locale::facet
001c2fb4 00000027 V typeinfo name for __gnu_cxx::__concurrence_lock_error
001c2fdc 0000000c V typeinfo for __gnu_cxx::__concurrence_lock_error
001c2fe8 00000029 V typeinfo name for __gnu_cxx::__concurrence_unlock_error
001c3014 0000000c V typeinfo for __gnu_cxx::__concurrence_unlock_error
001c3020 00000014 V vtable for __gnu_cxx::__concurrence_lock_error
001c3034 00000014 V vtable for __gnu_cxx::__concurrence_unlock_error
001c3048 00000002 R std::locale::facet::_S_c_name
001c304c 000001f0 r CSWTCH.14
001c3268 00000020 r typeinfo for std::__facet_shims::(anonymous namespace)::numpunct_shim<char>
001c3288 00000035 r typeinfo name for std::__facet_shims::(anonymous namespace)::numpunct_shim<char>
001c32c0 00000020 r typeinfo for std::__facet_shims::(anonymous namespace)::collate_shim<char>
001c32e0 00000034 r typeinfo name for std::__facet_shims::(anonymous namespace)::collate_shim<char>
001c3314 00000020 r typeinfo for std::__facet_shims::(anonymous namespace)::moneypunct_shim<char, true>
001c3334 0000003b r typeinfo name for std::__facet_shims::(anonymous namespace)::moneypunct_shim<char, true>
001c3370 00000020 r typeinfo for std::__facet_shims::(anonymous namespace)::moneypunct_shim<char, false>
001c3390 0000003b r typeinfo name for std::__facet_shims::(anonymous namespace)::moneypunct_shim<char, false>
001c33cc 00000020 r typeinfo for std::__facet_shims::(anonymous namespace)::money_get_shim<char>
001c33ec 00000036 r typeinfo name for std::__facet_shims::(anonymous namespace)::money_get_shim<char>
001c3424 00000020 r typeinfo for std::__facet_shims::(anonymous namespace)::money_put_shim<char>
001c3444 00000036 r typeinfo name for std::__facet_shims::(anonymous namespace)::money_put_shim<char>
001c347c 00000020 r typeinfo for std::__facet_shims::(anonymous namespace)::messages_shim<char>
001c349c 00000035 r typeinfo name for std::__facet_shims::(anonymous namespace)::messages_shim<char>
001c34d4 00000020 r typeinfo for std::__facet_shims::(anonymous namespace)::numpunct_shim<wchar_t>
001c34f4 00000035 r typeinfo name for std::__facet_shims::(anonymous namespace)::numpunct_shim<wchar_t>
001c352c 00000020 r typeinfo for std::__facet_shims::(anonymous namespace)::collate_shim<wchar_t>
001c354c 00000034 r typeinfo name for std::__facet_shims::(anonymous namespace)::collate_shim<wchar_t>
001c3580 00000020 r typeinfo for std::__facet_shims::(anonymous namespace)::moneypunct_shim<wchar_t, true>
001c35a0 0000003b r typeinfo name for std::__facet_shims::(anonymous namespace)::moneypunct_shim<wchar_t, true>
001c35dc 00000020 r typeinfo for std::__facet_shims::(anonymous namespace)::moneypunct_shim<wchar_t, false>
001c35fc 0000003b r typeinfo name for std::__facet_shims::(anonymous namespace)::moneypunct_shim<wchar_t, false>
001c3638 00000020 r typeinfo for std::__facet_shims::(anonymous namespace)::money_get_shim<wchar_t>
001c3658 00000036 r typeinfo name for std::__facet_shims::(anonymous namespace)::money_get_shim<wchar_t>
001c3690 00000020 r typeinfo for std::__facet_shims::(anonymous namespace)::money_put_shim<wchar_t>
001c36b0 00000036 r typeinfo name for std::__facet_shims::(anonymous namespace)::money_put_shim<wchar_t>
001c36e8 00000020 r typeinfo for std::__facet_shims::(anonymous namespace)::messages_shim<wchar_t>
001c3708 00000035 r typeinfo name for std::__facet_shims::(anonymous namespace)::messages_shim<wchar_t>
001c3740 00000019 V typeinfo name for std::locale::facet::__shim
001c375c 00000008 V typeinfo for std::locale::facet::__shim
001c3764 00000020 r typeinfo for std::__facet_shims::(anonymous namespace)::time_get_shim<char>
001c3784 00000035 r typeinfo name for std::__facet_shims::(anonymous namespace)::time_get_shim<char>
001c37bc 00000020 r typeinfo for std::__facet_shims::(anonymous namespace)::time_get_shim<wchar_t>
001c37dc 00000035 r typeinfo name for std::__facet_shims::(anonymous namespace)::time_get_shim<wchar_t>
001c3814 00000024 r vtable for std::__facet_shims::(anonymous namespace)::numpunct_shim<char>
001c3838 0000001c r vtable for std::__facet_shims::(anonymous namespace)::collate_shim<char>
001c3854 00000034 r vtable for std::__facet_shims::(anonymous namespace)::moneypunct_shim<char, true>
001c3888 00000034 r vtable for std::__facet_shims::(anonymous namespace)::moneypunct_shim<char, false>
001c38bc 00000018 r vtable for std::__facet_shims::(anonymous namespace)::money_get_shim<char>
001c38d4 00000018 r vtable for std::__facet_shims::(anonymous namespace)::money_put_shim<char>
001c38ec 0000001c r vtable for std::__facet_shims::(anonymous namespace)::messages_shim<char>
001c3908 00000024 r vtable for std::__facet_shims::(anonymous namespace)::numpunct_shim<wchar_t>
001c392c 0000001c r vtable for std::__facet_shims::(anonymous namespace)::collate_shim<wchar_t>
001c3948 00000034 r vtable for std::__facet_shims::(anonymous namespace)::moneypunct_shim<wchar_t, true>
001c397c 00000034 r vtable for std::__facet_shims::(anonymous namespace)::moneypunct_shim<wchar_t, false>
001c39b0 00000018 r vtable for std::__facet_shims::(anonymous namespace)::money_get_shim<wchar_t>
001c39c8 00000018 r vtable for std::__facet_shims::(anonymous namespace)::money_put_shim<wchar_t>
001c39e0 0000001c r vtable for std::__facet_shims::(anonymous namespace)::messages_shim<wchar_t>
001c39fc 00000028 r vtable for std::__facet_shims::(anonymous namespace)::time_get_shim<char>
001c3a24 00000028 r vtable for std::__facet_shims::(anonymous namespace)::time_get_shim<wchar_t>
001c3a78 00000020 r typeinfo for std::__facet_shims::(anonymous namespace)::numpunct_shim<char>
001c3a98 00000035 r typeinfo name for std::__facet_shims::(anonymous namespace)::numpunct_shim<char>
001c3ad0 00000020 r typeinfo for std::__facet_shims::(anonymous namespace)::collate_shim<char>
001c3af0 00000034 r typeinfo name for std::__facet_shims::(anonymous namespace)::collate_shim<char>
001c3b24 00000020 r typeinfo for std::__facet_shims::(anonymous namespace)::moneypunct_shim<char, true>
001c3b44 0000003b r typeinfo name for std::__facet_shims::(anonymous namespace)::moneypunct_shim<char, true>
001c3b80 00000020 r typeinfo for std::__facet_shims::(anonymous namespace)::moneypunct_shim<char, false>
001c3ba0 0000003b r typeinfo name for std::__facet_shims::(anonymous namespace)::moneypunct_shim<char, false>
001c3bdc 00000020 r typeinfo for std::__facet_shims::(anonymous namespace)::money_get_shim<char>
001c3bfc 00000036 r typeinfo name for std::__facet_shims::(anonymous namespace)::money_get_shim<char>
001c3c34 00000020 r typeinfo for std::__facet_shims::(anonymous namespace)::money_put_shim<char>
001c3c54 00000036 r typeinfo name for std::__facet_shims::(anonymous namespace)::money_put_shim<char>
001c3c8c 00000020 r typeinfo for std::__facet_shims::(anonymous namespace)::messages_shim<char>
001c3cac 00000035 r typeinfo name for std::__facet_shims::(anonymous namespace)::messages_shim<char>
001c3ce4 00000020 r typeinfo for std::__facet_shims::(anonymous namespace)::numpunct_shim<wchar_t>
001c3d04 00000035 r typeinfo name for std::__facet_shims::(anonymous namespace)::numpunct_shim<wchar_t>
001c3d3c 00000020 r typeinfo for std::__facet_shims::(anonymous namespace)::collate_shim<wchar_t>
001c3d5c 00000034 r typeinfo name for std::__facet_shims::(anonymous namespace)::collate_shim<wchar_t>
001c3d90 00000020 r typeinfo for std::__facet_shims::(anonymous namespace)::moneypunct_shim<wchar_t, true>
001c3db0 0000003b r typeinfo name for std::__facet_shims::(anonymous namespace)::moneypunct_shim<wchar_t, true>
001c3dec 00000020 r typeinfo for std::__facet_shims::(anonymous namespace)::moneypunct_shim<wchar_t, false>
001c3e0c 0000003b r typeinfo name for std::__facet_shims::(anonymous namespace)::moneypunct_shim<wchar_t, false>
001c3e48 00000020 r typeinfo for std::__facet_shims::(anonymous namespace)::money_get_shim<wchar_t>
001c3e68 00000036 r typeinfo name for std::__facet_shims::(anonymous namespace)::money_get_shim<wchar_t>
001c3ea0 00000020 r typeinfo for std::__facet_shims::(anonymous namespace)::money_put_shim<wchar_t>
001c3ec0 00000036 r typeinfo name for std::__facet_shims::(anonymous namespace)::money_put_shim<wchar_t>
001c3ef8 00000020 r typeinfo for std::__facet_shims::(anonymous namespace)::messages_shim<wchar_t>
001c3f18 00000035 r typeinfo name for std::__facet_shims::(anonymous namespace)::messages_shim<wchar_t>
001c3f50 00000020 r typeinfo for std::__facet_shims::(anonymous namespace)::time_get_shim<char>
001c3f70 00000035 r typeinfo name for std::__facet_shims::(anonymous namespace)::time_get_shim<char>
001c3fa8 00000020 r typeinfo for std::__facet_shims::(anonymous namespace)::time_get_shim<wchar_t>
001c3fc8 00000035 r typeinfo name for std::__facet_shims::(anonymous namespace)::time_get_shim<wchar_t>
001c4000 00000024 r vtable for std::__facet_shims::(anonymous namespace)::numpunct_shim<char>
001c4024 0000001c r vtable for std::__facet_shims::(anonymous namespace)::collate_shim<char>
001c4040 00000034 r vtable for std::__facet_shims::(anonymous namespace)::moneypunct_shim<char, true>
001c4074 00000034 r vtable for std::__facet_shims::(anonymous namespace)::moneypunct_shim<char, false>
001c40a8 00000018 r vtable for std::__facet_shims::(anonymous namespace)::money_get_shim<char>
001c40c0 00000018 r vtable for std::__facet_shims::(anonymous namespace)::money_put_shim<char>
001c40d8 0000001c r vtable for std::__facet_shims::(anonymous namespace)::messages_shim<char>
001c40f4 00000024 r vtable for std::__facet_shims::(anonymous namespace)::numpunct_shim<wchar_t>
001c4118 0000001c r vtable for std::__facet_shims::(anonymous namespace)::collate_shim<wchar_t>
001c4134 00000034 r vtable for std::__facet_shims::(anonymous namespace)::moneypunct_shim<wchar_t, true>
001c4168 00000034 r vtable for std::__facet_shims::(anonymous namespace)::moneypunct_shim<wchar_t, false>
001c419c 00000018 r vtable for std::__facet_shims::(anonymous namespace)::money_get_shim<wchar_t>
001c41b4 00000018 r vtable for std::__facet_shims::(anonymous namespace)::money_put_shim<wchar_t>
001c41cc 0000001c r vtable for std::__facet_shims::(anonymous namespace)::messages_shim<wchar_t>
001c41e8 0000002c r vtable for std::__facet_shims::(anonymous namespace)::time_get_shim<char>
001c4214 0000002c r vtable for std::__facet_shims::(anonymous namespace)::time_get_shim<wchar_t>
001c4308 0000000d V typeinfo name for std::time_base
001c4318 00000008 V typeinfo for std::time_base
001c4320 0000000f V typeinfo name for std::money_base
001c4330 00000008 V typeinfo for std::money_base
001c4338 00000012 V typeinfo name for std::messages_base
001c434c 00000008 V typeinfo for std::messages_base
001c4354 00000018 V typeinfo name for std::__cxx11::collate<wchar_t>
001c436c 0000000c V typeinfo for std::__cxx11::collate<wchar_t>
001c4378 00000019 V typeinfo name for std::__cxx11::numpunct<wchar_t>
001c4394 0000000c V typeinfo for std::__cxx11::numpunct<wchar_t>
001c43a0 00000020 V typeinfo name for std::__cxx11::moneypunct<wchar_t, true>
001c43c0 00000020 V typeinfo for std::__cxx11::moneypunct<wchar_t, true>
001c43e0 00000020 V typeinfo name for std::__cxx11::moneypunct<wchar_t, false>
001c4400 00000020 V typeinfo for std::__cxx11::moneypunct<wchar_t, false>
001c4420 00000019 V typeinfo name for std::__cxx11::messages<wchar_t>
001c443c 00000020 V typeinfo for std::__cxx11::messages<wchar_t>
001c445c 00000046 V typeinfo name for std::__cxx11::money_get<wchar_t, std::istreambuf_iterator<wchar_t, std::char_traits<wchar_t> > >
001c44a4 0000000c V typeinfo for std::__cxx11::money_get<wchar_t, std::istreambuf_iterator<wchar_t, std::char_traits<wchar_t> > >
001c44b0 00000046 V typeinfo name for std::__cxx11::money_put<wchar_t, std::ostreambuf_iterator<wchar_t, std::char_traits<wchar_t> > >
001c44f8 0000000c V typeinfo for std::__cxx11::money_put<wchar_t, std::ostreambuf_iterator<wchar_t, std::char_traits<wchar_t> > >
001c4504 00000045 V typeinfo name for std::__cxx11::time_get<wchar_t, std::istreambuf_iterator<wchar_t, std::char_traits<wchar_t> > >
001c454c 00000020 V typeinfo for std::__cxx11::time_get<wchar_t, std::istreambuf_iterator<wchar_t, std::char_traits<wchar_t> > >
001c456c 0000001c V vtable for std::__cxx11::collate<wchar_t>
001c4588 00000024 V vtable for std::__cxx11::numpunct<wchar_t>
001c45ac 00000034 V vtable for std::__cxx11::moneypunct<wchar_t, true>
001c45e0 00000034 V vtable for std::__cxx11::moneypunct<wchar_t, false>
001c4614 0000001c V vtable for std::__cxx11::messages<wchar_t>
001c4630 00000018 V vtable for std::__cxx11::money_get<wchar_t, std::istreambuf_iterator<wchar_t, std::char_traits<wchar_t> > >
001c4648 00000018 V vtable for std::__cxx11::money_put<wchar_t, std::ostreambuf_iterator<wchar_t, std::char_traits<wchar_t> > >
001c4660 0000002c V vtable for std::__cxx11::time_get<wchar_t, std::istreambuf_iterator<wchar_t, std::char_traits<wchar_t> > >
001c468c 00000027 V typeinfo name for std::basic_filebuf<char, std::char_traits<char> >
001c46b4 0000000c V typeinfo for std::basic_filebuf<char, std::char_traits<char> >
001c46c0 00000028 V typeinfo name for std::basic_ifstream<char, std::char_traits<char> >
001c46e8 0000000c V typeinfo for std::basic_ifstream<char, std::char_traits<char> >
001c46f4 00000028 V typeinfo name for std::basic_ofstream<char, std::char_traits<char> >
001c471c 0000000c V typeinfo for std::basic_ofstream<char, std::char_traits<char> >
001c4728 00000040 V vtable for std::basic_filebuf<char, std::char_traits<char> >
001c4768 00000028 V construction vtable for std::istream-in-std::basic_ifstream<char, std::char_traits<char> >
001c4790 00000010 V VTT for std::basic_ifstream<char, std::char_traits<char> >
001c47a0 00000028 V vtable for std::basic_ifstream<char, std::char_traits<char> >
001c47c8 00000028 V construction vtable for std::ostream-in-std::basic_ofstream<char, std::char_traits<char> >
001c47f0 00000010 V VTT for std::basic_ofstream<char, std::char_traits<char> >
001c4800 00000028 V vtable for std::basic_ofstream<char, std::char_traits<char> >
001c4828 00000022 V typeinfo name for std::basic_ios<char, std::char_traits<char> >
001c484c 0000000c V typeinfo for std::basic_ios<char, std::char_traits<char> >
001c4858 00000010 V vtable for std::basic_ios<char, std::char_traits<char> >
001c4868 0000000c R typeinfo name for std::ios_base
001c4874 00000008 R typeinfo for std::ios_base
001c487c 00000010 R vtable for std::ios_base
001c488c 00000003 V typeinfo name for std::istream
001c4890 00000018 V typeinfo for std::istream
001c4970 00000011 V typeinfo name for std::codecvt_base
001c4984 00000008 V typeinfo for std::codecvt_base
001c498c 0000000f V typeinfo name for std::ctype_base
001c499c 00000008 V typeinfo for std::ctype_base
001c49a4 0000000e V typeinfo name for std::collate<char>
001c49b4 0000000c V typeinfo for std::collate<char>
001c49c0 0000000f V typeinfo name for std::numpunct<char>
001c49d0 0000000c V typeinfo for std::numpunct<char>
001c49dc 0000003a V typeinfo name for std::num_get<char, std::istreambuf_iterator<char, std::char_traits<char> > >
001c4a18 0000000c V typeinfo for std::num_get<char, std::istreambuf_iterator<char, std::char_traits<char> > >
001c4a24 0000003a V typeinfo name for std::num_put<char, std::ostreambuf_iterator<char, std::char_traits<char> > >
001c4a60 0000000c V typeinfo for std::num_put<char, std::ostreambuf_iterator<char, std::char_traits<char> > >
001c4a6c 00000019 V typeinfo name for std::__timepunct_cache<char>
001c4a88 0000000c V typeinfo for std::__timepunct_cache<char>
001c4a94 00000013 V typeinfo name for std::__timepunct<char>
001c4aa8 0000000c V typeinfo for std::__timepunct<char>
001c4ab4 00000016 V typeinfo name for std::moneypunct<char, true>
001c4acc 00000020 V typeinfo for std::moneypunct<char, true>
001c4aec 00000016 V typeinfo name for std::moneypunct<char, false>
001c4b04 00000020 V typeinfo for std::moneypunct<char, false>
001c4b24 0000000f V typeinfo name for std::messages<char>
001c4b34 00000020 V typeinfo for std::messages<char>
001c4b54 0000002c V typeinfo name for std::__codecvt_abstract_base<char, char, _mbstate_t>
001c4b80 00000020 V typeinfo for std::__codecvt_abstract_base<char, char, _mbstate_t>
001c4ba0 0000003c V typeinfo name for std::money_get<char, std::istreambuf_iterator<char, std::char_traits<char> > >
001c4bdc 0000000c V typeinfo for std::money_get<char, std::istreambuf_iterator<char, std::char_traits<char> > >
001c4be8 0000003c V typeinfo name for std::money_put<char, std::ostreambuf_iterator<char, std::char_traits<char> > >
001c4c24 0000000c V typeinfo for std::money_put<char, std::ostreambuf_iterator<char, std::char_traits<char> > >
001c4c30 0000003b V typeinfo name for std::time_put<char, std::ostreambuf_iterator<char, std::char_traits<char> > >
001c4c6c 0000000c V typeinfo for std::time_put<char, std::ostreambuf_iterator<char, std::char_traits<char> > >
001c4c78 0000003b V typeinfo name for std::time_get<char, std::istreambuf_iterator<char, std::char_traits<char> > >
001c4cb4 00000020 V typeinfo for std::time_get<char, std::istreambuf_iterator<char, std::char_traits<char> > >
001c4cd4 0000001e V typeinfo name for std::__moneypunct_cache<char, false>
001c4cf4 0000000c V typeinfo for std::__moneypunct_cache<char, false>
001c4d00 0000001e V typeinfo name for std::__moneypunct_cache<char, true>
001c4d20 0000000c V typeinfo for std::__moneypunct_cache<char, true>
001c4d2c 00000018 V typeinfo name for std::__numpunct_cache<char>
001c4d44 0000000c V typeinfo for std::__numpunct_cache<char>
001c4d50 0000001c V vtable for std::collate<char>
001c4d6c 00000024 V vtable for std::numpunct<char>
001c4d90 0000003c V vtable for std::num_get<char, std::istreambuf_iterator<char, std::char_traits<char> > >
001c4dcc 00000030 V vtable for std::num_put<char, std::ostreambuf_iterator<char, std::char_traits<char> > >
001c4dfc 00000010 V vtable for std::__timepunct_cache<char>
001c4e0c 00000010 V vtable for std::__timepunct<char>
001c4e1c 00000034 V vtable for std::moneypunct<char, true>
001c4e50 00000034 V vtable for std::moneypunct<char, false>
001c4e84 0000001c V vtable for std::messages<char>
001c4ea0 0000002c V vtable for std::__codecvt_abstract_base<char, char, _mbstate_t>
001c4ecc 00000018 V vtable for std::money_get<char, std::istreambuf_iterator<char, std::char_traits<char> > >
001c4ee4 00000018 V vtable for std::money_put<char, std::ostreambuf_iterator<char, std::char_traits<char> > >
001c4efc 00000014 V vtable for std::time_put<char, std::ostreambuf_iterator<char, std::char_traits<char> > >
001c4f10 00000028 V vtable for std::time_get<char, std::istreambuf_iterator<char, std::char_traits<char> > >
001c4f38 00000010 V vtable for std::__moneypunct_cache<char, false>
001c4f48 00000010 V vtable for std::__moneypunct_cache<char, true>
001c4f58 00000010 V vtable for std::__numpunct_cache<char>
001c4f68 00000088 R std::locale::_S_twinned_facets
001c4ff0 00000003 V typeinfo name for std::ostream
001c4ff4 00000018 V typeinfo for std::ostream
001c500c 00000029 V typeinfo name for std::basic_streambuf<char, std::char_traits<char> >
001c5038 00000008 V typeinfo for std::basic_streambuf<char, std::char_traits<char> >
001c5040 00000040 V vtable for std::basic_streambuf<char, std::char_traits<char> >
001c5080 00000019 R typeinfo name for std::_V2::error_category
001c509c 00000008 R typeinfo for std::_V2::error_category
001c50a4 00000011 R typeinfo name for std::system_error
001c50b8 0000000c R typeinfo for std::system_error
001c50c4 0000000c r typeinfo for (anonymous namespace)::generic_error_category
001c50d0 0000002a r typeinfo name for (anonymous namespace)::generic_error_category
001c50fc 00000014 R vtable for std::system_error
001c5110 00000028 r vtable for (anonymous namespace)::generic_error_category
001c5200 0000000e V typeinfo name for std::collate<wchar_t>
001c5210 0000000c V typeinfo for std::collate<wchar_t>
001c521c 0000001d V typeinfo name for std::__ctype_abstract_base<wchar_t>
001c523c 00000020 V typeinfo for std::__ctype_abstract_base<wchar_t>
001c525c 0000000f V typeinfo name for std::numpunct<wchar_t>
001c526c 0000000c V typeinfo for std::numpunct<wchar_t>
001c5278 0000003a V typeinfo name for std::num_get<wchar_t, std::istreambuf_iterator<wchar_t, std::char_traits<wchar_t> > >
001c52b4 0000000c V typeinfo for std::num_get<wchar_t, std::istreambuf_iterator<wchar_t, std::char_traits<wchar_t> > >
001c52c0 0000003a V typeinfo name for std::num_put<wchar_t, std::ostreambuf_iterator<wchar_t, std::char_traits<wchar_t> > >
001c52fc 0000000c V typeinfo for std::num_put<wchar_t, std::ostreambuf_iterator<wchar_t, std::char_traits<wchar_t> > >
001c5308 00000019 V typeinfo name for std::__timepunct_cache<wchar_t>
001c5324 0000000c V typeinfo for std::__timepunct_cache<wchar_t>
001c5330 00000013 V typeinfo name for std::__timepunct<wchar_t>
001c5344 0000000c V typeinfo for std::__timepunct<wchar_t>
001c5350 00000016 V typeinfo name for std::moneypunct<wchar_t, true>
001c5368 00000020 V typeinfo for std::moneypunct<wchar_t, true>
001c5388 00000016 V typeinfo name for std::moneypunct<wchar_t, false>
001c53a0 00000020 V typeinfo for std::moneypunct<wchar_t, false>
001c53c0 0000000f V typeinfo name for std::messages<wchar_t>
001c53d0 00000020 V typeinfo for std::messages<wchar_t>
001c53f0 0000002c V typeinfo name for std::__codecvt_abstract_base<wchar_t, char, _mbstate_t>
001c541c 00000020 V typeinfo for std::__codecvt_abstract_base<wchar_t, char, _mbstate_t>
001c543c 0000003c V typeinfo name for std::money_get<wchar_t, std::istreambuf_iterator<wchar_t, std::char_traits<wchar_t> > >
001c5478 0000000c V typeinfo for std::money_get<wchar_t, std::istreambuf_iterator<wchar_t, std::char_traits<wchar_t> > >
001c5484 0000003c V typeinfo name for std::money_put<wchar_t, std::ostreambuf_iterator<wchar_t, std::char_traits<wchar_t> > >
001c54c0 0000000c V typeinfo for std::money_put<wchar_t, std::ostreambuf_iterator<wchar_t, std::char_traits<wchar_t> > >
001c54cc 0000003b V typeinfo name for std::time_put<wchar_t, std::ostreambuf_iterator<wchar_t, std::char_traits<wchar_t> > >
001c5508 0000000c V typeinfo for std::time_put<wchar_t, std::ostreambuf_iterator<wchar_t, std::char_traits<wchar_t> > >
001c5514 0000003b V typeinfo name for std::time_get<wchar_t, std::istreambuf_iterator<wchar_t, std::char_traits<wchar_t> > >
001c5550 00000020 V typeinfo for std::time_get<wchar_t, std::istreambuf_iterator<wchar_t, std::char_traits<wchar_t> > >
001c5570 0000001e V typeinfo name for std::__moneypunct_cache<wchar_t, false>
001c5590 0000000c V typeinfo for std::__moneypunct_cache<wchar_t, false>
001c559c 0000001e V typeinfo name for std::__moneypunct_cache<wchar_t, true>
001c55bc 0000000c V typeinfo for std::__moneypunct_cache<wchar_t, true>
001c55c8 00000018 V typeinfo name for std::__numpunct_cache<wchar_t>
001c55e0 0000000c V typeinfo for std::__numpunct_cache<wchar_t>
001c55ec 0000001c V vtable for std::collate<wchar_t>
001c5608 00000040 V vtable for std::__ctype_abstract_base<wchar_t>
001c5648 00000024 V vtable for std::numpunct<wchar_t>
001c566c 0000003c V vtable for std::num_get<wchar_t, std::istreambuf_iterator<wchar_t, std::char_traits<wchar_t> > >
001c56a8 00000030 V vtable for std::num_put<wchar_t, std::ostreambuf_iterator<wchar_t, std::char_traits<wchar_t> > >
001c56d8 00000010 V vtable for std::__timepunct_cache<wchar_t>
001c56e8 00000010 V vtable for std::__timepunct<wchar_t>
001c56f8 00000034 V vtable for std::moneypunct<wchar_t, true>
001c572c 00000034 V vtable for std::moneypunct<wchar_t, false>
001c5760 0000001c V vtable for std::messages<wchar_t>
001c577c 0000002c V vtable for std::__codecvt_abstract_base<wchar_t, char, _mbstate_t>
001c57a8 00000018 V vtable for std::money_get<wchar_t, std::istreambuf_iterator<wchar_t, std::char_traits<wchar_t> > >
001c57c0 00000018 V vtable for std::money_put<wchar_t, std::ostreambuf_iterator<wchar_t, std::char_traits<wchar_t> > >
001c57d8 00000014 V vtable for std::time_put<wchar_t, std::ostreambuf_iterator<wchar_t, std::char_traits<wchar_t> > >
001c57ec 00000028 V vtable for std::time_get<wchar_t, std::istreambuf_iterator<wchar_t, std::char_traits<wchar_t> > >
001c5814 00000010 V vtable for std::__moneypunct_cache<wchar_t, false>
001c5824 00000010 V vtable for std::__moneypunct_cache<wchar_t, true>
001c5834 00000010 V vtable for std::__numpunct_cache<wchar_t>
001c5844 0000000d R typeinfo name for std::bad_alloc
001c5854 0000000c R typeinfo for std::bad_alloc
001c5860 00000014 R vtable for std::bad_alloc
001c5874 00000019 R typeinfo name for std::bad_array_new_length
001c5890 0000000c R typeinfo for std::bad_array_new_length
001c589c 00000014 R vtable for std::bad_array_new_length
001c58b0 0000000c R typeinfo name for std::bad_cast
001c58bc 0000000c R typeinfo for std::bad_cast
001c58c8 00000014 R vtable for std::bad_cast
001c58dc 00000022 R typeinfo name for __cxxabiv1::__class_type_info
001c5900 0000000c R typeinfo for __cxxabiv1::__class_type_info
001c590c 0000002c R vtable for __cxxabiv1::__class_type_info
001c5938 0000000d R typeinfo name for std::exception
001c5948 00000008 R typeinfo for std::exception
001c5950 00000012 R typeinfo name for std::bad_exception
001c5964 0000000c R typeinfo for std::bad_exception
001c5970 00000020 R typeinfo name for __cxxabiv1::__forced_unwind
001c5990 00000008 R typeinfo for __cxxabiv1::__forced_unwind
001c5998 00000024 R typeinfo name for __cxxabiv1::__foreign_exception
001c59bc 00000008 R typeinfo for __cxxabiv1::__foreign_exception
001c59c4 00000014 R vtable for std::bad_exception
001c59ec 0000002c V typeinfo name for __gnu_cxx::__concurrence_broadcast_error
001c5a18 0000000c V typeinfo for __gnu_cxx::__concurrence_broadcast_error
001c5a24 00000027 V typeinfo name for __gnu_cxx::__concurrence_wait_error
001c5a4c 0000000c V typeinfo for __gnu_cxx::__concurrence_wait_error
001c5a58 00000014 V vtable for __gnu_cxx::__concurrence_broadcast_error
001c5a6c 00000014 V vtable for __gnu_cxx::__concurrence_wait_error
001c5a80 00000001 R std::nothrow
001c5a84 00000025 R typeinfo name for __cxxabiv1::__si_class_type_info
001c5aac 0000000c R typeinfo for __cxxabiv1::__si_class_type_info
001c5ab8 0000002c R vtable for __cxxabiv1::__si_class_type_info
001c5ae4 0000000d R typeinfo name for std::type_info
001c5af4 00000008 R typeinfo for std::type_info
001c5afc 00000026 R typeinfo name for __cxxabiv1::__vmi_class_type_info
001c5b24 0000000c R typeinfo for __cxxabiv1::__vmi_class_type_info
001c5b30 0000002c R vtable for __cxxabiv1::__vmi_class_type_info
001c5b5c 0000001b V typeinfo name for std::codecvt<char, char, _mbstate_t>
001c5b78 0000000c V typeinfo for std::codecvt<char, char, _mbstate_t>
001c5b84 0000001b V typeinfo name for std::codecvt<wchar_t, char, _mbstate_t>
001c5ba0 0000000c V typeinfo for std::codecvt<wchar_t, char, _mbstate_t>
001c5bac 0000002c V vtable for std::codecvt<char, char, _mbstate_t>
001c5bd8 0000002c V vtable for std::codecvt<wchar_t, char, _mbstate_t>
001c5c04 00000034 r std::(anonymous namespace)::mon_yday
001c5c38 00000004 R std::money_base::_S_default_pattern
001c63c4 00000010 R typeinfo name for std::logic_error
001c63d4 0000000c R typeinfo for std::logic_error
001c63e0 00000011 R typeinfo name for std::length_error
001c63f4 0000000c R typeinfo for std::length_error
001c6400 00000011 R typeinfo name for std::out_of_range
001c6414 0000000c R typeinfo for std::out_of_range
001c6420 00000012 R typeinfo name for std::runtime_error
001c6434 0000000c R typeinfo for std::runtime_error
001c6440 00000014 R vtable for std::logic_error
001c6454 00000014 R vtable for std::length_error
001c6468 00000014 R vtable for std::out_of_range
001c647c 00000014 R vtable for std::runtime_error
001c6490 0000002d V typeinfo name for std::__codecvt_abstract_base<char16_t, char, _mbstate_t>
001c64c0 00000020 V typeinfo for std::__codecvt_abstract_base<char16_t, char, _mbstate_t>
001c64e0 0000001c V typeinfo name for std::codecvt<char16_t, char, _mbstate_t>
001c64fc 0000000c V typeinfo for std::codecvt<char16_t, char, _mbstate_t>
001c6508 0000002d V typeinfo name for std::__codecvt_abstract_base<char32_t, char, _mbstate_t>
001c6538 00000020 V typeinfo for std::__codecvt_abstract_base<char32_t, char, _mbstate_t>
001c6558 0000001c V typeinfo name for std::codecvt<char32_t, char, _mbstate_t>
001c6574 0000000c V typeinfo for std::codecvt<char32_t, char, _mbstate_t>
001c6580 0000002e V typeinfo name for std::__codecvt_abstract_base<char16_t, char8_t, _mbstate_t>
001c65b0 00000020 V typeinfo for std::__codecvt_abstract_base<char16_t, char8_t, _mbstate_t>
001c65d0 0000001d V typeinfo name for std::codecvt<char16_t, char8_t, _mbstate_t>
001c65f0 0000000c V typeinfo for std::codecvt<char16_t, char8_t, _mbstate_t>
001c65fc 0000002e V typeinfo name for std::__codecvt_abstract_base<char32_t, char8_t, _mbstate_t>
001c662c 00000020 V typeinfo for std::__codecvt_abstract_base<char32_t, char8_t, _mbstate_t>
001c664c 0000001d V typeinfo name for std::codecvt<char32_t, char8_t, _mbstate_t>
001c666c 0000000c V typeinfo for std::codecvt<char32_t, char8_t, _mbstate_t>
001c6678 0000002c V vtable for std::__codecvt_abstract_base<char16_t, char, _mbstate_t>
001c66a4 0000002c V vtable for std::codecvt<char16_t, char, _mbstate_t>
001c66d0 0000002c V vtable for std::__codecvt_abstract_base<char32_t, char, _mbstate_t>
001c66fc 0000002c V vtable for std::codecvt<char32_t, char, _mbstate_t>
001c6728 0000002c V vtable for std::__codecvt_abstract_base<char16_t, char8_t, _mbstate_t>
001c6754 0000002c V vtable for std::codecvt<char16_t, char8_t, _mbstate_t>
001c6780 0000002c V vtable for std::__codecvt_abstract_base<char32_t, char8_t, _mbstate_t>
001c67ac 0000002c V vtable for std::codecvt<char32_t, char8_t, _mbstate_t>
001c67d8 0000000c V typeinfo name for std::ctype<char>
001c67e4 00000020 V typeinfo for std::ctype<char>
001c6804 0000000c V typeinfo name for std::ctype<wchar_t>
001c6810 0000000c V typeinfo for std::ctype<wchar_t>
001c681c 00000030 V vtable for std::ctype<char>
001c684c 00000040 V vtable for std::ctype<wchar_t>
001c68d0 0000001d R typeinfo name for std::ios_base::failure[abi:cxx11]
001c68f0 0000000c R typeinfo for std::ios_base::failure[abi:cxx11]
001c68fc 00000012 V typeinfo name for std::__ios_failure
001c6910 0000000c V typeinfo for std::__ios_failure
001c691c 00000018 R typeinfo name for std::__iosfail_type_info
001c6934 00000018 R typeinfo for std::__iosfail_type_info
001c694c 00000014 R vtable for std::ios_base::failure[abi:cxx11]
001c6960 00000014 V vtable for std::__ios_failure
001c6974 0000002c R vtable for std::__iosfail_type_info
001c6a68 00000018 V typeinfo name for std::__cxx11::collate<char>
001c6a80 0000000c V typeinfo for std::__cxx11::collate<char>
001c6a8c 00000019 V typeinfo name for std::__cxx11::numpunct<char>
001c6aa8 0000000c V typeinfo for std::__cxx11::numpunct<char>
001c6ab4 00000020 V typeinfo name for std::__cxx11::moneypunct<char, true>
001c6ad4 00000020 V typeinfo for std::__cxx11::moneypunct<char, true>
001c6af4 00000020 V typeinfo name for std::__cxx11::moneypunct<char, false>
001c6b14 00000020 V typeinfo for std::__cxx11::moneypunct<char, false>
001c6b34 00000019 V typeinfo name for std::__cxx11::messages<char>
001c6b50 00000020 V typeinfo for std::__cxx11::messages<char>
001c6b70 00000046 V typeinfo name for std::__cxx11::money_get<char, std::istreambuf_iterator<char, std::char_traits<char> > >
001c6bb8 0000000c V typeinfo for std::__cxx11::money_get<char, std::istreambuf_iterator<char, std::char_traits<char> > >
001c6bc4 00000046 V typeinfo name for std::__cxx11::money_put<char, std::ostreambuf_iterator<char, std::char_traits<char> > >
001c6c0c 0000000c V typeinfo for std::__cxx11::money_put<char, std::ostreambuf_iterator<char, std::char_traits<char> > >
001c6c18 00000045 V typeinfo name for std::__cxx11::time_get<char, std::istreambuf_iterator<char, std::char_traits<char> > >
001c6c60 00000020 V typeinfo for std::__cxx11::time_get<char, std::istreambuf_iterator<char, std::char_traits<char> > >
001c6c80 0000001c V vtable for std::__cxx11::collate<char>
001c6c9c 00000024 V vtable for std::__cxx11::numpunct<char>
001c6cc0 00000034 V vtable for std::__cxx11::moneypunct<char, true>
001c6cf4 00000034 V vtable for std::__cxx11::moneypunct<char, false>
001c6d28 0000001c V vtable for std::__cxx11::messages<char>
001c6d44 00000018 V vtable for std::__cxx11::money_get<char, std::istreambuf_iterator<char, std::char_traits<char> > >
001c6d5c 00000018 V vtable for std::__cxx11::money_put<char, std::ostreambuf_iterator<char, std::char_traits<char> > >
001c6d74 0000002c V vtable for std::__cxx11::time_get<char, std::istreambuf_iterator<char, std::char_traits<char> > >
001c6da0 0000000c r typeinfo for (anonymous namespace)::io_error_category
001c6dac 00000025 r typeinfo name for (anonymous namespace)::io_error_category
001c6dd4 00000028 r vtable for (anonymous namespace)::io_error_category
001c6dfc 00000016 R typeinfo name for std::ios_base::failure
001c6e14 0000000c R typeinfo for std::ios_base::failure
001c6e20 00000014 R vtable for std::ios_base::failure
001c6e34 00000080 r npio2_hw
001c6eb4 00000108 r two_over_pi
001c6fc0 00000040 r PIo2
001c7000 00000010 r init_jk
001c7010 00000060 R __inv_pio4
001c7070 000000e0 R __sincosf_table
001c7150 00000870 R __exp_data
001c747a N 
001c747a N 
001c747a N 
001c747a N 
001c747a N 
001c747a N 
001c747a N 
001c747a N 
001c747a N 
001c747a N 
001c747a N 
001c747a N 
001c747a N 
001c747a N 
001c747a N 
001c747a N 
001c747a N 
001c747a N 
001c747a N 
001c747a N 
001c747a N 
001c747a N 
001c747a N 
001c747a N 
001c747a N 
001c747a N 
001c747a N 
001c747a N 
001c747a N 
001c747a N 
001c747a N 
001c747a W KoreanMSX8KB0300MemoryRule.cpp.00fb4bdf
001c79c0 00001048 R __pow_log_data
001c8a08 00001090 R __log_data
001c9cb0 00000022 r basefix.0
001c9d34 00000014 r fpinan.0
001c9d48 00000014 r fpi.1
001c9d60 00000028 r tinytens
001c9d88 00000100 R __hexdig
001c9e88 00000030 r _DAYS_BEFORE_MONTH
001c9eb8 00000030 r DAYS_IN_MONTH
001c9f20 0000001c r categories
001c9fbc 00000022 r basefix.0
001c9ff8 000000fc R _C_time_locale
001ca1ec 00000010 r zeroes.0
001ca1fc 00000010 r blanks.1
001ca20c 00000101 R _ctype_
001ca3bc 00000060 R __month_lengths
001ca41c 0000000c r p05.0
001ca428 00000028 R __mprec_bigtens
001ca450 000000c8 R __mprec_tens
001ca604 00000010 r zeroes.0
001ca614 00000010 r blanks.1
001ca624 0000006c R __action_table
001ca690 0000006c R __state_table
001ca6fc 00000100 R __chclass
001ca834 00000048 r JIS_action_table
001ca87c 00000048 r JIS_state_table
001ca954 000037f8 r categories
001ce220 00000040 r zeroes.0
001ce260 00000040 r blanks.1
001ce38c 00000010 r zeroes.0
001ce39c 00000010 r blanks.1
001ce498 00000010 r zeroes.0
001ce4a8 00000010 r blanks.1
001ce4b8 00000080 R dotab_stdnull
001ce538 R __tdata_align
001ce53c r __EH_FRAME_BEGIN__
001d0bc0 R __exidx_start
001d1e80 R __exidx_end
001d2000 00000004 d previousGlassesEye
001d2004 00000008 d framerateCounter
001d200c 00000004 d framerate
001d2010 00000004 D currentConsole
001d2014 00000004 d queueLock
001d2018 00000004 d aptChainloadDeliverArgSize
001d201c 00000004 d kCount
001d2020 00000004 d kInterval
001d2024 00000004 d kDelay
001d2028 W __stacksize__
001d202c 00000004 d (anonymous namespace)::generic_category_instance
001d2030 00000004 D __cxxabiv1::__unexpected_handler
001d2034 00000004 D std::__num_base::_S_atoms_out
001d2038 00000004 D std::__num_base::_S_atoms_in
001d203c 00000004 D std::money_base::_S_atoms
001d2040 00000038 D std::__timepunct_cache<wchar_t>::_S_timezones
001d2078 00000038 D std::__timepunct_cache<char>::_S_timezones
001d20b0 00000004 d (anonymous namespace)::io_category_instance
001d20b4 00000004 D __cxxabiv1::__terminate_handler
001d20b8 00000004 D _impure_ptr
001d20c0 00000200 D _impure_data
001d22c0 00000008 D _tzname
001d22c8 00000254 D __global_locale
001d251c 00000020 D __default_locale
001d253c 00000004 D __malloc_sbrk_base
001d2540 00000004 D __malloc_trim_threshold
001d2548 00000408 D __malloc_av_
001d2950 0000000c D __sglue
001d2960 00000058 d tzinfo
001d29b8 000007e0 d caseconv_table
001d3198 00000004 D environ
001d319c 00000400 d _current_working_directory
001d35a0 00001000 d handles
001d45a0 0000000c d __stderr_handle
001d45ac 0000000c d __stdout_handle
001d45b8 0000000c d __stdin_handle
001d45c4 0000008c D devoptab_list
001d4650 00000004 d defaultDevice
001d465c d _GLOBAL_OFFSET_TABLE_
001d4668 d __frame_dummy_init_array_entry
001d4668 D __init_array_start
001d4668 B __preinit_array_end
001d4668 B __preinit_array_start
001d4668 D __tdata_lma
001d4668 D __tdata_lma_end
001d4684 d __do_global_dtors_aux_fini_array_entry
001d4684 D __fini_array_start
001d4684 D __init_array_end
001d4690 00000004 b menuTarget
001d4690 D __bss_start__
001d4690 D __fini_array_end
001d4694 00000001 b menuIconInitialized
001d4698 00000008 b menuIconImage
001d46a0 00000004 b frameBuffer
001d46a4 00000004 b uploadBuffer
001d46a8 00000090 b gameTex
001d4738 00000001 b textureInitialized
001d473c 00000078 b gameSubTex
001d47b4 00000030 b gameImage
001d47e4 00000018 b menuIconTex
001d47fc 00000004 b menuIconUploadBuffer
001d4800 00000014 b menuIconSubTex
001d4814 00000001 b audioInitialized
001d4818 00000010 b audioBuffers
001d4828 00000060 b audioWave
001d4888 00000001 b stereoActive
001d4889 00000001 b display3DEnabled
001d488c 00000004 b audioIndex
001d4890 00000004 b videoTextureSlot
001d4894 00002000 B sin_tab.lto_priv.0
001d6894 00005800 B tl_tab.lto_priv.0
001d7b84 N 
001d7b84 N 
001d7b84 N 
001d7b84 N 
001d7b84 N 
001d7b84 N 
001d7b84 N 
001d7b84 N 
001d7b84 N 
001d7b84 N 
001d7b84 N 
001d7b84 N 
001d7b84 N 
001d7b84 N 
001d7b84 N 
001d7b84 N 
001d7b84 N 
001d7b84 N 
001d7b84 N 
001d7b84 N 
001d7b84 N 
001d7b84 N 
001d7b84 N 
001d7b84 N 
001d7b84 N 
001d7b84 N 
001d7b84 N 
001d7b84 N 
001d7b84 N 
001d7b84 N 
001d7b84 N 
001d7b84 N 
001d7b84 W KoreanMSXSMS8000MemoryRule.cpp.7052eaa3
001dc098 00001760 B ym2413.lto_priv.0
001dd7f8 00000008 b output
001dd800 00000004 b LFO_PM
001dd804 00000004 b LFO_AM
001dd808 000005a8 B __C2Di_Context
001dddb0 00000040 b s_projTop
001dddf0 00000040 b s_projBot
001dde30 00000004 b uLoc_mdlvMtx
001dde34 00000004 b uLoc_projMtx
001dde38 b completed.1
001dde3c b object.0
001dde54 0000000c b hookCookie
001dde60 000002d0 B __C3D_Context
001de130 00000004 b frameEndCbData
001de134 00000004 b frameEndCb
001de138 00000008 b frameCounter
001de140 00000001 b isTopStereo
001de141 00000001 b needSwapBot
001de142 00000001 b needSwapTop
001de143 00000001 b measureGpuTime
001de144 00000001 b inSafeTransfer
001de145 00000001 b inFrame
001de148 00000010 b cpuTime
001de158 00000010 b gpuTime
001de168 0000000c b linkedTarget
001de174 00000004 b lastTarget
001de178 00000004 b firstTarget
001de17c 00000008 b C3Di_IVUnifEverDirty
001de184 000000c0 b C3Di_FVUnifEverDirty
001de244 00000018 b C3Di_ShaderFVecData
001de25c 00000002 B C3D_BoolUnifsDirty
001de260 00000008 B C3D_IVUnifDirty
001de268 000000c0 B C3D_FVUnifDirty
001de328 00000004 B C3D_BoolUnifs
001de32c 00000020 B C3D_IVUnif
001de34c 00000c00 B C3D_FVUnif
001def50 00000008 b sLinearPool
001def58 0000000c b sAddrMap
001def68 00000008 b sVramPoolB
001def70 00000008 b sVramPoolA
001def78 0000000c b sAddrMap
001def84 00000048 B currentCopy
001defcc 00000004 b screenAlloc
001defd0 00000004 b screenFree
001defd4 00000002 b gfxIsDoubleBuf
001defd8 00000002 b gfxCurBuf
001defda 00000001 b gfxIsVram
001defdb 00000001 b gfxTopMode
001defdc 00000002 b gfxFramebufferFormats
001defe0 00000004 b gfxBottomFramebufferMaxSize
001defe4 00000004 b gfxTopFramebufferMaxSize
001defe8 00000008 b gfxBottomFramebuffers
001deff0 00000008 b gfxTopFramebuffers
001deff8 00000001 V __ctru_speedup
001deffc 00000004 b romfs_mount_list
001df000 00000004 V __romfs_path
001df004 00000004 B gpuCmdBufOffset
001df008 00000004 B gpuCmdBufSize
001df00c 00000004 B gpuCmdBuf
001df010 00000004 b boundQueue
001df014 00000001 b shouldStop
001df015 00000001 b isRunning
001df016 00000001 b isActive
001df018 00000004 b curQueue
001df01c 00000004 b ndspRefCount
001df020 00000048 b ndspMaster
001df068 00000004 b ndspThread
001df06c 00000001 b ndspThreadRun
001df070 00001080 b dspVar5Backup
001e00f0 00000004 b ndspMutex
001e00f4 00000008 b sleepEvent
001e00fc 00000004 b dspSem
001e0100 00000004 b irqEvent
001e0104 00000008 b ndspHookCookie
001e010c 00000001 b componentFree
001e010e 00000002 b componentDataMask
001e0110 00000002 b componentProgMask
001e0114 00000004 b componentSize
001e0118 00000004 b componentBin
001e011c 00000004 b frameCount
001e0120 00000004 b droppedFrames
001e0124 00000001 b bCancelReceived
001e0125 00000001 b bSleeping
001e0126 00000001 b bEnteringSleep
001e0127 00000001 b bDspReady
001e0128 00000080 B ndspVars
001e01a8 00000002 B ndspBufferId
001e01aa 00000002 B ndspBufferCurId
001e01ac 00000002 B ndspFrameId
001e01b0 00000c60 b ndspChn
001e0e10 00000001 b flagValue.0
001e0e11 00000001 b flagInit.1
001e0e14 00000004 b serviceName.6
001e0e18 00000001 b aptChainloadFlags
001e0e19 00000001 b aptChainloadMediatype
001e0e1c 00000020 b aptChainloadHmac
001e0e3c 00000300 b aptChainloadDeliverArg
001e1140 00000008 b aptChainloadTid
001e1148 00001000 b aptParameters
001e2148 00000004 b aptFlags
001e214c 00000001 b aptHomeButtonState
001e2150 00000004 b aptMessageFuncData
001e2154 00000004 b aptMessageFunc
001e2158 0000000c b aptFirstHook
001e2164 00000001 b aptEventHandlerThreadQuit
001e2168 00000004 b aptEventHandlerThread
001e216c 00000008 b aptSleepEvent
001e2174 00000008 b aptReceiveEvent
001e217c 00000008 b aptEvents
001e2184 00000004 b aptLockHandle
001e2188 00000004 b aptRefCount
001e218c 00000004 b cfguRefCount
001e2190 00000004 b cfguHandle
001e2194 00000002 b dspSavedCompDataMask
001e2196 00000002 b dspSavedCompProgMask
001e2198 00000004 b dspSavedCompSize
001e219c 00000004 b dspSavedCompBin
001e21a0 00000001 b dspSleeping
001e21a1 00000001 b dspComponentLoaded
001e21a4 00000008 b dspFirstHook
001e21ac 00000004 b dspRefCount
001e21b0 00000004 b dspHandle
001e21b8 00000080 b fsExemptArchives
001e2238 00000004 b fsuRefCount
001e223c 00000004 b fsuHandle
001e2240 00000007 b gspEventCbOneShot
001e2248 0000001c b gspEventCbData
001e2264 0000001c b gspEventCb
001e2280 00000038 b gspEvents
001e22b8 00000004 b gspLastEvent
001e22bc 00000001 b gspRunEvents
001e22c0 00000004 b gspEventThread
001e22c4 00000004 b gspEvent
001e22c8 00000001 b gspGpuRight
001e22c9 00000001 b gspThreadId
001e22cc 00000004 b gspSharedMem
001e22d0 00000004 b gspSharedMemHandle
001e22d4 00000004 b gspRefCount
001e22d8 00000004 b gspGpuHandle
001e22dc 00000001 b usingIrrst
001e22e0 00000004 b hidRefCount
001e22e4 00000006 b gRate
001e22ec 00000006 b aVec
001e22f4 00000004 b cPos
001e22f8 00000004 b tPos
001e22fc 00000004 b kRepeat
001e2300 00000004 b kUp
001e2304 00000004 b kDown
001e2308 00000004 b kHeld
001e230c 00000004 b kOld
001e2310 00000004 B hidSharedMem
001e2314 00000014 B hidEvents
001e2328 00000004 B hidMemHandle
001e232c 00000004 B hidHandle
001e2330 00000004 b irrstRefCount
001e2334 00000004 b csPos
001e2338 00000004 b kHeld
001e233c 00000004 B irrstSharedMem
001e2340 00000004 B irrstEvent
001e2344 00000004 B irrstMemHandle
001e2348 00000004 B irrstHandle
001e234c 00000004 b ptmSysmRefCount
001e2350 00000004 b ptmSysmHandle
001e2354 00000004 V __ctru_linear_heap_size
001e2358 00000004 V __ctru_heap_size
001e235c 00000004 B __ctru_linear_heap
001e2360 00000004 B __ctru_heap
001e2364 00000004 B __system_retAddr
001e2368 00000004 B __system_argv
001e236c 00000004 B __system_argc
001e2370 b saved_stack
001e2378 00000004 B __3dslink_host
001e237c 00000004 b srvRefCount
001e2380 00000004 b srvHandle
001e2384 00000004 b arbiter
001e2388 00000004 b currentAddr
001e238c 00000004 b maxAddr
001e2390 00000004 b minAddr
001e2394 00000004 b srvPmHandle
001e2398 000005c0 b archive_devices
001e2958 00000004 b archive_device_cwd
001e295c 00000001 b archive_initialized
001e2960 00000004 B std::locale::id::_S_refcount
001e2964 00000004 B std::locale::facet::_S_once
001e2968 00000004 B std::locale::facet::_S_c_locale
001e296c 00000004 B std::locale::_S_once
001e2970 00000004 B std::locale::_S_global
001e2974 00000004 B std::locale::_S_classic
001e2978 00000004 b guard variable for (anonymous namespace)::get_locale_cache_mutex()::locale_cache_mutex
001e2980 00000010 b (anonymous namespace)::get_locale_cache_mutex()::locale_cache_mutex
001e2990 00000010 V std::string::_Rep::_S_empty_rep_storage
001e29a0 00000010 V std::basic_string<wchar_t, std::char_traits<wchar_t>, std::allocator<wchar_t> >::_Rep::_S_empty_rep_storage
001e29b0 00000004 V guard variable for std::__cxx11::collate<wchar_t>::id
001e29b4 00000004 V guard variable for std::__cxx11::messages<wchar_t>::id
001e29b8 00000004 V guard variable for std::__cxx11::time_get<wchar_t, std::istreambuf_iterator<wchar_t, std::char_traits<wchar_t> > >::id
001e29bc 00000004 V guard variable for std::__cxx11::numpunct<wchar_t>::id
001e29c0 00000004 V guard variable for std::__cxx11::moneypunct<wchar_t, true>::id
001e29c4 00000004 V guard variable for std::__cxx11::moneypunct<wchar_t, false>::id
001e29c8 00000004 V guard variable for std::__cxx11::money_put<wchar_t, std::ostreambuf_iterator<wchar_t, std::char_traits<wchar_t> > >::id
001e29cc 00000004 V guard variable for std::__cxx11::money_get<wchar_t, std::istreambuf_iterator<wchar_t, std::char_traits<wchar_t> > >::id
001e29d0 00000004 V std::__cxx11::collate<wchar_t>::id
001e29d4 00000004 V std::__cxx11::messages<wchar_t>::id
001e29d8 00000004 V std::__cxx11::time_get<wchar_t, std::istreambuf_iterator<wchar_t, std::char_traits<wchar_t> > >::id
001e29dc 00000004 V std::__cxx11::numpunct<wchar_t>::id
001e29e0 00000004 V std::__cxx11::moneypunct<wchar_t, true>::id
001e29e4 00000004 V std::__cxx11::moneypunct<wchar_t, false>::id
001e29e8 00000004 V std::__cxx11::money_put<wchar_t, std::ostreambuf_iterator<wchar_t, std::char_traits<wchar_t> > >::id
001e29ec 00000004 V std::__cxx11::money_get<wchar_t, std::istreambuf_iterator<wchar_t, std::char_traits<wchar_t> > >::id
001e29f0 00000004 V guard variable for std::collate<char>::id
001e29f4 00000004 V guard variable for std::messages<char>::id
001e29f8 00000004 V guard variable for std::time_get<char, std::istreambuf_iterator<char, std::char_traits<char> > >::id
001e29fc 00000004 V guard variable for std::time_put<char, std::ostreambuf_iterator<char, std::char_traits<char> > >::id
001e2a00 00000004 V guard variable for std::__timepunct<char>::id
001e2a04 00000004 V guard variable for std::numpunct<char>::id
001e2a08 00000004 V guard variable for std::moneypunct<char, true>::id
001e2a0c 00000004 V guard variable for std::moneypunct<char, false>::id
001e2a10 00000004 V guard variable for std::money_put<char, std::ostreambuf_iterator<char, std::char_traits<char> > >::id
001e2a14 00000004 V guard variable for std::money_get<char, std::istreambuf_iterator<char, std::char_traits<char> > >::id
001e2a18 00000004 V guard variable for std::num_put<char, std::ostreambuf_iterator<char, std::char_traits<char> > >::id
001e2a1c 00000004 V guard variable for std::num_get<char, std::istreambuf_iterator<char, std::char_traits<char> > >::id
001e2a20 00000004 V std::collate<char>::id
001e2a24 00000004 V std::messages<char>::id
001e2a28 00000004 V std::time_get<char, std::istreambuf_iterator<char, std::char_traits<char> > >::id
001e2a2c 00000004 V std::time_put<char, std::ostreambuf_iterator<char, std::char_traits<char> > >::id
001e2a30 00000004 V std::__timepunct<char>::id
001e2a34 00000004 V std::numpunct<char>::id
001e2a38 00000004 V std::moneypunct<char, true>::id
001e2a3c 00000004 V std::moneypunct<char, false>::id
001e2a40 00000004 V std::money_put<char, std::ostreambuf_iterator<char, std::char_traits<char> > >::id
001e2a44 00000004 V std::money_get<char, std::istreambuf_iterator<char, std::char_traits<char> > >::id
001e2a48 00000004 V std::num_put<char, std::ostreambuf_iterator<char, std::char_traits<char> > >::id
001e2a4c 00000004 V std::num_get<char, std::istreambuf_iterator<char, std::char_traits<char> > >::id
001e2a50 000000c8 b (anonymous namespace)::timepunct_cache_w
001e2b18 00000070 b (anonymous namespace)::moneypunct_cache_wf
001e2b88 00000070 b (anonymous namespace)::moneypunct_cache_wt
001e2bf8 00000128 b (anonymous namespace)::numpunct_cache_w
001e2d20 000000c8 b (anonymous namespace)::timepunct_cache_c
001e2de8 00000044 b (anonymous namespace)::moneypunct_cache_cf
001e2e2c 00000044 b (anonymous namespace)::moneypunct_cache_ct
001e2e70 00000068 b (anonymous namespace)::numpunct_cache_c
001e2ed8 00000008 b (anonymous namespace)::codecvt_c32_c8
001e2ee0 00000008 b (anonymous namespace)::codecvt_c16_c8
001e2ee8 00000008 b (anonymous namespace)::codecvt_c32
001e2ef0 00000008 b (anonymous namespace)::codecvt_c16
001e2ef8 00000010 b (anonymous namespace)::messages_w
001e2f08 00000008 b (anonymous namespace)::time_put_w
001e2f10 00000008 b (anonymous namespace)::time_get_w
001e2f18 00000014 b (anonymous namespace)::timepunct_w
001e2f2c 00000008 b (anonymous namespace)::money_put_w
001e2f34 00000008 b (anonymous namespace)::money_get_w
001e2f3c 0000000c b (anonymous namespace)::moneypunct_wf
001e2f48 0000000c b (anonymous namespace)::moneypunct_wt
001e2f54 0000000c b (anonymous namespace)::codecvt_w
001e2f60 00000008 b (anonymous namespace)::num_put_w
001e2f68 00000008 b (anonymous namespace)::num_get_w
001e2f70 0000000c b (anonymous namespace)::numpunct_w
001e2f7c 0000000c b (anonymous namespace)::collate_w
001e2f88 000004e0 b (anonymous namespace)::ctype_w
001e3468 00000010 b (anonymous namespace)::messages_c
001e3478 00000008 b (anonymous namespace)::time_put_c
001e3480 00000008 b (anonymous namespace)::time_get_c
001e3488 00000014 b (anonymous namespace)::timepunct_c
001e349c 00000008 b (anonymous namespace)::money_put_c
001e34a4 00000008 b (anonymous namespace)::money_get_c
001e34ac 0000000c b (anonymous namespace)::moneypunct_cf
001e34b8 0000000c b (anonymous namespace)::moneypunct_ct
001e34c4 0000000c b (anonymous namespace)::codecvt_c
001e34d0 00000008 b (anonymous namespace)::num_put_c
001e34d8 00000008 b (anonymous namespace)::num_get_c
001e34e0 0000000c b (anonymous namespace)::numpunct_c
001e34ec 0000000c b (anonymous namespace)::collate_c
001e34f8 00000220 b (anonymous namespace)::ctype_c
001e3718 000000c0 b (anonymous namespace)::cache_vec
001e37d8 000000c0 b (anonymous namespace)::facet_vec
001e3898 0000000c b (anonymous namespace)::name_c
001e38a4 00000018 b (anonymous namespace)::name_vec
001e38bc 00000004 b (anonymous namespace)::c_locale
001e38c0 00000014 b (anonymous namespace)::c_locale_impl
001e38d4 00000004 b guard variable for (anonymous namespace)::get_locale_mutex()::locale_mutex
001e38d8 00000010 b (anonymous namespace)::get_locale_mutex()::locale_mutex
001e38e8 00000004 V guard variable for std::collate<wchar_t>::id
001e38ec 00000004 V guard variable for std::messages<wchar_t>::id
001e38f0 00000004 V guard variable for std::time_get<wchar_t, std::istreambuf_iterator<wchar_t, std::char_traits<wchar_t> > >::id
001e38f4 00000004 V guard variable for std::time_put<wchar_t, std::ostreambuf_iterator<wchar_t, std::char_traits<wchar_t> > >::id
001e38f8 00000004 V guard variable for std::__timepunct<wchar_t>::id
001e38fc 00000004 V guard variable for std::numpunct<wchar_t>::id
001e3900 00000004 V guard variable for std::moneypunct<wchar_t, true>::id
001e3904 00000004 V guard variable for std::moneypunct<wchar_t, false>::id
001e3908 00000004 V guard variable for std::money_put<wchar_t, std::ostreambuf_iterator<wchar_t, std::char_traits<wchar_t> > >::id
001e390c 00000004 V guard variable for std::money_get<wchar_t, std::istreambuf_iterator<wchar_t, std::char_traits<wchar_t> > >::id
001e3910 00000004 V guard variable for std::num_put<wchar_t, std::ostreambuf_iterator<wchar_t, std::char_traits<wchar_t> > >::id
001e3914 00000004 V guard variable for std::num_get<wchar_t, std::istreambuf_iterator<wchar_t, std::char_traits<wchar_t> > >::id
001e3918 00000004 V std::collate<wchar_t>::id
001e391c 00000004 V std::messages<wchar_t>::id
001e3920 00000004 V std::time_get<wchar_t, std::istreambuf_iterator<wchar_t, std::char_traits<wchar_t> > >::id
001e3924 00000004 V std::time_put<wchar_t, std::ostreambuf_iterator<wchar_t, std::char_traits<wchar_t> > >::id
001e3928 00000004 V std::__timepunct<wchar_t>::id
001e392c 00000004 V std::numpunct<wchar_t>::id
001e3930 00000004 V std::moneypunct<wchar_t, true>::id
001e3934 00000004 V std::moneypunct<wchar_t, false>::id
001e3938 00000004 V std::money_put<wchar_t, std::ostreambuf_iterator<wchar_t, std::char_traits<wchar_t> > >::id
001e393c 00000004 V std::money_get<wchar_t, std::istreambuf_iterator<wchar_t, std::char_traits<wchar_t> > >::id
001e3940 00000004 V std::num_put<wchar_t, std::ostreambuf_iterator<wchar_t, std::char_traits<wchar_t> > >::id
001e3944 00000004 V std::num_get<wchar_t, std::istreambuf_iterator<wchar_t, std::char_traits<wchar_t> > >::id
001e3948 0000001c b (anonymous namespace)::emergency_pool
001e3964 00000004 b init
001e3968 00000001 B __eh_globals_init::_S_init
001e396c 0000000c b (anonymous namespace)::eh_globals
001e3978 00000004 b (anonymous namespace)::get_static_cond()::once
001e3980 00000008 b (anonymous namespace)::fake_cond
001e3988 00000004 b (anonymous namespace)::static_cond
001e398c 00000004 b (anonymous namespace)::get_static_mutex()::once
001e3990 00000010 b (anonymous namespace)::fake_mutex
001e39a0 00000004 b (anonymous namespace)::static_mutex
001e39a4 00000004 b (anonymous namespace)::__new_handler
001e39a8 00000004 B std::codecvt<wchar_t, char, _mbstate_t>::id
001e39ac 00000004 B std::codecvt<char, char, _mbstate_t>::id
001e39b0 00000004 B std::codecvt<char32_t, char8_t, _mbstate_t>::id
001e39b4 00000004 B std::codecvt<char16_t, char8_t, _mbstate_t>::id
001e39b8 00000004 B std::codecvt<char32_t, char, _mbstate_t>::id
001e39bc 00000004 B std::codecvt<char16_t, char, _mbstate_t>::id
001e39c0 00000010 b std::(anonymous namespace)::messages_w
001e39d0 00000008 b std::(anonymous namespace)::time_get_w
001e39d8 00000008 b std::(anonymous namespace)::money_put_w
001e39e0 00000008 b std::(anonymous namespace)::money_get_w
001e39e8 0000000c b std::(anonymous namespace)::moneypunct_wf
001e39f4 0000000c b std::(anonymous namespace)::moneypunct_wt
001e3a00 0000000c b std::(anonymous namespace)::numpunct_w
001e3a0c 0000000c b std::(anonymous namespace)::collate_w
001e3a18 00000010 b std::(anonymous namespace)::messages_c
001e3a28 00000008 b std::(anonymous namespace)::time_get_c
001e3a30 00000008 b std::(anonymous namespace)::money_put_c
001e3a38 00000008 b std::(anonymous namespace)::money_get_c
001e3a40 0000000c b std::(anonymous namespace)::moneypunct_cf
001e3a4c 0000000c b std::(anonymous namespace)::moneypunct_ct
001e3a58 0000000c b std::(anonymous namespace)::numpunct_c
001e3a64 0000000c b std::(anonymous namespace)::collate_c
001e3a70 00000004 B std::ctype<wchar_t>::id
001e3a74 00000004 B std::ctype<char>::id
001e3a78 00000004 V guard variable for std::__cxx11::collate<char>::id
001e3a7c 00000004 V guard variable for std::__cxx11::messages<char>::id
001e3a80 00000004 V guard variable for std::__cxx11::time_get<char, std::istreambuf_iterator<char, std::char_traits<char> > >::id
001e3a84 00000004 V guard variable for std::__cxx11::numpunct<char>::id
001e3a88 00000004 V guard variable for std::__cxx11::moneypunct<char, true>::id
001e3a8c 00000004 V guard variable for std::__cxx11::moneypunct<char, false>::id
001e3a90 00000004 V guard variable for std::__cxx11::money_put<char, std::ostreambuf_iterator<char, std::char_traits<char> > >::id
001e3a94 00000004 V guard variable for std::__cxx11::money_get<char, std::istreambuf_iterator<char, std::char_traits<char> > >::id
001e3a98 00000004 V std::__cxx11::collate<char>::id
001e3a9c 00000004 V std::__cxx11::messages<char>::id
001e3aa0 00000004 V std::__cxx11::time_get<char, std::istreambuf_iterator<char, std::char_traits<char> > >::id
001e3aa4 00000004 V std::__cxx11::numpunct<char>::id
001e3aa8 00000004 V std::__cxx11::moneypunct<char, true>::id
001e3aac 00000004 V std::__cxx11::moneypunct<char, false>::id
001e3ab0 00000004 V std::__cxx11::money_put<char, std::ostreambuf_iterator<char, std::char_traits<char> > >::id
001e3ab4 00000004 V std::__cxx11::money_get<char, std::istreambuf_iterator<char, std::char_traits<char> > >::id
001e3ab8 00000004 B _timezone
001e3abc 00000004 B _daylight
001e3ac0 00000004 b __tz_mutex
001e3ac4 000000e0 b saved_categories.0
001e3ba4 000000e0 b new_categories.1
001e3c84 00000028 B __malloc_current_mallinfo
001e3cac 00000004 B __malloc_max_total_mem
001e3cb0 00000004 B __malloc_max_sbrked_mem
001e3cb4 00000004 B __malloc_top_pad
001e3cb8 0000000c b __sfp_recursive_mutex
001e3cc8 00000168 B __sf
001e3e30 00000004 B __stdio_exit_handler
001e3e34 0000000c b __malloc_recursive_mutex
001e3e40 00000004 b prev_tzenv
001e3e44 0000000c b __tzname_dst
001e3e50 0000000c b __tzname_std
001e3e5c 0000000c b __env_recursive_mutex
001e3e68 00000004 b initial_env
001e3e6c 00000400 b temp_cwd
001e426c 00000004 b __hndl_lock
001e4270 00000004 B fake_heap_start
001e4274 00000004 B fake_heap_end
001e4278 00000004 b __pthread_once_cv
001e427c 00000004 b __pthread_once_lock
001e4280 00000004 b heap_start.0
001e4284 B __tls_start
001e4e8c B __bss_end__
001e4e8c A __end__
001e4e8c B __tls_end
001e827f N 
001e827f N 
001e827f N 
001e827f N 
001e827f N 
001e827f N 
001e827f N 
001e827f N 
001e827f N 
001e827f N 
001e827f N 
001e827f N 
001e827f N 
001e827f N 
001e827f N 
001e827f N 
001e827f N 
001e827f N 
001e827f N 
001e827f N 
001e827f N 
001e827f N 
001e827f N 
001e827f N 
001e827f N 
001e827f N 
001e827f N 
001e827f N 
001e827f N 
001e827f N 
001e827f N 
001e827f N 
001e827f W KoreanMemoryRule.cpp.403bf72f
001f893a N 
001f893a N 
001f893a N 
001f893a N 
001f893a N 
001f893a N 
001f893a N 
001f893a N 
001f893a N 
001f893a N 
001f893a N 
001f893a N 
001f893a N 
001f893a N 
001f893a N 
001f893a N 
001f893a N 
001f893a N 
001f893a N 
001f893a N 
001f893a N 
001f893a N 
001f893a N 
001f893a N 
001f893a N 
001f893a N 
001f893a N 
001f893a N 
001f893a N 
001f893a N 
001f893a N 
001f893a N 
001f893a W KoreanSMS32KB2000MemoryRule.cpp.aaff2d51
00209004 N 
00209004 N 
00209004 N 
00209004 N 
00209004 N 
00209004 N 
00209004 N 
00209004 N 
00209004 N 
00209004 N 
00209004 N 
00209004 N 
00209004 N 
00209004 N 
00209004 N 
00209004 N 
00209004 N 
00209004 N 
00209004 N 
00209004 N 
00209004 N 
00209004 N 
00209004 N 
00209004 N 
00209004 N 
00209004 N 
00209004 N 
00209004 N 
00209004 N 
00209004 N 
00209004 N 
00209004 N 
00209004 W MSXMemoryRule.cpp.585458da
00219723 N 
00219723 N 
00219723 N 
00219723 N 
00219723 N 
00219723 N 
00219723 N 
00219723 N 
00219723 N 
00219723 N 
00219723 N 
00219723 N 
00219723 N 
00219723 N 
00219723 N 
00219723 N 
00219723 N 
00219723 N 
00219723 N 
00219723 N 
00219723 N 
00219723 N 
00219723 N 
00219723 N 
00219723 N 
00219723 N 
00219723 N 
00219723 N 
00219723 N 
00219723 N 
00219723 N 
00219723 N 
00219723 N 
00219723 N 
00219723 N 
00219723 N 
00219723 N 
00219723 N 
00219723 N 
00219723 N 
00219723 N 
00219723 N 
00219723 N 
00219723 N 
00219723 N 
00219723 N 
00219723 N 
00219723 N 
00219723 N 
00219723 N 
00219723 N 
00219723 N 
00219723 N 
00219723 N 
00219723 N 
00219723 N 
00219723 N 
00219723 N 
00219723 N 
00219723 N 
00219723 N 
00219723 N 
00219723 N 
00219723 N 
00219723 N 
00219723 N 
00219723 N 
00219723 N 
00219723 N 
00219723 N 
00219723 N 
00219723 N 
00219723 N 
00219723 N 
00219723 N 
00219723 N 
00219723 N 
00219723 N 
00219723 N 
00219723 N 
00219723 N 
00219723 N 
00219723 N 
00219723 N 
00219723 W Memory.cpp.0996bf6c
0022e9ad N 
0022e9ad N 
0022e9ad N 
0022e9ad N 
0022e9ad N 
0022e9ad N 
0022e9ad N 
0022e9ad N 
0022e9ad N 
0022e9ad N 
0022e9ad N 
0022e9ad N 
0022e9ad N 
0022e9ad N 
0022e9ad N 
0022e9ad N 
0022e9ad N 
0022e9ad N 
0022e9ad N 
0022e9ad N 
0022e9ad N 
0022e9ad N 
0022e9ad N 
0022e9ad N 
0022e9ad N 
0022e9ad N 
0022e9ad N 
0022e9ad N 
0022e9ad N 
0022e9ad N 
0022e9ad N 
0022e9ad N 
0022e9ad N 
0022e9ad N 
0022e9ad N 
0022e9ad W MemoryRule.cpp.e998680e
0023179e N 
0023179e N 
0023179e N 
0023179e N 
0023179e N 
0023179e N 
0023179e N 
0023179e N 
0023179e N 
0023179e N 
0023179e N 
0023179e N 
0023179e N 
0023179e N 
0023179e N 
0023179e N 
0023179e N 
0023179e N 
0023179e N 
0023179e N 
0023179e N 
0023179e N 
0023179e N 
0023179e N 
0023179e N 
0023179e N 
0023179e N 
0023179e N 
0023179e N 
0023179e N 
0023179e N 
0023179e N 
0023179e W Multi4PAKAllActionMemoryRule.cpp.796591e4
00241e68 N 
00241e68 N 
00241e68 N 
00241e68 N 
00241e68 N 
00241e68 N 
00241e68 N 
00241e68 N 
00241e68 N 
00241e68 N 
00241e68 N 
00241e68 N 
00241e68 N 
00241e68 N 
00241e68 N 
00241e68 N 
00241e68 N 
00241e68 N 
00241e68 N 
00241e68 N 
00241e68 N 
00241e68 N 
00241e68 N 
00241e68 N 
00241e68 N 
00241e68 N 
00241e68 N 
00241e68 N 
00241e68 N 
00241e68 N 
00241e68 N 
00241e68 N 
00241e68 N 
00241e68 N 
00241e68 N 
00241e68 N 
00241e68 N 
00241e68 N 
00241e68 N 
00241e68 N 
00241e68 N 
00241e68 N 
00241e68 N 
00241e68 N 
00241e68 N 
00241e68 N 
00241e68 N 
00241e68 N 
00241e68 N 
00241e68 N 
00241e68 N 
00241e68 N 
00241e68 N 
00241e68 N 
00241e68 N 
00241e68 N 
00241e68 N 
00241e68 N 
00241e68 N 
00241e68 N 
00241e68 N 
00241e68 N 
00241e68 N 
00241e68 N 
00241e68 N 
00241e68 N 
00241e68 N 
00241e68 N 
00241e68 N 
00241e68 N 
00241e68 N 
00241e68 N 
00241e68 N 
00241e68 N 
00241e68 N 
00241e68 N 
00241e68 N 
00241e68 N 
00241e68 N 
00241e68 N 
00241e68 N 
00241e68 N 
00241e68 N 
00241e68 N 
00241e68 N 
00241e68 N 
00241e68 N 
00241e68 N 
00241e68 N 
00241e68 N 
00241e68 N 
00241e68 N 
00241e68 N 
00241e68 N 
00241e68 N 
00241e68 N 
00241e68 N 
00241e68 W Processor.cpp.93758190
002593a6 N 
002593a6 N 
002593a6 N 
002593a6 N 
002593a6 N 
002593a6 N 
002593a6 N 
002593a6 N 
002593a6 N 
002593a6 N 
002593a6 N 
002593a6 N 
002593a6 N 
002593a6 N 
002593a6 N 
002593a6 N 
002593a6 N 
002593a6 N 
002593a6 N 
002593a6 N 
002593a6 N 
002593a6 N 
002593a6 N 
002593a6 N 
002593a6 N 
002593a6 N 
002593a6 N 
002593a6 N 
002593a6 W RomOnlyMemoryRule.cpp.cb228085
002698e6 N 
002698e6 N 
002698e6 N 
002698e6 N 
002698e6 N 
002698e6 N 
002698e6 N 
002698e6 N 
002698e6 N 
002698e6 N 
002698e6 N 
002698e6 N 
002698e6 N 
002698e6 N 
002698e6 N 
002698e6 N 
002698e6 N 
002698e6 N 
002698e6 N 
002698e6 N 
002698e6 N 
002698e6 N 
002698e6 N 
002698e6 N 
002698e6 N 
002698e6 N 
002698e6 N 
002698e6 N 
002698e6 N 
002698e6 W SG1000MemoryRule.cpp.a1b9eb25
00279e35 N 
00279e35 N 
00279e35 N 
00279e35 N 
00279e35 N 
00279e35 N 
00279e35 N 
00279e35 N 
00279e35 N 
00279e35 N 
00279e35 N 
00279e35 N 
00279e35 N 
00279e35 N 
00279e35 N 
00279e35 N 
00279e35 N 
00279e35 N 
00279e35 N 
00279e35 N 
00279e35 N 
00279e35 N 
00279e35 N 
00279e35 N 
00279e35 N 
00279e35 N 
00279e35 N 
00279e35 N 
00279e35 N 
00279e35 N 
00279e35 N 
00279e35 N 
00279e35 N 
00279e35 N 
00279e35 N 
00279e35 N 
00279e35 N 
00279e35 N 
00279e35 N 
00279e35 W SegaMemoryRule.cpp.b2f1360e
0028b94a N 
0028b94a N 
0028b94a N 
0028b94a N 
0028b94a N 
0028b94a N 
0028b94a N 
0028b94a N 
0028b94a N 
0028b94a N 
0028b94a N 
0028b94a N 
0028b94a N 
0028b94a N 
0028b94a N 
0028b94a N 
0028b94a N 
0028b94a N 
0028b94a N 
0028b94a N 
0028b94a N 
0028b94a N 
0028b94a N 
0028b94a N 
0028b94a N 
0028b94a N 
0028b94a N 
0028b94a N 
0028b94a N 
0028b94a N 
0028b94a N 
0028b94a N 
0028b94a N 
0028b94a N 
0028b94a N 
0028b94a W SmsIOPorts.cpp.e1fe82c4
002a28f9 N 
002a28f9 N 
002a28f9 N 
002a28f9 N 
002a28f9 N 
002a28f9 N 
002a28f9 N 
002a28f9 N 
002a28f9 N 
002a28f9 N 
002a28f9 N 
002a28f9 N 
002a28f9 N 
002a28f9 N 
002a28f9 N 
002a28f9 N 
002a28f9 N 
002a28f9 N 
002a28f9 N 
002a28f9 N 
002a28f9 N 
002a28f9 N 
002a28f9 N 
002a28f9 N 
002a28f9 N 
002a28f9 N 
002a28f9 N 
002a28f9 N 
002a28f9 W TraceLogger.cpp.56c05c45
002a501f N 
002a501f N 
002a501f N 
002a501f N 
002a501f N 
002a501f N 
002a501f N 
002a501f N 
002a501f N 
002a501f N 
002a501f N 
002a501f N 
002a501f N 
002a501f N 
002a501f N 
002a501f N 
002a501f N 
002a501f N 
002a501f N 
002a501f N 
002a501f N 
002a501f N 
002a501f N 
002a501f N 
002a501f N 
002a501f N 
002a501f N 
002a501f N 
002a501f N 
002a501f N 
002a501f N 
002a501f N 
002a501f N 
002a501f N 
002a501f N 
002a501f N 
002a501f N 
002a501f N 
002a501f N 
002a501f N 
002a501f N 
002a501f N 
002a501f N 
002a501f N 
002a501f N 
002a501f N 
002a501f N 
002a501f N 
002a501f N 
002a501f N 
002a501f N 
002a501f N 
002a501f N 
002a501f N 
002a501f N 
002a501f W VgmRecorder.cpp.5a65c726
002ae009 N 
002ae009 N 
002ae009 N 
002ae009 N 
002ae009 N 
002ae009 N 
002ae009 N 
002ae009 N 
002ae009 N 
002ae009 N 
002ae009 N 
002ae009 N 
002ae009 N 
002ae009 N 
002ae009 N 
002ae009 N 
002ae009 N 
002ae009 N 
002ae009 N 
002ae009 N 
002ae009 N 
002ae009 N 
002ae009 N 
002ae009 N 
002ae009 N 
002ae009 N 
002ae009 N 
002ae009 N 
002ae009 N 
002ae009 N 
002ae009 N 
002ae009 N 
002ae009 N 
002ae009 N 
002ae009 N 
002ae009 N 
002ae009 N 
002ae009 N 
002ae009 N 
002ae009 N 
002ae009 N 
002ae009 N 
002ae009 N 
002ae009 N 
002ae009 N 
002ae009 N 
002ae009 N 
002ae009 N 
002ae009 N 
002ae009 N 
002ae009 N 
002ae009 N 
002ae009 N 
002ae009 N 
002ae009 N 
002ae009 N 
002ae009 N 
002ae009 N 
002ae009 N 
002ae009 N 
002ae009 N 
002ae009 N 
002ae009 N 
002ae009 N 
002ae009 N 
002ae009 N 
002ae009 N 
002ae009 N 
002ae009 N 
002ae009 W Video.cpp.cb3c5393
002c03f2 N 
002c03f2 N 
002c03f2 N 
002c03f2 N 
002c03f2 N 
002c03f2 N 
002c03f2 N 
002c03f2 N 
002c03f2 N 
002c03f2 N 
002c03f2 N 
002c03f2 N 
002c03f2 N 
002c03f2 N 
002c03f2 N 
002c03f2 N 
002c03f2 N 
002c03f2 N 
002c03f2 N 
002c03f2 N 
002c03f2 N 
002c03f2 N 
002c03f2 N 
002c03f2 N 
002c03f2 N 
002c03f2 N 
002c03f2 N 
002c03f2 N 
002c03f2 N 
002c03f2 N 
002c03f2 N 
002c03f2 N 
002c03f2 W YM2413.cpp.1353c4ee
002c2e97 N 
002c2e97 N 
002c2e97 N 
002c2e97 N 
002c2e97 N 
002c2e97 N 
002c2e97 N 
002c2e97 N 
002c2e97 N 
002c2e97 N 
002c2e97 N 
002c2e97 N 
002c2e97 N 
002c2e97 N 
002c2e97 N 
002c2e97 N 
002c2e97 N 
002c2e97 N 
002c2e97 N 
002c2e97 N 
002c2e97 N 
002c2e97 N 
002c2e97 N 
002c2e97 N 
002c2e97 N 
002c2e97 N 
002c2e97 N 
002c2e97 N 
002c2e97 N 
002c2e97 N 
002c2e97 N 
002c2e97 N 
002c2e97 N 
002c2e97 N 
002c2e97 N 
002c2e97 N 
002c2e97 N 
002c2e97 N 
002c2e97 N 
002c2e97 N 
002c2e97 N 
002c2e97 N 
002c2e97 N 
002c2e97 N 
002c2e97 N 
002c2e97 N 
002c2e97 N 
002c2e97 N 
002c2e97 N 
002c2e97 N 
002c2e97 N 
002c2e97 N 
002c2e97 N 
002c2e97 N 
002c2e97 N 
002c2e97 N 
002c2e97 N 
002c2e97 N 
002c2e97 N 
002c2e97 N 
002c2e97 N 
002c2e97 N 
002c2e97 N 
002c2e97 N 
002c2e97 N 
002c2e97 N 
002c2e97 N 
002c2e97 N 
002c2e97 N 
002c2e97 N 
002c2e97 N 
002c2e97 N 
002c2e97 N 
002c2e97 N 
002c2e97 N 
002c2e97 N 
002c2e97 N 
002c2e97 N 
002c2e97 N 
002c2e97 N 
002c2e97 N 
002c2e97 N 
002c2e97 N 
002c2e97 N 
002c2e97 N 
002c2e97 N 
002c2e97 N 
002c2e97 N 
002c2e97 N 
002c2e97 N 
002c2e97 N 
002c2e97 N 
002c2e97 N 
002c2e97 N 
002c2e97 N 
002c2e97 N 
002c2e97 N 
002c2e97 N 
002c2e97 N 
002c2e97 N 
002c2e97 N 
002c2e97 N 
002c2e97 N 
002c2e97 N 
002c2e97 N 
002c2e97 N 
002c2e97 N 
002c2e97 N 
002c2e97 N 
002c2e97 N 
002c2e97 N 
002c2e97 N 
002c2e97 N 
002c2e97 N 
002c2e97 N 
002c2e97 N 
002c2e97 N 
002c2e97 N 
002c2e97 N 
002c2e97 N 
002c2e97 N 
002c2e97 N 
002c2e97 N 
002c2e97 N 
002c2e97 N 
002c2e97 N 
002c2e97 N 
002c2e97 N 
002c2e97 N 
002c2e97 N 
002c2e97 N 
002c2e97 N 
002c2e97 N 
002c2e97 N 
002c2e97 N 
002c2e97 N 
002c2e97 N 
002c2e97 N 
002c2e97 N 
002c2e97 N 
002c2e97 N 
002c2e97 N 
002c2e97 N 
002c2e97 N 
002c2e97 N 
002c2e97 N 
002c2e97 N 
002c2e97 N 
002c2e97 N 
002c2e97 N 
002c2e97 N 
002c2e97 N 
002c2e97 N 
002c2e97 N 
002c2e97 N 
002c2e97 N 
002c2e97 N 
002c2e97 N 
002c2e97 N 
002c2e97 N 
002c2e97 N 
002c2e97 N 
002c2e97 N 
002c2e97 N 
002c2e97 N 
002c2e97 N 
002c2e97 N 
002c2e97 N 
002c2e97 N 
002c2e97 N 
002c2e97 N 
002c2e97 N 
002c2e97 N 
002c2e97 N 
002c2e97 N 
002c2e97 N 
002c2e97 N 
002c2e97 N 
002c2e97 N 
002c2e97 N 
002c2e97 N 
002c2e97 N 
002c2e97 N 
002c2e97 N 
002c2e97 N 
002c2e97 N 
002c2e97 N 
002c2e97 N 
002c2e97 N 
002c2e97 N 
002c2e97 N 
002c2e97 N 
002c2e97 N 
002c2e97 N 
002c2e97 N 
002c2e97 N 
002c2e97 N 
002c2e97 N 
002c2e97 N 
002c2e97 N 
002c2e97 N 
002c2e97 N 
002c2e97 N 
002c2e97 N 
002c2e97 N 
002c2e97 N 
002c2e97 N 
002c2e97 N 
002c2e97 N 
002c2e97 N 
002c2e97 N 
002c2e97 N 
002c2e97 N 
002c2e97 N 
002c2e97 N 
002c2e97 N 
002c2e97 N 
002c2e97 N 
002c2e97 N 
002c2e97 N 
002c2e97 N 
002c2e97 N 
002c2e97 N 
002c2e97 N 
002c2e97 N 
002c2e97 N 
002c2e97 N 
002c2e97 N 
002c2e97 N 
002c2e97 N 
002c2e97 N 
002c2e97 N 
002c2e97 N 
002c2e97 N 
002c2e97 N 
002c2e97 N 
002c2e97 N 
002c2e97 N 
002c2e97 N 
002c2e97 N 
002c2e97 N 
002c2e97 N 
002c2e97 N 
002c2e97 N 
002c2e97 N 
002c2e97 N 
002c2e97 N 
002c2e97 N 
002c2e97 N 
002c2e97 N 
002c2e97 N 
002c2e97 N 
002c2e97 N 
002c2e97 N 
002c2e97 N 
002c2e97 N 
002c2e97 N 
002c2e97 N 
002c2e97 N 
002c2e97 N 
002c2e97 N 
002c2e97 N 
002c2e97 N 
002c2e97 N 
002c2e97 N 
002c2e97 N 
002c2e97 N 
002c2e97 N 
002c2e97 N 
002c2e97 N 
002c2e97 N 
002c2e97 N 
002c2e97 N 
002c2e97 N 
002c2e97 N 
002c2e97 N 
002c2e97 N 
002c2e97 N 
002c2e97 N 
002c2e97 N 
002c2e97 N 
002c2e97 N 
002c2e97 N 
002c2e97 N 
002c2e97 N 
002c2e97 N 
002c2e97 N 
002c2e97 N 
002c2e97 N 
002c2e97 N 
002c2e97 N 
002c2e97 N 
002c2e97 N 
002c2e97 N 
002c2e97 N 
002c2e97 N 
002c2e97 N 
002c2e97 N 
002c2e97 N 
002c2e97 N 
002c2e97 N 
002c2e97 N 
002c2e97 N 
002c2e97 N 
002c2e97 N 
002c2e97 N 
002c2e97 N 
002c2e97 N 
002c2e97 N 
002c2e97 N 
002c2e97 N 
002c2e97 N 
002c2e97 N 
002c2e97 N 
002c2e97 N 
002c2e97 N 
002c2e97 N 
002c2e97 N 
002c2e97 N 
002c2e97 N 
002c2e97 W opcodes.cpp.f0eddf40
002d5bbe N 
002d5bbe N 
002d5bbe N 
002d5bbe N 
002d5bbe N 
002d5bbe N 
002d5bbe N 
002d5bbe N 
002d5bbe N 
002d5bbe N 
002d5bbe N 
002d5bbe N 
002d5bbe N 
002d5bbe N 
002d5bbe N 
002d5bbe N 
002d5bbe N 
002d5bbe N 
002d5bbe N 
002d5bbe N 
002d5bbe N 
002d5bbe N 
002d5bbe N 
002d5bbe N 
002d5bbe N 
002d5bbe N 
002d5bbe N 
002d5bbe N 
002d5bbe N 
002d5bbe N 
002d5bbe N 
002d5bbe N 
002d5bbe N 
002d5bbe N 
002d5bbe N 
002d5bbe N 
002d5bbe N 
002d5bbe N 
002d5bbe N 
002d5bbe N 
002d5bbe N 
002d5bbe N 
002d5bbe N 
002d5bbe N 
002d5bbe N 
002d5bbe N 
002d5bbe N 
002d5bbe N 
002d5bbe N 
002d5bbe N 
002d5bbe N 
002d5bbe N 
002d5bbe N 
002d5bbe N 
002d5bbe N 
002d5bbe N 
002d5bbe N 
002d5bbe N 
002d5bbe N 
002d5bbe N 
002d5bbe N 
002d5bbe N 
002d5bbe N 
002d5bbe N 
002d5bbe N 
002d5bbe N 
002d5bbe N 
002d5bbe N 
002d5bbe N 
002d5bbe N 
002d5bbe N 
002d5bbe N 
002d5bbe N 
002d5bbe N 
002d5bbe N 
002d5bbe N 
002d5bbe N 
002d5bbe N 
002d5bbe N 
002d5bbe N 
002d5bbe N 
002d5bbe N 
002d5bbe N 
002d5bbe N 
002d5bbe N 
002d5bbe N 
002d5bbe N 
002d5bbe N 
002d5bbe N 
002d5bbe N 
002d5bbe N 
002d5bbe N 
002d5bbe N 
002d5bbe N 
002d5bbe N 
002d5bbe N 
002d5bbe N 
002d5bbe N 
002d5bbe N 
002d5bbe N 
002d5bbe N 
002d5bbe N 
002d5bbe N 
002d5bbe N 
002d5bbe N 
002d5bbe N 
002d5bbe N 
002d5bbe N 
002d5bbe N 
002d5bbe N 
002d5bbe N 
002d5bbe N 
002d5bbe N 
002d5bbe N 
002d5bbe N 
002d5bbe N 
002d5bbe N 
002d5bbe N 
002d5bbe N 
002d5bbe N 
002d5bbe N 
002d5bbe N 
002d5bbe N 
002d5bbe N 
002d5bbe N 
002d5bbe N 
002d5bbe N 
002d5bbe N 
002d5bbe N 
002d5bbe N 
002d5bbe N 
002d5bbe N 
002d5bbe N 
002d5bbe N 
002d5bbe N 
002d5bbe N 
002d5bbe N 
002d5bbe N 
002d5bbe N 
002d5bbe N 
002d5bbe N 
002d5bbe N 
002d5bbe N 
002d5bbe N 
002d5bbe N 
002d5bbe N 
002d5bbe N 
002d5bbe N 
002d5bbe N 
002d5bbe N 
002d5bbe N 
002d5bbe N 
002d5bbe N 
002d5bbe N 
002d5bbe N 
002d5bbe N 
002d5bbe N 
002d5bbe N 
002d5bbe N 
002d5bbe N 
002d5bbe N 
002d5bbe N 
002d5bbe N 
002d5bbe N 
002d5bbe N 
002d5bbe N 
002d5bbe N 
002d5bbe N 
002d5bbe N 
002d5bbe N 
002d5bbe N 
002d5bbe N 
002d5bbe N 
002d5bbe N 
002d5bbe N 
002d5bbe N 
002d5bbe N 
002d5bbe N 
002d5bbe N 
002d5bbe N 
002d5bbe N 
002d5bbe N 
002d5bbe N 
002d5bbe N 
002d5bbe N 
002d5bbe N 
002d5bbe N 
002d5bbe N 
002d5bbe N 
002d5bbe N 
002d5bbe N 
002d5bbe N 
002d5bbe N 
002d5bbe N 
002d5bbe N 
002d5bbe N 
002d5bbe N 
002d5bbe N 
002d5bbe N 
002d5bbe N 
002d5bbe N 
002d5bbe N 
002d5bbe N 
002d5bbe N 
002d5bbe N 
002d5bbe N 
002d5bbe N 
002d5bbe N 
002d5bbe N 
002d5bbe N 
002d5bbe N 
002d5bbe N 
002d5bbe N 
002d5bbe N 
002d5bbe N 
002d5bbe N 
002d5bbe N 
002d5bbe N 
002d5bbe N 
002d5bbe N 
002d5bbe N 
002d5bbe N 
002d5bbe N 
002d5bbe N 
002d5bbe N 
002d5bbe N 
002d5bbe N 
002d5bbe N 
002d5bbe N 
002d5bbe N 
002d5bbe N 
002d5bbe N 
002d5bbe N 
002d5bbe N 
002d5bbe N 
002d5bbe N 
002d5bbe N 
002d5bbe N 
002d5bbe N 
002d5bbe N 
002d5bbe N 
002d5bbe N 
002d5bbe N 
002d5bbe N 
002d5bbe N 
002d5bbe N 
002d5bbe N 
002d5bbe N 
002d5bbe N 
002d5bbe N 
002d5bbe N 
002d5bbe N 
002d5bbe N 
002d5bbe N 
002d5bbe N 
002d5bbe N 
002d5bbe N 
002d5bbe N 
002d5bbe N 
002d5bbe N 
002d5bbe N 
002d5bbe N 
002d5bbe N 
002d5bbe N 
002d5bbe N 
002d5bbe N 
002d5bbe N 
002d5bbe N 
002d5bbe N 
002d5bbe N 
002d5bbe N 
002d5bbe N 
002d5bbe N 
002d5bbe N 
002d5bbe N 
002d5bbe N 
002d5bbe N 
002d5bbe N 
002d5bbe N 
002d5bbe N 
002d5bbe N 
002d5bbe N 
002d5bbe N 
002d5bbe N 
002d5bbe N 
002d5bbe N 
002d5bbe N 
002d5bbe N 
002d5bbe N 
002d5bbe N 
002d5bbe N 
002d5bbe N 
002d5bbe N 
002d5bbe N 
002d5bbe N 
002d5bbe N 
002d5bbe N 
002d5bbe N 
002d5bbe N 
002d5bbe N 
002d5bbe N 
002d5bbe N 
002d5bbe N 
002d5bbe W opcodes_cb.cpp.50b6ec5d
002e7ecf N 
002e7ecf N 
002e7ecf N 
002e7ecf N 
002e7ecf N 
002e7ecf N 
002e7ecf N 
002e7ecf N 
002e7ecf N 
002e7ecf N 
002e7ecf N 
002e7ecf N 
002e7ecf N 
002e7ecf N 
002e7ecf N 
002e7ecf N 
002e7ecf N 
002e7ecf N 
002e7ecf N 
002e7ecf N 
002e7ecf N 
002e7ecf N 
002e7ecf N 
002e7ecf N 
002e7ecf N 
002e7ecf N 
002e7ecf N 
002e7ecf N 
002e7ecf N 
002e7ecf N 
002e7ecf N 
002e7ecf N 
002e7ecf N 
002e7ecf N 
002e7ecf N 
002e7ecf N 
002e7ecf N 
002e7ecf N 
002e7ecf N 
002e7ecf N 
002e7ecf N 
002e7ecf N 
002e7ecf N 
002e7ecf N 
002e7ecf N 
002e7ecf N 
002e7ecf N 
002e7ecf N 
002e7ecf N 
002e7ecf N 
002e7ecf N 
002e7ecf N 
002e7ecf N 
002e7ecf N 
002e7ecf N 
002e7ecf N 
002e7ecf N 
002e7ecf N 
002e7ecf N 
002e7ecf N 
002e7ecf N 
002e7ecf N 
002e7ecf N 
002e7ecf N 
002e7ecf N 
002e7ecf N 
002e7ecf N 
002e7ecf N 
002e7ecf N 
002e7ecf N 
002e7ecf N 
002e7ecf N 
002e7ecf N 
002e7ecf N 
002e7ecf N 
002e7ecf N 
002e7ecf N 
002e7ecf N 
002e7ecf N 
002e7ecf N 
002e7ecf N 
002e7ecf N 
002e7ecf N 
002e7ecf N 
002e7ecf N 
002e7ecf N 
002e7ecf N 
002e7ecf N 
002e7ecf N 
002e7ecf N 
002e7ecf N 
002e7ecf N 
002e7ecf N 
002e7ecf N 
002e7ecf N 
002e7ecf N 
002e7ecf N 
002e7ecf N 
002e7ecf N 
002e7ecf N 
002e7ecf N 
002e7ecf N 
002e7ecf N 
002e7ecf N 
002e7ecf N 
002e7ecf N 
002e7ecf N 
002e7ecf N 
002e7ecf N 
002e7ecf N 
002e7ecf N 
002e7ecf N 
002e7ecf N 
002e7ecf N 
002e7ecf N 
002e7ecf N 
002e7ecf N 
002e7ecf N 
002e7ecf N 
002e7ecf N 
002e7ecf N 
002e7ecf N 
002e7ecf N 
002e7ecf W opcodes_ed.cpp.7924dda8
002f8e98 N 
002f8e98 N 
002f8e98 N 
002f8e98 N 
002f8e98 N 
002f8e98 N 
002f8e98 N 
002f8e98 N 
002f8e98 N 
002f8e98 N 
002f8e98 N 
002f8e98 N 
002f8e98 N 
002f8e98 N 
002f8e98 N 
002f8e98 N 
002f8e98 N 
002f8e98 N 
002f8e98 N 
002f8e98 N 
002f8e98 N 
002f8e98 N 
002f8e98 N 
002f8e98 N 
002f8e98 N 
002f8e98 N 
002f8e98 N 
002f8e98 N 
002f8e98 N 
002f8e98 N 
002f8e98 N 
002f8e98 N 
002f8e98 N 
002f8e98 N 
002f8e98 N 
002f8e98 N 
002f8e98 N 
002f8e98 N 
002f8e98 N 
002f8e98 N 
002f8e98 N 
002f8e98 N 
002f8e98 N 
002f8e98 W Blip_Buffer.cpp.d712426f
002fbc35 N 
002fbc35 N 
002fbc35 N 
002fbc35 N 
002fbc35 N 
002fbc35 N 
002fbc35 N 
002fbc35 N 
002fbc35 N 
002fbc35 N 
002fbc35 N 
002fbc35 N 
002fbc35 N 
002fbc35 N 
002fbc35 N 
002fbc35 N 
002fbc35 N 
002fbc35 N 
002fbc35 N 
002fbc35 N 
002fbc35 N 
002fbc35 N 
002fbc35 N 
002fbc35 N 
002fbc35 N 
002fbc35 N 
002fbc35 N 
002fbc35 N 
002fbc35 N 
002fbc35 N 
002fbc35 N 
002fbc35 N 
002fbc35 N 
002fbc35 N 
002fbc35 N 
002fbc35 N 
002fbc35 N 
002fbc35 N 
002fbc35 N 
002fbc35 N 
002fbc35 N 
002fbc35 N 
002fbc35 N 
002fbc35 N 
002fbc35 N 
002fbc35 N 
002fbc35 N 
002fbc35 N 
002fbc35 W Sms_Apu.cpp.e6cce7db
002fff49 N 
002fff49 N 
002fff49 N 
002fff49 N 
002fff49 N 
002fff49 N 
002fff49 N 
002fff49 N 
002fff49 N 
002fff49 N 
002fff49 N 
002fff49 N 
002fff49 N 
002fff49 N 
002fff49 N 
002fff49 N 
002fff49 N 
002fff49 N 
002fff49 N 
002fff49 N 
002fff49 N 
002fff49 N 
002fff49 N 
002fff49 N 
002fff49 N 
002fff49 N 
002fff49 N 
002fff49 N 
002fff49 N 
002fff49 N 
002fff49 W Stereo_Buffer.cpp.2ce73365
00302f35 N 
00302f35 N 
00302f35 N 
00302f35 N 
00302f35 N 
00302f35 N 
00302f35 N 
00302f35 N 
00302f35 N 
00302f35 N 
00302f35 N 
00302f35 N 
00302f35 N 
00302f35 N 
00302f35 N 
00302f35 N 
00302f35 N 
00302f35 N 
00302f35 N 
00302f35 N 
00302f35 N 
00302f35 N 
00302f35 N 
00302f35 N 
00302f35 N 
00302f35 N 
00302f35 N 
00302f35 N 
00302f35 N 
00302f35 N 
00302f35 N 
00302f35 N 
00302f35 N 
00302f35 N 
00302f35 N 
00302f35 N 
00302f35 N 
00302f35 N 
00302f35 N 
00302f35 N 
00302f35 N 
00302f35 N 
00302f35 N 
00302f35 N 
00302f35 N 
00302f35 N 
00302f35 N 
00302f35 N 
00302f35 W emu2413.c.d98d465d
00303bed N 
00303bed N 
00303bed N 
00303bed N 
00303bed N 
00303bed N 
00303bed N 
00303bed N 
00303bed N 
00303bed N 
00303bed N 
00303bed N 
00303bed N 
00303bed N 
00303bed N 
00303bed N 
00303bed N 
00303bed N 
00303bed N 
00303bed N 
00303bed N 
00303bed N 
00303bed N 
00303bed N 
00303bed N 
00303bed N 
00303bed N 
00303bed N 
00303bed N 
00303bed N 
00303bed N 
00303bed N 
00303bed N 
00303bed N 
00303bed N 
00303bed N 
00303bed N 
00303bed N 
00303bed N 
00303bed N 
00303bed N 
00303bed N 
00303bed N 
00303bed N 
00303bed N 
00303bed N 
00303bed N 
00303bed N 
00303bed N 
00303bed N 
00303bed N 
00303bed N 
00303bed N 
00303bed N 
00303bed N 
00303bed N 
00303bed N 
00303bed N 
00303bed N 
00303bed N 
00303bed N 
00303bed N 
00303bed N 
00303bed N 
00303bed N 
00303bed N 
00303bed N 
00303bed N 
00303bed N 
00303bed N 
00303bed N 
00303bed N 
00303bed N 
00303bed N 
00303bed N 
00303bed N 
00303bed N 
00303bed N 
00303bed N 
00303bed N 
00303bed N 
00303bed N 
00303bed N 
00303bed N 
00303bed N 
00303bed N 
00303bed N 
00303bed N 
00303bed N 
00303bed N 
00303bed N 
00303bed N 
00303bed N 
00303bed N 
00303bed N 
00303bed N 
00303bed N 
00303bed N 
00303bed N 
00303bed N 
00303bed N 
00303bed N 
00303bed N 
00303bed N 
00303bed N 
00303bed N 
00303bed N 
00303bed N 
00303bed N 
00303bed N 
00303bed N 
00303bed N 
00303bed N 
00303bed N 
00303bed N 
00303bed N 
00303bed N 
00303bed N 
00303bed N 
00303bed N 
00303bed N 
00303bed N 
00303bed N 
00303bed N 
00303bed N 
00303bed N 
00303bed N 
00303bed N 
00303bed N 
00303bed N 
00303bed N 
00303bed N 
00303bed N 
00303bed N 
00303bed N 
00303bed N 
00303bed N 
00303bed N 
00303bed N 
00303bed N 
00303bed N 
00303bed N 
00303bed N 
00303bed N 
00303bed N 
00303bed N 
00303bed N 
00303bed N 
00303bed N 
00303bed N 
00303bed N 
00303bed N 
00303bed N 
00303bed N 
00303bed N 
00303bed N 
00303bed N 
00303bed N 
00303bed N 
00303bed N 
00303bed N 
00303bed N 
00303bed N 
00303bed N 
00303bed N 
00303bed N 
00303bed N 
00303bed N 
00303bed N 
00303bed N 
00303bed N 
00303bed N 
00303bed N 
00303bed N 
00303bed N 
00303bed N 
00303bed N 
00303bed N 
00303bed N 
00303bed N 
00303bed N 
00303bed N 
00303bed N 
00303bed N 
00303bed N 
00303bed N 
00303bed N 
00303bed N 
00303bed N 
00303bed N 
00303bed N 
00303bed N 
00303bed N 
00303bed N 
00303bed N 
00303bed N 
00303bed N 
00303bed N 
00303bed N 
00303bed N 
00303bed N 
00303bed N 
00303bed N 
00303bed N 
00303bed N 
00303bed N 
00303bed N 
00303bed N 
00303bed N 
00303bed N 
00303bed N 
00303bed N 
00303bed N 
00303bed N 
00303bed W miniz.c.9442b604
