         w __cxa_pure_virtual
         w __deregister_frame_info
         w __gnu_Unwind_Find_exidx
         w __register_frame_info
         w __syscall_tls_create
         w __syscall_tls_delete
         w __syscall_tls_get
         w __syscall_tls_set
         w userAppExit
         w userAppInit
00000000 b _TLS_MODULE_BASE_
00000000 00000802 B __ctru_dev_utf16_buf
00000000 A __sync_synchronize
00000000 a shift
00000000 a shift
00000804 00000401 B __ctru_dev_path_buf
0005b99e N 
0005b99e N 
0005b99e N 
0005b99e N 
0005b99e N 
0005b99e N 
0005b99e N 
0005b99e N 
0005b99e N 
0005b99e N 
0005b99e N 
0005b99e N 
0005b99e N 
0005b99e N 
0005b99e N 
0005b99e N 
0005b99e N 
0005b99e N 
0005b99e N 
0005b99e N 
0005b99e N 
0005b99e N 
0005b99e N 
0005b99e N 
0005b99e N 
0005b99e N 
0005b99e N 
0005b99e N 
0005b99e N 
0005b99e N 
0005b99e N 
0005b99e N 
0005b99e N 
0005b99e N 
0005b99e N 
0005b99e N 
0005b99e N 
0005b99e N 
0005b99e N 
0005b99e N 
0005b99e N 
0005b99e N 
0005b99e N 
0005b99e N 
0005b99e N 
0005b99e N 
0005b99e N 
0005b99e N 
0005b99e N 
0005b99e N 
0005b99e N 
0005b99e N 
0005b99e N 
0005b99e N 
0005b99e N 
0005b99e N 
0005b99e N 
0005b99e N 
0005b99e N 
0005b99e N 
0005b99e N 
0005b99e N 
0005b99e N 
0005b99e N 
0005b99e N 
0005b99e N 
0005b99e N 
0005b99e N 
0005b99e N 
0005b99e N 
0005b99e N 
0005b99e N 
0005b99e N 
0005b99e N 
0005b99e N 
0005b99e N 
0005b99e W main.cpp.5b81032f
0007816b N 
0007816b N 
0007816b N 
0007816b N 
0007816b N 
0007816b N 
0007816b N 
0007816b N 
0007816b N 
0007816b N 
0007816b N 
0007816b N 
0007816b N 
0007816b N 
0007816b N 
0007816b N 
0007816b N 
0007816b N 
0007816b N 
0007816b N 
0007816b N 
0007816b N 
0007816b N 
0007816b N 
0007816b N 
0007816b N 
0007816b N 
0007816b N 
0007816b N 
0007816b N 
0007816b N 
0007816b N 
0007816b N 
0007816b N 
0007816b N 
0007816b N 
0007816b W Audio.cpp.264235d9
00082d15 N 
00082d15 N 
00082d15 N 
00082d15 N 
00082d15 N 
00082d15 N 
00082d15 N 
00082d15 N 
00082d15 N 
00082d15 N 
00082d15 N 
00082d15 N 
00082d15 N 
00082d15 N 
00082d15 N 
00082d15 N 
00082d15 N 
00082d15 N 
00082d15 N 
00082d15 N 
00082d15 N 
00082d15 N 
00082d15 N 
00082d15 N 
00082d15 N 
00082d15 N 
00082d15 N 
00082d15 N 
00082d15 N 
00082d15 N 
00082d15 N 
00082d15 W BootromMemoryRule.cpp.e94b9022
000933e5 N 
000933e5 N 
000933e5 N 
000933e5 N 
000933e5 N 
000933e5 N 
000933e5 N 
000933e5 N 
000933e5 N 
000933e5 N 
000933e5 N 
000933e5 N 
000933e5 N 
000933e5 N 
000933e5 N 
000933e5 N 
000933e5 N 
000933e5 N 
000933e5 N 
000933e5 N 
000933e5 N 
000933e5 N 
000933e5 N 
000933e5 N 
000933e5 N 
000933e5 N 
000933e5 N 
000933e5 N 
000933e5 N 
000933e5 N 
000933e5 N 
000933e5 N 
000933e5 N 
000933e5 N 
000933e5 N 
000933e5 N 
000933e5 N 
000933e5 N 
000933e5 N 
000933e5 N 
000933e5 N 
000933e5 N 
000933e5 N 
000933e5 N 
000933e5 N 
000933e5 N 
000933e5 N 
000933e5 N 
000933e5 N 
000933e5 N 
000933e5 N 
000933e5 N 
000933e5 N 
000933e5 N 
000933e5 N 
000933e5 N 
000933e5 N 
000933e5 N 
000933e5 N 
000933e5 N 
000933e5 N 
000933e5 N 
000933e5 N 
000933e5 N 
000933e5 N 
000933e5 N 
000933e5 N 
000933e5 N 
000933e5 N 
000933e5 N 
000933e5 N 
000933e5 N 
000933e5 N 
000933e5 N 
000933e5 N 
000933e5 N 
000933e5 N 
000933e5 N 
000933e5 N 
000933e5 N 
000933e5 N 
000933e5 N 
000933e5 W Cartridge.cpp.80facb0c
0009f37e N 
0009f37e N 
0009f37e N 
0009f37e N 
0009f37e N 
0009f37e N 
0009f37e N 
0009f37e N 
0009f37e N 
0009f37e N 
0009f37e N 
0009f37e N 
0009f37e N 
0009f37e N 
0009f37e N 
0009f37e N 
0009f37e N 
0009f37e N 
0009f37e N 
0009f37e N 
0009f37e N 
0009f37e N 
0009f37e N 
0009f37e N 
0009f37e N 
0009f37e N 
0009f37e N 
0009f37e N 
0009f37e N 
0009f37e N 
0009f37e N 
0009f37e N 
0009f37e N 
0009f37e W CodemastersMemoryRule.cpp.402d8810
000afaf8 N 
000afaf8 N 
000afaf8 N 
000afaf8 N 
000afaf8 N 
000afaf8 N 
000afaf8 N 
000afaf8 N 
000afaf8 N 
000afaf8 N 
000afaf8 N 
000afaf8 N 
000afaf8 N 
000afaf8 N 
000afaf8 N 
000afaf8 N 
000afaf8 N 
000afaf8 N 
000afaf8 N 
000afaf8 N 
000afaf8 N 
000afaf8 N 
000afaf8 N 
000afaf8 N 
000afaf8 N 
000afaf8 N 
000afaf8 N 
000afaf8 N 
000afaf8 N 
000afaf8 N 
000afaf8 N 
000afaf8 N 
000afaf8 N 
000afaf8 N 
000afaf8 N 
000afaf8 N 
000afaf8 N 
000afaf8 N 
000afaf8 N 
000afaf8 N 
000afaf8 N 
000afaf8 N 
000afaf8 N 
000afaf8 N 
000afaf8 N 
000afaf8 N 
000afaf8 N 
000afaf8 N 
000afaf8 N 
000afaf8 W Eeprom93C46MemoryRule.cpp.ac0b5107
000c0767 N 
000c0767 N 
000c0767 N 
000c0767 N 
000c0767 N 
000c0767 N 
000c0767 N 
000c0767 N 
000c0767 N 
000c0767 N 
000c0767 N 
000c0767 N 
000c0767 N 
000c0767 N 
000c0767 N 
000c0767 N 
000c0767 N 
000c0767 N 
000c0767 N 
000c0767 N 
000c0767 N 
000c0767 N 
000c0767 N 
000c0767 N 
000c0767 N 
000c0767 N 
000c0767 N 
000c0767 N 
000c0767 N 
000c0767 N 
000c0767 N 
000c0767 N 
000c0767 N 
000c0767 N 
000c0767 N 
000c0767 W GameGearIOPorts.cpp.d0a0d263
000d76e3 N 
000d76e3 N 
000d76e3 N 
000d76e3 N 
000d76e3 N 
000d76e3 N 
000d76e3 N 
000d76e3 N 
000d76e3 N 
000d76e3 N 
000d76e3 N 
000d76e3 N 
000d76e3 N 
000d76e3 N 
000d76e3 N 
000d76e3 N 
000d76e3 N 
000d76e3 N 
000d76e3 N 
000d76e3 N 
000d76e3 N 
000d76e3 N 
000d76e3 N 
000d76e3 N 
000d76e3 N 
000d76e3 N 
000d76e3 N 
000d76e3 N 
000d76e3 N 
000d76e3 N 
000d76e3 N 
000d76e3 N 
000d76e3 N 
000d76e3 N 
000d76e3 N 
000d76e3 N 
000d76e3 N 
000d76e3 N 
000d76e3 N 
000d76e3 N 
000d76e3 N 
000d76e3 N 
000d76e3 N 
000d76e3 N 
000d76e3 N 
000d76e3 N 
000d76e3 N 
000d76e3 N 
000d76e3 N 
000d76e3 N 
000d76e3 N 
000d76e3 N 
000d76e3 N 
000d76e3 N 
000d76e3 N 
000d76e3 N 
000d76e3 N 
000d76e3 N 
000d76e3 N 
000d76e3 N 
000d76e3 N 
000d76e3 N 
000d76e3 N 
000d76e3 N 
000d76e3 N 
000d76e3 N 
000d76e3 N 
000d76e3 N 
000d76e3 N 
000d76e3 N 
000d76e3 N 
000d76e3 N 
000d76e3 N 
000d76e3 N 
000d76e3 N 
000d76e3 N 
000d76e3 N 
000d76e3 N 
000d76e3 N 
000d76e3 N 
000d76e3 N 
000d76e3 N 
000d76e3 N 
000d76e3 N 
000d76e3 N 
000d76e3 N 
000d76e3 N 
000d76e3 N 
000d76e3 N 
000d76e3 N 
000d76e3 N 
000d76e3 N 
000d76e3 N 
000d76e3 N 
000d76e3 N 
000d76e3 N 
000d76e3 N 
000d76e3 N 
000d76e3 N 
000d76e3 N 
000d76e3 N 
000d76e3 N 
000d76e3 N 
000d76e3 N 
000d76e3 N 
000d76e3 N 
000d76e3 N 
000d76e3 N 
000d76e3 N 
000d76e3 N 
000d76e3 N 
000d76e3 N 
000d76e3 N 
000d76e3 N 
000d76e3 N 
000d76e3 N 
000d76e3 N 
000d76e3 N 
000d76e3 N 
000d76e3 N 
000d76e3 N 
000d76e3 N 
000d76e3 N 
000d76e3 N 
000d76e3 N 
000d76e3 N 
000d76e3 N 
000d76e3 N 
000d76e3 N 
000d76e3 N 
000d76e3 N 
000d76e3 N 
000d76e3 N 
000d76e3 N 
000d76e3 N 
000d76e3 N 
000d76e3 N 
000d76e3 N 
000d76e3 N 
000d76e3 N 
000d76e3 N 
000d76e3 N 
000d76e3 N 
000d76e3 N 
000d76e3 N 
000d76e3 N 
000d76e3 N 
000d76e3 N 
000d76e3 N 
000d76e3 N 
000d76e3 N 
000d76e3 N 
000d76e3 N 
000d76e3 N 
000d76e3 N 
000d76e3 N 
000d76e3 N 
000d76e3 N 
000d76e3 N 
000d76e3 N 
000d76e3 N 
000d76e3 N 
000d76e3 N 
000d76e3 N 
000d76e3 N 
000d76e3 N 
000d76e3 N 
000d76e3 N 
000d76e3 N 
000d76e3 N 
000d76e3 N 
000d76e3 W GearsystemCore.cpp.b3ea5746
000f5397 N 
000f5397 N 
000f5397 N 
000f5397 N 
000f5397 N 
000f5397 N 
000f5397 N 
000f5397 N 
000f5397 N 
000f5397 N 
000f5397 N 
000f5397 N 
000f5397 N 
000f5397 N 
000f5397 N 
000f5397 N 
000f5397 N 
000f5397 N 
000f5397 N 
000f5397 N 
000f5397 N 
000f5397 N 
000f5397 N 
000f5397 N 
000f5397 N 
000f5397 N 
000f5397 N 
000f5397 N 
000f5397 N 
000f5397 N 
000f5397 N 
000f5397 N 
000f5397 N 
000f5397 N 
000f5397 N 
000f5397 N 
000f5397 N 
000f5397 N 
000f5397 W Input.cpp.c7bf9430
00100000 A __start__
00100000 T _start
00100008 T __service_ptr
0010000c T __apt_appid
00100010 T __heap_size
00100014 T __linear_heap_size
00100018 T __system_arglist
0010001c T __system_runflags
00100020 t startup
00100058 t ClearMem
0010006c t ClrLoop
00100094 T _init
001000b0 00000098 t BootromMemoryRule::Reset()
00100148 00000004 t BootromMemoryRule::~BootromMemoryRule()
00100148 00000004 t BootromMemoryRule::~BootromMemoryRule()
0010014c 00000090 t BootromMemoryRule::PerformRead(unsigned short)
001001dc 000000cc t BootromMemoryRule::PerformWrite(unsigned short, unsigned char)
001002a8 0000001c t BootromMemoryRule::GetPage(int)
001002c4 00000014 t BootromMemoryRule::GetBank(int)
001002d8 000000a0 t CodemastersMemoryRule::PerformRead(unsigned short)
00100378 000000ec t CodemastersMemoryRule::PerformWrite(unsigned short, unsigned char)
00100464 00000014 t CodemastersMemoryRule::GetRamBanks()
00100478 00000058 t CodemastersMemoryRule::GetPage(int)
001004d0 00000014 t CodemastersMemoryRule::GetBank(int)
001004e4 00000004 t Eeprom93C46MemoryRule::~Eeprom93C46MemoryRule()
001004e4 00000004 t Eeprom93C46MemoryRule::~Eeprom93C46MemoryRule()
001004e8 000000f8 t Eeprom93C46MemoryRule::PerformRead(unsigned short)
001005e0 00000008 t MSXMemoryRule::Has8kBanks()
001005e0 00000008 t JanggunMemoryRule::Has8kBanks()
001005e0 00000008 t IratahackMemoryRule::PersistedRAM()
001005e0 00000008 t KoreanBFFCMemoryRule::Has8kBanks()
001005e0 00000008 t KoreanFFFEMemoryRule::Has8kBanks()
001005e0 00000008 t Eeprom93C46MemoryRule::PersistedRAM()
001005e0 00000008 t KoreanMDFFF0MemoryRule::Has8kBanks()
001005e0 00000008 t KoreanMDFFF5MemoryRule::Has8kBanks()
001005e0 00000008 t KoreanFFF3FFFCMemoryRule::Has8kBanks()
001005e0 00000008 t Korean0000XORFFMemoryRule::Has8kBanks()
001005e0 00000008 t Korean2000XOR1FMemoryRule::Has8kBanks()
001005e0 00000008 t KoreanMSX8KB0300MemoryRule::Has8kBanks()
001005e0 00000008 t KoreanMSXSMS8000MemoryRule::Has8kBanks()
001005e8 00000008 t Eeprom93C46MemoryRule::GetRamSize()
001005f0 00000008 t Eeprom93C46MemoryRule::GetRamBanks()
001005f8 00000020 t Eeprom93C46MemoryRule::GetPage(int)
00100618 00000014 t Eeprom93C46MemoryRule::GetBank(int)
0010062c 0000028c T GameGearIOPorts::DoInput(unsigned char)
001008b8 00000004 t GameGearIOPorts::~GameGearIOPorts()
001008b8 00000004 t GameGearIOPorts::~GameGearIOPorts()
001008bc 00000020 t GameGearIOPorts::Reset()
001008dc 000000b8 t GearsystemCore::GetRuntimeInfo(GS_RuntimeInfo&) [clone .isra.0]
00100994 0000001c t BootromMemoryRule::~BootromMemoryRule()
001009b0 0000001c t Eeprom93C46MemoryRule::~Eeprom93C46MemoryRule()
001009cc 0000001c t GameGearIOPorts::~GameGearIOPorts()
001009e8 0000003c t std::__cxx11::basic_string<char, std::char_traits<char>, std::allocator<char> >::assign(char const*) [clone .isra.0]
00100a24 00000074 t std::__cxx11::basic_string<char, std::char_traits<char>, std::allocator<char> >::replace(unsigned int, unsigned int, char const*) [clone .isra.0]
00100a98 00000058 t bool std::operator==<char, std::char_traits<char>, std::allocator<char> >(std::__cxx11::basic_string<char, std::char_traits<char>, std::allocator<char> > const&, char const*)
00100af0 0000022c t parentPath(std::__cxx11::basic_string<char, std::char_traits<char>, std::allocator<char> > const&)
00100d1c 00000258 t joinPath(std::__cxx11::basic_string<char, std::char_traits<char>, std::allocator<char> > const&, std::__cxx11::basic_string<char, std::char_traits<char>, std::allocator<char> > const&) [clone .isra.0]
00100f74 00000034 t isSmsFile(char const*)
00100fa8 00000064 t Cartridge::TestValidROM(unsigned short) [clone .isra.0]
0010100c 000004ac t void std::__insertion_sort<__gnu_cxx::__normal_iterator<std::__cxx11::basic_string<char, std::char_traits<char>, std::allocator<char> >*, std::vector<std::__cxx11::basic_string<char, std::char_traits<char>, std::allocator<char> >, std::allocator<std::__cxx11::basic_string<char, std::char_traits<char>, std::allocator<char> > > > >, listEntries(std::__cxx11::basic_string<char, std::char_traits<char>, std::allocator<char> > const&)::{lambda(std::__cxx11::basic_string<char, std::char_traits<char>, std::allocator<char> > const&, std::__cxx11::basic_string<char, std::char_traits<char>, std::allocator<char> > const&)#1}>(__gnu_cxx::__normal_iterator<std::__cxx11::basic_string<char, std::char_traits<char>, std::allocator<char> >*, std::vector<std::__cxx11::basic_string<char, std::char_traits<char>, std::allocator<char> >, std::allocator<std::__cxx11::basic_string<char, std::char_traits<char>, std::allocator<char> > > > >, __gnu_cxx::__normal_iterator<std::__cxx11::basic_string<char, std::char_traits<char>, std::allocator<char> >*, std::vector<std::__cxx11::basic_string<char, std::char_traits<char>, std::allocator<char> >, std::allocator<std::__cxx11::basic_string<char, std::char_traits<char>, std::allocator<char> > > > >, listEntries(std::__cxx11::basic_string<char, std::char_traits<char>, std::allocator<char> > const&)::{lambda(std::__cxx11::basic_string<char, std::char_traits<char>, std::allocator<char> > const&, std::__cxx11::basic_string<char, std::char_traits<char>, std::allocator<char> > const&)#1}) [clone .isra.0]
001014b8 00000580 t void std::__adjust_heap<__gnu_cxx::__normal_iterator<std::__cxx11::basic_string<char, std::char_traits<char>, std::allocator<char> >*, std::vector<std::__cxx11::basic_string<char, std::char_traits<char>, std::allocator<char> >, std::allocator<std::__cxx11::basic_string<char, std::char_traits<char>, std::allocator<char> > > > >, int, std::__cxx11::basic_string<char, std::char_traits<char>, std::allocator<char> >, listEntries(std::__cxx11::basic_string<char, std::char_traits<char>, std::allocator<char> > const&)::{lambda(std::__cxx11::basic_string<char, std::char_traits<char>, std::allocator<char> > const&, std::__cxx11::basic_string<char, std::char_traits<char>, std::allocator<char> > const&)#1}>(__gnu_cxx::__normal_iterator<std::__cxx11::basic_string<char, std::char_traits<char>, std::allocator<char> >*, std::vector<std::__cxx11::basic_string<char, std::char_traits<char>, std::allocator<char> >, std::allocator<std::__cxx11::basic_string<char, std::char_traits<char>, std::allocator<char> > > > >, int, int, std::__cxx11::basic_string<char, std::char_traits<char>, std::allocator<char> >, listEntries(std::__cxx11::basic_string<char, std::char_traits<char>, std::allocator<char> > const&)::{lambda(std::__cxx11::basic_string<char, std::char_traits<char>, std::allocator<char> > const&, std::__cxx11::basic_string<char, std::char_traits<char>, std::allocator<char> > const&)#1})
00101a38 00000108 t updateTexture(C3D_Tex&)
00101b40 00000070 t Eeprom93C46MemoryRule::Reset()
00101bb0 00000058 t CodemastersMemoryRule::Reset()
00101c08 0000046c t Eeprom93C46MemoryRule::PerformWrite(unsigned short, unsigned char)
00102074 000000a0 t Cartridge::Reset()
00102114 00000034 t CodemastersMemoryRule::~CodemastersMemoryRule()
00102114 00000034 t CodemastersMemoryRule::~CodemastersMemoryRule()
00102148 00000028 t CodemastersMemoryRule::~CodemastersMemoryRule()
00102170 00000030 t BootromMemoryRule::LoadState(std::istream&, int)
001021a0 00000050 t CodemastersMemoryRule::LoadState(std::istream&, int)
001021f0 00000040 t Eeprom93C46MemoryRule::LoadState(std::istream&, int)
00102230 00000030 t GameGearIOPorts::LoadState(std::istream&)
00102260 00000174 t void std::vector<std::__cxx11::basic_string<char, std::char_traits<char>, std::allocator<char> >, std::allocator<std::__cxx11::basic_string<char, std::char_traits<char>, std::allocator<char> > > >::_M_realloc_append<std::__cxx11::basic_string<char, std::char_traits<char>, std::allocator<char> > >(std::__cxx11::basic_string<char, std::char_traits<char>, std::allocator<char> >&&)
001023d4 0000044c t void std::__introsort_loop<__gnu_cxx::__normal_iterator<std::__cxx11::basic_string<char, std::char_traits<char>, std::allocator<char> >*, std::vector<std::__cxx11::basic_string<char, std::char_traits<char>, std::allocator<char> >, std::allocator<std::__cxx11::basic_string<char, std::char_traits<char>, std::allocator<char> > > > >, int, listEntries(std::__cxx11::basic_string<char, std::char_traits<char>, std::allocator<char> > const&)::{lambda(std::__cxx11::basic_string<char, std::char_traits<char>, std::allocator<char> > const&, std::__cxx11::basic_string<char, std::char_traits<char>, std::allocator<char> > const&)#1}>(__gnu_cxx::__normal_iterator<std::__cxx11::basic_string<char, std::char_traits<char>, std::allocator<char> >*, std::vector<std::__cxx11::basic_string<char, std::char_traits<char>, std::allocator<char> >, std::allocator<std::__cxx11::basic_string<char, std::char_traits<char>, std::allocator<char> > > > >, __gnu_cxx::__normal_iterator<std::__cxx11::basic_string<char, std::char_traits<char>, std::allocator<char> >*, std::vector<std::__cxx11::basic_string<char, std::char_traits<char>, std::allocator<char> >, std::allocator<std::__cxx11::basic_string<char, std::char_traits<char>, std::allocator<char> > > > >, int, listEntries(std::__cxx11::basic_string<char, std::char_traits<char>, std::allocator<char> > const&)::{lambda(std::__cxx11::basic_string<char, std::char_traits<char>, std::allocator<char> > const&, std::__cxx11::basic_string<char, std::char_traits<char>, std::allocator<char> > const&)#1}) [clone .isra.0]
00102820 00000668 t listEntries(std::__cxx11::basic_string<char, std::char_traits<char>, std::allocator<char> > const&)
00102e88 00000994 t chooseRom(std::__cxx11::basic_string<char, std::char_traits<char>, std::allocator<char> >&)
0010381c 0000082c t Audio::Init()
00104048 00000030 t BootromMemoryRule::SaveState(std::ostream&)
00104078 00000050 t CodemastersMemoryRule::SaveState(std::ostream&)
001040c8 00000070 t Eeprom93C46MemoryRule::SaveRam(std::ostream&)
00104138 00000040 t Eeprom93C46MemoryRule::SaveState(std::ostream&)
00104178 00000030 t GameGearIOPorts::SaveState(std::ostream&)
001041a8 000004d4 t GameGearIOPorts::DoOutput(unsigned char, unsigned char)
0010467c 00000734 t GearsystemCore::~GearsystemCore() [clone .isra.0]
00104db0 00000094 T void std::__cxx11::basic_string<char, std::char_traits<char>, std::allocator<char> >::_M_construct<char const*>(char const*, char const*, std::forward_iterator_tag)
00104e44 000000a8 T void std::__cxx11::basic_string<char, std::char_traits<char>, std::allocator<char> >::_M_construct<true>(char const*, unsigned int)
00104eec 00000048 T Log_func(char const*, ...)
00104f34 00000acc t Cartridge::LoadFromBuffer(unsigned char const*, int, char const*) [clone .part.0] [clone .constprop.0]
00105a00 00002cd4 t Cartridge::LoadFromZipFile(unsigned char const*, int)
00107e8e N 
00107e8e N 
00107e8e N 
00107e8e N 
00107e8e N 
00107e8e N 
00107e8e N 
00107e8e N 
00107e8e N 
00107e8e N 
00107e8e N 
00107e8e N 
00107e8e N 
00107e8e N 
00107e8e N 
00107e8e N 
00107e8e N 
00107e8e N 
00107e8e N 
00107e8e N 
00107e8e N 
00107e8e N 
00107e8e N 
00107e8e N 
00107e8e N 
00107e8e N 
00107e8e N 
00107e8e N 
00107e8e N 
00107e8e N 
00107e8e N 
00107e8e N 
00107e8e N 
00107e8e N 
00107e8e N 
00107e8e N 
00107e8e N 
00107e8e N 
00107e8e N 
00107e8e N 
00107e8e N 
00107e8e N 
00107e8e W IratahackMemoryRule.cpp.ca161e1e
001086d4 000000a0 t Eeprom93C46MemoryRule::LoadRam(std::istream&, long)
00108774 0000004c T Memory::Write(unsigned short, unsigned char)
001087c0 000000d4 T Processor::StackPush(SixteenBitRegister*)
00108894 00000098 T IratahackMemoryRule::PerformRead(unsigned short)
0010892c 00000008 T IratahackMemoryRule::GetRamSize()
00108934 00000008 T IratahackMemoryRule::GetRamBanks()
0010893c 0000001c T IratahackMemoryRule::GetPage(int)
00108958 00000030 T IratahackMemoryRule::GetBank(int)
00108988 000000f4 T JanggunMemoryRule::PerformRead(unsigned short)
00108a7c 0000018c T JanggunMemoryRule::PerformWrite(unsigned short, unsigned char)
00108c08 00000060 T JanggunMemoryRule::Reset()
00108c68 0000005c T JanggunMemoryRule::GetPage(int)
00108cc4 00000050 T JanggunMemoryRule::GetBank(int)
00108d14 00000048 T JumboDahjeeMemoryRule::PerformRead(unsigned short)
00108d5c 0000004c T JumboDahjeeMemoryRule::PerformWrite(unsigned short, unsigned char)
00108da8 00000020 T JumboDahjeeMemoryRule::Reset()
00108dc8 00000018 T JumboDahjeeMemoryRule::GetPage(int)
00108de0 00000010 T SG1000MemoryRule::GetBank(int)
00108de0 00000010 T RomOnlyMemoryRule::GetBank(int)
00108de0 00000010 T JumboDahjeeMemoryRule::GetBank(int)
00108df0 0000003c T Korean0000XORFFMemoryRule::PerformRead(unsigned short)
00108e2c 000000c8 T Korean0000XORFFMemoryRule::PerformWrite(unsigned short, unsigned char)
00108ef4 00000064 T Korean0000XORFFMemoryRule::Reset()
00108f58 00000018 T Korean0000XORFFMemoryRule::GetPage(int)
00108f70 0000000c T Korean0000XORFFMemoryRule::GetBank(int)
00108f7c 0000003c T Korean2000XOR1FMemoryRule::PerformRead(unsigned short)
00108fb8 000000a0 T Korean2000XOR1FMemoryRule::PerformWrite(unsigned short, unsigned char)
00109058 0000006c T Korean2000XOR1FMemoryRule::Reset()
001090c4 00000018 T Korean2000XOR1FMemoryRule::GetPage(int)
001090dc 0000000c T Korean2000XOR1FMemoryRule::GetBank(int)
001090e8 0000003c T KoreanBFFCMemoryRule::PerformRead(unsigned short)
00109124 00000138 T KoreanBFFCMemoryRule::PerformWrite(unsigned short, unsigned char)
0010925c 0000007c T KoreanBFFCMemoryRule::Reset()
001092d8 00000018 T KoreanBFFCMemoryRule::GetPage(int)
001092f0 0000000c T KoreanBFFCMemoryRule::GetBank(int)
001092fc 0000003c T KoreanFFF3FFFCMemoryRule::PerformRead(unsigned short)
00109338 00000234 T KoreanFFF3FFFCMemoryRule::PerformWrite(unsigned short, unsigned char)
0010956c 00000060 T KoreanFFF3FFFCMemoryRule::Reset()
001095cc 00000018 T KoreanFFF3FFFCMemoryRule::GetPage(int)
001095e4 0000000c T KoreanFFF3FFFCMemoryRule::GetBank(int)
001095f0 0000003c T KoreanFFFEMemoryRule::PerformRead(unsigned short)
0010962c 00000128 T KoreanFFFEMemoryRule::PerformWrite(unsigned short, unsigned char)
00109754 0000006c T KoreanFFFEMemoryRule::Reset()
001097c0 00000018 T KoreanFFFEMemoryRule::GetPage(int)
001097d8 0000000c T KoreanFFFEMemoryRule::GetBank(int)
001097e4 0000003c T KoreanFFFFHiComMemoryRule::PerformRead(unsigned short)
00109820 00000090 T KoreanFFFFHiComMemoryRule::PerformWrite(unsigned short, unsigned char)
001098b0 00000040 T KoreanFFFFHiComMemoryRule::Reset()
001098f0 00000018 T KoreanFFFFHiComMemoryRule::GetPage(int)
00109908 0000000c T KoreanFFFFHiComMemoryRule::GetBank(int)
00109914 0000003c T KoreanMDFFF0MemoryRule::PerformRead(unsigned short)
00109950 000001d0 T KoreanMDFFF0MemoryRule::PerformWrite(unsigned short, unsigned char)
00109b20 00000074 T KoreanMDFFF0MemoryRule::Reset()
00109b94 00000018 T KoreanMDFFF0MemoryRule::GetPage(int)
00109bac 0000000c T KoreanMDFFF0MemoryRule::GetBank(int)
00109bb8 0000003c T KoreanMDFFF5MemoryRule::PerformRead(unsigned short)
00109bf4 000001cc T KoreanMDFFF5MemoryRule::PerformWrite(unsigned short, unsigned char)
00109dc0 00000068 T KoreanMDFFF5MemoryRule::Reset()
00109e28 00000018 T KoreanMDFFF5MemoryRule::GetPage(int)
00109e40 0000000c T KoreanMDFFF5MemoryRule::GetBank(int)
00109e4c 0000003c T KoreanMSX32KB2000MemoryRule::PerformRead(unsigned short)
00109e88 00000080 T KoreanMSX32KB2000MemoryRule::PerformWrite(unsigned short, unsigned char)
00109f08 00000040 T KoreanMSX32KB2000MemoryRule::Reset()
00109f48 00000020 T KoreanMSX32KB2000MemoryRule::GetPage(int)
00109f68 00000014 T KoreanMSX32KB2000MemoryRule::GetBank(int)
00109f7c 0000003c T KoreanMSX8KB0300MemoryRule::PerformRead(unsigned short)
00109fb8 000000bc T KoreanMSX8KB0300MemoryRule::PerformWrite(unsigned short, unsigned char)
0010a074 00000078 T KoreanMSX8KB0300MemoryRule::Reset()
0010a0ec 00000018 T KoreanMSX8KB0300MemoryRule::GetPage(int)
0010a104 0000000c T KoreanMSX8KB0300MemoryRule::GetBank(int)
0010a110 0000003c T KoreanMSXSMS8000MemoryRule::PerformRead(unsigned short)
0010a14c 00000138 T KoreanMSXSMS8000MemoryRule::PerformWrite(unsigned short, unsigned char)
0010a284 00000070 T KoreanMSXSMS8000MemoryRule::Reset()
0010a2f4 00000018 T KoreanMSXSMS8000MemoryRule::GetPage(int)
0010a30c 0000000c T KoreanMSXSMS8000MemoryRule::GetBank(int)
0010a318 0000005c T KoreanMemoryRule::PerformRead(unsigned short)
0010a374 00000054 T KoreanMemoryRule::PerformWrite(unsigned short, unsigned char)
0010a3c8 0000002c T KoreanMemoryRule::Reset()
0010a3f4 00000050 T KoreanMemoryRule::GetPage(int)
0010a444 00000034 T KoreanMemoryRule::GetBank(int)
0010a478 0000003c T KoreanSMS32KB2000MemoryRule::PerformRead(unsigned short)
0010a4b4 000000a0 T KoreanSMS32KB2000MemoryRule::PerformWrite(unsigned short, unsigned char)
0010a554 0000003c T KoreanSMS32KB2000MemoryRule::Reset()
0010a590 00000020 T KoreanSMS32KB2000MemoryRule::GetPage(int)
0010a5b0 00000014 T KoreanSMS32KB2000MemoryRule::GetBank(int)
0010a5c4 00000108 T MSXMemoryRule::PerformRead(unsigned short)
0010a6cc 00000060 T MSXMemoryRule::PerformWrite(unsigned short, unsigned char)
0010a72c 00000028 T MSXMemoryRule::Reset()
0010a754 00000090 T MSXMemoryRule::GetPage(int)
0010a7e4 00000050 T MSXMemoryRule::GetBank(int)
0010a834 00000068 t Memory::IsBootromEnabled()
0010a89c 00000004 T MemoryRule::SaveRam(std::ostream&)
0010a89c 00000004 T MemoryRule::SaveState(std::ostream&)
0010a8a0 00000008 T MemoryRule::LoadRam(std::istream&, long)
0010a8a8 00000008 T MemoryRule::SetRamChangedCallback(void (*)())
0010a8b0 00000008 T MemoryRule::Has8kBanks()
0010a8b0 00000008 T MemoryRule::PersistedRAM()
0010a8b8 00000008 T MemoryRule::GetRamSize()
0010a8c0 00000008 T MemoryRule::GetRamBanks()
0010a8c8 00000008 T MemoryRule::GetRamBank()
0010a8d0 00000008 T MemoryRule::GetPage(int)
0010a8d8 00000008 T MemoryRule::GetBank(int)
0010a8e0 00000004 T MemoryRule::LoadState(std::istream&, int)
0010a8e4 0000003c T Multi4PAKAllActionMemoryRule::PerformRead(unsigned short)
0010a920 000000ec T Multi4PAKAllActionMemoryRule::PerformWrite(unsigned short, unsigned char)
0010aa0c 00000040 T Multi4PAKAllActionMemoryRule::Reset()
0010aa4c 00000020 T Multi4PAKAllActionMemoryRule::GetPage(int)
0010aa6c 00000030 T Multi4PAKAllActionMemoryRule::GetBank(int)
0010aa9c 000002d4 T IratahackMemoryRule::PerformWrite(unsigned short, unsigned char)
0010ad70 00000028 T IratahackMemoryRule::~IratahackMemoryRule()
0010ad98 0000001c T JanggunMemoryRule::~JanggunMemoryRule()
0010adb4 00000028 T JumboDahjeeMemoryRule::~JumboDahjeeMemoryRule()
0010addc 0000001c T Korean0000XORFFMemoryRule::~Korean0000XORFFMemoryRule()
0010adf8 0000001c T Korean2000XOR1FMemoryRule::~Korean2000XOR1FMemoryRule()
0010ae14 0000001c T KoreanBFFCMemoryRule::~KoreanBFFCMemoryRule()
0010ae30 0000001c T KoreanFFF3FFFCMemoryRule::~KoreanFFF3FFFCMemoryRule()
0010ae4c 0000001c T KoreanFFFEMemoryRule::~KoreanFFFEMemoryRule()
0010ae68 0000001c T KoreanFFFFHiComMemoryRule::~KoreanFFFFHiComMemoryRule()
0010ae84 0000001c T KoreanMDFFF0MemoryRule::~KoreanMDFFF0MemoryRule()
0010aea0 0000001c T KoreanMDFFF5MemoryRule::~KoreanMDFFF5MemoryRule()
0010aebc 0000001c T KoreanMSX32KB2000MemoryRule::~KoreanMSX32KB2000MemoryRule()
0010aed8 0000001c T KoreanMSX8KB0300MemoryRule::~KoreanMSX8KB0300MemoryRule()
0010aef4 0000001c T KoreanMSXSMS8000MemoryRule::~KoreanMSXSMS8000MemoryRule()
0010af10 0000001c T KoreanMemoryRule::~KoreanMemoryRule()
0010af2c 0000001c T KoreanSMS32KB2000MemoryRule::~KoreanSMS32KB2000MemoryRule()
0010af48 0000001c T MSXMemoryRule::~MSXMemoryRule()
0010af64 0000001c T Multi4PAKAllActionMemoryRule::~Multi4PAKAllActionMemoryRule()
0010af80 00000084 T IratahackMemoryRule::Reset()
0010b004 00000044 T IratahackMemoryRule::SaveRam(std::ostream&)
0010b048 00000070 T IratahackMemoryRule::SaveState(std::ostream&)
0010b0b8 00000078 T JanggunMemoryRule::SaveState(std::ostream&)
0010b130 00000014 T JumboDahjeeMemoryRule::SaveState(std::ostream&)
0010b144 00000030 T Korean0000XORFFMemoryRule::SaveState(std::ostream&)
0010b174 00000030 T KoreanBFFCMemoryRule::SaveState(std::ostream&)
0010b174 00000030 T KoreanFFFEMemoryRule::SaveState(std::ostream&)
0010b174 00000030 T Korean2000XOR1FMemoryRule::SaveState(std::ostream&)
0010b1a4 00000040 T KoreanFFF3FFFCMemoryRule::SaveState(std::ostream&)
0010b1e4 00000030 T KoreanFFFFHiComMemoryRule::SaveState(std::ostream&)
0010b214 00000040 T KoreanMDFFF0MemoryRule::SaveState(std::ostream&)
0010b254 00000040 T KoreanMDFFF5MemoryRule::SaveState(std::ostream&)
0010b294 00000030 T KoreanMSX32KB2000MemoryRule::SaveState(std::ostream&)
0010b294 00000030 T KoreanSMS32KB2000MemoryRule::SaveState(std::ostream&)
0010b294 00000030 T Multi4PAKAllActionMemoryRule::SaveState(std::ostream&)
0010b2c4 00000030 T KoreanMSX8KB0300MemoryRule::SaveState(std::ostream&)
0010b2f4 00000040 T KoreanMSXSMS8000MemoryRule::SaveState(std::ostream&)
0010b334 00000030 T KoreanMemoryRule::SaveState(std::ostream&)
0010b364 00000030 T MSXMemoryRule::SaveState(std::ostream&)
0010b394 00000070 T IratahackMemoryRule::LoadState(std::istream&, int)
0010b404 0000008c T JanggunMemoryRule::LoadState(std::istream&, int)
0010b490 0000001c T JumboDahjeeMemoryRule::LoadState(std::istream&, int)
0010b4ac 00000030 T Korean0000XORFFMemoryRule::LoadState(std::istream&, int)
0010b4dc 00000030 T KoreanBFFCMemoryRule::LoadState(std::istream&, int)
0010b4dc 00000030 T KoreanFFFEMemoryRule::LoadState(std::istream&, int)
0010b4dc 00000030 T Korean2000XOR1FMemoryRule::LoadState(std::istream&, int)
0010b50c 00000040 T KoreanFFF3FFFCMemoryRule::LoadState(std::istream&, int)
0010b54c 00000030 T KoreanFFFFHiComMemoryRule::LoadState(std::istream&, int)
0010b57c 00000040 T KoreanMDFFF0MemoryRule::LoadState(std::istream&, int)
0010b5bc 00000040 T KoreanMDFFF5MemoryRule::LoadState(std::istream&, int)
0010b5fc 00000030 T KoreanMSX32KB2000MemoryRule::LoadState(std::istream&, int)
0010b5fc 00000030 T KoreanSMS32KB2000MemoryRule::LoadState(std::istream&, int)
0010b5fc 00000030 T Multi4PAKAllActionMemoryRule::LoadState(std::istream&, int)
0010b62c 00000030 T KoreanMSX8KB0300MemoryRule::LoadState(std::istream&, int)
0010b65c 00000040 T KoreanMSXSMS8000MemoryRule::LoadState(std::istream&, int)
0010b69c 00000030 T KoreanMemoryRule::LoadState(std::istream&, int)
0010b6cc 00000030 T MSXMemoryRule::LoadState(std::istream&, int)
0010b6fc 0000007c T IratahackMemoryRule::LoadRam(std::istream&, long)
0010b778 000000e4 T Memory::Read(unsigned short)
0010b85c 00002964 t Processor::DispatchOpcode(unsigned char)
0010e1c0 00001788 t Processor::DispatchOpcodeCB(unsigned char)
0010f948 00000b88 t Processor::DispatchOpcodeED(unsigned char)
001104d0 00003a50 T GearsystemCore::RunToVBlank(unsigned char*, short*, int*, GearsystemCore::GS_Debug_Run*) [clone .part.0] [clone .constprop.0]
00113f20 00000034 T IratahackMemoryRule::~IratahackMemoryRule()
00113f20 00000034 T IratahackMemoryRule::~IratahackMemoryRule()
00113f54 00000004 T JanggunMemoryRule::~JanggunMemoryRule()
00113f54 00000004 T JanggunMemoryRule::~JanggunMemoryRule()
00113f58 00000034 T JumboDahjeeMemoryRule::~JumboDahjeeMemoryRule()
00113f58 00000034 T JumboDahjeeMemoryRule::~JumboDahjeeMemoryRule()
00113f8c 00000004 T Korean0000XORFFMemoryRule::~Korean0000XORFFMemoryRule()
00113f8c 00000004 T Korean0000XORFFMemoryRule::~Korean0000XORFFMemoryRule()
00113f90 00000004 T Korean2000XOR1FMemoryRule::~Korean2000XOR1FMemoryRule()
00113f90 00000004 T Korean2000XOR1FMemoryRule::~Korean2000XOR1FMemoryRule()
00113f94 00000004 T KoreanBFFCMemoryRule::~KoreanBFFCMemoryRule()
00113f94 00000004 T KoreanBFFCMemoryRule::~KoreanBFFCMemoryRule()
00113f98 00000004 T KoreanFFF3FFFCMemoryRule::~KoreanFFF3FFFCMemoryRule()
00113f98 00000004 T KoreanFFF3FFFCMemoryRule::~KoreanFFF3FFFCMemoryRule()
00113f9c 00000004 T KoreanFFFEMemoryRule::~KoreanFFFEMemoryRule()
00113f9c 00000004 T KoreanFFFEMemoryRule::~KoreanFFFEMemoryRule()
00113fa0 00000004 T KoreanFFFFHiComMemoryRule::~KoreanFFFFHiComMemoryRule()
00113fa0 00000004 T KoreanFFFFHiComMemoryRule::~KoreanFFFFHiComMemoryRule()
00113fa4 00000004 T KoreanMDFFF0MemoryRule::~KoreanMDFFF0MemoryRule()
00113fa4 00000004 T KoreanMDFFF0MemoryRule::~KoreanMDFFF0MemoryRule()
00113fa8 00000004 T KoreanMDFFF5MemoryRule::~KoreanMDFFF5MemoryRule()
00113fa8 00000004 T KoreanMDFFF5MemoryRule::~KoreanMDFFF5MemoryRule()
00113fac 00000004 T KoreanMSX32KB2000MemoryRule::~KoreanMSX32KB2000MemoryRule()
00113fac 00000004 T KoreanMSX32KB2000MemoryRule::~KoreanMSX32KB2000MemoryRule()
00113fb0 00000004 T KoreanMSX8KB0300MemoryRule::~KoreanMSX8KB0300MemoryRule()
00113fb0 00000004 T KoreanMSX8KB0300MemoryRule::~KoreanMSX8KB0300MemoryRule()
00113fb4 00000004 T KoreanMSXSMS8000MemoryRule::~KoreanMSXSMS8000MemoryRule()
00113fb4 00000004 T KoreanMSXSMS8000MemoryRule::~KoreanMSXSMS8000MemoryRule()
00113fb8 00000004 T KoreanMemoryRule::~KoreanMemoryRule()
00113fb8 00000004 T KoreanMemoryRule::~KoreanMemoryRule()
00113fbc 00000004 T KoreanSMS32KB2000MemoryRule::~KoreanSMS32KB2000MemoryRule()
00113fbc 00000004 T KoreanSMS32KB2000MemoryRule::~KoreanSMS32KB2000MemoryRule()
00113fc0 00000004 T MSXMemoryRule::~MSXMemoryRule()
00113fc0 00000004 T MSXMemoryRule::~MSXMemoryRule()
00113fc4 00000080 T Memory::Reset(bool)
00114044 00000004 T SG1000MemoryRule::Reset()
00114044 00000004 T RomOnlyMemoryRule::Reset()
00114044 00000004 T Memory::ResetDisassemblerRecords()
00114048 00000004 T Multi4PAKAllActionMemoryRule::~Multi4PAKAllActionMemoryRule()
00114048 00000004 T Multi4PAKAllActionMemoryRule::~Multi4PAKAllActionMemoryRule()
0011404c 00000120 T Processor::Reset(bool)
00114170 00000010 T RomOnlyMemoryRule::PerformRead(unsigned short)
00114180 00000034 T RomOnlyMemoryRule::PerformWrite(unsigned short, unsigned char)
001141b4 00000018 T RomOnlyMemoryRule::GetPage(int)
001141cc 000000c0 T SG1000MemoryRule::PerformRead(unsigned short)
0011428c 0000005c T SG1000MemoryRule::PerformWrite(unsigned short, unsigned char)
001142e8 00000018 T SG1000MemoryRule::GetPage(int)
00114300 00000094 T SegaMemoryRule::PerformRead(unsigned short)
00114394 00000154 T SegaMemoryRule::PerformWrite(unsigned short, unsigned char)
001144e8 00000014 T SegaMemoryRule::PersistedRAM()
001144fc 00000014 T SegaMemoryRule::GetRamSize()
00114510 00000014 T SegaMemoryRule::GetRamBanks()
00114524 00000014 T SegaMemoryRule::GetRamBank()
00114538 0000005c T SegaMemoryRule::GetPage(int)
00114594 00000014 T SegaMemoryRule::GetBank(int)
001145a8 000002cc T SmsIOPorts::DoInput(unsigned char)
00114874 0000000c T SmsIOPorts::Reset()
00114880 0000001c T RomOnlyMemoryRule::~RomOnlyMemoryRule()
0011489c 0000001c T SG1000MemoryRule::~SG1000MemoryRule()
001148b8 0000001c T SmsIOPorts::~SmsIOPorts()
001148d4 00000028 T SegaMemoryRule::~SegaMemoryRule()
001148fc 00000074 T SegaMemoryRule::Reset()
00114970 00000044 T SegaMemoryRule::SaveRam(std::ostream&)
001149b4 00000070 T SegaMemoryRule::SaveState(std::ostream&)
00114a24 00000014 T SmsIOPorts::SaveState(std::ostream&)
00114a38 00000070 T SegaMemoryRule::LoadState(std::istream&, int)
00114aa8 00000014 T SmsIOPorts::LoadState(std::istream&)
00114abc 0000007c T SegaMemoryRule::LoadRam(std::istream&, long)
00114b38 00000004 T RomOnlyMemoryRule::~RomOnlyMemoryRule()
00114b38 00000004 T RomOnlyMemoryRule::~RomOnlyMemoryRule()
00114b3c 00000004 T SG1000MemoryRule::~SG1000MemoryRule()
00114b3c 00000004 T SG1000MemoryRule::~SG1000MemoryRule()
00114b40 00000034 T SegaMemoryRule::~SegaMemoryRule()
00114b40 00000034 T SegaMemoryRule::~SegaMemoryRule()
00114b74 00000004 T SmsIOPorts::~SmsIOPorts()
00114b74 00000004 T SmsIOPorts::~SmsIOPorts()
00114b78 000000a4 T void std::vector<unsigned char, std::allocator<unsigned char> >::_M_realloc_append<unsigned char const&>(unsigned char const&) [clone .isra.0]
00114c1c 00000414 T VgmRecorder::WriteWait(int) [clone .part.0]
00115030 00000254 T VgmRecorder::Stop() [clone .part.0]
00115284 0000021c T Video::Reset(bool, bool, int, bool)
001154a0 000000b4 T Video::InitPalettes(unsigned char const*, unsigned short*, unsigned short*, unsigned short*, unsigned short*) [clone .isra.0]
00115554 00000264 T Video::WriteControl(unsigned char) [clone .part.0]
001157b8 0000057c T YM2413::Reset(int)
00115d34 00001388 T YM2413::Sync()
001170bc 00000fdc T SmsIOPorts::DoOutput(unsigned char, unsigned char)
00118098 00000114 T YM2413::EndFrame(short*) [clone .part.0]
001181ac 00000240 T Processor::FetchArg16()
001183ec 00000208 T Processor::StackPop(SixteenBitRegister*)
001185f4 000001c8 T Processor::GetEffectiveAddress()
001187bc 000004bc T Processor::OPCodes_LD_dd_nn(SixteenBitRegister*)
00118969 N 
00118969 N 
00118969 N 
00118969 N 
00118969 N 
00118969 N 
00118969 N 
00118969 N 
00118969 N 
00118969 N 
00118969 N 
00118969 N 
00118969 N 
00118969 N 
00118969 N 
00118969 N 
00118969 N 
00118969 N 
00118969 N 
00118969 N 
00118969 N 
00118969 N 
00118969 N 
00118969 N 
00118969 N 
00118969 N 
00118969 N 
00118969 N 
00118969 N 
00118969 N 
00118969 N 
00118969 N 
00118969 W JanggunMemoryRule.cpp.9e2ae824
00118c78 0000031c T Processor::OPCodes_LD_nn_dd(SixteenBitRegister*)
00118f94 000002a4 T Processor::OPCodes_JP_nn_Conditional(bool)
00119238 00000038 T Processor::OPCodes_OR(unsigned char)
00119270 0000005c T Processor::OPCodes_XOR(unsigned char)
001192cc 00000060 T Processor::OPCodes_AND(unsigned char)
0011932c 00000088 T Processor::OPCodes_CP(unsigned char)
001193b4 000000a0 T Processor::OPCodes_INC(unsigned char*)
00119454 000000a4 T Processor::OPCodes_DEC(unsigned char*)
001194f8 00000058 T Processor::OPCodes_ADD(unsigned char)
00119550 00000064 T Processor::OPCodes_ADC(unsigned char)
001195b4 00000080 T Processor::OPCodes_SUB(unsigned char)
00119634 0000008c T Processor::OPCodes_SBC(unsigned char)
001196c0 0000008c T Processor::OPCodes_ADD_HL(unsigned short)
0011974c 000002d8 T Processor::OPCodes_RLC(unsigned char*, bool) [clone .constprop.0]
00119a24 000002cc T Processor::OPCodes_RL(unsigned char*, bool) [clone .constprop.0]
00119cf0 000002c4 T Processor::OPCodes_RRC(unsigned char*, bool) [clone .constprop.0]
00119fb4 000002cc T Processor::OPCodes_RR(unsigned char*, bool) [clone .constprop.0]
0011a280 0000009c T Processor::OPCode0x29()
0011a31c 000004a0 T Processor::OPCode0x36()
0011a7bc 00000324 T Processor::OPCode0xC4()
0011aae0 00000324 T Processor::OPCode0xCC()
0011ae04 00000328 T Processor::OPCode0xD4()
0011b12c 00000324 T Processor::OPCode0xE4()
0011b450 00000324 T Processor::OPCode0xEC()
0011b774 00000320 T Processor::OPCode0xF4()
0011ba94 00000320 T Processor::OPCode0xFC()
0011bdb4 0000025c T Processor::OPCodes_SLL(unsigned char*)
0011c010 00000284 T Processor::OPCodes_SLA(unsigned char*)
0011c298 0000000c T miniz_def_realloc_func
0011c2a4 00000008 T miniz_def_alloc_func
0011c2ac 00000008 T miniz_def_free_func
0011c2b4 0000005c T mz_zip_mem_read_func.lto_priv.0
0011c310 000002ec T Processor::OPCodes_SRA(unsigned char*)
0011c5fc 00000290 T Processor::OPCodes_SRL(unsigned char*)
0011c88c 00000250 T Processor::OPCodes_BIT(unsigned char*, int)
0011cadc 00000240 T Processor::OPCodes_BIT(unsigned char*, int) [clone .constprop.6]
0011cd1c 00000240 T Processor::OPCodes_BIT(unsigned char*, int) [clone .constprop.5]
0011cf5c 00000240 T Processor::OPCodes_BIT(unsigned char*, int) [clone .constprop.4]
0011d19c 00000240 T Processor::OPCodes_BIT(unsigned char*, int) [clone .constprop.3]
0011d3dc 00000240 T Processor::OPCodes_BIT(unsigned char*, int) [clone .constprop.2]
0011d61c 00000240 T Processor::OPCodes_BIT(unsigned char*, int) [clone .constprop.1]
0011d85c 00000240 T Processor::OPCodes_BIT(unsigned char*, int) [clone .constprop.0]
0011da9c 000001e4 T Processor::OPCodes_BIT_HL(int)
0011dc80 000001f8 T Processor::OPCodes_SET(unsigned char*, int) [clone .constprop.7]
0011de78 000001f4 T Processor::OPCodes_SET(unsigned char*, int) [clone .constprop.6]
0011e06c 000001f4 T Processor::OPCodes_SET(unsigned char*, int) [clone .constprop.5]
0011e260 000001f4 T Processor::OPCodes_SET(unsigned char*, int) [clone .constprop.4]
0011e454 000001f4 T Processor::OPCodes_SET(unsigned char*, int) [clone .constprop.3]
0011e648 000001f4 T Processor::OPCodes_SET(unsigned char*, int) [clone .constprop.1]
0011e83c 000001f4 T Processor::OPCodes_SET(unsigned char*, int) [clone .constprop.2]
0011ea30 000001f4 T Processor::OPCodes_SET(unsigned char*, int) [clone .constprop.0]
0011ec24 000001f0 T Processor::OPCodes_RES(unsigned char*, int) [clone .constprop.7]
0011ee14 000001f0 T Processor::OPCodes_RES(unsigned char*, int) [clone .constprop.6]
0011f004 000001f0 T Processor::OPCodes_RES(unsigned char*, int) [clone .constprop.5]
0011f1f4 000001f0 T Processor::OPCodes_RES(unsigned char*, int) [clone .constprop.4]
0011f3e4 000001f0 T Processor::OPCodes_RES(unsigned char*, int) [clone .constprop.3]
0011f5d4 000001f0 T Processor::OPCodes_RES(unsigned char*, int) [clone .constprop.2]
0011f7c4 000001f0 T Processor::OPCodes_RES(unsigned char*, int) [clone .constprop.1]
0011f9b4 000001f0 T Processor::OPCodes_RES(unsigned char*, int) [clone .constprop.0]
0011fba4 00000434 T Processor::OPCodes_IN_C(unsigned char*)
0011ffd8 00000470 T Processor::OPCodes_INI()
00120448 00000470 T Processor::OPCodes_IND()
001208b8 00000218 T Processor::OPCodes_OUTI()
00120ad0 00000218 T Processor::OPCodes_OUTD()
00120ce8 000000b4 T Processor::OPCodes_BlockIORepeat(unsigned char)
00120d9c 000001d8 T Processor::OPCodes_CPI()
00120f74 000001d8 T Processor::OPCodes_CPD()
0012114c 00000080 T Processor::OPCodes_ADC_HL(unsigned short)
001211cc 000000a0 T Processor::OPCodes_SBC_HL(unsigned short)
0012126c 0000007c T Processor::OPCodeED0x4C()
0012126c 0000007c T Processor::OPCodeED0x54()
0012126c 0000007c T Processor::OPCodeED0x5C()
0012126c 0000007c T Processor::OPCodeED0x64()
0012126c 0000007c T Processor::OPCodeED0x6C()
0012126c 0000007c T Processor::OPCodeED0x74()
0012126c 0000007c T Processor::OPCodeED0x7C()
001212e8 00000260 T Processor::OPCodeED0x55()
001212e8 00000260 T Processor::OPCodeED0x5D()
001212e8 00000260 T Processor::OPCodeED0x65()
001212e8 00000260 T Processor::OPCodeED0x6D()
001212e8 00000260 T Processor::OPCodeED0x75()
001212e8 00000260 T Processor::OPCodeED0x7D()
00121548 00000200 T Blip_Buffer::set_sample_rate(long, int) [clone .constprop.0]
00121748 000001d8 T Blip_Synth_::volume_unit(double) [clone .part.0]
00121920 000004c8 t Blip_Synth_::treble_eq(blip_eq_t const&) [clone .constprop.0]
00121de8 00000020 T Blip_Synth_::volume_unit(double) [clone .constprop.0]
00121e08 00000130 T Blip_Synth<12, 1>::offset_resampled(unsigned long, int, Blip_Buffer*) const [clone .isra.0]
00121f38 00000da0 T Sms_Apu::run_until(long) [clone .part.0]
00122cd8 000000a8 T Stereo_Buffer::clock_rate(long)
00122d80 000005a0 T load_instrument.lto_priv.0
00123320 00002a30 T update_instrument_zero.lto_priv.0
00125d50 00000118 T mz_crc32.constprop.0
00125e68 00000054 T mz_zip_reader_eocd64_valid.isra.0
00125ebc 00000138 T mz_zip_reader_end_internal.isra.0
00125ff4 00000008 T mz_zip_reader_end.isra.0
00125ffc 000003e0 T mz_zip_file_stat_internal.part.0.constprop.0
001263dc t .udivsi3_skip_div0_test
001263dc T __aeabi_uidiv
001263dc 000001ec T __udivsi3
001265c8 00000020 T __aeabi_uidivmod
001265e8 T __aeabi_idiv
001265e8 00000220 T __divsi3
001265f0 t .divsi3_skip_div0_test
00126808 00000020 T __aeabi_idivmod
00126828 00000004 W __aeabi_idiv0
00126828 00000004 W __aeabi_ldiv0
0012682c T __aeabi_drsub
00126834 000002b0 T __aeabi_dsub
00126834 000002b0 T __subdf3
00126838 000002ac T __adddf3
00126838 000002ac T __aeabi_dadd
00126ae4 00000024 T __aeabi_ui2d
00126ae4 00000024 T __floatunsidf
00126b08 00000028 T __aeabi_i2d
00126b08 00000028 T __floatsidf
00126b30 00000048 T __aeabi_f2d
00126b30 00000048 T __extendsfdf2
00126b78 00000074 T __aeabi_ul2d
00126b78 00000074 T __floatundidf
00126b8c 00000060 T __aeabi_l2d
00126b8c 00000060 T __floatdidf
00126bec T __aeabi_ldivmod
00126cc0 T __aeabi_uldivmod
00126cfc 00000014 T __restore_core_regs
00126cfc 00000014 T restore_core_regs
00126d10 T __gnu_Unwind_Restore_VFP
00126d18 T __gnu_Unwind_Save_VFP
00126d20 T __gnu_Unwind_Restore_VFP_D
00126d28 T __gnu_Unwind_Save_VFP_D
00126d30 T __gnu_Unwind_Restore_VFP_D_16_to_31
00126d38 T __gnu_Unwind_Save_VFP_D_16_to_31
00126d40 T __gnu_Unwind_Restore_WMMXD
00126d84 T __gnu_Unwind_Save_WMMXD
00126dc8 T __gnu_Unwind_Restore_WMMXC
00126ddc T __gnu_Unwind_Save_WMMXC
00126df0 00000024 T _Unwind_RaiseException
00126df0 00000024 T ___Unwind_RaiseException
00126e14 00000024 T _Unwind_Resume
00126e14 00000024 T ___Unwind_Resume
00126e38 00000024 T _Unwind_Resume_or_Rethrow
00126e38 00000024 T ___Unwind_Resume_or_Rethrow
00126e5c 00000024 T _Unwind_ForcedUnwind
00126e5c 00000024 T ___Unwind_ForcedUnwind
00126e80 00000024 T _Unwind_Backtrace
00126e80 00000024 T ___Unwind_Backtrace
00126ec8 00000390 T strcmp
00127250 t __do_global_dtors_aux
001272a0 t frame_dummy
001272d0 000034e0 T main
0012a317 N 
0012a317 N 
0012a317 N 
0012a317 N 
0012a317 N 
0012a317 N 
0012a317 N 
0012a317 N 
0012a317 N 
0012a317 N 
0012a317 N 
0012a317 N 
0012a317 N 
0012a317 N 
0012a317 N 
0012a317 N 
0012a317 N 
0012a317 N 
0012a317 N 
0012a317 N 
0012a317 N 
0012a317 N 
0012a317 N 
0012a317 N 
0012a317 N 
0012a317 N 
0012a317 N 
0012a317 N 
0012a317 N 
0012a317 N 
0012a317 N 
0012a317 N 
0012a317 W JumboDahjeeMemoryRule.cpp.f3d35ded
0012a7b0 00000044 t C2Di_FrameEndHook
0012a7f4 00000368 T C2D_Init
0012ab5c 0000004c T C2D_Fini
0012aba8 000000bc T C2D_Prepare
0012ac64 00000048 T C2D_Flush
0012acac 000000fc T C2D_SceneSize
0012ada8 00000060 T C2D_CreateScreenTarget
0012ae08 00000060 T C2D_TargetClear
0012ae68 0000014c T C2Di_CalcQuad
0012afb4 00000054 T C2Di_AppendQuad
0012b008 00000738 T C2Di_Update
0012b740 000002e8 T C2D_DrawImage
0012ba28 00000028 T AttrInfo_Init
0012ba50 00000094 T AttrInfo_AddLoader
0012bae4 00000054 T C3D_SetAttrInfo
0012bb38 00000080 T C3Di_AttrInfoBind
0012bbb8 00000004 W C3Di_LightEnvUpdate
0012bbbc 00000004 W C3Di_LightEnvDirty
0012bbc0 000000b4 t C3Di_AptEventHook
0012bc74 00000004 W C3Di_GasUpdate
0012bc78 000001d0 T C3D_Init
0012be48 00000098 T C3D_SetViewport
0012bee0 000004e8 T C3Di_UpdateContext
0012c3c8 000000e0 T C3Di_SplitFrame
0012c4a8 00000044 T C3D_Fini
0012c4ec 00000194 T C3D_BindProgram
0012c680 00000024 T BufInfo_Init
0012c6a4 00000080 T BufInfo_Add
0012c724 0000003c T C3D_SetBufInfo
0012c760 00000048 T C3Di_BufInfoBind
0012c7a8 0000021c T C3D_DrawElements
0012c9c4 00000040 T C3D_DepthMap
0012ca04 0000001c T C3D_CullFace
0012ca20 00000040 T C3D_StencilTest
0012ca60 00000024 T C3D_StencilOp
0012ca84 0000001c T C3D_BlendingColor
0012caa0 00000024 T C3D_EarlyDepthTest
0012cac4 0000002c T C3D_DepthTest
0012caf0 0000002c T C3D_AlphaTest
0012cb1c 00000050 T C3D_AlphaBlend
0012cb6c 00000030 T C3D_FragOpMode
0012cb9c 00000044 T C3D_FragOpShadow
0012cbe0 000001ac T C3Di_EffectBind
0012cd8c 0000001c T C3D_CalcColorBufSize
0012cda8 0000001c T C3D_CalcDepthBufSize
0012cdc4 00000044 T C3D_SetFrameBuf
0012ce08 0000016c T C3Di_FrameBufBind
0012cf74 000000c8 T C3D_FrameBufClear
0012d03c 00000044 T C3D_FrameBufTransfer
0012d080 000000a8 T C3D_ImmSendAttrib
0012d128 00000070 T C3D_ProcTexInit
0012d198 00000054 T C3D_ProcTexBind
0012d1ec 0000005c T C3D_ProcTexLutBind
0012d248 000000a4 T ProcTexLut_FromArray
0012d2ec 00000178 T C3Di_ProcTexUpdate
0012d464 00000068 T C3Di_ProcTexDirty
0012d4cc 0000004c t onVBlank0
0012d518 0000004c t onVBlank1
0012d564 00000080 t C3Di_RenderTargetDestroy
0012d5e4 000000f4 t onQueueFinish
0012d6d8 00000038 T C3Di_RenderQueueEnableVBlank
0012d710 00000030 T C3Di_RenderQueueDisableVBlank
0012d740 00000060 T C3Di_RenderQueueInit
0012d7a0 000000b4 T C3Di_RenderQueueExit
0012d854 00000034 T C3Di_RenderQueueWaitDone
0012d888 000000e8 T C3D_FrameBegin
0012d970 00000048 T C3D_FrameDrawOn
0012d9b8 00000058 T C3D_FrameSplit
0012da10 000001d0 T C3D_FrameEnd
0012dbe0 0000001c T C3D_FrameEndHook
0012dbfc 00000170 T C3D_RenderTargetCreate
0012dd6c 000000a8 T C3D_RenderTargetSetOutput
0012de14 000000fc T C3D_SyncTextureCopy
0012df10 00000034 T C3D_GetTexEnv
0012df44 00000024 T C3Di_TexEnvBind
0012df68 00000290 T C3D_TexInitWithParams
0012e1f8 000000c8 T C3D_TexLoadImage
0012e2c0 00000044 T C3D_TexBind
0012e304 00000044 T C3D_TexFlush
0012e348 00000074 T C3D_TexDelete
0012e3bc 0000014c T C3Di_SetTex
0012e508 00000290 T C3D_UpdateUniforms
0012e798 000000c0 T C3Di_DirtyUniforms
0012e858 000000d8 T C3Di_LoadShaderUniforms
0012e930 00000028 T C3Di_ClearShaderUniforms
0012e958 000000cc T Mtx_Ortho
0012ea24 000000cc T Mtx_OrthoTilt
0012eaf0 00000024 t addrMapNodeComparator(rbtree_node const*, rbtree_node const*)
0012eb14 00000004 t addrMapNodeDestructor(rbtree_node*)
0012eb18 0000012c T linearMemAlign
0012ec44 00000008 T linearAlloc
0012ec4c 0000005c T linearFree
0012eca8 00000088 T MemPool::CoalesceRight(MemBlock*)
0012ed30 00000178 T MemPool::Allocate(MemChunk&, unsigned long, int)
0012eea8 00000118 T MemPool::Deallocate(MemChunk const&)
0012efc0 00000030 T MemPool::GetFreeSpace()
0012eff0 00000024 t addrMapNodeComparator(rbtree_node const*, rbtree_node const*)
0012f014 00000004 t addrMapNodeDestructor(rbtree_node*)
0012f018 00000248 T vramMemAlignAt
0012f260 0000000c T vramAlloc
0012f26c 0000000c T vramAllocAt
0012f278 00000094 T vramFree
0012f30c 000001c8 T consoleDrawChar
0012f4d4 00000170 T consolePrintChar
0012f644 00000cc8 T con_write
0013030c 000000fc t newRow
00130408 00000180 T consoleInit
00130588 000000b8 T consoleClear
00130640 000000cc t gfxPresentFramebuffer
0013070c 00000010 T gfxSet3D
0013071c 0000001c T gfxIsWide
00130738 000000f8 T gfxSetScreenFormat
00130830 00000010 T gfxSetDoubleBuffering
00130840 000000d8 T gfxInit
00130918 00000010 T gfxInitDefault
00130928 000000b8 T gfxExit
001309e0 000000a0 T gfxGetFramebuffer
00130a80 00000100 T gfxFlushBuffers
00130b80 00000028 T gfxScreenSwapBuffers
00130ba8 00000050 T gfxSwapBuffersGpu
00130bf8 00000074 T osConvertVirtToPhys
00130c6c 00000054 T osGetTimeRef
00130cc0 000000ec T osGetTime
00130dac 00000034 T __ctru_speedup_config
00130de0 00000038 T osSetSpeedupEnable
00130e18 00000008 t romfs_close
00130e20 000000ac t romfs_seek
00130ecc 00000024 t romfs_dirreset
00130ef0 000000c0 t fill_dir
00130fb0 000002ac t romfs_dirnext
0013125c 00000074 t romfs_free
001312d0 000000d0 t searchForFile.constprop.0
001313a0 000000d4 t searchForDir.constprop.0
00131474 000001c0 t navigateToDir.constprop.0
00131634 00000114 t romfs_open
00131748 0000004c t romfs_chdir
00131794 00000068 t romfs_diropen
001317fc 00000178 t romfs_stat
00131974 00000008 t romfs_dirclose
00131980 0000007c t romfs_fstat
001319fc 000000d0 t romfs_read
00131acc 00000294 T romfsMountFromFile
00131d60 00000098 T romfsMountFromCurrentProcess
00131df8 00000258 T romfsMountSelf
00132050 000000a0 T romfsUnmount
001320f0 0000013c T GPUCMD_Add
0013222c 000000b0 T GPUCMD_Split
001322dc 00000034 T f32tof16
00132310 00000034 T f32tof24
00132344 00000038 T f32tof31
0013237c 00000010 T GX_BindQueue
0013238c 0000007c T GX_ProcessCommandList
00132408 00000074 T GX_MemoryFill
0013247c 00000074 T GX_DisplayTransfer
001324f0 00000078 T GX_TextureCopy
00132568 00000064 t gxCmdQueueDoCommands.part.0
001325cc 000000e4 T gxCmdQueueInterrupt
001326b0 00000068 T gxCmdQueueClear
00132718 00000108 T gxCmdQueueAdd
00132820 00000080 T gxCmdQueueRun
001328a0 00000064 T gxCmdQueueStop
00132904 000000ac T gxCmdQueueWait
001329b0 000001e0 T shaderInstanceInit
00132b90 00000018 T shaderInstanceGetUniformLocation
00132ba8 0000001c T shaderProgramInit
00132bc4 00000074 T shaderProgramFree
00132c38 00000094 T shaderProgramSetVsh
00132ccc 000008d0 T shaderProgramConfigure
0013359c 000001dc t DVLE_GenerateOutmap.part.0
00133778 000001ac T DVLB_ParseFile
00133924 00000050 T DVLB_Free
00133974 00000074 T DVLE_GetUniformRegister
001339e8 00000158 t ndspUpdateMaster
00133b40 00000108 t ndspFinalize
00133c48 0000025c t ndspInitialize.part.0
00133ea4 00000108 t ndspHookCallback
00133fb0 00000318 t ndspThreadMain
001342c8 000003f0 T ndspInit
001346b8 000000d8 T ndspExit
00134790 000000e0 T ndspChnReset
00134870 00000018 T ndspChnSetFormat
00134888 00000050 T ndspChnSetInterp
001348d8 00000060 T ndspChnSetRate
00134938 00000080 T ndspChnSetMix
001349b8 000000c8 T ndspChnWaveBufAdd
00134a80 00000040 T ndspiInitChn
00134ac0 0000002c T ndspiDirtyChn
00134aec 0000043c T ndspiUpdateChn
00134f28 00000180 T ndspiReadChnState
001350a8 00000180 t aptConvertScreenForCapture
00135228 00000138 T aptSendCommand
00135360 00000044 t aptExitProcess
001353a4 00000394 T aptExit
00135738 000000d8 T aptHandleSleep
00135810 00000034 T aptHook
00135844 00000030 T aptUnhook
00135874 00000084 T APT_SleepIfShellClosed
001358f8 00000078 T aptSetSleepAllowed
00135970 00000084 T APT_UnlockTransition
001359f8 00000470 t aptEventHandler
00135e68 000000bc T APT_ReceiveParameter
00135f24 000000b0 t aptReceiveParameter.constprop.0
00135fd8 00000294 t aptScreenTransfer
0013626c 000002d0 t aptWaitForWakeUp.isra.0
0013653c 000000f4 T aptJumpToHomeMenu
00136630 00000058 T aptMainLoop
00136688 00000240 T aptInit
001368c8 0000002c T APT_SetAppCpuTimeLimit
001368f4 00000090 T APT_CheckNew3DS
00136984 000000a8 T cfguInit
00136a2c 0000003c T cfguExit
00136a68 0000004c T CFGU_GetConfigInfoBlk2
00136ab4 000000a4 t DSP_LoadComponent.part.0
00136b58 000000fc T dspInit
00136c54 0000008c T dspExit
00136ce0 00000024 T dspHook
00136d04 00000030 T dspUnhook
00136d34 000000b4 T aptDspSleep
00136de8 000000b4 T aptDspWakeup
00136e9c 00000044 T aptDspCancel
00136ee0 00000050 T DSP_FlushDataCache
00136f30 00000034 T DSP_SetSemaphore
00136f64 00000034 T DSP_SetSemaphoreMask
00136f98 00000038 T DSP_GetSemaphoreHandle
00136fd0 0000003c T DSP_LoadComponent
0013700c 00000044 T DSP_RegisterInterruptEvents
00137050 00000078 T DSP_ReadPipeIfPossible
001370c8 0000004c T DSP_WriteProcessPipe
00137114 00000044 T DSP_ConvertProcessAddressFromDspDram
00137158 00000044 T DSP_RecvData
0013719c 00000050 T DSP_RecvDataIsReady
001371ec 00000104 T fsInit
001372f0 0000003c T fsExit
0013732c 00000068 T fsExemptFromSession
00137394 00000050 T fsUnexemptFromSession
001373e4 000000cc T FSUSER_OpenFile
001374b0 000000cc T FSUSER_OpenFileDirectly
0013757c 000000b8 T FSUSER_DeleteFile
00137634 000000f4 T FSUSER_RenameFile
00137728 000000b8 T FSUSER_DeleteDirectory
001377e0 000000d0 T FSUSER_CreateFile
001378b0 000000c0 T FSUSER_CreateDirectory
00137970 000000f4 T FSUSER_RenameDirectory
00137a64 000000b4 T FSUSER_OpenDirectory
00137b18 00000090 T FSUSER_OpenArchive
00137ba8 0000008c T FSUSER_CloseArchive
00137c34 00000074 T FSUSER_GetSdmcArchiveResource
00137ca8 00000064 T FSUSER_IsSdmcWritable
00137d0c 00000064 T FSFILE_Read
00137d70 0000006c T FSFILE_Write
00137ddc 00000044 T FSFILE_GetSize
00137e20 00000028 T FSFILE_SetSize
00137e48 0000003c T FSFILE_Close
00137e84 00000024 T FSFILE_Flush
00137ea8 00000060 T FSDIR_Read
00137f08 0000003c T FSDIR_Close
00137f44 00000c70 t gspHardwareInit
00138bb4 00000288 T gspInit
00138e3c 00000104 T gspExit
00138f40 00000010 T gspHasGpuRight
00138f50 000000a4 T gspPresentBuffer
00138ff4 00000030 T gspSetEventCallback
00139024 00000050 T gspWaitForEvent
00139074 0000004c T gspWaitForAnyEvent
001390c0 00000154 t gspEventThreadMain
00139214 0000012c T gspSubmitGxCommand
00139340 00000050 T GSPGPU_FlushDataCache
00139390 00000034 T GSPGPU_SetLcdForceBlack
001393c4 00000084 T GSPGPU_AcquireRight
00139448 00000064 T GSPGPU_ReleaseRight
001394ac 0000007c T GSPGPU_ImportDisplayCaptureInfo
00139528 0000002c T GSPGPU_SaveVramSysArea
00139554 0000002c T GSPGPU_RestoreVramSysArea
00139580 00000024 W hidShouldUseIrrst
001395a4 000001cc T hidInit
00139770 000000e8 T hidExit
00139858 000002a0 T hidScanInput
00139af8 00000010 T hidKeysHeld
00139b08 00000010 T hidKeysDown
00139b18 000001a4 T irrstInit
00139cbc 000000dc T irrstExit
00139d98 000000b4 T irrstScanInput
00139e4c 00000024 T irrstKeysHeld
00139e70 00000078 T ptmSysmInit
00139ee8 0000003c T ptmSysmExit
00139f24 00000034 T PTMSYSM_ConfigureNew3DSCPU
00139f58 00000074 T rbtree_find
00139fcc 00000010 T rbtree_init
00139fdc 00000198 t do_insert
0013a174 00000008 T rbtree_insert
0013a17c 00000310 T rbtree_remove
0013a48c 00000090 T rbtree_rotate
0013a51c 000000e8 T utf16_to_utf8
0013a604 000000c0 T utf8_to_utf16
0013a6c8 000001e8 W __system_allocateHeaps
0013a8b0 00000038 W __libctru_init
0013a8e8 0000016c W __system_initArgv
0013a98b N 
0013a98b N 
0013a98b N 
0013a98b N 
0013a98b N 
0013a98b N 
0013a98b N 
0013a98b N 
0013a98b N 
0013a98b N 
0013a98b N 
0013a98b N 
0013a98b N 
0013a98b N 
0013a98b N 
0013a98b N 
0013a98b N 
0013a98b N 
0013a98b N 
0013a98b N 
0013a98b N 
0013a98b N 
0013a98b N 
0013a98b N 
0013a98b N 
0013a98b N 
0013a98b N 
0013a98b N 
0013a98b N 
0013a98b N 
0013a98b N 
0013a98b N 
0013a98b W Korean0000XORFFMemoryRule.cpp.3a8f4692
0013aa54 00000030 T __syscall_getreent
0013aa84 00000064 T __syscall_gettod_r
0013aae8 00000004 T __syscall_lock_acquire
0013aaec 00000004 T __syscall_lock_release
0013aaf0 00000004 T __syscall_lock_acquire_recursive
0013aaf4 00000004 T __syscall_lock_release_recursive
0013aaf8 00000004 T __syscall_exit
0013aafc 00000014 T __syscall_cond_broadcast
0013ab10 00000014 T __syscall_cond_wait
0013ab24 00000044 T __syscall_cond_wait_recursive
0013ab68 00000054 T initThreadVars
0013abbc 00000080 T __system_initSyscalls
0013ac3c T svcControlMemory
0013ac5c T svcQueryMemory
0013ac8c T svcExitProcess
0013ac94 T svcCreateThread
0013acb4 T svcExitThread
0013acbc T svcSleepThread
0013acc4 T svcReleaseMutex
0013accc T svcCreateEvent
0013ace0 T svcSignalEvent
0013ace8 T svcClearEvent
0013acf0 T svcMapMemoryBlock
0013acf8 T svcUnmapMemoryBlock
0013ad00 T svcCreateAddressArbiter
0013ad14 T svcArbitrateAddress
0013ad2c T svcArbitrateAddressNoTimeout
0013ad34 T svcCloseHandle
0013ad3c T svcWaitSynchronization
0013ad44 T svcWaitSynchronizationN
0013ad6c T svcDuplicateHandle
0013ad80 T svcGetSystemTick
0013ad88 T svcConnectToPort
0013ad9c T svcSendSyncRequest
0013ada4 T svcGetResourceLimit
0013adb8 T svcGetResourceLimitLimitValues
0013adc0 T svcGetResourceLimitCurrentValues
0013adc8 T svcBreak
0013add0 T __aeabi_read_tp
0013addc W initSystem
0013ae2c W __ctru_exit
0013ae40 0000008c W envGetHandle
0013aecc 00000050 W envDestroyHandles
0013af1c 00000164 T srvInit
0013b080 00000064 T srvExit
0013b0e4 00000060 T srvEnableNotification
0013b144 000000a0 T srvGetServiceHandleDirect
0013b1e4 00000048 T srvGetServiceHandle
0013b22c 00000034 T srvSubscribe
0013b260 00000060 T srvReceiveNotification
0013b2c0 00000038 T srvPublishToSubscriber
0013b2f8 0000000c T __sync_init
0013b304 00000018 T __sync_fini
0013b31c 00000028 T syncArbitrateAddress
0013b344 0000001c T LightLock_Init
0013b360 000000ac T LightLock_Lock
0013b40c 00000040 T LightLock_Unlock
0013b44c 00000054 T RecursiveLock_Lock
0013b4a0 00000054 T RecursiveLock_Unlock
0013b4f4 000000ec T CondVar_WaitTimeout
0013b5e0 00000124 T CondVar_WakeUp
0013b704 00000044 T LightEvent_Init
0013b748 000000b8 T LightEvent_Clear
0013b800 000000dc T LightEvent_Signal
0013b8dc 00000050 T LightEvent_TryWait
0013b92c 000000ac T LightEvent_Wait
0013b9d8 000001fc T threadCreate
0013bbd4 00000038 T threadFree
0013bc0c 00000024 T threadJoin
0013bc30 00000030 T threadGetCurrent
0013bc60 00000040 T threadExit
0013bca0 00000020 t _thread_begin
0013bcc0 00000090 t mappableFindAddressWithin
0013bd50 00000028 T mappableInit
0013bd78 0000007c T mappableAlloc
0013bdf4 00000004 T mappableFree
0013bdf8 0000000c T srvPmGetSessionHandle
0013be04 00000060 T rbtree_node_next
0013be64 00000054 T decode_utf16
0013beb8 00000140 T decode_utf8
0013bff8 00000054 T encode_utf16
0013c04c 000000e0 T encode_utf8
0013c12c 00000030 W __appExit
0013c15c 00000030 W __appInit
0013c18c 00000090 W __libctru_exit
0013c21c 00000024 t error_cmp
0013c240 00000050 t archive_translate_error
0013c290 000000c0 t archive_seek
0013c350 00000078 t _archiveInit.part.0
0013c3c8 00000110 t archiveFindDevice.part.0
0013c4d8 00000298 t archive_utf16path
0013c770 00000098 t _archiveUnmountDeviceStruct.part.0
0013c808 00000178 t _archiveMountDevice
0013c980 000000f8 t archive_diropen
0013ca78 000000ac t archive_fstat
0013cb24 00000074 t archive_fsync
0013cb98 00000074 t archive_close
0013cc0c 00000078 t archive_dirclose
0013cc84 000000ec t sdmc_statvfs
0013cd70 000000f8 t archive_chdir
0013ce68 0000008c t archive_ftruncate
0013cef4 000000bc t archive_read
0013cfb0 000000a8 t archive_unlink
0013d058 000000c0 t archive_rmdir
0013d118 000000d8 t archive_mkdir
0013d1f0 000001a0 t archive_stat
0013d390 00000164 t archive_dirnext
0013d4f4 0000013c t archive_write
0013d630 00000254 t archive_open
0013d884 00000270 t archive_rename
0013daf4 000001c8 T archiveMountSdmc
0013dcbc 00000054 T archiveUnmountAll
0013dd10 00000004 T operator delete(void*)
0013dd14 00000004 T operator delete[](void*)
0013dd18 0000005c T operator new(unsigned int)
0013dd74 00000004 T operator new[](unsigned int)
0013dd78 0000000c W __gnu_cxx::__concurrence_lock_error::what() const
0013dd84 0000000c W __gnu_cxx::__concurrence_unlock_error::what() const
0013dd90 00000004 T std::locale::facet::~facet()
0013dd90 00000004 T std::locale::facet::~facet()
0013dd94 0000001c T std::locale::facet::~facet()
0013ddb0 00000020 W __gnu_cxx::__concurrence_lock_error::~__concurrence_lock_error()
0013ddb0 00000020 W __gnu_cxx::__concurrence_lock_error::~__concurrence_lock_error()
0013ddd0 00000028 W __gnu_cxx::__concurrence_lock_error::~__concurrence_lock_error()
0013ddf8 00000020 W __gnu_cxx::__concurrence_unlock_error::~__concurrence_unlock_error()
0013ddf8 00000020 W __gnu_cxx::__concurrence_unlock_error::~__concurrence_unlock_error()
0013de18 00000028 W __gnu_cxx::__concurrence_unlock_error::~__concurrence_unlock_error()
0013de40 00000020 T std::locale::facet::_S_initialize_once()
0013de60 0000002c W __gnu_cxx::__throw_concurrence_unlock_error()
0013de8c 0000003c T std::locale::locale(std::locale const&)
0013de8c 0000003c T std::locale::locale(std::locale const&)
0013dec8 00000008 T std::locale::locale(std::locale::_Impl*)
0013dec8 00000008 T std::locale::locale(std::locale::_Impl*)
0013ded0 0000004c T std::locale::facet::_S_get_c_locale()
0013df1c 0000000c T std::locale::facet::_S_get_c_name()
0013df28 000001dc T std::locale::_Impl::~_Impl()
0013df28 000001dc T std::locale::_Impl::~_Impl()
0013e104 000000b0 T std::locale::operator=(std::locale const&)
0013e1b4 00000078 T std::locale::~locale()
0013e1b4 00000078 T std::locale::~locale()
0013e22c 000005ac T std::locale::_Impl::_M_install_facet(std::locale::id const*, std::locale::facet const*)
0013e7d8 00000388 T std::locale::_Impl::_M_install_cache(std::locale::facet const*, unsigned int)
0013eb60 00000064 T std::locale::id::_M_id() const
0013ebc4 00000010 T std::__basic_file<char>::__basic_file(pthread_mutex_t*)
0013ebc4 00000010 T std::__basic_file<char>::__basic_file(pthread_mutex_t*)
0013ebd4 00000044 T std::__basic_file<char>::~__basic_file()
0013ebd4 00000044 T std::__basic_file<char>::~__basic_file()
0013ec18 00000078 T std::__basic_file<char>::open(char const*, std::_Ios_Openmode, int)
0013ec90 00000010 T std::__basic_file<char>::is_open() const
0013eca0 00000058 T std::__basic_file<char>::close()
0013ecf8 00000060 T std::__basic_file<char>::xsgetn(char*, int)
0013ed58 00000074 T std::__basic_file<char>::xsputn(char const*, int)
0013edcc 000000d8 T std::__basic_file<char>::xsputn_2(char const*, int, char const*, int)
0013eea4 00000048 T std::__basic_file<char>::seekoff(long long, std::_Ios_Seekdir)
0013eeec 00000094 T std::__basic_file<char>::showmanyc()
0013ef80 00000034 t std::__facet_shims::(anonymous namespace)::collate_shim<char>::do_compare(char const*, char const*, char const*, char const*) const
0013efb4 00000060 t std::__facet_shims::(anonymous namespace)::time_get_shim<char>::do_get_year(std::istreambuf_iterator<char, std::char_traits<char> >, std::istreambuf_iterator<char, std::char_traits<char> >, std::ios_base&, std::_Ios_Iostate&, tm*) const
0013f014 00000060 t std::__facet_shims::(anonymous namespace)::time_get_shim<char>::do_get_monthname(std::istreambuf_iterator<char, std::char_traits<char> >, std::istreambuf_iterator<char, std::char_traits<char> >, std::ios_base&, std::_Ios_Iostate&, tm*) const
0013f074 00000060 t std::__facet_shims::(anonymous namespace)::time_get_shim<char>::do_get_weekday(std::istreambuf_iterator<char, std::char_traits<char> >, std::istreambuf_iterator<char, std::char_traits<char> >, std::ios_base&, std::_Ios_Iostate&, tm*) const
0013f0d4 00000060 t std::__facet_shims::(anonymous namespace)::time_get_shim<char>::do_get_date(std::istreambuf_iterator<char, std::char_traits<char> >, std::istreambuf_iterator<char, std::char_traits<char> >, std::ios_base&, std::_Ios_Iostate&, tm*) const
0013f134 00000060 t std::__facet_shims::(anonymous namespace)::time_get_shim<char>::do_get_time(std::istreambuf_iterator<char, std::char_traits<char> >, std::istreambuf_iterator<char, std::char_traits<char> >, std::ios_base&, std::_Ios_Iostate&, tm*) const
0013f194 0000000c t std::__facet_shims::(anonymous namespace)::time_get_shim<char>::do_date_order() const
0013f1a0 00000098 t std::__facet_shims::(anonymous namespace)::money_get_shim<char>::do_get(std::istreambuf_iterator<char, std::char_traits<char> >, std::istreambuf_iterator<char, std::char_traits<char> >, bool, std::ios_base&, std::_Ios_Iostate&, long double&) const
0013f238 00000054 t std::__facet_shims::(anonymous namespace)::money_put_shim<char>::do_put(std::ostreambuf_iterator<char, std::char_traits<char> >, bool, std::ios_base&, char, long double) const
0013f28c 00000010 t std::__facet_shims::(anonymous namespace)::messages_shim<char>::do_close(int) const
0013f29c 00000030 t std::__facet_shims::(anonymous namespace)::messages_shim<char>::do_open(std::string const&, std::locale const&) const
0013f2cc 00000034 t std::__facet_shims::(anonymous namespace)::collate_shim<wchar_t>::do_compare(wchar_t const*, wchar_t const*, wchar_t const*, wchar_t const*) const
0013f300 00000060 t std::__facet_shims::(anonymous namespace)::time_get_shim<wchar_t>::do_get_year(std::istreambuf_iterator<wchar_t, std::char_traits<wchar_t> >, std::istreambuf_iterator<wchar_t, std::char_traits<wchar_t> >, std::ios_base&, std::_Ios_Iostate&, tm*) const
0013f360 00000060 t std::__facet_shims::(anonymous namespace)::time_get_shim<wchar_t>::do_get_monthname(std::istreambuf_iterator<wchar_t, std::char_traits<wchar_t> >, std::istreambuf_iterator<wchar_t, std::char_traits<wchar_t> >, std::ios_base&, std::_Ios_Iostate&, tm*) const
0013f3c0 00000060 t std::__facet_shims::(anonymous namespace)::time_get_shim<wchar_t>::do_get_weekday(std::istreambuf_iterator<wchar_t, std::char_traits<wchar_t> >, std::istreambuf_iterator<wchar_t, std::char_traits<wchar_t> >, std::ios_base&, std::_Ios_Iostate&, tm*) const
0013f420 00000060 t std::__facet_shims::(anonymous namespace)::time_get_shim<wchar_t>::do_get_date(std::istreambuf_iterator<wchar_t, std::char_traits<wchar_t> >, std::istreambuf_iterator<wchar_t, std::char_traits<wchar_t> >, std::ios_base&, std::_Ios_Iostate&, tm*) const
0013f480 00000060 t std::__facet_shims::(anonymous namespace)::time_get_shim<wchar_t>::do_get_time(std::istreambuf_iterator<wchar_t, std::char_traits<wchar_t> >, std::istreambuf_iterator<wchar_t, std::char_traits<wchar_t> >, std::ios_base&, std::_Ios_Iostate&, tm*) const
0013f4e0 0000000c t std::__facet_shims::(anonymous namespace)::time_get_shim<wchar_t>::do_date_order() const
0013f4ec 00000098 t std::__facet_shims::(anonymous namespace)::money_get_shim<wchar_t>::do_get(std::istreambuf_iterator<wchar_t, std::char_traits<wchar_t> >, std::istreambuf_iterator<wchar_t, std::char_traits<wchar_t> >, bool, std::ios_base&, std::_Ios_Iostate&, long double&) const
0013f584 00000054 t std::__facet_shims::(anonymous namespace)::money_put_shim<wchar_t>::do_put(std::ostreambuf_iterator<wchar_t, std::char_traits<wchar_t> >, bool, std::ios_base&, wchar_t, long double) const
0013f5d8 00000010 t std::__facet_shims::(anonymous namespace)::messages_shim<wchar_t>::do_close(int) const
0013f5e8 00000030 t std::__facet_shims::(anonymous namespace)::messages_shim<wchar_t>::do_open(std::string const&, std::locale const&) const
0013f618 000000c0 t wchar_t* std::basic_string<wchar_t, std::char_traits<wchar_t>, std::allocator<wchar_t> >::_S_construct<wchar_t const*>(wchar_t const*, wchar_t const*, std::allocator<wchar_t> const&, std::forward_iterator_tag) [clone .isra.0]
0013f6d8 000000b8 t char* std::string::_S_construct<char const*>(char const*, char const*, std::allocator<char> const&, std::forward_iterator_tag) [clone .isra.0]
0013f790 00000058 t std::basic_string<wchar_t, std::char_traits<wchar_t>, std::allocator<wchar_t> >::~basic_string() [clone .isra.0]
0013f7e8 00000058 t std::basic_string<char, std::char_traits<char>, std::allocator<char> >::~basic_string() [clone .isra.0]
0013f840 00000090 t std::__facet_shims::(anonymous namespace)::collate_shim<wchar_t>::do_transform(wchar_t const*, wchar_t const*) const
0013f8d0 000000ac t std::__facet_shims::(anonymous namespace)::messages_shim<wchar_t>::do_get(int, int, int, std::basic_string<wchar_t, std::char_traits<wchar_t>, std::allocator<wchar_t> > const&) const
0013f980 00000118 t std::__facet_shims::(anonymous namespace)::money_put_shim<wchar_t>::do_put(std::ostreambuf_iterator<wchar_t, std::char_traits<wchar_t> >, bool, std::ios_base&, wchar_t, std::basic_string<wchar_t, std::char_traits<wchar_t>, std::allocator<wchar_t> > const&) const
0013fa98 00000118 t std::__facet_shims::(anonymous namespace)::money_put_shim<char>::do_put(std::ostreambuf_iterator<char, std::char_traits<char> >, bool, std::ios_base&, char, std::string const&) const
0013fbb0 00000090 t std::__facet_shims::(anonymous namespace)::collate_shim<char>::do_transform(char const*, char const*) const
0013fc40 000000ac t std::__facet_shims::(anonymous namespace)::messages_shim<char>::do_get(int, int, int, std::string const&) const
0013fcec 00000058 t void std::__facet_shims::(anonymous namespace)::__destroy_string<wchar_t>(void*)
0013fd44 00000058 t void std::__facet_shims::(anonymous namespace)::__destroy_string<char>(void*)
0013fd9c 0000005c t std::__facet_shims::(anonymous namespace)::messages_shim<char>::~messages_shim()
0013fd9c 0000005c t std::__facet_shims::(anonymous namespace)::messages_shim<char>::~messages_shim()
0013fdf8 0000005c t std::__facet_shims::(anonymous namespace)::messages_shim<wchar_t>::~messages_shim()
0013fdf8 0000005c t std::__facet_shims::(anonymous namespace)::messages_shim<wchar_t>::~messages_shim()
0013fe54 00000068 t std::__facet_shims::(anonymous namespace)::money_get_shim<char>::~money_get_shim()
0013fe54 00000068 t std::__facet_shims::(anonymous namespace)::money_get_shim<char>::~money_get_shim()
0013febc 00000068 t std::__facet_shims::(anonymous namespace)::money_put_shim<char>::~money_put_shim()
0013febc 00000068 t std::__facet_shims::(anonymous namespace)::money_put_shim<char>::~money_put_shim()
0013ff24 00000068 t std::__facet_shims::(anonymous namespace)::money_get_shim<wchar_t>::~money_get_shim()
0013ff24 00000068 t std::__facet_shims::(anonymous namespace)::money_get_shim<wchar_t>::~money_get_shim()
0013ff8c 00000068 t std::__facet_shims::(anonymous namespace)::money_put_shim<wchar_t>::~money_put_shim()
0013ff8c 00000068 t std::__facet_shims::(anonymous namespace)::money_put_shim<wchar_t>::~money_put_shim()
0013fff4 00000068 t std::__facet_shims::(anonymous namespace)::time_get_shim<char>::~time_get_shim()
0013fff4 00000068 t std::__facet_shims::(anonymous namespace)::time_get_shim<char>::~time_get_shim()
0014005c 00000068 t std::__facet_shims::(anonymous namespace)::time_get_shim<wchar_t>::~time_get_shim()
0014005c 00000068 t std::__facet_shims::(anonymous namespace)::time_get_shim<wchar_t>::~time_get_shim()
001400c4 00000064 t std::__facet_shims::(anonymous namespace)::messages_shim<char>::~messages_shim()
00140128 00000064 t std::__facet_shims::(anonymous namespace)::messages_shim<wchar_t>::~messages_shim()
0014018c 00000068 t std::__facet_shims::(anonymous namespace)::numpunct_shim<char>::~numpunct_shim()
0014018c 00000068 t std::__facet_shims::(anonymous namespace)::numpunct_shim<char>::~numpunct_shim()
001401f4 00000068 t std::__facet_shims::(anonymous namespace)::numpunct_shim<wchar_t>::~numpunct_shim()
001401f4 00000068 t std::__facet_shims::(anonymous namespace)::numpunct_shim<wchar_t>::~numpunct_shim()
0014025c 00000070 t std::__facet_shims::(anonymous namespace)::money_get_shim<char>::~money_get_shim()
001402cc 00000070 t std::__facet_shims::(anonymous namespace)::money_put_shim<char>::~money_put_shim()
0014033c 00000070 t std::__facet_shims::(anonymous namespace)::money_get_shim<wchar_t>::~money_get_shim()
001403ac 00000070 t std::__facet_shims::(anonymous namespace)::money_put_shim<wchar_t>::~money_put_shim()
0014041c 00000070 t std::__facet_shims::(anonymous namespace)::time_get_shim<char>::~time_get_shim()
0014048c 00000070 t std::__facet_shims::(anonymous namespace)::time_get_shim<wchar_t>::~time_get_shim()
001404fc 00000070 t std::__facet_shims::(anonymous namespace)::collate_shim<char>::~collate_shim()
001404fc 00000070 t std::__facet_shims::(anonymous namespace)::collate_shim<char>::~collate_shim()
0014056c 00000070 t std::__facet_shims::(anonymous namespace)::collate_shim<wchar_t>::~collate_shim()
0014056c 00000070 t std::__facet_shims::(anonymous namespace)::collate_shim<wchar_t>::~collate_shim()
001405dc 00000070 t std::__facet_shims::(anonymous namespace)::numpunct_shim<char>::~numpunct_shim()
0014064c 00000070 t std::__facet_shims::(anonymous namespace)::numpunct_shim<wchar_t>::~numpunct_shim()
001406bc 00000078 t std::__facet_shims::(anonymous namespace)::collate_shim<char>::~collate_shim()
00140734 00000078 t std::__facet_shims::(anonymous namespace)::collate_shim<wchar_t>::~collate_shim()
001407ac 00000074 t std::__facet_shims::(anonymous namespace)::moneypunct_shim<char, true>::~moneypunct_shim()
001407ac 00000074 t std::__facet_shims::(anonymous namespace)::moneypunct_shim<char, true>::~moneypunct_shim()
00140820 00000074 t std::__facet_shims::(anonymous namespace)::moneypunct_shim<char, false>::~moneypunct_shim()
00140820 00000074 t std::__facet_shims::(anonymous namespace)::moneypunct_shim<char, false>::~moneypunct_shim()
00140894 00000074 t std::__facet_shims::(anonymous namespace)::moneypunct_shim<wchar_t, true>::~moneypunct_shim()
00140894 00000074 t std::__facet_shims::(anonymous namespace)::moneypunct_shim<wchar_t, true>::~moneypunct_shim()
00140908 00000074 t std::__facet_shims::(anonymous namespace)::moneypunct_shim<wchar_t, false>::~moneypunct_shim()
00140908 00000074 t std::__facet_shims::(anonymous namespace)::moneypunct_shim<wchar_t, false>::~moneypunct_shim()
0014097c 0000007c t std::__facet_shims::(anonymous namespace)::moneypunct_shim<char, true>::~moneypunct_shim()
001409f8 0000007c t std::__facet_shims::(anonymous namespace)::moneypunct_shim<char, false>::~moneypunct_shim()
00140a74 0000007c t std::__facet_shims::(anonymous namespace)::moneypunct_shim<wchar_t, true>::~moneypunct_shim()
00140af0 0000007c t std::__facet_shims::(anonymous namespace)::moneypunct_shim<wchar_t, false>::~moneypunct_shim()
00140b6c 00000148 t std::__facet_shims::(anonymous namespace)::money_get_shim<wchar_t>::do_get(std::istreambuf_iterator<wchar_t, std::char_traits<wchar_t> >, std::istreambuf_iterator<wchar_t, std::char_traits<wchar_t> >, bool, std::ios_base&, std::_Ios_Iostate&, std::basic_string<wchar_t, std::char_traits<wchar_t>, std::allocator<wchar_t> >&) const
00140cb4 00000148 t std::__facet_shims::(anonymous namespace)::money_get_shim<char>::do_get(std::istreambuf_iterator<char, std::char_traits<char> >, std::istreambuf_iterator<char, std::char_traits<char> >, bool, std::ios_base&, std::_Ios_Iostate&, std::string&) const
00140dfc 00000034 W std::locale::facet::_M_remove_reference() const
00140e30 0000022c W void std::__facet_shims::__numpunct_fill_cache<char>(std::integral_constant<bool, false>, std::locale::facet const*, std::__numpunct_cache<char>*)
0014105c 00000258 W void std::__facet_shims::__numpunct_fill_cache<wchar_t>(std::integral_constant<bool, false>, std::locale::facet const*, std::__numpunct_cache<wchar_t>*)
001412b4 00000060 W int std::__facet_shims::__collate_compare<char>(std::integral_constant<bool, false>, std::locale::facet const*, char const*, char const*, char const*, char const*)
00141314 00000060 W int std::__facet_shims::__collate_compare<wchar_t>(std::integral_constant<bool, false>, std::locale::facet const*, wchar_t const*, wchar_t const*, wchar_t const*, wchar_t const*)
00141374 00000194 W void std::__facet_shims::__collate_transform<char>(std::integral_constant<bool, false>, std::locale::facet const*, std::__facet_shims::__any_string&, char const*, char const*)
00141508 00000194 W void std::__facet_shims::__collate_transform<wchar_t>(std::integral_constant<bool, false>, std::locale::facet const*, std::__facet_shims::__any_string&, wchar_t const*, wchar_t const*)
0014169c 00000314 W void std::__facet_shims::__moneypunct_fill_cache<char, true>(std::integral_constant<bool, false>, std::locale::facet const*, std::__moneypunct_cache<char, true>*)
001419b0 00000314 W void std::__facet_shims::__moneypunct_fill_cache<char, false>(std::integral_constant<bool, false>, std::locale::facet const*, std::__moneypunct_cache<char, false>*)
00141cc4 00000350 W void std::__facet_shims::__moneypunct_fill_cache<wchar_t, true>(std::integral_constant<bool, false>, std::locale::facet const*, std::__moneypunct_cache<wchar_t, true>*)
00142014 00000350 W void std::__facet_shims::__moneypunct_fill_cache<wchar_t, false>(std::integral_constant<bool, false>, std::locale::facet const*, std::__moneypunct_cache<wchar_t, false>*)
00142364 000000d0 W int std::__facet_shims::__messages_open<char>(std::integral_constant<bool, false>, std::locale::facet const*, char const*, unsigned int, std::locale const&)
00142434 000000d0 W int std::__facet_shims::__messages_open<wchar_t>(std::integral_constant<bool, false>, std::locale::facet const*, char const*, unsigned int, std::locale const&)
00142504 00000230 W void std::__facet_shims::__messages_get<char>(std::integral_constant<bool, false>, std::locale::facet const*, std::__facet_shims::__any_string&, int, int, int, char const*, unsigned int)
00142734 00000230 W void std::__facet_shims::__messages_get<wchar_t>(std::integral_constant<bool, false>, std::locale::facet const*, std::__facet_shims::__any_string&, int, int, int, wchar_t const*, unsigned int)
00142964 00000044 W void std::__facet_shims::__messages_close<char>(std::integral_constant<bool, false>, std::locale::facet const*, int)
001429a8 00000044 W void std::__facet_shims::__messages_close<wchar_t>(std::integral_constant<bool, false>, std::locale::facet const*, int)
001429ec 0000002c W std::time_base::dateorder std::__facet_shims::__time_get_dateorder<char>(std::integral_constant<bool, false>, std::locale::facet const*)
00142a18 0000002c W std::time_base::dateorder std::__facet_shims::__time_get_dateorder<wchar_t>(std::integral_constant<bool, false>, std::locale::facet const*)
00142a44 0000023c W std::istreambuf_iterator<char, std::char_traits<char> > std::__facet_shims::__time_get<char>(std::integral_constant<bool, false>, std::locale::facet const*, std::istreambuf_iterator<char, std::char_traits<char> >, std::istreambuf_iterator<char, std::char_traits<char> >, std::ios_base&, std::_Ios_Iostate&, tm*, char)
00142c80 0000023c W std::istreambuf_iterator<wchar_t, std::char_traits<wchar_t> > std::__facet_shims::__time_get<wchar_t>(std::integral_constant<bool, false>, std::locale::facet const*, std::istreambuf_iterator<wchar_t, std::char_traits<wchar_t> >, std::istreambuf_iterator<wchar_t, std::char_traits<wchar_t> >, std::ios_base&, std::_Ios_Iostate&, tm*, char)
00142ebc 000003c4 W std::istreambuf_iterator<char, std::char_traits<char> > std::__facet_shims::__money_get<char>(std::integral_constant<bool, false>, std::locale::facet const*, std::istreambuf_iterator<char, std::char_traits<char> >, std::istreambuf_iterator<char, std::char_traits<char> >, bool, std::ios_base&, std::_Ios_Iostate&, long double*, std::__facet_shims::__any_string*)
00143280 000003c4 W std::istreambuf_iterator<wchar_t, std::char_traits<wchar_t> > std::__facet_shims::__money_get<wchar_t>(std::integral_constant<bool, false>, std::locale::facet const*, std::istreambuf_iterator<wchar_t, std::char_traits<wchar_t> >, std::istreambuf_iterator<wchar_t, std::char_traits<wchar_t> >, bool, std::ios_base&, std::_Ios_Iostate&, long double*, std::__facet_shims::__any_string*)
00143648 00000264 W std::ostreambuf_iterator<char, std::char_traits<char> > std::__facet_shims::__money_put<char>(std::integral_constant<bool, false>, std::locale::facet const*, std::ostreambuf_iterator<char, std::char_traits<char> >, bool, std::ios_base&, char, long double, std::__facet_shims::__any_string const*)
001438b0 00000274 W std::ostreambuf_iterator<wchar_t, std::char_traits<wchar_t> > std::__facet_shims::__money_put<wchar_t>(std::integral_constant<bool, false>, std::locale::facet const*, std::ostreambuf_iterator<wchar_t, std::char_traits<wchar_t> >, bool, std::ios_base&, wchar_t, long double, std::__facet_shims::__any_string const*)
00143b24 00000a0c T std::locale::facet::_M_cow_shim(std::locale::id const*) const
00144530 00000088 W std::string::copy(char*, unsigned int, unsigned int) const
001445b8 00000034 W std::string::swap(std::string&)
001445ec 0000005c W std::string::find_first_not_of(char, unsigned int) const
00144648 00000088 W std::string::_Rep::_S_create(unsigned int, unsigned int, std::allocator<char> const&)
001446d0 00000084 W std::string::_S_construct(unsigned int, char, std::allocator<char> const&)
00144754 00000004 W std::string::_Rep::_M_destroy(std::allocator<char> const&)
00144758 000001a8 W std::string::_M_mutate(unsigned int, unsigned int, unsigned int)
00144900 00000048 W std::string::_M_leak_hard()
00144948 0000001c W std::string::_M_leak()
00144964 0000006c W std::string::_M_replace_aux(unsigned int, unsigned int, unsigned int, char)
001449d0 0000005c W std::string::_M_replace_safe(unsigned int, unsigned int, char const*, unsigned int)
00144a2c 000000f4 W std::string::assign(char const*, unsigned int)
00144b20 00000090 W std::string::_Rep::_M_clone(std::allocator<char> const&, unsigned int)
00144bb0 000000b4 W std::string::reserve(unsigned int)
00144c64 000000c8 W std::string::append(std::string const&)
00144d2c 0000012c W std::string::append(char const*, unsigned int)
00144e58 000000d4 W std::string::append(unsigned int, char)
00144f2c 00000048 W std::string::resize(unsigned int, char)
00144f74 00000080 W std::string::push_back(char)
00144ff4 00000088 W std::basic_string<wchar_t, std::char_traits<wchar_t>, std::allocator<wchar_t> >::copy(wchar_t*, unsigned int, unsigned int) const
0014507c 00000034 W std::basic_string<wchar_t, std::char_traits<wchar_t>, std::allocator<wchar_t> >::swap(std::basic_string<wchar_t, std::char_traits<wchar_t>, std::allocator<wchar_t> >&)
001450b0 000000a0 W std::basic_string<wchar_t, std::char_traits<wchar_t>, std::allocator<wchar_t> >::_Rep::_S_create(unsigned int, unsigned int, std::allocator<wchar_t> const&)
00145150 00000090 W std::basic_string<wchar_t, std::char_traits<wchar_t>, std::allocator<wchar_t> >::_S_construct(unsigned int, wchar_t, std::allocator<wchar_t> const&)
001451e0 00000004 W std::basic_string<wchar_t, std::char_traits<wchar_t>, std::allocator<wchar_t> >::_Rep::_M_destroy(std::allocator<wchar_t> const&)
001451e4 000001b8 W std::basic_string<wchar_t, std::char_traits<wchar_t>, std::allocator<wchar_t> >::_M_mutate(unsigned int, unsigned int, unsigned int)
0014539c 00000048 W std::basic_string<wchar_t, std::char_traits<wchar_t>, std::allocator<wchar_t> >::_M_leak_hard()
001453e4 00000074 W std::basic_string<wchar_t, std::char_traits<wchar_t>, std::allocator<wchar_t> >::_M_replace_aux(unsigned int, unsigned int, unsigned int, wchar_t)
00145458 0000005c W std::basic_string<wchar_t, std::char_traits<wchar_t>, std::allocator<wchar_t> >::_M_replace_safe(unsigned int, unsigned int, wchar_t const*, unsigned int)
001454b4 000000f4 W std::basic_string<wchar_t, std::char_traits<wchar_t>, std::allocator<wchar_t> >::assign(wchar_t const*, unsigned int)
001455a8 00000090 W std::basic_string<wchar_t, std::char_traits<wchar_t>, std::allocator<wchar_t> >::_Rep::_M_clone(std::allocator<wchar_t> const&, unsigned int)
00145638 000000b4 W std::basic_string<wchar_t, std::char_traits<wchar_t>, std::allocator<wchar_t> >::reserve(unsigned int)
001456ec 000000c8 W std::basic_string<wchar_t, std::char_traits<wchar_t>, std::allocator<wchar_t> >::append(std::basic_string<wchar_t, std::char_traits<wchar_t>, std::allocator<wchar_t> > const&)
001457b4 0000011c W std::basic_string<wchar_t, std::char_traits<wchar_t>, std::allocator<wchar_t> >::append(wchar_t const*, unsigned int)
001458d0 000000d4 W std::basic_string<wchar_t, std::char_traits<wchar_t>, std::allocator<wchar_t> >::append(unsigned int, wchar_t)
001459a4 00000048 W std::basic_string<wchar_t, std::char_traits<wchar_t>, std::allocator<wchar_t> >::resize(unsigned int, wchar_t)
001459ec 00000074 W std::basic_string<wchar_t, std::char_traits<wchar_t>, std::allocator<wchar_t> >::push_back(wchar_t)
00145a60 00000034 t std::__facet_shims::(anonymous namespace)::collate_shim<char>::do_compare(char const*, char const*, char const*, char const*) const
00145a94 00000060 t std::__facet_shims::(anonymous namespace)::time_get_shim<char>::do_get_year(std::istreambuf_iterator<char, std::char_traits<char> >, std::istreambuf_iterator<char, std::char_traits<char> >, std::ios_base&, std::_Ios_Iostate&, tm*) const
00145af4 00000060 t std::__facet_shims::(anonymous namespace)::time_get_shim<char>::do_get_monthname(std::istreambuf_iterator<char, std::char_traits<char> >, std::istreambuf_iterator<char, std::char_traits<char> >, std::ios_base&, std::_Ios_Iostate&, tm*) const
00145b54 00000060 t std::__facet_shims::(anonymous namespace)::time_get_shim<char>::do_get_weekday(std::istreambuf_iterator<char, std::char_traits<char> >, std::istreambuf_iterator<char, std::char_traits<char> >, std::ios_base&, std::_Ios_Iostate&, tm*) const
00145bb4 00000060 t std::__facet_shims::(anonymous namespace)::time_get_shim<char>::do_get_date(std::istreambuf_iterator<char, std::char_traits<char> >, std::istreambuf_iterator<char, std::char_traits<char> >, std::ios_base&, std::_Ios_Iostate&, tm*) const
00145c14 00000060 t std::__facet_shims::(anonymous namespace)::time_get_shim<char>::do_get_time(std::istreambuf_iterator<char, std::char_traits<char> >, std::istreambuf_iterator<char, std::char_traits<char> >, std::ios_base&, std::_Ios_Iostate&, tm*) const
00145c74 0000000c t std::__facet_shims::(anonymous namespace)::time_get_shim<char>::do_date_order() const
00145c80 00000098 t std::__facet_shims::(anonymous namespace)::money_get_shim<char>::do_get(std::istreambuf_iterator<char, std::char_traits<char> >, std::istreambuf_iterator<char, std::char_traits<char> >, bool, std::ios_base&, std::_Ios_Iostate&, long double&) const
00145d18 00000054 t std::__facet_shims::(anonymous namespace)::money_put_shim<char>::do_put(std::ostreambuf_iterator<char, std::char_traits<char> >, bool, std::ios_base&, char, long double) const
00145d6c 00000010 t std::__facet_shims::(anonymous namespace)::messages_shim<char>::do_close(int) const
00145d7c 0000002c t std::__facet_shims::(anonymous namespace)::messages_shim<char>::do_open(std::__cxx11::basic_string<char, std::char_traits<char>, std::allocator<char> > const&, std::locale const&) const
00145da8 00000034 t std::__facet_shims::(anonymous namespace)::collate_shim<wchar_t>::do_compare(wchar_t const*, wchar_t const*, wchar_t const*, wchar_t const*) const
00145ddc 00000060 t std::__facet_shims::(anonymous namespace)::time_get_shim<wchar_t>::do_get_year(std::istreambuf_iterator<wchar_t, std::char_traits<wchar_t> >, std::istreambuf_iterator<wchar_t, std::char_traits<wchar_t> >, std::ios_base&, std::_Ios_Iostate&, tm*) const
00145e3c 00000060 t std::__facet_shims::(anonymous namespace)::time_get_shim<wchar_t>::do_get_monthname(std::istreambuf_iterator<wchar_t, std::char_traits<wchar_t> >, std::istreambuf_iterator<wchar_t, std::char_traits<wchar_t> >, std::ios_base&, std::_Ios_Iostate&, tm*) const
00145e9c 00000060 t std::__facet_shims::(anonymous namespace)::time_get_shim<wchar_t>::do_get_weekday(std::istreambuf_iterator<wchar_t, std::char_traits<wchar_t> >, std::istreambuf_iterator<wchar_t, std::char_traits<wchar_t> >, std::ios_base&, std::_Ios_Iostate&, tm*) const
00145efc 00000060 t std::__facet_shims::(anonymous namespace)::time_get_shim<wchar_t>::do_get_date(std::istreambuf_iterator<wchar_t, std::char_traits<wchar_t> >, std::istreambuf_iterator<wchar_t, std::char_traits<wchar_t> >, std::ios_base&, std::_Ios_Iostate&, tm*) const
00145f5c 00000060 t std::__facet_shims::(anonymous namespace)::time_get_shim<wchar_t>::do_get_time(std::istreambuf_iterator<wchar_t, std::char_traits<wchar_t> >, std::istreambuf_iterator<wchar_t, std::char_traits<wchar_t> >, std::ios_base&, std::_Ios_Iostate&, tm*) const
00145fbc 0000000c t std::__facet_shims::(anonymous namespace)::time_get_shim<wchar_t>::do_date_order() const
00145fc8 00000098 t std::__facet_shims::(anonymous namespace)::money_get_shim<wchar_t>::do_get(std::istreambuf_iterator<wchar_t, std::char_traits<wchar_t> >, std::istreambuf_iterator<wchar_t, std::char_traits<wchar_t> >, bool, std::ios_base&, std::_Ios_Iostate&, long double&) const
00146060 00000054 t std::__facet_shims::(anonymous namespace)::money_put_shim<wchar_t>::do_put(std::ostreambuf_iterator<wchar_t, std::char_traits<wchar_t> >, bool, std::ios_base&, wchar_t, long double) const
001460b4 00000010 t std::__facet_shims::(anonymous namespace)::messages_shim<wchar_t>::do_close(int) const
001460c4 0000002c t std::__facet_shims::(anonymous namespace)::messages_shim<wchar_t>::do_open(std::__cxx11::basic_string<char, std::char_traits<char>, std::allocator<char> > const&, std::locale const&) const
001460f0 00000094 t void std::__cxx11::basic_string<char, std::char_traits<char>, std::allocator<char> >::_M_construct<char const*>(char const*, char const*, std::forward_iterator_tag) [clone .isra.0]
00146184 00000098 t void std::__cxx11::basic_string<wchar_t, std::char_traits<wchar_t>, std::allocator<wchar_t> >::_M_construct<wchar_t const*>(wchar_t const*, wchar_t const*, std::forward_iterator_tag) [clone .isra.0]
0014621c 000000bc t std::__facet_shims::(anonymous namespace)::collate_shim<wchar_t>::do_transform(wchar_t const*, wchar_t const*) const
001462d8 000000d4 t std::__facet_shims::(anonymous namespace)::messages_shim<wchar_t>::do_get(int, int, int, std::__cxx11::basic_string<wchar_t, std::char_traits<wchar_t>, std::allocator<wchar_t> > const&) const
001463b0 000000bc t std::__facet_shims::(anonymous namespace)::money_put_shim<char>::do_put(std::ostreambuf_iterator<char, std::char_traits<char> >, bool, std::ios_base&, char, std::__cxx11::basic_string<char, std::char_traits<char>, std::allocator<char> > const&) const
00146470 000000bc t std::__facet_shims::(anonymous namespace)::money_put_shim<wchar_t>::do_put(std::ostreambuf_iterator<wchar_t, std::char_traits<wchar_t> >, bool, std::ios_base&, wchar_t, std::__cxx11::basic_string<wchar_t, std::char_traits<wchar_t>, std::allocator<wchar_t> > const&) const
0014652c 000000bc t std::__facet_shims::(anonymous namespace)::collate_shim<char>::do_transform(char const*, char const*) const
001465e8 000000d4 t std::__facet_shims::(anonymous namespace)::messages_shim<char>::do_get(int, int, int, std::__cxx11::basic_string<char, std::char_traits<char>, std::allocator<char> > const&) const
001466bc 00000014 t void std::__facet_shims::(anonymous namespace)::__destroy_string<wchar_t>(void*)
001466d0 00000014 t void std::__facet_shims::(anonymous namespace)::__destroy_string<char>(void*)
001466e4 0000005c t std::__facet_shims::(anonymous namespace)::messages_shim<char>::~messages_shim()
001466e4 0000005c t std::__facet_shims::(anonymous namespace)::messages_shim<char>::~messages_shim()
00146740 0000005c t std::__facet_shims::(anonymous namespace)::messages_shim<wchar_t>::~messages_shim()
00146740 0000005c t std::__facet_shims::(anonymous namespace)::messages_shim<wchar_t>::~messages_shim()
0014679c 00000068 t std::__facet_shims::(anonymous namespace)::money_get_shim<char>::~money_get_shim()
0014679c 00000068 t std::__facet_shims::(anonymous namespace)::money_get_shim<char>::~money_get_shim()
00146804 00000068 t std::__facet_shims::(anonymous namespace)::money_put_shim<char>::~money_put_shim()
00146804 00000068 t std::__facet_shims::(anonymous namespace)::money_put_shim<char>::~money_put_shim()
0014686c 00000068 t std::__facet_shims::(anonymous namespace)::money_get_shim<wchar_t>::~money_get_shim()
0014686c 00000068 t std::__facet_shims::(anonymous namespace)::money_get_shim<wchar_t>::~money_get_shim()
001468d4 00000068 t std::__facet_shims::(anonymous namespace)::money_put_shim<wchar_t>::~money_put_shim()
001468d4 00000068 t std::__facet_shims::(anonymous namespace)::money_put_shim<wchar_t>::~money_put_shim()
0014693c 00000068 t std::__facet_shims::(anonymous namespace)::time_get_shim<char>::~time_get_shim()
0014693c 00000068 t std::__facet_shims::(anonymous namespace)::time_get_shim<char>::~time_get_shim()
001469a4 00000068 t std::__facet_shims::(anonymous namespace)::time_get_shim<wchar_t>::~time_get_shim()
001469a4 00000068 t std::__facet_shims::(anonymous namespace)::time_get_shim<wchar_t>::~time_get_shim()
00146a0c 00000064 t std::__facet_shims::(anonymous namespace)::messages_shim<char>::~messages_shim()
00146a70 00000064 t std::__facet_shims::(anonymous namespace)::messages_shim<wchar_t>::~messages_shim()
00146ad4 00000068 t std::__facet_shims::(anonymous namespace)::numpunct_shim<char>::~numpunct_shim()
00146ad4 00000068 t std::__facet_shims::(anonymous namespace)::numpunct_shim<char>::~numpunct_shim()
00146b3c 00000068 t std::__facet_shims::(anonymous namespace)::numpunct_shim<wchar_t>::~numpunct_shim()
00146b3c 00000068 t std::__facet_shims::(anonymous namespace)::numpunct_shim<wchar_t>::~numpunct_shim()
00146ba4 00000070 t std::__facet_shims::(anonymous namespace)::money_get_shim<char>::~money_get_shim()
00146c14 00000070 t std::__facet_shims::(anonymous namespace)::money_put_shim<char>::~money_put_shim()
00146c84 00000070 t std::__facet_shims::(anonymous namespace)::money_get_shim<wchar_t>::~money_get_shim()
00146cf4 00000070 t std::__facet_shims::(anonymous namespace)::money_put_shim<wchar_t>::~money_put_shim()
00146d64 00000070 t std::__facet_shims::(anonymous namespace)::time_get_shim<char>::~time_get_shim()
00146dd4 00000070 t std::__facet_shims::(anonymous namespace)::time_get_shim<wchar_t>::~time_get_shim()
00146e44 00000070 t std::__facet_shims::(anonymous namespace)::collate_shim<char>::~collate_shim()
00146e44 00000070 t std::__facet_shims::(anonymous namespace)::collate_shim<char>::~collate_shim()
00146eb4 00000070 t std::__facet_shims::(anonymous namespace)::collate_shim<wchar_t>::~collate_shim()
00146eb4 00000070 t std::__facet_shims::(anonymous namespace)::collate_shim<wchar_t>::~collate_shim()
00146f24 00000070 t std::__facet_shims::(anonymous namespace)::numpunct_shim<char>::~numpunct_shim()
00146f94 00000070 t std::__facet_shims::(anonymous namespace)::numpunct_shim<wchar_t>::~numpunct_shim()
00147004 00000078 t std::__facet_shims::(anonymous namespace)::collate_shim<char>::~collate_shim()
0014707c 00000078 t std::__facet_shims::(anonymous namespace)::collate_shim<wchar_t>::~collate_shim()
001470f4 00000074 t std::__facet_shims::(anonymous namespace)::moneypunct_shim<char, true>::~moneypunct_shim()
001470f4 00000074 t std::__facet_shims::(anonymous namespace)::moneypunct_shim<char, true>::~moneypunct_shim()
00147168 00000074 t std::__facet_shims::(anonymous namespace)::moneypunct_shim<char, false>::~moneypunct_shim()
00147168 00000074 t std::__facet_shims::(anonymous namespace)::moneypunct_shim<char, false>::~moneypunct_shim()
001471dc 00000074 t std::__facet_shims::(anonymous namespace)::moneypunct_shim<wchar_t, true>::~moneypunct_shim()
001471dc 00000074 t std::__facet_shims::(anonymous namespace)::moneypunct_shim<wchar_t, true>::~moneypunct_shim()
00147250 00000074 t std::__facet_shims::(anonymous namespace)::moneypunct_shim<wchar_t, false>::~moneypunct_shim()
00147250 00000074 t std::__facet_shims::(anonymous namespace)::moneypunct_shim<wchar_t, false>::~moneypunct_shim()
001472c4 0000007c t std::__facet_shims::(anonymous namespace)::moneypunct_shim<char, true>::~moneypunct_shim()
00147340 0000007c t std::__facet_shims::(anonymous namespace)::moneypunct_shim<char, false>::~moneypunct_shim()
001473bc 0000007c t std::__facet_shims::(anonymous namespace)::moneypunct_shim<wchar_t, true>::~moneypunct_shim()
00147438 0000007c t std::__facet_shims::(anonymous namespace)::moneypunct_shim<wchar_t, false>::~moneypunct_shim()
001474b4 000001e0 t std::__facet_shims::(anonymous namespace)::money_get_shim<wchar_t>::do_get(std::istreambuf_iterator<wchar_t, std::char_traits<wchar_t> >, std::istreambuf_iterator<wchar_t, std::char_traits<wchar_t> >, bool, std::ios_base&, std::_Ios_Iostate&, std::__cxx11::basic_string<wchar_t, std::char_traits<wchar_t>, std::allocator<wchar_t> >&) const
00147694 00000264 t std::__facet_shims::(anonymous namespace)::money_get_shim<char>::do_get(std::istreambuf_iterator<char, std::char_traits<char> >, std::istreambuf_iterator<char, std::char_traits<char> >, bool, std::ios_base&, std::_Ios_Iostate&, std::__cxx11::basic_string<char, std::char_traits<char>, std::allocator<char> >&) const
001478f8 00000180 W void std::__facet_shims::__numpunct_fill_cache<char>(std::integral_constant<bool, true>, std::locale::facet const*, std::__numpunct_cache<char>*)
00147a78 000001a8 W void std::__facet_shims::__numpunct_fill_cache<wchar_t>(std::integral_constant<bool, true>, std::locale::facet const*, std::__numpunct_cache<wchar_t>*)
00147c20 00000060 W int std::__facet_shims::__collate_compare<char>(std::integral_constant<bool, true>, std::locale::facet const*, char const*, char const*, char const*, char const*)
00147c80 00000060 W int std::__facet_shims::__collate_compare<wchar_t>(std::integral_constant<bool, true>, std::locale::facet const*, wchar_t const*, wchar_t const*, wchar_t const*, wchar_t const*)
00147ce0 00000144 W void std::__facet_shims::__collate_transform<char>(std::integral_constant<bool, true>, std::locale::facet const*, std::__facet_shims::__any_string&, char const*, char const*)
00147e24 00000144 W void std::__facet_shims::__collate_transform<wchar_t>(std::integral_constant<bool, true>, std::locale::facet const*, std::__facet_shims::__any_string&, wchar_t const*, wchar_t const*)
00147f68 00000230 W void std::__facet_shims::__moneypunct_fill_cache<char, true>(std::integral_constant<bool, true>, std::locale::facet const*, std::__moneypunct_cache<char, true>*)
00148198 00000230 W void std::__facet_shims::__moneypunct_fill_cache<char, false>(std::integral_constant<bool, true>, std::locale::facet const*, std::__moneypunct_cache<char, false>*)
001483c8 00000268 W void std::__facet_shims::__moneypunct_fill_cache<wchar_t, true>(std::integral_constant<bool, true>, std::locale::facet const*, std::__moneypunct_cache<wchar_t, true>*)
00148630 00000268 W void std::__facet_shims::__moneypunct_fill_cache<wchar_t, false>(std::integral_constant<bool, true>, std::locale::facet const*, std::__moneypunct_cache<wchar_t, false>*)
00148898 000000bc W int std::__facet_shims::__messages_open<char>(std::integral_constant<bool, true>, std::locale::facet const*, char const*, unsigned int, std::locale const&)
00148954 000000bc W int std::__facet_shims::__messages_open<wchar_t>(std::integral_constant<bool, true>, std::locale::facet const*, char const*, unsigned int, std::locale const&)
00148a10 000001d0 W void std::__facet_shims::__messages_get<char>(std::integral_constant<bool, true>, std::locale::facet const*, std::__facet_shims::__any_string&, int, int, int, char const*, unsigned int)
00148be0 000001d0 W void std::__facet_shims::__messages_get<wchar_t>(std::integral_constant<bool, true>, std::locale::facet const*, std::__facet_shims::__any_string&, int, int, int, wchar_t const*, unsigned int)
00148db0 00000044 W void std::__facet_shims::__messages_close<char>(std::integral_constant<bool, true>, std::locale::facet const*, int)
00148df4 00000044 W void std::__facet_shims::__messages_close<wchar_t>(std::integral_constant<bool, true>, std::locale::facet const*, int)
00148e38 0000002c W std::time_base::dateorder std::__facet_shims::__time_get_dateorder<char>(std::integral_constant<bool, true>, std::locale::facet const*)
00148e64 0000002c W std::time_base::dateorder std::__facet_shims::__time_get_dateorder<wchar_t>(std::integral_constant<bool, true>, std::locale::facet const*)
00148e90 0000023c W std::istreambuf_iterator<char, std::char_traits<char> > std::__facet_shims::__time_get<char>(std::integral_constant<bool, true>, std::locale::facet const*, std::istreambuf_iterator<char, std::char_traits<char> >, std::istreambuf_iterator<char, std::char_traits<char> >, std::ios_base&, std::_Ios_Iostate&, tm*, char)
001490cc 0000023c W std::istreambuf_iterator<wchar_t, std::char_traits<wchar_t> > std::__facet_shims::__time_get<wchar_t>(std::integral_constant<bool, true>, std::locale::facet const*, std::istreambuf_iterator<wchar_t, std::char_traits<wchar_t> >, std::istreambuf_iterator<wchar_t, std::char_traits<wchar_t> >, std::ios_base&, std::_Ios_Iostate&, tm*, char)
00149308 00000210 W std::istreambuf_iterator<char, std::char_traits<char> > std::__facet_shims::__money_get<char>(std::integral_constant<bool, true>, std::locale::facet const*, std::istreambuf_iterator<char, std::char_traits<char> >, std::istreambuf_iterator<char, std::char_traits<char> >, bool, std::ios_base&, std::_Ios_Iostate&, long double*, std::__facet_shims::__any_string*)
00149518 0000020c W std::istreambuf_iterator<wchar_t, std::char_traits<wchar_t> > std::__facet_shims::__money_get<wchar_t>(std::integral_constant<bool, true>, std::locale::facet const*, std::istreambuf_iterator<wchar_t, std::char_traits<wchar_t> >, std::istreambuf_iterator<wchar_t, std::char_traits<wchar_t> >, bool, std::ios_base&, std::_Ios_Iostate&, long double*, std::__facet_shims::__any_string*)
00149728 0000026c W std::ostreambuf_iterator<char, std::char_traits<char> > std::__facet_shims::__money_put<char>(std::integral_constant<bool, true>, std::locale::facet const*, std::ostreambuf_iterator<char, std::char_traits<char> >, bool, std::ios_base&, char, long double, std::__facet_shims::__any_string const*)
00149998 00000214 W std::ostreambuf_iterator<wchar_t, std::char_traits<wchar_t> > std::__facet_shims::__money_put<wchar_t>(std::integral_constant<bool, true>, std::locale::facet const*, std::ostreambuf_iterator<wchar_t, std::char_traits<wchar_t> >, bool, std::ios_base&, wchar_t, long double, std::__facet_shims::__any_string const*)
00149bac 00000a0c T std::locale::facet::_M_sso_shim(std::locale::id const*) const
0014a5b8 0000000c W std::__cxx11::moneypunct<wchar_t, false>::do_decimal_point() const
0014a5c4 0000000c W std::__cxx11::moneypunct<wchar_t, false>::do_thousands_sep() const
0014a5d0 0000000c W std::__cxx11::moneypunct<wchar_t, false>::do_frac_digits() const
0014a5dc 00000014 W std::__cxx11::moneypunct<wchar_t, false>::do_pos_format() const
0014a5f0 00000014 W std::__cxx11::moneypunct<wchar_t, false>::do_neg_format() const
0014a604 0000000c W std::__cxx11::moneypunct<wchar_t, true>::do_decimal_point() const
0014a610 0000000c W std::__cxx11::moneypunct<wchar_t, true>::do_thousands_sep() const
0014a61c 0000000c W std::__cxx11::moneypunct<wchar_t, true>::do_frac_digits() const
0014a628 00000014 W std::__cxx11::moneypunct<wchar_t, true>::do_pos_format() const
0014a63c 00000014 W std::__cxx11::moneypunct<wchar_t, true>::do_neg_format() const
0014a650 0000000c W std::__cxx11::numpunct<wchar_t>::do_decimal_point() const
0014a65c 0000000c W std::__cxx11::numpunct<wchar_t>::do_thousands_sep() const
0014a668 00000008 W std::__cxx11::time_get<wchar_t, std::istreambuf_iterator<wchar_t, std::char_traits<wchar_t> > >::do_date_order() const
0014a670 00000008 W std::__cxx11::messages<wchar_t>::do_open(std::__cxx11::basic_string<char, std::char_traits<char>, std::allocator<char> > const&, std::locale const&) const
0014a678 00000004 W std::__cxx11::messages<wchar_t>::do_close(int) const
0014a67c 00000020 W std::__cxx11::collate<wchar_t>::do_hash(wchar_t const*, wchar_t const*) const
0014a69c 00000020 W std::__cxx11::money_get<wchar_t, std::istreambuf_iterator<wchar_t, std::char_traits<wchar_t> > >::~money_get()
0014a69c 00000020 W std::__cxx11::money_get<wchar_t, std::istreambuf_iterator<wchar_t, std::char_traits<wchar_t> > >::~money_get()
0014a6bc 00000028 W std::__cxx11::money_get<wchar_t, std::istreambuf_iterator<wchar_t, std::char_traits<wchar_t> > >::~money_get()
0014a6e4 00000020 W std::__cxx11::money_put<wchar_t, std::ostreambuf_iterator<wchar_t, std::char_traits<wchar_t> > >::~money_put()
0014a6e4 00000020 W std::__cxx11::money_put<wchar_t, std::ostreambuf_iterator<wchar_t, std::char_traits<wchar_t> > >::~money_put()
0014a704 00000028 W std::__cxx11::money_put<wchar_t, std::ostreambuf_iterator<wchar_t, std::char_traits<wchar_t> > >::~money_put()
0014a72c 00000020 W std::__cxx11::time_get<wchar_t, std::istreambuf_iterator<wchar_t, std::char_traits<wchar_t> > >::~time_get()
0014a72c 00000020 W std::__cxx11::time_get<wchar_t, std::istreambuf_iterator<wchar_t, std::char_traits<wchar_t> > >::~time_get()
0014a74c 00000028 W std::__cxx11::time_get<wchar_t, std::istreambuf_iterator<wchar_t, std::char_traits<wchar_t> > >::~time_get()
0014a774 00000028 W std::__cxx11::messages<wchar_t>::~messages()
0014a774 00000028 W std::__cxx11::messages<wchar_t>::~messages()
0014a79c 0000001c W std::__cxx11::messages<wchar_t>::~messages()
0014a7b8 00000028 W std::__cxx11::collate<wchar_t>::~collate()
0014a7b8 00000028 W std::__cxx11::collate<wchar_t>::~collate()
0014a7e0 00000098 t void std::__cxx11::basic_string<wchar_t, std::char_traits<wchar_t>, std::allocator<wchar_t> >::_M_construct<wchar_t const*>(wchar_t const*, wchar_t const*, std::forward_iterator_tag) [clone .isra.0]
0014a878 00000030 W std::__cxx11::collate<wchar_t>::~collate()
0014a8a8 000000c0 W std::__cxx11::moneypunct<wchar_t, false>::do_grouping() const
0014a968 000000c0 W std::__cxx11::moneypunct<wchar_t, true>::do_grouping() const
0014aa28 000000c0 W std::__cxx11::numpunct<wchar_t>::do_grouping() const
0014aae8 00000058 W std::__cxx11::moneypunct<wchar_t, false>::do_curr_symbol() const
0014ab40 00000058 W std::__cxx11::moneypunct<wchar_t, false>::do_positive_sign() const
0014ab98 00000058 W std::__cxx11::moneypunct<wchar_t, false>::do_negative_sign() const
0014abf0 00000058 W std::__cxx11::moneypunct<wchar_t, true>::do_curr_symbol() const
0014ac48 00000058 W std::__cxx11::moneypunct<wchar_t, true>::do_positive_sign() const
0014aca0 00000058 W std::__cxx11::moneypunct<wchar_t, true>::do_negative_sign() const
0014acf8 00000058 W std::__cxx11::numpunct<wchar_t>::do_truename() const
0014ad50 00000058 W std::__cxx11::numpunct<wchar_t>::do_falsename() const
0014ada8 000000f8 W std::__cxx11::collate<wchar_t>::do_compare(wchar_t const*, wchar_t const*, wchar_t const*, wchar_t const*) const
0014aea0 000002dc W std::__cxx11::collate<wchar_t>::do_transform(wchar_t const*, wchar_t const*) const
0014b097 N 
0014b097 N 
0014b097 N 
0014b097 N 
0014b097 N 
0014b097 N 
0014b097 N 
0014b097 N 
0014b097 N 
0014b097 N 
0014b097 N 
0014b097 N 
0014b097 N 
0014b097 N 
0014b097 N 
0014b097 N 
0014b097 N 
0014b097 N 
0014b097 N 
0014b097 N 
0014b097 N 
0014b097 N 
0014b097 N 
0014b097 N 
0014b097 N 
0014b097 N 
0014b097 N 
0014b097 N 
0014b097 N 
0014b097 N 
0014b097 N 
0014b097 N 
0014b097 W Korean2000XOR1FMemoryRule.cpp.bae4ec4f
0014b17c 000000d4 W std::__convert_from_v(int* const&, char*, int, char const*, ...)
0014b250 000012e4 W std::istreambuf_iterator<wchar_t, std::char_traits<wchar_t> > std::__cxx11::money_get<wchar_t, std::istreambuf_iterator<wchar_t, std::char_traits<wchar_t> > >::_M_extract<true>(std::istreambuf_iterator<wchar_t, std::char_traits<wchar_t> >, std::istreambuf_iterator<wchar_t, std::char_traits<wchar_t> >, std::ios_base&, std::_Ios_Iostate&, std::__cxx11::basic_string<char, std::char_traits<char>, std::allocator<char> >&) const
0014c534 000012e4 W std::istreambuf_iterator<wchar_t, std::char_traits<wchar_t> > std::__cxx11::money_get<wchar_t, std::istreambuf_iterator<wchar_t, std::char_traits<wchar_t> > >::_M_extract<false>(std::istreambuf_iterator<wchar_t, std::char_traits<wchar_t> >, std::istreambuf_iterator<wchar_t, std::char_traits<wchar_t> >, std::ios_base&, std::_Ios_Iostate&, std::__cxx11::basic_string<char, std::char_traits<char>, std::allocator<char> >&) const
0014d818 000000cc W std::__cxx11::money_get<wchar_t, std::istreambuf_iterator<wchar_t, std::char_traits<wchar_t> > >::do_get(std::istreambuf_iterator<wchar_t, std::char_traits<wchar_t> >, std::istreambuf_iterator<wchar_t, std::char_traits<wchar_t> >, bool, std::ios_base&, std::_Ios_Iostate&, long double&) const
0014d8e4 0000013c W std::__cxx11::money_get<wchar_t, std::istreambuf_iterator<wchar_t, std::char_traits<wchar_t> > >::do_get(std::istreambuf_iterator<wchar_t, std::char_traits<wchar_t> >, std::istreambuf_iterator<wchar_t, std::char_traits<wchar_t> >, bool, std::ios_base&, std::_Ios_Iostate&, std::__cxx11::basic_string<wchar_t, std::char_traits<wchar_t>, std::allocator<wchar_t> >&) const
0014da20 00000740 W std::ostreambuf_iterator<wchar_t, std::char_traits<wchar_t> > std::__cxx11::money_put<wchar_t, std::ostreambuf_iterator<wchar_t, std::char_traits<wchar_t> > >::_M_insert<true>(std::ostreambuf_iterator<wchar_t, std::char_traits<wchar_t> >, std::ios_base&, wchar_t, std::__cxx11::basic_string<wchar_t, std::char_traits<wchar_t>, std::allocator<wchar_t> > const&) const
0014e160 00000740 W std::ostreambuf_iterator<wchar_t, std::char_traits<wchar_t> > std::__cxx11::money_put<wchar_t, std::ostreambuf_iterator<wchar_t, std::char_traits<wchar_t> > >::_M_insert<false>(std::ostreambuf_iterator<wchar_t, std::char_traits<wchar_t> >, std::ios_base&, wchar_t, std::__cxx11::basic_string<wchar_t, std::char_traits<wchar_t>, std::allocator<wchar_t> > const&) const
0014e8a0 00000188 W std::__cxx11::money_put<wchar_t, std::ostreambuf_iterator<wchar_t, std::char_traits<wchar_t> > >::do_put(std::ostreambuf_iterator<wchar_t, std::char_traits<wchar_t> >, bool, std::ios_base&, wchar_t, long double) const
0014ea28 00000054 W std::__cxx11::money_put<wchar_t, std::ostreambuf_iterator<wchar_t, std::char_traits<wchar_t> > >::do_put(std::ostreambuf_iterator<wchar_t, std::char_traits<wchar_t> >, bool, std::ios_base&, wchar_t, std::__cxx11::basic_string<wchar_t, std::char_traits<wchar_t>, std::allocator<wchar_t> > const&) const
0014ea7c 0000026c W std::__cxx11::time_get<wchar_t, std::istreambuf_iterator<wchar_t, std::char_traits<wchar_t> > >::_M_extract_num(std::istreambuf_iterator<wchar_t, std::char_traits<wchar_t> >, std::istreambuf_iterator<wchar_t, std::char_traits<wchar_t> >, int&, int, int, unsigned int, std::ios_base&, std::_Ios_Iostate&) const
0014ece8 00000680 W std::__cxx11::time_get<wchar_t, std::istreambuf_iterator<wchar_t, std::char_traits<wchar_t> > >::do_get_year(std::istreambuf_iterator<wchar_t, std::char_traits<wchar_t> >, std::istreambuf_iterator<wchar_t, std::char_traits<wchar_t> >, std::ios_base&, std::_Ios_Iostate&, tm*) const
0014f368 00000dac W std::__cxx11::time_get<wchar_t, std::istreambuf_iterator<wchar_t, std::char_traits<wchar_t> > >::_M_extract_name(std::istreambuf_iterator<wchar_t, std::char_traits<wchar_t> >, std::istreambuf_iterator<wchar_t, std::char_traits<wchar_t> >, int&, wchar_t const**, unsigned int, std::ios_base&, std::_Ios_Iostate&) const
00150114 00000698 W std::__cxx11::time_get<wchar_t, std::istreambuf_iterator<wchar_t, std::char_traits<wchar_t> > >::_M_extract_wday_or_month(std::istreambuf_iterator<wchar_t, std::char_traits<wchar_t> >, std::istreambuf_iterator<wchar_t, std::char_traits<wchar_t> >, int&, wchar_t const**, unsigned int, std::ios_base&, std::_Ios_Iostate&) const
001507ac 00000258 W std::__cxx11::time_get<wchar_t, std::istreambuf_iterator<wchar_t, std::char_traits<wchar_t> > >::do_get_weekday(std::istreambuf_iterator<wchar_t, std::char_traits<wchar_t> >, std::istreambuf_iterator<wchar_t, std::char_traits<wchar_t> >, std::ios_base&, std::_Ios_Iostate&, tm*) const
00150a04 000002d0 W std::__cxx11::time_get<wchar_t, std::istreambuf_iterator<wchar_t, std::char_traits<wchar_t> > >::do_get_monthname(std::istreambuf_iterator<wchar_t, std::char_traits<wchar_t> >, std::istreambuf_iterator<wchar_t, std::char_traits<wchar_t> >, std::ios_base&, std::_Ios_Iostate&, tm*) const
00150cd4 00001f6c W std::__cxx11::time_get<wchar_t, std::istreambuf_iterator<wchar_t, std::char_traits<wchar_t> > >::_M_extract_via_format(std::istreambuf_iterator<wchar_t, std::char_traits<wchar_t> >, std::istreambuf_iterator<wchar_t, std::char_traits<wchar_t> >, std::ios_base&, std::_Ios_Iostate&, tm*, wchar_t const*, std::__time_get_state&) const
00150cd4 00001f6c t std::__cxx11::time_get<wchar_t, std::istreambuf_iterator<wchar_t, std::char_traits<wchar_t> > >::_M_extract_via_format(std::istreambuf_iterator<wchar_t, std::char_traits<wchar_t> >, std::istreambuf_iterator<wchar_t, std::char_traits<wchar_t> >, std::ios_base&, std::_Ios_Iostate&, tm*, wchar_t const*, std::__time_get_state&) const [clone .localalias]
00152c40 000001d0 W std::__cxx11::time_get<wchar_t, std::istreambuf_iterator<wchar_t, std::char_traits<wchar_t> > >::do_get_time(std::istreambuf_iterator<wchar_t, std::char_traits<wchar_t> >, std::istreambuf_iterator<wchar_t, std::char_traits<wchar_t> >, std::ios_base&, std::_Ios_Iostate&, tm*) const
00152e10 000001d0 W std::__cxx11::time_get<wchar_t, std::istreambuf_iterator<wchar_t, std::char_traits<wchar_t> > >::do_get_date(std::istreambuf_iterator<wchar_t, std::char_traits<wchar_t> >, std::istreambuf_iterator<wchar_t, std::char_traits<wchar_t> >, std::ios_base&, std::_Ios_Iostate&, tm*) const
00152fe0 000001d0 W std::__cxx11::time_get<wchar_t, std::istreambuf_iterator<wchar_t, std::char_traits<wchar_t> > >::do_get(std::istreambuf_iterator<wchar_t, std::char_traits<wchar_t> >, std::istreambuf_iterator<wchar_t, std::char_traits<wchar_t> >, std::ios_base&, std::_Ios_Iostate&, tm*, char, char) const
001531b0 0000003c W std::__cxx11::messages<wchar_t>::messages(unsigned int)
001531b0 0000003c W std::__cxx11::messages<wchar_t>::messages(unsigned int)
001531ec 000000a4 t _GLOBAL__sub_I__ZNSt12ctype_bynameIwEC2ERKNSt7__cxx1112basic_stringIcSt11char_traitsIcESaIcEEEj
00153290 00000040 W std::basic_filebuf<char, std::char_traits<char> >::sync()
001532d0 00000058 W std::basic_filebuf<char, std::char_traits<char> >::setbuf(char*, int)
00153328 00000094 W std::basic_filebuf<char, std::char_traits<char> >::showmanyc()
001533bc 00000158 W std::basic_filebuf<char, std::char_traits<char> >::pbackfail(int)
00153514 000004c0 W std::basic_filebuf<char, std::char_traits<char> >::underflow()
001539d4 00000134 W std::basic_filebuf<char, std::char_traits<char> >::xsputn(char const*, int)
00153b08 00000210 W std::basic_filebuf<char, std::char_traits<char> >::xsgetn(char*, int)
00153d18 000000d4 W std::basic_filebuf<char, std::char_traits<char> >::basic_filebuf()
00153d18 000000d4 W std::basic_filebuf<char, std::char_traits<char> >::basic_filebuf()
00153dec 00000048 W std::basic_filebuf<char, std::char_traits<char> >::_M_allocate_internal_buffer()
00153e34 00000070 W std::basic_filebuf<char, std::char_traits<char> >::_M_destroy_internal_buffer()
00153ea4 0000016c W std::basic_filebuf<char, std::char_traits<char> >::_M_convert_to_external(char*, int)
00154010 00000080 W std::basic_filebuf<char, std::char_traits<char> >::_M_get_ext_pos(_mbstate_t&)
00154090 00000110 W std::basic_filebuf<char, std::char_traits<char> >::_M_terminate_output()
001541a0 000000c0 W std::basic_filebuf<char, std::char_traits<char> >::_M_seek(long long, std::_Ios_Seekdir, _mbstate_t)
00154260 00000224 W std::basic_filebuf<char, std::char_traits<char> >::overflow(int)
00154484 00000234 W std::basic_filebuf<char, std::char_traits<char> >::seekoff(long long, std::_Ios_Seekdir, std::_Ios_Openmode)
001546b8 000000b4 W std::basic_filebuf<char, std::char_traits<char> >::seekpos(std::fpos<_mbstate_t>, std::_Ios_Openmode)
0015476c 00000210 W std::basic_filebuf<char, std::char_traits<char> >::imbue(std::locale const&)
0015497c 00000064 W std::basic_filebuf<char, std::char_traits<char> >::close()::__close_sentry::~__close_sentry()
0015497c 00000064 W std::basic_filebuf<char, std::char_traits<char> >::close()::__close_sentry::~__close_sentry()
001549e0 000000c0 W std::basic_filebuf<char, std::char_traits<char> >::close()
00154aa0 00000048 W std::basic_filebuf<char, std::char_traits<char> >::~basic_filebuf()
00154aa0 00000048 W std::basic_filebuf<char, std::char_traits<char> >::~basic_filebuf()
00154ae8 000000e4 W std::basic_filebuf<char, std::char_traits<char> >::open(char const*, std::_Ios_Openmode)
00154bcc 00000044 W std::basic_ifstream<char, std::char_traits<char> >::open(char const*, std::_Ios_Openmode)
00154c10 00000034 W std::basic_ifstream<char, std::char_traits<char> >::close()
00154c44 00000034 W std::basic_ofstream<char, std::char_traits<char> >::close()
00154c78 00000050 W std::basic_filebuf<char, std::char_traits<char> >::~basic_filebuf()
00154cc8 0000007c W std::basic_ofstream<char, std::char_traits<char> >::~basic_ofstream()
00154d44 0000008c W virtual thunk to std::basic_ofstream<char, std::char_traits<char> >::~basic_ofstream()
00154dd0 00000084 W std::basic_ofstream<char, std::char_traits<char> >::~basic_ofstream()
00154e54 00000094 W virtual thunk to std::basic_ofstream<char, std::char_traits<char> >::~basic_ofstream()
00154ee8 00000080 W std::basic_ifstream<char, std::char_traits<char> >::~basic_ifstream()
00154f68 00000094 W virtual thunk to std::basic_ifstream<char, std::char_traits<char> >::~basic_ifstream()
00154ffc 00000088 W std::basic_ifstream<char, std::char_traits<char> >::~basic_ifstream()
00155084 0000009c W virtual thunk to std::basic_ifstream<char, std::char_traits<char> >::~basic_ifstream()
00155120 0000002c T std::__throw_bad_cast()
0015514c 00000040 T std::__throw_logic_error(char const*)
0015518c 00000040 T std::__throw_length_error(char const*)
001551cc 00000040 T std::__throw_out_of_range(char const*)
0015520c 00000010 T std::__throw_out_of_range_fmt(char const*, ...)
0015521c 00000040 T std::__throw_runtime_error(char const*)
0015525c 00000008 W std::ctype<char>::do_widen(char) const
00155264 00000008 W std::ctype<char>::do_narrow(char, char) const
0015526c 00000020 W std::basic_ios<char, std::char_traits<char> >::~basic_ios()
0015526c 00000020 W std::basic_ios<char, std::char_traits<char> >::~basic_ios()
0015528c 00000028 W std::basic_ios<char, std::char_traits<char> >::~basic_ios()
001552b4 0000002c W std::basic_ios<char, std::char_traits<char> >::clear(std::_Ios_Iostate)
001552e0 0000001c W std::basic_ios<char, std::char_traits<char> >::_M_setstate(std::_Ios_Iostate)
001552fc 0000006c W std::basic_ios<char, std::char_traits<char> >::_M_cache_locale(std::locale const&)
00155368 000000a0 W std::basic_ios<char, std::char_traits<char> >::init(std::basic_streambuf<char, std::char_traits<char> >*)
00155408 0000006c T std::ios_base::ios_base()
00155408 0000006c T std::ios_base::ios_base()
00155474 00000058 T std::ios_base::_M_call_callbacks(std::ios_base::event)
001554cc 000000a4 T std::ios_base::~ios_base()
001554cc 000000a4 T std::ios_base::~ios_base()
00155570 0000001c T std::ios_base::~ios_base()
0015558c 00000204 W std::istream::sentry::sentry(std::istream&, bool)
0015558c 00000204 W std::istream::sentry::sentry(std::istream&, bool)
00155790 000000f0 W std::istream::read(char*, int)
00155880 000000f8 W std::istream::tellg()
00155978 00000120 W std::istream::seekg(long long, std::_Ios_Seekdir)
00155a98 0000000c W std::moneypunct<char, false>::do_decimal_point() const
00155aa4 0000000c W std::moneypunct<char, false>::do_thousands_sep() const
00155ab0 0000000c W std::moneypunct<char, false>::do_frac_digits() const
00155abc 00000014 W std::moneypunct<char, false>::do_pos_format() const
00155ad0 00000014 W std::moneypunct<char, false>::do_neg_format() const
00155ae4 0000000c W std::moneypunct<char, true>::do_decimal_point() const
00155af0 0000000c W std::moneypunct<char, true>::do_thousands_sep() const
00155afc 0000000c W std::moneypunct<char, true>::do_frac_digits() const
00155b08 00000014 W std::moneypunct<char, true>::do_pos_format() const
00155b1c 00000014 W std::moneypunct<char, true>::do_neg_format() const
00155b30 0000000c W std::numpunct<char>::do_decimal_point() const
00155b3c 0000000c W std::numpunct<char>::do_thousands_sep() const
00155b48 00000008 W std::time_get<char, std::istreambuf_iterator<char, std::char_traits<char> > >::do_date_order() const
00155b50 00000008 W std::messages<char>::do_open(std::string const&, std::locale const&) const
00155b58 00000004 W std::messages<char>::do_close(int) const
00155b5c 00000020 W std::collate<char>::do_hash(char const*, char const*) const
00155b7c 00000020 W std::num_get<char, std::istreambuf_iterator<char, std::char_traits<char> > >::~num_get()
00155b7c 00000020 W std::num_get<char, std::istreambuf_iterator<char, std::char_traits<char> > >::~num_get()
00155b9c 00000020 W std::num_put<char, std::ostreambuf_iterator<char, std::char_traits<char> > >::~num_put()
00155b9c 00000020 W std::num_put<char, std::ostreambuf_iterator<char, std::char_traits<char> > >::~num_put()
00155bbc 00000020 W std::money_get<char, std::istreambuf_iterator<char, std::char_traits<char> > >::~money_get()
00155bbc 00000020 W std::money_get<char, std::istreambuf_iterator<char, std::char_traits<char> > >::~money_get()
00155bdc 00000020 W std::money_put<char, std::ostreambuf_iterator<char, std::char_traits<char> > >::~money_put()
00155bdc 00000020 W std::money_put<char, std::ostreambuf_iterator<char, std::char_traits<char> > >::~money_put()
00155bfc 00000020 W std::__timepunct_cache<char>::~__timepunct_cache()
00155bfc 00000020 W std::__timepunct_cache<char>::~__timepunct_cache()
00155c1c 00000020 W std::time_put<char, std::ostreambuf_iterator<char, std::char_traits<char> > >::~time_put()
00155c1c 00000020 W std::time_put<char, std::ostreambuf_iterator<char, std::char_traits<char> > >::~time_put()
00155c3c 00000020 W std::time_get<char, std::istreambuf_iterator<char, std::char_traits<char> > >::~time_get()
00155c3c 00000020 W std::time_get<char, std::istreambuf_iterator<char, std::char_traits<char> > >::~time_get()
00155c5c 00000028 W std::num_get<char, std::istreambuf_iterator<char, std::char_traits<char> > >::~num_get()
00155c84 00000028 W std::num_put<char, std::ostreambuf_iterator<char, std::char_traits<char> > >::~num_put()
00155cac 00000028 W std::money_get<char, std::istreambuf_iterator<char, std::char_traits<char> > >::~money_get()
00155cd4 00000028 W std::money_put<char, std::ostreambuf_iterator<char, std::char_traits<char> > >::~money_put()
00155cfc 0000001c W std::__timepunct_cache<char>::~__timepunct_cache()
00155d18 00000028 W std::time_put<char, std::ostreambuf_iterator<char, std::char_traits<char> > >::~time_put()
00155d40 00000028 W std::time_get<char, std::istreambuf_iterator<char, std::char_traits<char> > >::~time_get()
00155d68 00000024 W std::ctype<char>::do_widen(char const*, char const*, char*) const
00155d8c 00000070 W std::__moneypunct_cache<char, false>::~__moneypunct_cache()
00155d8c 00000070 W std::__moneypunct_cache<char, false>::~__moneypunct_cache()
00155dfc 0000001c W std::__moneypunct_cache<char, false>::~__moneypunct_cache()
00155e18 00000070 W std::__moneypunct_cache<char, true>::~__moneypunct_cache()
00155e18 00000070 W std::__moneypunct_cache<char, true>::~__moneypunct_cache()
00155e88 0000001c W std::__moneypunct_cache<char, true>::~__moneypunct_cache()
00155ea4 00000060 W std::__numpunct_cache<char>::~__numpunct_cache()
00155ea4 00000060 W std::__numpunct_cache<char>::~__numpunct_cache()
00155f04 0000001c W std::__numpunct_cache<char>::~__numpunct_cache()
00155f20 00000028 W std::messages<char>::~messages()
00155f20 00000028 W std::messages<char>::~messages()
00155f48 0000001c W std::messages<char>::~messages()
00155f64 00000028 W std::collate<char>::~collate()
00155f64 00000028 W std::collate<char>::~collate()
00155f8c 00000060 W std::__timepunct<char>::~__timepunct()
00155f8c 00000060 W std::__timepunct<char>::~__timepunct()
00155fec 0000001c W std::__timepunct<char>::~__timepunct()
00156008 00000028 t std::basic_streambuf<char, std::char_traits<char> >::sbumpc() [clone .isra.0]
00156030 0000004c t std::ctype<char>::widen(char) const [clone .part.0]
0015607c 0000009c t std::ctype<char>::widen(char const*, char const*, char*) const [clone .isra.0]
00156118 000000b8 t char* std::string::_S_construct<char const*>(char const*, char const*, std::allocator<char> const&, std::forward_iterator_tag) [clone .isra.0]
001561d0 00000058 t std::basic_string<char, std::char_traits<char>, std::allocator<char> >::~basic_string() [clone .isra.0]
00156228 00000030 W std::collate<char>::~collate()
00156258 00000160 W std::time_put<char, std::ostreambuf_iterator<char, std::char_traits<char> > >::do_put(std::ostreambuf_iterator<char, std::char_traits<char> >, std::ios_base&, char, tm const*, char, char) const
001563b8 000000cc W std::moneypunct<char, false>::do_grouping() const
00156484 000000cc W std::moneypunct<char, false>::do_curr_symbol() const
00156550 000000cc W std::moneypunct<char, false>::do_positive_sign() const
0015661c 000000cc W std::moneypunct<char, false>::do_negative_sign() const
001566e8 000000cc W std::moneypunct<char, true>::do_grouping() const
001567b4 000000cc W std::moneypunct<char, true>::do_curr_symbol() const
00156880 000000cc W std::moneypunct<char, true>::do_positive_sign() const
0015694c 000000cc W std::moneypunct<char, true>::do_negative_sign() const
00156a18 000000cc W std::numpunct<char>::do_grouping() const
00156ae4 000000cc W std::numpunct<char>::do_truename() const
00156bb0 000000cc W std::numpunct<char>::do_falsename() const
00156c7c 00000168 W std::collate<char>::do_compare(char const*, char const*, char const*, char const*) const
00156de4 000002c4 W std::collate<char>::do_transform(char const*, char const*) const
001570a8 00000068 W std::ctype<char>::narrow(char, char) const
00157110 00000738 W std::__moneypunct_cache<char, false>::_M_cache(std::locale const&)
00157848 00000738 W std::__moneypunct_cache<char, true>::_M_cache(std::locale const&)
00157f80 0000058c W std::__numpunct_cache<char>::_M_cache(std::locale const&)
0015850c 000000b4 t std::__use_cache<std::__numpunct_cache<char> >::operator()(std::locale const&) const [clone .isra.0]
001585c0 0000004c W std::__timepunct<char>::__timepunct(std::__timepunct_cache<char>*, unsigned int)
001585c0 0000004c W std::__timepunct<char>::__timepunct(std::__timepunct_cache<char>*, unsigned int)
0015860c 000002b4 W std::time_get<char, std::istreambuf_iterator<char, std::char_traits<char> > >::_M_extract_num(std::istreambuf_iterator<char, std::char_traits<char> >, std::istreambuf_iterator<char, std::char_traits<char> >, int&, int, int, unsigned int, std::ios_base&, std::_Ios_Iostate&) const
001588c0 0000003c W std::messages<char>::messages(unsigned int)
001588c0 0000003c W std::messages<char>::messages(unsigned int)
001588fc 00000178 W char* std::__add_grouping<char>(char*, char, char const*, unsigned int, char const*, char const*)
00158a74 000000ac W std::num_put<char, std::ostreambuf_iterator<char, std::char_traits<char> > >::_M_group_float(char const*, unsigned int, char, char const*, char*, char*, int&) const
00158b20 00000050 W std::num_put<char, std::ostreambuf_iterator<char, std::char_traits<char> > >::_M_group_int(char const*, unsigned int, char, std::ios_base&, char*, char*, int&) const
00158b70 0000055c W std::ostreambuf_iterator<char, std::char_traits<char> > std::money_put<char, std::ostreambuf_iterator<char, std::char_traits<char> > >::_M_insert<true>(std::ostreambuf_iterator<char, std::char_traits<char> >, std::ios_base&, char, std::string const&) const
001590cc 0000055c W std::ostreambuf_iterator<char, std::char_traits<char> > std::money_put<char, std::ostreambuf_iterator<char, std::char_traits<char> > >::_M_insert<false>(std::ostreambuf_iterator<char, std::char_traits<char> >, std::ios_base&, char, std::string const&) const
00159628 0000023c W std::money_put<char, std::ostreambuf_iterator<char, std::char_traits<char> > >::do_put(std::ostreambuf_iterator<char, std::char_traits<char> >, bool, std::ios_base&, char, long double) const
00159864 00000054 W std::money_put<char, std::ostreambuf_iterator<char, std::char_traits<char> > >::do_put(std::ostreambuf_iterator<char, std::char_traits<char> >, bool, std::ios_base&, char, std::string const&) const
001598b8 00000308 W std::__pad<char, std::char_traits<char> >::_S_pad(std::ios_base&, char, char*, char const*, int, int)
00159bc0 00000034 W std::num_put<char, std::ostreambuf_iterator<char, std::char_traits<char> > >::_M_pad(char, int, std::ios_base&, char*, char const*, int&) const
00159bf4 000003ec W std::ostreambuf_iterator<char, std::char_traits<char> > std::num_put<char, std::ostreambuf_iterator<char, std::char_traits<char> > >::_M_insert_float<double>(std::ostreambuf_iterator<char, std::char_traits<char> >, std::ios_base&, char, char, double) const
00159fe0 0000003c W std::num_put<char, std::ostreambuf_iterator<char, std::char_traits<char> > >::do_put(std::ostreambuf_iterator<char, std::char_traits<char> >, std::ios_base&, char, double) const
0015a01c 000003ec W std::ostreambuf_iterator<char, std::char_traits<char> > std::num_put<char, std::ostreambuf_iterator<char, std::char_traits<char> > >::_M_insert_float<long double>(std::ostreambuf_iterator<char, std::char_traits<char> >, std::ios_base&, char, char, long double) const
0015a408 0000003c W std::num_put<char, std::ostreambuf_iterator<char, std::char_traits<char> > >::do_put(std::ostreambuf_iterator<char, std::char_traits<char> >, std::ios_base&, char, long double) const
0015a444 000000ac W int std::__int_to_char<char, unsigned long>(char*, unsigned long, char const*, std::_Ios_Fmtflags, bool)
0015a4f0 00000240 W std::ostreambuf_iterator<char, std::char_traits<char> > std::num_put<char, std::ostreambuf_iterator<char, std::char_traits<char> > >::_M_insert_int<long>(std::ostreambuf_iterator<char, std::char_traits<char> >, std::ios_base&, char, long) const
0015a730 0000003c W std::num_put<char, std::ostreambuf_iterator<char, std::char_traits<char> > >::do_put(std::ostreambuf_iterator<char, std::char_traits<char> >, std::ios_base&, char, long) const
0015a76c 000001b0 W std::num_put<char, std::ostreambuf_iterator<char, std::char_traits<char> > >::do_put(std::ostreambuf_iterator<char, std::char_traits<char> >, std::ios_base&, char, bool) const
0015a91c 000001dc W std::ostreambuf_iterator<char, std::char_traits<char> > std::num_put<char, std::ostreambuf_iterator<char, std::char_traits<char> > >::_M_insert_int<unsigned long>(std::ostreambuf_iterator<char, std::char_traits<char> >, std::ios_base&, char, unsigned long) const
0015aaf8 0000003c W std::num_put<char, std::ostreambuf_iterator<char, std::char_traits<char> > >::do_put(std::ostreambuf_iterator<char, std::char_traits<char> >, std::ios_base&, char, unsigned long) const
0015ab34 0000006c W std::num_put<char, std::ostreambuf_iterator<char, std::char_traits<char> > >::do_put(std::ostreambuf_iterator<char, std::char_traits<char> >, std::ios_base&, char, void const*) const
0015aba0 00000114 W int std::__int_to_char<char, unsigned long long>(char*, unsigned long long, char const*, std::_Ios_Fmtflags, bool)
0015acb4 00000260 W std::ostreambuf_iterator<char, std::char_traits<char> > std::num_put<char, std::ostreambuf_iterator<char, std::char_traits<char> > >::_M_insert_int<long long>(std::ostreambuf_iterator<char, std::char_traits<char> >, std::ios_base&, char, long long) const
0015af14 0000003c W std::num_put<char, std::ostreambuf_iterator<char, std::char_traits<char> > >::do_put(std::ostreambuf_iterator<char, std::char_traits<char> >, std::ios_base&, char, long long) const
0015af50 000001fc W std::ostreambuf_iterator<char, std::char_traits<char> > std::num_put<char, std::ostreambuf_iterator<char, std::char_traits<char> > >::_M_insert_int<unsigned long long>(std::ostreambuf_iterator<char, std::char_traits<char> >, std::ios_base&, char, unsigned long long) const
0015b14c 0000003c W std::num_put<char, std::ostreambuf_iterator<char, std::char_traits<char> > >::do_put(std::ostreambuf_iterator<char, std::char_traits<char> >, std::ios_base&, char, unsigned long long) const
0015b188 00000100 W std::istreambuf_iterator<char, std::char_traits<char> >::equal(std::istreambuf_iterator<char, std::char_traits<char> > const&) const
0015b288 00000068 W std::istreambuf_iterator<char, std::char_traits<char> >::_M_get() const
0015b2f0 00000c54 W std::num_get<char, std::istreambuf_iterator<char, std::char_traits<char> > >::_M_extract_float(std::istreambuf_iterator<char, std::char_traits<char> >, std::istreambuf_iterator<char, std::char_traits<char> >, std::ios_base&, std::_Ios_Iostate&, std::string&) const
0015b788 N 
0015b788 N 
0015b788 N 
0015b788 N 
0015b788 N 
0015b788 N 
0015b788 N 
0015b788 N 
0015b788 N 
0015b788 N 
0015b788 N 
0015b788 N 
0015b788 N 
0015b788 N 
0015b788 N 
0015b788 N 
0015b788 N 
0015b788 N 
0015b788 N 
0015b788 N 
0015b788 N 
0015b788 N 
0015b788 N 
0015b788 N 
0015b788 N 
0015b788 N 
0015b788 N 
0015b788 N 
0015b788 N 
0015b788 N 
0015b788 N 
0015b788 N 
0015b788 W KoreanBFFCMemoryRule.cpp.98f4312b
0015bf44 000001c8 W std::num_get<char, std::istreambuf_iterator<char, std::char_traits<char> > >::do_get(std::istreambuf_iterator<char, std::char_traits<char> >, std::istreambuf_iterator<char, std::char_traits<char> >, std::ios_base&, std::_Ios_Iostate&, float&) const
0015c10c 000001c8 W std::num_get<char, std::istreambuf_iterator<char, std::char_traits<char> > >::do_get(std::istreambuf_iterator<char, std::char_traits<char> >, std::istreambuf_iterator<char, std::char_traits<char> >, std::ios_base&, std::_Ios_Iostate&, double&) const
0015c2d4 000001c8 W std::num_get<char, std::istreambuf_iterator<char, std::char_traits<char> > >::do_get(std::istreambuf_iterator<char, std::char_traits<char> >, std::istreambuf_iterator<char, std::char_traits<char> >, std::ios_base&, std::_Ios_Iostate&, long double&) const
0015c49c 00000968 W std::istreambuf_iterator<char, std::char_traits<char> > std::num_get<char, std::istreambuf_iterator<char, std::char_traits<char> > >::_M_extract_int<long>(std::istreambuf_iterator<char, std::char_traits<char> >, std::istreambuf_iterator<char, std::char_traits<char> >, std::ios_base&, std::_Ios_Iostate&, long&) const
0015ce04 00000510 W std::num_get<char, std::istreambuf_iterator<char, std::char_traits<char> > >::do_get(std::istreambuf_iterator<char, std::char_traits<char> >, std::istreambuf_iterator<char, std::char_traits<char> >, std::ios_base&, std::_Ios_Iostate&, bool&) const
0015d314 00000048 W std::num_get<char, std::istreambuf_iterator<char, std::char_traits<char> > >::do_get(std::istreambuf_iterator<char, std::char_traits<char> >, std::istreambuf_iterator<char, std::char_traits<char> >, std::ios_base&, std::_Ios_Iostate&, long&) const
0015d35c 00000a88 W std::istreambuf_iterator<char, std::char_traits<char> > std::num_get<char, std::istreambuf_iterator<char, std::char_traits<char> > >::_M_extract_int<unsigned short>(std::istreambuf_iterator<char, std::char_traits<char> >, std::istreambuf_iterator<char, std::char_traits<char> >, std::ios_base&, std::_Ios_Iostate&, unsigned short&) const
0015dde4 00000048 W std::num_get<char, std::istreambuf_iterator<char, std::char_traits<char> > >::do_get(std::istreambuf_iterator<char, std::char_traits<char> >, std::istreambuf_iterator<char, std::char_traits<char> >, std::ios_base&, std::_Ios_Iostate&, unsigned short&) const
0015de2c 00000a80 W std::istreambuf_iterator<char, std::char_traits<char> > std::num_get<char, std::istreambuf_iterator<char, std::char_traits<char> > >::_M_extract_int<unsigned int>(std::istreambuf_iterator<char, std::char_traits<char> >, std::istreambuf_iterator<char, std::char_traits<char> >, std::ios_base&, std::_Ios_Iostate&, unsigned int&) const
0015e8ac 00000048 W std::num_get<char, std::istreambuf_iterator<char, std::char_traits<char> > >::do_get(std::istreambuf_iterator<char, std::char_traits<char> >, std::istreambuf_iterator<char, std::char_traits<char> >, std::ios_base&, std::_Ios_Iostate&, unsigned int&) const
0015e8f4 00000a80 W std::istreambuf_iterator<char, std::char_traits<char> > std::num_get<char, std::istreambuf_iterator<char, std::char_traits<char> > >::_M_extract_int<unsigned long>(std::istreambuf_iterator<char, std::char_traits<char> >, std::istreambuf_iterator<char, std::char_traits<char> >, std::ios_base&, std::_Ios_Iostate&, unsigned long&) const
0015f374 00000048 W std::num_get<char, std::istreambuf_iterator<char, std::char_traits<char> > >::do_get(std::istreambuf_iterator<char, std::char_traits<char> >, std::istreambuf_iterator<char, std::char_traits<char> >, std::ios_base&, std::_Ios_Iostate&, unsigned long&) const
0015f3bc 0000007c W std::num_get<char, std::istreambuf_iterator<char, std::char_traits<char> > >::do_get(std::istreambuf_iterator<char, std::char_traits<char> >, std::istreambuf_iterator<char, std::char_traits<char> >, std::ios_base&, std::_Ios_Iostate&, void*&) const
0015f438 000009f8 W std::istreambuf_iterator<char, std::char_traits<char> > std::num_get<char, std::istreambuf_iterator<char, std::char_traits<char> > >::_M_extract_int<long long>(std::istreambuf_iterator<char, std::char_traits<char> >, std::istreambuf_iterator<char, std::char_traits<char> >, std::ios_base&, std::_Ios_Iostate&, long long&) const
0015fe30 00000048 W std::num_get<char, std::istreambuf_iterator<char, std::char_traits<char> > >::do_get(std::istreambuf_iterator<char, std::char_traits<char> >, std::istreambuf_iterator<char, std::char_traits<char> >, std::ios_base&, std::_Ios_Iostate&, long long&) const
0015fe78 00000a54 W std::istreambuf_iterator<char, std::char_traits<char> > std::num_get<char, std::istreambuf_iterator<char, std::char_traits<char> > >::_M_extract_int<unsigned long long>(std::istreambuf_iterator<char, std::char_traits<char> >, std::istreambuf_iterator<char, std::char_traits<char> >, std::ios_base&, std::_Ios_Iostate&, unsigned long long&) const
001608cc 00000048 W std::num_get<char, std::istreambuf_iterator<char, std::char_traits<char> > >::do_get(std::istreambuf_iterator<char, std::char_traits<char> >, std::istreambuf_iterator<char, std::char_traits<char> >, std::ios_base&, std::_Ios_Iostate&, unsigned long long&) const
00160914 000002c8 W std::time_get<char, std::istreambuf_iterator<char, std::char_traits<char> > >::do_get_year(std::istreambuf_iterator<char, std::char_traits<char> >, std::istreambuf_iterator<char, std::char_traits<char> >, std::ios_base&, std::_Ios_Iostate&, tm*) const
00160bdc 00000a5c W std::time_get<char, std::istreambuf_iterator<char, std::char_traits<char> > >::_M_extract_name(std::istreambuf_iterator<char, std::char_traits<char> >, std::istreambuf_iterator<char, std::char_traits<char> >, int&, char const**, unsigned int, std::ios_base&, std::_Ios_Iostate&) const
00161638 0000043c W std::time_get<char, std::istreambuf_iterator<char, std::char_traits<char> > >::_M_extract_wday_or_month(std::istreambuf_iterator<char, std::char_traits<char> >, std::istreambuf_iterator<char, std::char_traits<char> >, int&, char const**, unsigned int, std::ios_base&, std::_Ios_Iostate&) const
00161a74 00000244 W std::time_get<char, std::istreambuf_iterator<char, std::char_traits<char> > >::do_get_weekday(std::istreambuf_iterator<char, std::char_traits<char> >, std::istreambuf_iterator<char, std::char_traits<char> >, std::ios_base&, std::_Ios_Iostate&, tm*) const
00161cb8 000002b4 W std::time_get<char, std::istreambuf_iterator<char, std::char_traits<char> > >::do_get_monthname(std::istreambuf_iterator<char, std::char_traits<char> >, std::istreambuf_iterator<char, std::char_traits<char> >, std::ios_base&, std::_Ios_Iostate&, tm*) const
00161f6c 000013ac W std::time_get<char, std::istreambuf_iterator<char, std::char_traits<char> > >::_M_extract_via_format(std::istreambuf_iterator<char, std::char_traits<char> >, std::istreambuf_iterator<char, std::char_traits<char> >, std::ios_base&, std::_Ios_Iostate&, tm*, char const*, std::__time_get_state&) const
00161f6c 000013ac t std::time_get<char, std::istreambuf_iterator<char, std::char_traits<char> > >::_M_extract_via_format(std::istreambuf_iterator<char, std::char_traits<char> >, std::istreambuf_iterator<char, std::char_traits<char> >, std::ios_base&, std::_Ios_Iostate&, tm*, char const*, std::__time_get_state&) const [clone .localalias]
00163318 000001b8 W std::time_get<char, std::istreambuf_iterator<char, std::char_traits<char> > >::do_get_time(std::istreambuf_iterator<char, std::char_traits<char> >, std::istreambuf_iterator<char, std::char_traits<char> >, std::ios_base&, std::_Ios_Iostate&, tm*) const
001634d0 000001b8 W std::time_get<char, std::istreambuf_iterator<char, std::char_traits<char> > >::do_get_date(std::istreambuf_iterator<char, std::char_traits<char> >, std::istreambuf_iterator<char, std::char_traits<char> >, std::ios_base&, std::_Ios_Iostate&, tm*) const
00163688 00000e94 W std::istreambuf_iterator<char, std::char_traits<char> > std::money_get<char, std::istreambuf_iterator<char, std::char_traits<char> > >::_M_extract<true>(std::istreambuf_iterator<char, std::char_traits<char> >, std::istreambuf_iterator<char, std::char_traits<char> >, std::ios_base&, std::_Ios_Iostate&, std::string&) const
0016451c 00000e94 W std::istreambuf_iterator<char, std::char_traits<char> > std::money_get<char, std::istreambuf_iterator<char, std::char_traits<char> > >::_M_extract<false>(std::istreambuf_iterator<char, std::char_traits<char> >, std::istreambuf_iterator<char, std::char_traits<char> >, std::ios_base&, std::_Ios_Iostate&, std::string&) const
001653b0 000000fc W std::money_get<char, std::istreambuf_iterator<char, std::char_traits<char> > >::do_get(std::istreambuf_iterator<char, std::char_traits<char> >, std::istreambuf_iterator<char, std::char_traits<char> >, bool, std::ios_base&, std::_Ios_Iostate&, long double&) const
001654ac 000001f8 W std::money_get<char, std::istreambuf_iterator<char, std::char_traits<char> > >::do_get(std::istreambuf_iterator<char, std::char_traits<char> >, std::istreambuf_iterator<char, std::char_traits<char> >, bool, std::ios_base&, std::_Ios_Iostate&, std::string&) const
001656a4 000000f4 t _GLOBAL__sub_I__ZNSt12ctype_bynameIcEC2ERKSsj
00165798 0000002c W __gnu_cxx::__throw_concurrence_lock_error()
001657c8 00000b80 T std::locale::_Impl::_Impl(unsigned int)
001657c8 00000b80 T std::locale::_Impl::_Impl(unsigned int)
00166348 00000054 T std::locale::_S_initialize_once()
001663a0 00000148 T std::locale::locale()
001663a0 00000148 T std::locale::locale()
001664e8 000000e4 W std::ostream::sentry::~sentry()
001664e8 000000e4 W std::ostream::sentry::~sentry()
001665cc 000001b8 W std::ostream::flush()
00166784 000000b0 W std::ostream::sentry::sentry(std::ostream&)
00166784 000000b0 W std::ostream::sentry::sentry(std::ostream&)
00166834 000001b0 W std::ostream::write(char const*, int)
001669e4 000001c0 W std::system_error::system_error(std::error_code, char const*)
001669e4 000001c0 W std::system_error::system_error(std::error_code, char const*)
00166ba4 00000004 W std::basic_streambuf<char, std::char_traits<char> >::imbue(std::locale const&)
00166ba8 00000004 W std::basic_streambuf<char, std::char_traits<char> >::setbuf(char*, int)
00166bb0 00000020 W std::basic_streambuf<char, std::char_traits<char> >::seekoff(long long, std::_Ios_Seekdir, std::_Ios_Openmode)
00166bd0 00000028 W std::basic_streambuf<char, std::char_traits<char> >::seekpos(std::fpos<_mbstate_t>, std::_Ios_Openmode)
00166bf8 00000008 W std::basic_streambuf<char, std::char_traits<char> >::sync()
00166c00 00000008 W std::basic_streambuf<char, std::char_traits<char> >::showmanyc()
00166c08 00000008 W std::basic_streambuf<char, std::char_traits<char> >::underflow()
00166c10 00000008 W std::basic_streambuf<char, std::char_traits<char> >::pbackfail(int)
00166c18 00000008 W std::basic_streambuf<char, std::char_traits<char> >::overflow(int)
00166c20 00000020 W std::basic_streambuf<char, std::char_traits<char> >::~basic_streambuf()
00166c20 00000020 W std::basic_streambuf<char, std::char_traits<char> >::~basic_streambuf()
00166c40 00000028 W std::basic_streambuf<char, std::char_traits<char> >::~basic_streambuf()
00166c68 000000bc W std::basic_streambuf<char, std::char_traits<char> >::xsputn(char const*, int)
00166d24 0000004c W std::basic_streambuf<char, std::char_traits<char> >::uflow()
00166d70 000000f0 W std::basic_streambuf<char, std::char_traits<char> >::xsgetn(char*, int)
00166e60 00000054 W std::__cxx11::basic_string<char, std::char_traits<char>, std::allocator<char> >::_M_create(unsigned int&, unsigned int)
00166eb4 00000014 W std::__cxx11::basic_string<char, std::char_traits<char>, std::allocator<char> >::_M_dispose()
00166ec8 00000094 W std::__cxx11::basic_string<char, std::char_traits<char>, std::allocator<char> >::_M_construct(unsigned int, char)
00166f5c 000000c8 W std::__cxx11::basic_string<char, std::char_traits<char>, std::allocator<char> >::_M_assign(std::__cxx11::basic_string<char, std::char_traits<char>, std::allocator<char> > const&)
00167024 00000104 W std::__cxx11::basic_string<char, std::char_traits<char>, std::allocator<char> >::_M_mutate(unsigned int, unsigned int, char const*, unsigned int)
00167128 00000074 W std::__cxx11::basic_string<char, std::char_traits<char>, std::allocator<char> >::_M_erase(unsigned int, unsigned int)
0016719c 00000098 W std::__cxx11::basic_string<char, std::char_traits<char>, std::allocator<char> >::reserve(unsigned int)
00167234 00000110 W std::__cxx11::basic_string<char, std::char_traits<char>, std::allocator<char> >::_M_replace_aux(unsigned int, unsigned int, unsigned int, char)
00167344 00000044 W std::__cxx11::basic_string<char, std::char_traits<char>, std::allocator<char> >::resize(unsigned int, char)
00167388 00000140 W std::__cxx11::basic_string<char, std::char_traits<char>, std::allocator<char> >::_M_replace_cold(char*, unsigned int, char const*, unsigned int, unsigned int)
001674c8 00000130 W std::__cxx11::basic_string<char, std::char_traits<char>, std::allocator<char> >::_M_replace(unsigned int, unsigned int, char const*, unsigned int)
001675f8 00000090 W std::__cxx11::basic_string<char, std::char_traits<char>, std::allocator<char> >::_M_append(char const*, unsigned int)
00167688 0000002c W std::__cxx11::basic_string<char, std::char_traits<char>, std::allocator<char> >::append(char const*, unsigned int)
001676b4 00000088 W std::__cxx11::basic_string<char, std::char_traits<char>, std::allocator<char> >::copy(char*, unsigned int, unsigned int) const
0016773c 00000188 W std::__cxx11::basic_string<char, std::char_traits<char>, std::allocator<char> >::swap(std::__cxx11::basic_string<char, std::char_traits<char>, std::allocator<char> >&)
001678c4 00000048 W std::__cxx11::basic_string<char, std::char_traits<char>, std::allocator<char> >::rfind(char, unsigned int) const
0016790c 00000064 W std::__cxx11::basic_string<char, std::char_traits<char>, std::allocator<char> >::find_last_of(char const*, unsigned int, unsigned int) const
00167970 0000005c W std::__cxx11::basic_string<char, std::char_traits<char>, std::allocator<char> >::find_first_not_of(char, unsigned int) const
001679cc 0000005c W std::__cxx11::basic_string<char, std::char_traits<char>, std::allocator<char> >::substr(unsigned int, unsigned int) const
00167a28 0000000c t (anonymous namespace)::generic_error_category::name() const
00167a34 00000020 t (anonymous namespace)::generic_error_category::equivalent(int, std::error_condition const&) const
00167a54 00000004 t (anonymous namespace)::generic_error_category::~generic_error_category()
00167a54 00000004 t (anonymous namespace)::generic_error_category::~generic_error_category()
00167a58 000000cc t (anonymous namespace)::system_error_category::default_error_condition(int) const
00167b24 0000000c T std::_V2::error_category::default_error_condition(int) const
00167b30 00000020 T std::_V2::error_category::equivalent(std::error_code const&, int) const
00167b50 0000010c t (anonymous namespace)::strerror_string(int)
00167c5c 00000020 t (anonymous namespace)::system_error_category::message[abi:cxx11](int) const
00167c5c 00000020 t (anonymous namespace)::generic_error_category::message[abi:cxx11](int) const
00167c7c 0000001c t (anonymous namespace)::generic_error_category::~generic_error_category()
00167c98 00000020 T std::system_error::~system_error()
00167c98 00000020 T std::system_error::~system_error()
00167cb8 00000028 T std::system_error::~system_error()
00167ce0 00000078 T std::_V2::error_category::_M_message[abi:cxx11](int) const
00167d58 00000134 T std::_V2::error_category::equivalent(int, std::error_condition const&) const
00167e8c 000000c0 T std::__throw_system_error(int)
00167f4c 00000004 T std::_V2::error_category::~error_category()
00167f4c 00000004 T std::_V2::error_category::~error_category()
00167f50 0000000c T std::_V2::generic_category()
00167f5c 0000000c W std::moneypunct<wchar_t, false>::do_decimal_point() const
00167f68 0000000c W std::moneypunct<wchar_t, false>::do_thousands_sep() const
00167f74 0000000c W std::moneypunct<wchar_t, false>::do_frac_digits() const
00167f80 00000014 W std::moneypunct<wchar_t, false>::do_pos_format() const
00167f94 00000014 W std::moneypunct<wchar_t, false>::do_neg_format() const
00167fa8 0000000c W std::moneypunct<wchar_t, true>::do_decimal_point() const
00167fb4 0000000c W std::moneypunct<wchar_t, true>::do_thousands_sep() const
00167fc0 0000000c W std::moneypunct<wchar_t, true>::do_frac_digits() const
00167fcc 00000014 W std::moneypunct<wchar_t, true>::do_pos_format() const
00167fe0 00000014 W std::moneypunct<wchar_t, true>::do_neg_format() const
00167ff4 0000000c W std::numpunct<wchar_t>::do_decimal_point() const
00168000 0000000c W std::numpunct<wchar_t>::do_thousands_sep() const
0016800c 00000008 W std::time_get<wchar_t, std::istreambuf_iterator<wchar_t, std::char_traits<wchar_t> > >::do_date_order() const
00168014 00000008 W std::messages<wchar_t>::do_open(std::string const&, std::locale const&) const
0016801c 00000004 W std::messages<wchar_t>::do_close(int) const
00168020 00000020 W std::collate<wchar_t>::do_hash(wchar_t const*, wchar_t const*) const
00168040 00000020 W std::num_get<wchar_t, std::istreambuf_iterator<wchar_t, std::char_traits<wchar_t> > >::~num_get()
00168040 00000020 W std::num_get<wchar_t, std::istreambuf_iterator<wchar_t, std::char_traits<wchar_t> > >::~num_get()
00168060 00000020 W std::num_put<wchar_t, std::ostreambuf_iterator<wchar_t, std::char_traits<wchar_t> > >::~num_put()
00168060 00000020 W std::num_put<wchar_t, std::ostreambuf_iterator<wchar_t, std::char_traits<wchar_t> > >::~num_put()
00168080 00000020 W std::money_get<wchar_t, std::istreambuf_iterator<wchar_t, std::char_traits<wchar_t> > >::~money_get()
00168080 00000020 W std::money_get<wchar_t, std::istreambuf_iterator<wchar_t, std::char_traits<wchar_t> > >::~money_get()
001680a0 00000020 W std::money_put<wchar_t, std::ostreambuf_iterator<wchar_t, std::char_traits<wchar_t> > >::~money_put()
001680a0 00000020 W std::money_put<wchar_t, std::ostreambuf_iterator<wchar_t, std::char_traits<wchar_t> > >::~money_put()
001680c0 00000020 W std::__timepunct_cache<wchar_t>::~__timepunct_cache()
001680c0 00000020 W std::__timepunct_cache<wchar_t>::~__timepunct_cache()
001680e0 00000020 W std::time_put<wchar_t, std::ostreambuf_iterator<wchar_t, std::char_traits<wchar_t> > >::~time_put()
001680e0 00000020 W std::time_put<wchar_t, std::ostreambuf_iterator<wchar_t, std::char_traits<wchar_t> > >::~time_put()
00168100 00000020 W std::time_get<wchar_t, std::istreambuf_iterator<wchar_t, std::char_traits<wchar_t> > >::~time_get()
00168100 00000020 W std::time_get<wchar_t, std::istreambuf_iterator<wchar_t, std::char_traits<wchar_t> > >::~time_get()
00168120 00000028 W std::num_get<wchar_t, std::istreambuf_iterator<wchar_t, std::char_traits<wchar_t> > >::~num_get()
00168148 00000028 W std::num_put<wchar_t, std::ostreambuf_iterator<wchar_t, std::char_traits<wchar_t> > >::~num_put()
00168170 00000028 W std::money_get<wchar_t, std::istreambuf_iterator<wchar_t, std::char_traits<wchar_t> > >::~money_get()
00168198 00000028 W std::money_put<wchar_t, std::ostreambuf_iterator<wchar_t, std::char_traits<wchar_t> > >::~money_put()
001681c0 0000001c W std::__timepunct_cache<wchar_t>::~__timepunct_cache()
001681dc 00000028 W std::time_put<wchar_t, std::ostreambuf_iterator<wchar_t, std::char_traits<wchar_t> > >::~time_put()
00168204 00000028 W std::time_get<wchar_t, std::istreambuf_iterator<wchar_t, std::char_traits<wchar_t> > >::~time_get()
0016822c 00000070 W std::__moneypunct_cache<wchar_t, false>::~__moneypunct_cache()
0016822c 00000070 W std::__moneypunct_cache<wchar_t, false>::~__moneypunct_cache()
0016829c 0000001c W std::__moneypunct_cache<wchar_t, false>::~__moneypunct_cache()
001682b8 00000070 W std::__moneypunct_cache<wchar_t, true>::~__moneypunct_cache()
001682b8 00000070 W std::__moneypunct_cache<wchar_t, true>::~__moneypunct_cache()
00168328 0000001c W std::__moneypunct_cache<wchar_t, true>::~__moneypunct_cache()
00168344 00000060 W std::__numpunct_cache<wchar_t>::~__numpunct_cache()
00168344 00000060 W std::__numpunct_cache<wchar_t>::~__numpunct_cache()
001683a4 0000001c W std::__numpunct_cache<wchar_t>::~__numpunct_cache()
001683c0 00000028 W std::messages<wchar_t>::~messages()
001683c0 00000028 W std::messages<wchar_t>::~messages()
001683e8 0000001c W std::messages<wchar_t>::~messages()
00168404 00000028 W std::collate<wchar_t>::~collate()
00168404 00000028 W std::collate<wchar_t>::~collate()
0016842c 00000060 W std::__timepunct<wchar_t>::~__timepunct()
0016842c 00000060 W std::__timepunct<wchar_t>::~__timepunct()
0016848c 0000001c W std::__timepunct<wchar_t>::~__timepunct()
001684a8 00000028 t std::basic_streambuf<wchar_t, std::char_traits<wchar_t> >::sbumpc() [clone .isra.0]
001684d0 00000058 t std::basic_string<wchar_t, std::char_traits<wchar_t>, std::allocator<wchar_t> >::~basic_string() [clone .isra.0]
00168528 000000c0 t wchar_t* std::basic_string<wchar_t, std::char_traits<wchar_t>, std::allocator<wchar_t> >::_S_construct<wchar_t const*>(wchar_t const*, wchar_t const*, std::allocator<wchar_t> const&, std::forward_iterator_tag) [clone .isra.0]
001685e8 00000058 t std::basic_string<char, std::char_traits<char>, std::allocator<char> >::~basic_string() [clone .isra.0]
00168640 00000030 W std::collate<wchar_t>::~collate()
00168670 000000cc W std::moneypunct<wchar_t, false>::do_grouping() const
0016873c 000000cc W std::moneypunct<wchar_t, true>::do_grouping() const
00168808 000000cc W std::numpunct<wchar_t>::do_grouping() const
001688d4 00000168 W std::collate<wchar_t>::do_compare(wchar_t const*, wchar_t const*, wchar_t const*, wchar_t const*) const
00168a3c 00000130 W std::time_put<wchar_t, std::ostreambuf_iterator<wchar_t, std::char_traits<wchar_t> > >::do_put(std::ostreambuf_iterator<wchar_t, std::char_traits<wchar_t> >, std::ios_base&, wchar_t, tm const*, char, char) const
00168b6c 000000d4 W std::moneypunct<wchar_t, false>::do_curr_symbol() const
00168c40 000000d4 W std::moneypunct<wchar_t, false>::do_positive_sign() const
00168d14 000000d4 W std::moneypunct<wchar_t, false>::do_negative_sign() const
00168de8 000000d4 W std::moneypunct<wchar_t, true>::do_curr_symbol() const
00168ebc 000000d4 W std::moneypunct<wchar_t, true>::do_positive_sign() const
00168f90 000000d4 W std::moneypunct<wchar_t, true>::do_negative_sign() const
00169064 000000d4 W std::numpunct<wchar_t>::do_truename() const
00169138 000000d4 W std::numpunct<wchar_t>::do_falsename() const
0016920c 000002e0 W std::collate<wchar_t>::do_transform(wchar_t const*, wchar_t const*) const
001694ec 00000798 W std::__moneypunct_cache<wchar_t, false>::_M_cache(std::locale const&)
00169c84 00000798 W std::__moneypunct_cache<wchar_t, true>::_M_cache(std::locale const&)
0016a41c 000004d8 W std::__numpunct_cache<wchar_t>::_M_cache(std::locale const&)
0016a8f4 000000b8 t std::__use_cache<std::__numpunct_cache<wchar_t> >::operator()(std::locale const&) const [clone .isra.0]
0016a9ac 0000004c W std::__timepunct<wchar_t>::__timepunct(std::__timepunct_cache<wchar_t>*, unsigned int)
0016a9ac 0000004c W std::__timepunct<wchar_t>::__timepunct(std::__timepunct_cache<wchar_t>*, unsigned int)
0016a9f8 0000026c W std::time_get<wchar_t, std::istreambuf_iterator<wchar_t, std::char_traits<wchar_t> > >::_M_extract_num(std::istreambuf_iterator<wchar_t, std::char_traits<wchar_t> >, std::istreambuf_iterator<wchar_t, std::char_traits<wchar_t> >, int&, int, int, unsigned int, std::ios_base&, std::_Ios_Iostate&) const
0016ac64 0000003c W std::messages<wchar_t>::messages(unsigned int)
0016ac64 0000003c W std::messages<wchar_t>::messages(unsigned int)
0016aca0 00000178 W wchar_t* std::__add_grouping<wchar_t>(wchar_t*, wchar_t, char const*, unsigned int, wchar_t const*, wchar_t const*)
0016ae18 000000b0 W std::num_put<wchar_t, std::ostreambuf_iterator<wchar_t, std::char_traits<wchar_t> > >::_M_group_float(char const*, unsigned int, wchar_t, wchar_t const*, wchar_t*, wchar_t*, int&) const
0016aec8 00000054 W std::num_put<wchar_t, std::ostreambuf_iterator<wchar_t, std::char_traits<wchar_t> > >::_M_group_int(char const*, unsigned int, wchar_t, std::ios_base&, wchar_t*, wchar_t*, int&) const
0016af1c 00000628 W std::ostreambuf_iterator<wchar_t, std::char_traits<wchar_t> > std::money_put<wchar_t, std::ostreambuf_iterator<wchar_t, std::char_traits<wchar_t> > >::_M_insert<true>(std::ostreambuf_iterator<wchar_t, std::char_traits<wchar_t> >, std::ios_base&, wchar_t, std::basic_string<wchar_t, std::char_traits<wchar_t>, std::allocator<wchar_t> > const&) const
0016b544 000005c4 W std::ostreambuf_iterator<wchar_t, std::char_traits<wchar_t> > std::money_put<wchar_t, std::ostreambuf_iterator<wchar_t, std::char_traits<wchar_t> > >::_M_insert<false>(std::ostreambuf_iterator<wchar_t, std::char_traits<wchar_t> >, std::ios_base&, wchar_t, std::basic_string<wchar_t, std::char_traits<wchar_t>, std::allocator<wchar_t> > const&) const
0016bb08 000001d0 W std::money_put<wchar_t, std::ostreambuf_iterator<wchar_t, std::char_traits<wchar_t> > >::do_put(std::ostreambuf_iterator<wchar_t, std::char_traits<wchar_t> >, bool, std::ios_base&, wchar_t, long double) const
0016bcd8 00000054 W std::money_put<wchar_t, std::ostreambuf_iterator<wchar_t, std::char_traits<wchar_t> > >::do_put(std::ostreambuf_iterator<wchar_t, std::char_traits<wchar_t> >, bool, std::ios_base&, wchar_t, std::basic_string<wchar_t, std::char_traits<wchar_t>, std::allocator<wchar_t> > const&) const
0016bd2c 00000220 W std::__pad<wchar_t, std::char_traits<wchar_t> >::_S_pad(std::ios_base&, wchar_t, wchar_t*, wchar_t const*, int, int)
0016be93 N 
0016be93 N 
0016be93 N 
0016be93 N 
0016be93 N 
0016be93 N 
0016be93 N 
0016be93 N 
0016be93 N 
0016be93 N 
0016be93 N 
0016be93 N 
0016be93 N 
0016be93 N 
0016be93 N 
0016be93 N 
0016be93 N 
0016be93 N 
0016be93 N 
0016be93 N 
0016be93 N 
0016be93 N 
0016be93 N 
0016be93 N 
0016be93 N 
0016be93 N 
0016be93 N 
0016be93 N 
0016be93 N 
0016be93 N 
0016be93 N 
0016be93 W KoreanFFF3FFFCMemoryRule.cpp.6f52a56c
0016bf4c 00000034 W std::num_put<wchar_t, std::ostreambuf_iterator<wchar_t, std::char_traits<wchar_t> > >::_M_pad(wchar_t, int, std::ios_base&, wchar_t*, wchar_t const*, int&) const
0016bf80 0000034c W std::ostreambuf_iterator<wchar_t, std::char_traits<wchar_t> > std::num_put<wchar_t, std::ostreambuf_iterator<wchar_t, std::char_traits<wchar_t> > >::_M_insert_float<double>(std::ostreambuf_iterator<wchar_t, std::char_traits<wchar_t> >, std::ios_base&, wchar_t, char, double) const
0016c2cc 0000003c W std::num_put<wchar_t, std::ostreambuf_iterator<wchar_t, std::char_traits<wchar_t> > >::do_put(std::ostreambuf_iterator<wchar_t, std::char_traits<wchar_t> >, std::ios_base&, wchar_t, double) const
0016c308 0000034c W std::ostreambuf_iterator<wchar_t, std::char_traits<wchar_t> > std::num_put<wchar_t, std::ostreambuf_iterator<wchar_t, std::char_traits<wchar_t> > >::_M_insert_float<long double>(std::ostreambuf_iterator<wchar_t, std::char_traits<wchar_t> >, std::ios_base&, wchar_t, char, long double) const
0016c654 0000003c W std::num_put<wchar_t, std::ostreambuf_iterator<wchar_t, std::char_traits<wchar_t> > >::do_put(std::ostreambuf_iterator<wchar_t, std::char_traits<wchar_t> >, std::ios_base&, wchar_t, long double) const
0016c690 000000b4 W int std::__int_to_char<wchar_t, unsigned long>(wchar_t*, unsigned long, wchar_t const*, std::_Ios_Fmtflags, bool)
0016c744 00000238 W std::ostreambuf_iterator<wchar_t, std::char_traits<wchar_t> > std::num_put<wchar_t, std::ostreambuf_iterator<wchar_t, std::char_traits<wchar_t> > >::_M_insert_int<long>(std::ostreambuf_iterator<wchar_t, std::char_traits<wchar_t> >, std::ios_base&, wchar_t, long) const
0016c97c 0000003c W std::num_put<wchar_t, std::ostreambuf_iterator<wchar_t, std::char_traits<wchar_t> > >::do_put(std::ostreambuf_iterator<wchar_t, std::char_traits<wchar_t> >, std::ios_base&, wchar_t, long) const
0016c9b8 000001b8 W std::num_put<wchar_t, std::ostreambuf_iterator<wchar_t, std::char_traits<wchar_t> > >::do_put(std::ostreambuf_iterator<wchar_t, std::char_traits<wchar_t> >, std::ios_base&, wchar_t, bool) const
0016cb70 000001d4 W std::ostreambuf_iterator<wchar_t, std::char_traits<wchar_t> > std::num_put<wchar_t, std::ostreambuf_iterator<wchar_t, std::char_traits<wchar_t> > >::_M_insert_int<unsigned long>(std::ostreambuf_iterator<wchar_t, std::char_traits<wchar_t> >, std::ios_base&, wchar_t, unsigned long) const
0016cd44 0000003c W std::num_put<wchar_t, std::ostreambuf_iterator<wchar_t, std::char_traits<wchar_t> > >::do_put(std::ostreambuf_iterator<wchar_t, std::char_traits<wchar_t> >, std::ios_base&, wchar_t, unsigned long) const
0016cd80 0000006c W std::num_put<wchar_t, std::ostreambuf_iterator<wchar_t, std::char_traits<wchar_t> > >::do_put(std::ostreambuf_iterator<wchar_t, std::char_traits<wchar_t> >, std::ios_base&, wchar_t, void const*) const
0016cdec 00000118 W int std::__int_to_char<wchar_t, unsigned long long>(wchar_t*, unsigned long long, wchar_t const*, std::_Ios_Fmtflags, bool)
0016cf04 00000258 W std::ostreambuf_iterator<wchar_t, std::char_traits<wchar_t> > std::num_put<wchar_t, std::ostreambuf_iterator<wchar_t, std::char_traits<wchar_t> > >::_M_insert_int<long long>(std::ostreambuf_iterator<wchar_t, std::char_traits<wchar_t> >, std::ios_base&, wchar_t, long long) const
0016d15c 0000003c W std::num_put<wchar_t, std::ostreambuf_iterator<wchar_t, std::char_traits<wchar_t> > >::do_put(std::ostreambuf_iterator<wchar_t, std::char_traits<wchar_t> >, std::ios_base&, wchar_t, long long) const
0016d198 000001f8 W std::ostreambuf_iterator<wchar_t, std::char_traits<wchar_t> > std::num_put<wchar_t, std::ostreambuf_iterator<wchar_t, std::char_traits<wchar_t> > >::_M_insert_int<unsigned long long>(std::ostreambuf_iterator<wchar_t, std::char_traits<wchar_t> >, std::ios_base&, wchar_t, unsigned long long) const
0016d390 0000003c W std::num_put<wchar_t, std::ostreambuf_iterator<wchar_t, std::char_traits<wchar_t> > >::do_put(std::ostreambuf_iterator<wchar_t, std::char_traits<wchar_t> >, std::ios_base&, wchar_t, unsigned long long) const
0016d3cc 000000fc W std::istreambuf_iterator<wchar_t, std::char_traits<wchar_t> >::equal(std::istreambuf_iterator<wchar_t, std::char_traits<wchar_t> > const&) const
0016d4c8 0000007c W std::istreambuf_iterator<wchar_t, std::char_traits<wchar_t> >::_M_get() const
0016d544 00000d40 W std::num_get<wchar_t, std::istreambuf_iterator<wchar_t, std::char_traits<wchar_t> > >::_M_extract_float(std::istreambuf_iterator<wchar_t, std::char_traits<wchar_t> >, std::istreambuf_iterator<wchar_t, std::char_traits<wchar_t> >, std::ios_base&, std::_Ios_Iostate&, std::string&) const
0016e284 000001dc W std::num_get<wchar_t, std::istreambuf_iterator<wchar_t, std::char_traits<wchar_t> > >::do_get(std::istreambuf_iterator<wchar_t, std::char_traits<wchar_t> >, std::istreambuf_iterator<wchar_t, std::char_traits<wchar_t> >, std::ios_base&, std::_Ios_Iostate&, float&) const
0016e460 000001dc W std::num_get<wchar_t, std::istreambuf_iterator<wchar_t, std::char_traits<wchar_t> > >::do_get(std::istreambuf_iterator<wchar_t, std::char_traits<wchar_t> >, std::istreambuf_iterator<wchar_t, std::char_traits<wchar_t> >, std::ios_base&, std::_Ios_Iostate&, double&) const
0016e63c 000001dc W std::num_get<wchar_t, std::istreambuf_iterator<wchar_t, std::char_traits<wchar_t> > >::do_get(std::istreambuf_iterator<wchar_t, std::char_traits<wchar_t> >, std::istreambuf_iterator<wchar_t, std::char_traits<wchar_t> >, std::ios_base&, std::_Ios_Iostate&, long double&) const
0016e818 0000099c W std::istreambuf_iterator<wchar_t, std::char_traits<wchar_t> > std::num_get<wchar_t, std::istreambuf_iterator<wchar_t, std::char_traits<wchar_t> > >::_M_extract_int<long>(std::istreambuf_iterator<wchar_t, std::char_traits<wchar_t> >, std::istreambuf_iterator<wchar_t, std::char_traits<wchar_t> >, std::ios_base&, std::_Ios_Iostate&, long&) const
0016f1b4 00000514 W std::num_get<wchar_t, std::istreambuf_iterator<wchar_t, std::char_traits<wchar_t> > >::do_get(std::istreambuf_iterator<wchar_t, std::char_traits<wchar_t> >, std::istreambuf_iterator<wchar_t, std::char_traits<wchar_t> >, std::ios_base&, std::_Ios_Iostate&, bool&) const
0016f6c8 00000048 W std::num_get<wchar_t, std::istreambuf_iterator<wchar_t, std::char_traits<wchar_t> > >::do_get(std::istreambuf_iterator<wchar_t, std::char_traits<wchar_t> >, std::istreambuf_iterator<wchar_t, std::char_traits<wchar_t> >, std::ios_base&, std::_Ios_Iostate&, long&) const
0016f710 00000a64 W std::istreambuf_iterator<wchar_t, std::char_traits<wchar_t> > std::num_get<wchar_t, std::istreambuf_iterator<wchar_t, std::char_traits<wchar_t> > >::_M_extract_int<unsigned short>(std::istreambuf_iterator<wchar_t, std::char_traits<wchar_t> >, std::istreambuf_iterator<wchar_t, std::char_traits<wchar_t> >, std::ios_base&, std::_Ios_Iostate&, unsigned short&) const
00170174 00000048 W std::num_get<wchar_t, std::istreambuf_iterator<wchar_t, std::char_traits<wchar_t> > >::do_get(std::istreambuf_iterator<wchar_t, std::char_traits<wchar_t> >, std::istreambuf_iterator<wchar_t, std::char_traits<wchar_t> >, std::ios_base&, std::_Ios_Iostate&, unsigned short&) const
001701bc 00000a08 W std::istreambuf_iterator<wchar_t, std::char_traits<wchar_t> > std::num_get<wchar_t, std::istreambuf_iterator<wchar_t, std::char_traits<wchar_t> > >::_M_extract_int<unsigned int>(std::istreambuf_iterator<wchar_t, std::char_traits<wchar_t> >, std::istreambuf_iterator<wchar_t, std::char_traits<wchar_t> >, std::ios_base&, std::_Ios_Iostate&, unsigned int&) const
00170bc4 00000048 W std::num_get<wchar_t, std::istreambuf_iterator<wchar_t, std::char_traits<wchar_t> > >::do_get(std::istreambuf_iterator<wchar_t, std::char_traits<wchar_t> >, std::istreambuf_iterator<wchar_t, std::char_traits<wchar_t> >, std::ios_base&, std::_Ios_Iostate&, unsigned int&) const
00170c0c 00000a08 W std::istreambuf_iterator<wchar_t, std::char_traits<wchar_t> > std::num_get<wchar_t, std::istreambuf_iterator<wchar_t, std::char_traits<wchar_t> > >::_M_extract_int<unsigned long>(std::istreambuf_iterator<wchar_t, std::char_traits<wchar_t> >, std::istreambuf_iterator<wchar_t, std::char_traits<wchar_t> >, std::ios_base&, std::_Ios_Iostate&, unsigned long&) const
00171614 00000048 W std::num_get<wchar_t, std::istreambuf_iterator<wchar_t, std::char_traits<wchar_t> > >::do_get(std::istreambuf_iterator<wchar_t, std::char_traits<wchar_t> >, std::istreambuf_iterator<wchar_t, std::char_traits<wchar_t> >, std::ios_base&, std::_Ios_Iostate&, unsigned long&) const
0017165c 0000007c W std::num_get<wchar_t, std::istreambuf_iterator<wchar_t, std::char_traits<wchar_t> > >::do_get(std::istreambuf_iterator<wchar_t, std::char_traits<wchar_t> >, std::istreambuf_iterator<wchar_t, std::char_traits<wchar_t> >, std::ios_base&, std::_Ios_Iostate&, void*&) const
001716d8 00000a34 W std::istreambuf_iterator<wchar_t, std::char_traits<wchar_t> > std::num_get<wchar_t, std::istreambuf_iterator<wchar_t, std::char_traits<wchar_t> > >::_M_extract_int<long long>(std::istreambuf_iterator<wchar_t, std::char_traits<wchar_t> >, std::istreambuf_iterator<wchar_t, std::char_traits<wchar_t> >, std::ios_base&, std::_Ios_Iostate&, long long&) const
0017210c 00000048 W std::num_get<wchar_t, std::istreambuf_iterator<wchar_t, std::char_traits<wchar_t> > >::do_get(std::istreambuf_iterator<wchar_t, std::char_traits<wchar_t> >, std::istreambuf_iterator<wchar_t, std::char_traits<wchar_t> >, std::ios_base&, std::_Ios_Iostate&, long long&) const
00172154 00000af0 W std::istreambuf_iterator<wchar_t, std::char_traits<wchar_t> > std::num_get<wchar_t, std::istreambuf_iterator<wchar_t, std::char_traits<wchar_t> > >::_M_extract_int<unsigned long long>(std::istreambuf_iterator<wchar_t, std::char_traits<wchar_t> >, std::istreambuf_iterator<wchar_t, std::char_traits<wchar_t> >, std::ios_base&, std::_Ios_Iostate&, unsigned long long&) const
00172c44 00000048 W std::num_get<wchar_t, std::istreambuf_iterator<wchar_t, std::char_traits<wchar_t> > >::do_get(std::istreambuf_iterator<wchar_t, std::char_traits<wchar_t> >, std::istreambuf_iterator<wchar_t, std::char_traits<wchar_t> >, std::ios_base&, std::_Ios_Iostate&, unsigned long long&) const
00172c8c 000002f4 W std::time_get<wchar_t, std::istreambuf_iterator<wchar_t, std::char_traits<wchar_t> > >::do_get_year(std::istreambuf_iterator<wchar_t, std::char_traits<wchar_t> >, std::istreambuf_iterator<wchar_t, std::char_traits<wchar_t> >, std::ios_base&, std::_Ios_Iostate&, tm*) const
00172f80 00000af0 W std::time_get<wchar_t, std::istreambuf_iterator<wchar_t, std::char_traits<wchar_t> > >::_M_extract_name(std::istreambuf_iterator<wchar_t, std::char_traits<wchar_t> >, std::istreambuf_iterator<wchar_t, std::char_traits<wchar_t> >, int&, wchar_t const**, unsigned int, std::ios_base&, std::_Ios_Iostate&) const
00173a70 000005b4 W std::time_get<wchar_t, std::istreambuf_iterator<wchar_t, std::char_traits<wchar_t> > >::_M_extract_wday_or_month(std::istreambuf_iterator<wchar_t, std::char_traits<wchar_t> >, std::istreambuf_iterator<wchar_t, std::char_traits<wchar_t> >, int&, wchar_t const**, unsigned int, std::ios_base&, std::_Ios_Iostate&) const
00174024 00000258 W std::time_get<wchar_t, std::istreambuf_iterator<wchar_t, std::char_traits<wchar_t> > >::do_get_weekday(std::istreambuf_iterator<wchar_t, std::char_traits<wchar_t> >, std::istreambuf_iterator<wchar_t, std::char_traits<wchar_t> >, std::ios_base&, std::_Ios_Iostate&, tm*) const
0017427c 000002d0 W std::time_get<wchar_t, std::istreambuf_iterator<wchar_t, std::char_traits<wchar_t> > >::do_get_monthname(std::istreambuf_iterator<wchar_t, std::char_traits<wchar_t> >, std::istreambuf_iterator<wchar_t, std::char_traits<wchar_t> >, std::ios_base&, std::_Ios_Iostate&, tm*) const
0017454c 000016e4 W std::time_get<wchar_t, std::istreambuf_iterator<wchar_t, std::char_traits<wchar_t> > >::_M_extract_via_format(std::istreambuf_iterator<wchar_t, std::char_traits<wchar_t> >, std::istreambuf_iterator<wchar_t, std::char_traits<wchar_t> >, std::ios_base&, std::_Ios_Iostate&, tm*, wchar_t const*, std::__time_get_state&) const
0017454c 000016e4 t std::time_get<wchar_t, std::istreambuf_iterator<wchar_t, std::char_traits<wchar_t> > >::_M_extract_via_format(std::istreambuf_iterator<wchar_t, std::char_traits<wchar_t> >, std::istreambuf_iterator<wchar_t, std::char_traits<wchar_t> >, std::ios_base&, std::_Ios_Iostate&, tm*, wchar_t const*, std::__time_get_state&) const [clone .localalias]
00175c30 000001d0 W std::time_get<wchar_t, std::istreambuf_iterator<wchar_t, std::char_traits<wchar_t> > >::do_get_time(std::istreambuf_iterator<wchar_t, std::char_traits<wchar_t> >, std::istreambuf_iterator<wchar_t, std::char_traits<wchar_t> >, std::ios_base&, std::_Ios_Iostate&, tm*) const
00175e00 000001d0 W std::time_get<wchar_t, std::istreambuf_iterator<wchar_t, std::char_traits<wchar_t> > >::do_get_date(std::istreambuf_iterator<wchar_t, std::char_traits<wchar_t> >, std::istreambuf_iterator<wchar_t, std::char_traits<wchar_t> >, std::ios_base&, std::_Ios_Iostate&, tm*) const
00175fd0 0000103c W std::istreambuf_iterator<wchar_t, std::char_traits<wchar_t> > std::money_get<wchar_t, std::istreambuf_iterator<wchar_t, std::char_traits<wchar_t> > >::_M_extract<true>(std::istreambuf_iterator<wchar_t, std::char_traits<wchar_t> >, std::istreambuf_iterator<wchar_t, std::char_traits<wchar_t> >, std::ios_base&, std::_Ios_Iostate&, std::string&) const
0017700c 0000103c W std::istreambuf_iterator<wchar_t, std::char_traits<wchar_t> > std::money_get<wchar_t, std::istreambuf_iterator<wchar_t, std::char_traits<wchar_t> > >::_M_extract<false>(std::istreambuf_iterator<wchar_t, std::char_traits<wchar_t> >, std::istreambuf_iterator<wchar_t, std::char_traits<wchar_t> >, std::ios_base&, std::_Ios_Iostate&, std::string&) const
00178048 000000fc W std::money_get<wchar_t, std::istreambuf_iterator<wchar_t, std::char_traits<wchar_t> > >::do_get(std::istreambuf_iterator<wchar_t, std::char_traits<wchar_t> >, std::istreambuf_iterator<wchar_t, std::char_traits<wchar_t> >, bool, std::ios_base&, std::_Ios_Iostate&, long double&) const
00178144 00000190 W std::money_get<wchar_t, std::istreambuf_iterator<wchar_t, std::char_traits<wchar_t> > >::do_get(std::istreambuf_iterator<wchar_t, std::char_traits<wchar_t> >, std::istreambuf_iterator<wchar_t, std::char_traits<wchar_t> >, bool, std::ios_base&, std::_Ios_Iostate&, std::basic_string<wchar_t, std::char_traits<wchar_t>, std::allocator<wchar_t> >&) const
001782d4 000000f4 t _GLOBAL__sub_I__ZNSt12ctype_bynameIwEC2ERKSsj
001783c8 0000005c W std::__cxx11::basic_string<wchar_t, std::char_traits<wchar_t>, std::allocator<wchar_t> >::_M_create(unsigned int&, unsigned int)
00178424 00000014 W std::__cxx11::basic_string<wchar_t, std::char_traits<wchar_t>, std::allocator<wchar_t> >::_M_dispose()
00178438 00000090 W std::__cxx11::basic_string<wchar_t, std::char_traits<wchar_t>, std::allocator<wchar_t> >::_M_construct(unsigned int, wchar_t)
001784c8 00000104 W std::__cxx11::basic_string<wchar_t, std::char_traits<wchar_t>, std::allocator<wchar_t> >::_M_mutate(unsigned int, unsigned int, wchar_t const*, unsigned int)
001785cc 0000009c W std::__cxx11::basic_string<wchar_t, std::char_traits<wchar_t>, std::allocator<wchar_t> >::reserve(unsigned int)
00178668 00000108 W std::__cxx11::basic_string<wchar_t, std::char_traits<wchar_t>, std::allocator<wchar_t> >::_M_replace_aux(unsigned int, unsigned int, unsigned int, wchar_t)
00178770 00000044 W std::__cxx11::basic_string<wchar_t, std::char_traits<wchar_t>, std::allocator<wchar_t> >::resize(unsigned int, wchar_t)
001787b4 00000144 W std::__cxx11::basic_string<wchar_t, std::char_traits<wchar_t>, std::allocator<wchar_t> >::_M_replace_cold(wchar_t*, unsigned int, wchar_t const*, unsigned int, unsigned int)
001788f8 00000130 W std::__cxx11::basic_string<wchar_t, std::char_traits<wchar_t>, std::allocator<wchar_t> >::_M_replace(unsigned int, unsigned int, wchar_t const*, unsigned int)
00178a28 0000008c W std::__cxx11::basic_string<wchar_t, std::char_traits<wchar_t>, std::allocator<wchar_t> >::_M_append(wchar_t const*, unsigned int)
00178ab4 00000088 W std::__cxx11::basic_string<wchar_t, std::char_traits<wchar_t>, std::allocator<wchar_t> >::copy(wchar_t*, unsigned int, unsigned int) const
00178b3c 000000a8 W void std::__cxx11::basic_string<wchar_t, std::char_traits<wchar_t>, std::allocator<wchar_t> >::_M_construct<true>(wchar_t const*, unsigned int)
00178be4 0000000c T std::bad_alloc::what() const
00178bf0 00000020 T std::bad_alloc::~bad_alloc()
00178bf0 00000020 T std::bad_alloc::~bad_alloc()
00178c10 0000002c T std::bad_alloc::~bad_alloc()
00178c3c 0000000c T std::bad_array_new_length::what() const
00178c48 00000020 T std::bad_array_new_length::~bad_array_new_length()
00178c48 00000020 T std::bad_array_new_length::~bad_array_new_length()
00178c68 0000002c T std::bad_array_new_length::~bad_array_new_length()
00178c94 0000000c T std::bad_cast::what() const
00178ca0 00000020 T std::bad_cast::~bad_cast()
00178ca0 00000020 T std::bad_cast::~bad_cast()
00178cc0 0000002c T std::bad_cast::~bad_cast()
00178cec 00000014 T __cxxabiv1::__class_type_info::__do_find_public_src(int, void const*, __cxxabiv1::__class_type_info const*, void const*) const
00178d00 00000020 T __cxxabiv1::__class_type_info::~__class_type_info()
00178d00 00000020 T __cxxabiv1::__class_type_info::~__class_type_info()
00178d20 0000002c T __cxxabiv1::__class_type_info::~__class_type_info()
00178d4c 00000084 T __cxxabiv1::__class_type_info::__do_dyncast(int, __cxxabiv1::__class_type_info::__sub_kind, __cxxabiv1::__class_type_info const*, void const*, __cxxabiv1::__class_type_info const*, void const*, __cxxabiv1::__class_type_info::__dyncast_result&) const
00178dd0 00000038 T __cxxabiv1::__class_type_info::__do_upcast(__cxxabiv1::__class_type_info const*, void const*, __cxxabiv1::__class_type_info::__upcast_result&) const
00178e08 00000090 T __cxxabiv1::__class_type_info::__do_upcast(__cxxabiv1::__class_type_info const*, void**) const
00178e98 0000005c T __cxxabiv1::__class_type_info::__do_catch(std::type_info const*, void**, unsigned int) const
00178ef4 00000004 T operator delete(void*, unsigned int)
00178ef8 00000184 T __dynamic_cast
0017907c 000000f4 t (anonymous namespace)::pool::free(void*) [clone .constprop.0]
00179170 000000b8 t (anonymous namespace)::pool::allocate(unsigned int) [clone .constprop.0]
00179228 00000044 T __cxa_allocate_exception
0017926c 00000028 T __cxa_free_exception
00179294 000001a0 t _GLOBAL__sub_I__ZN9__gnu_cxx9__freeresEv
00179434 00000018 t _GLOBAL__sub_D__ZN9__gnu_cxx9__freeresEv
0017944c T __cxa_end_cleanup
0017945c 00000138 T __cxa_type_match
00179594 000000b4 T __cxa_begin_cleanup
00179648 000000b0 T __gnu_end_cleanup
001796f8 0000002c T __cxa_throw_bad_array_new_length
00179724 00000070 t __cxxabiv1::__is_gxx_exception_class(char*)
00179794 0000002c T __cxa_call_terminate
001797c0 0000014c T __cxa_call_unexpected
0017990c 000000e0 T __cxa_begin_catch
001799ec 000000e0 T __cxa_end_catch
00179acc 00000018 T std::uncaught_exception()
00179ae4 00000004 T std::exception::~exception()
00179ae4 00000004 T std::exception::~exception()
00179ae8 00000004 T std::bad_exception::~bad_exception()
00179ae8 00000004 T std::bad_exception::~bad_exception()
00179aec 0000000c T transaction clone for std::bad_exception::what() const
00179aec 0000000c T std::bad_exception::what() const
00179af8 00000020 T std::bad_exception::~bad_exception()
00179b18 00000038 t eh_globals_dtor(void*)
00179b50 00000038 T __cxa_get_globals_fast
00179b88 00000090 T __cxa_get_globals
00179c18 00000030 t _GLOBAL__sub_I__ZN17__eh_globals_init7_S_initE
00179c48 00000034 t _GLOBAL__sub_D__ZN17__eh_globals_init7_S_initE
00179c7c 00000150 t read_encoded_value_with_base(unsigned char, unsigned int, unsigned char const*, unsigned int*)
00179dcc 00000058 t base_of_encoded_value(unsigned char, _Unwind_Context*)
00179e24 000000f0 t parse_lsda_header(_Unwind_Context*, unsigned char const*, lsda_header_info*)
00179f14 0000074c T __gxx_personality_v0
0017a660 00000014 T __cxxabiv1::__terminate(void (*)())
0017a674 00000018 T std::terminate()
0017a68c 0000000c T __cxxabiv1::__unexpected(void (*)())
0017a698 00000018 T std::unexpected()
0017a6b0 00000014 T std::get_terminate()
0017a6c4 00000014 T std::get_unexpected()
0017a6d8 00000070 t __gxx_exception_cleanup(_Unwind_Reason_Code, _Unwind_Control_Block*)
0017a748 00000080 T __cxa_throw
0017a7c8 000000b0 T __cxa_rethrow
0017a878 0000000c W __gnu_cxx::__concurrence_broadcast_error::what() const
0017a884 0000000c W __gnu_cxx::__concurrence_wait_error::what() const
0017a890 00000038 t (anonymous namespace)::init()
0017a8c8 00000024 t (anonymous namespace)::init_static_cond()
0017a8ec 00000020 W __gnu_cxx::__concurrence_wait_error::~__concurrence_wait_error()
0017a8ec 00000020 W __gnu_cxx::__concurrence_wait_error::~__concurrence_wait_error()
0017a90c 0000002c W __gnu_cxx::__concurrence_wait_error::~__concurrence_wait_error()
0017a938 00000020 W __gnu_cxx::__concurrence_broadcast_error::~__concurrence_broadcast_error()
0017a938 00000020 W __gnu_cxx::__concurrence_broadcast_error::~__concurrence_broadcast_error()
0017a958 0000002c W __gnu_cxx::__concurrence_broadcast_error::~__concurrence_broadcast_error()
0017a984 0000002c W __gnu_cxx::__throw_concurrence_broadcast_error()
0017a9b0 00000124 T __cxa_guard_acquire
0017aad4 0000008c T __cxa_guard_release
0017ab60 00000014 T std::get_new_handler()
0017ab74 0000001c T operator new[](unsigned int, std::nothrow_t const&)
0017ab90 00000020 T __cxxabiv1::__si_class_type_info::~__si_class_type_info()
0017ab90 00000020 T __cxxabiv1::__si_class_type_info::~__si_class_type_info()
0017abb0 0000002c T __cxxabiv1::__si_class_type_info::~__si_class_type_info()
0017abdc 0000006c T __cxxabiv1::__si_class_type_info::__do_find_public_src(int, void const*, __cxxabiv1::__class_type_info const*, void const*) const
0017ac48 000000e4 T __cxxabiv1::__si_class_type_info::__do_dyncast(int, __cxxabiv1::__class_type_info::__sub_kind, __cxxabiv1::__class_type_info const*, void const*, __cxxabiv1::__class_type_info const*, void const*, __cxxabiv1::__class_type_info::__dyncast_result&) const
0017ad2c 00000044 T __cxxabiv1::__si_class_type_info::__do_upcast(__cxxabiv1::__class_type_info const*, void const*, __cxxabiv1::__class_type_info::__upcast_result&) const
0017ad70 00000004 T std::type_info::~type_info()
0017ad70 00000004 T std::type_info::~type_info()
0017ad74 00000008 T std::type_info::__is_pointer_p() const
0017ad74 00000008 T std::type_info::__is_function_p() const
0017ad7c 0000004c T std::type_info::__equal(std::type_info const&) const
0017ad7c 0000004c T std::type_info::operator==(std::type_info const&) const
0017adc8 00000020 T __cxxabiv1::__vmi_class_type_info::~__vmi_class_type_info()
0017adc8 00000020 T __cxxabiv1::__vmi_class_type_info::~__vmi_class_type_info()
0017ade8 0000002c T __cxxabiv1::__vmi_class_type_info::~__vmi_class_type_info()
0017ae14 000000cc T __cxxabiv1::__vmi_class_type_info::__do_find_public_src(int, void const*, __cxxabiv1::__class_type_info const*, void const*) const
0017aee0 000006ac T __cxxabiv1::__vmi_class_type_info::__do_dyncast(int, __cxxabiv1::__class_type_info::__sub_kind, __cxxabiv1::__class_type_info const*, void const*, __cxxabiv1::__class_type_info const*, void const*, __cxxabiv1::__class_type_info::__dyncast_result&) const
0017b58c 00000264 t __cxxabiv1::__vmi_class_type_info::__do_upcast(__cxxabiv1::__class_type_info const*, void const*, __cxxabiv1::__class_type_info::__upcast_result&) const [clone .part.0]
0017b7f0 00000038 T __cxxabiv1::__vmi_class_type_info::__do_upcast(__cxxabiv1::__class_type_info const*, void const*, __cxxabiv1::__class_type_info::__upcast_result&) const
0017b828 00000068 t std::(anonymous namespace)::__set_C_locale()
0017b890 000000c4 T void std::__convert_to_v<float>(char const*, float&, std::_Ios_Iostate&, int* const&)
0017b958 000000dc T void std::__convert_to_v<double>(char const*, double&, std::_Ios_Iostate&, int* const&)
0017ba38 000000d0 T void std::__convert_to_v<long double>(char const*, long double&, std::_Ios_Iostate&, int* const&)
0017bb08 00000034 T std::locale::facet::_S_create_c_locale(int*&, char const*, int*)
0017bb3c 0000000c T std::locale::facet::_S_destroy_c_locale(int*&)
0017bb48 0000001c T std::codecvt<char, char, _mbstate_t>::do_in(_mbstate_t&, char const*, char const*, char const*&, char*, char*, char*&) const
0017bb48 0000001c T std::codecvt<char, char, _mbstate_t>::do_out(_mbstate_t&, char const*, char const*, char const*&, char*, char*, char*&) const
0017bb64 00000010 T std::codecvt<char, char, _mbstate_t>::do_unshift(_mbstate_t&, char*, char*, char*&) const
0017bb64 00000010 T std::codecvt<wchar_t, char, _mbstate_t>::do_unshift(_mbstate_t&, char*, char*, char*&) const
0017bb74 00000008 T std::codecvt<char, char, _mbstate_t>::do_encoding() const
0017bb74 00000008 T std::codecvt<char, char, _mbstate_t>::do_max_length() const
0017bb7c 00000008 T std::codecvt<char, char, _mbstate_t>::do_always_noconv() const
0017bb84 00000014 T std::codecvt<char, char, _mbstate_t>::do_length(_mbstate_t&, char const*, char const*, unsigned int) const
0017bb98 00000008 T std::codecvt<wchar_t, char, _mbstate_t>::do_always_noconv() const
0017bba0 00000048 T std::codecvt<char, char, _mbstate_t>::~codecvt()
0017bba0 00000048 T std::codecvt<char, char, _mbstate_t>::~codecvt()
0017bbe8 00000048 T std::codecvt<wchar_t, char, _mbstate_t>::~codecvt()
0017bbe8 00000048 T std::codecvt<wchar_t, char, _mbstate_t>::~codecvt()
0017bc30 0000005c T std::codecvt<char, char, _mbstate_t>::~codecvt()
0017bc8c 0000005c T std::codecvt<wchar_t, char, _mbstate_t>::~codecvt()
0017bce8 00000048 T std::codecvt<char, char, _mbstate_t>::codecvt(unsigned int)
0017bce8 00000048 T std::codecvt<char, char, _mbstate_t>::codecvt(unsigned int)
0017bd30 00000048 T std::codecvt<wchar_t, char, _mbstate_t>::codecvt(unsigned int)
0017bd30 00000048 T std::codecvt<wchar_t, char, _mbstate_t>::codecvt(unsigned int)
0017bd78 0000015c T std::codecvt<wchar_t, char, _mbstate_t>::do_out(_mbstate_t&, wchar_t const*, wchar_t const*, wchar_t const*&, char*, char*, char*&) const
0017bed4 000000c0 T std::codecvt<wchar_t, char, _mbstate_t>::do_in(_mbstate_t&, char const*, char const*, char const*&, wchar_t*, wchar_t*, wchar_t*&) const
0017bf94 00000028 T std::codecvt<wchar_t, char, _mbstate_t>::do_encoding() const
0017bfbc 0000001c T std::codecvt<wchar_t, char, _mbstate_t>::do_max_length() const
0017bfd8 000000a0 T std::codecvt<wchar_t, char, _mbstate_t>::do_length(_mbstate_t&, char const*, char const*, unsigned int) const
0017c078 00000020 T std::__cxx11::collate<char>::_M_compare(char const*, char const*) const
0017c098 00000010 T std::__cxx11::collate<char>::_M_transform(char*, char const*, unsigned int) const
0017c0a8 00000020 T std::__cxx11::collate<wchar_t>::_M_compare(wchar_t const*, wchar_t const*) const
0017c0c8 00000010 T std::__cxx11::collate<wchar_t>::_M_transform(wchar_t*, wchar_t const*, unsigned int) const
0017c0d8 00000020 T std::collate<char>::_M_compare(char const*, char const*) const
0017c0f8 00000010 T std::collate<char>::_M_transform(char*, char const*, unsigned int) const
0017c108 00000020 T std::collate<wchar_t>::_M_compare(wchar_t const*, wchar_t const*) const
0017c128 00000010 T std::collate<wchar_t>::_M_transform(wchar_t*, wchar_t const*, unsigned int) const
0017c138 00000048 T std::ios_base::_M_init()
0017c180 000000d8 t std::(anonymous namespace)::day_of_the_week(int, int, int)
0017c258 000000e4 T std::__num_base::_S_format_float(std::ios_base const&, char*, char)
0017c33c 000000e0 T std::__verify_grouping_impl(char const*, unsigned int, char const*, unsigned int)
0017c41c 0000000c T std::__verify_grouping(char const*, unsigned int, std::string const&)
0017c428 000006c8 T std::__time_get_state::_M_finalize_state(tm*)
0017c604 N 
0017c604 N 
0017c604 N 
0017c604 N 
0017c604 N 
0017c604 N 
0017c604 N 
0017c604 N 
0017c604 N 
0017c604 N 
0017c604 N 
0017c604 N 
0017c604 N 
0017c604 N 
0017c604 N 
0017c604 N 
0017c604 N 
0017c604 N 
0017c604 N 
0017c604 N 
0017c604 N 
0017c604 N 
0017c604 N 
0017c604 N 
0017c604 N 
0017c604 N 
0017c604 N 
0017c604 N 
0017c604 N 
0017c604 N 
0017c604 N 
0017c604 W KoreanFFFEMemoryRule.cpp.6027fa37
0017caf0 000000cc T std::__cxx11::messages<char>::do_get(int, int, int, std::__cxx11::basic_string<char, std::char_traits<char>, std::allocator<char> > const&) const
0017cbbc 000000c8 T std::__cxx11::messages<wchar_t>::do_get(int, int, int, std::__cxx11::basic_string<wchar_t, std::char_traits<wchar_t>, std::allocator<wchar_t> > const&) const
0017cc84 00000088 T std::messages<char>::do_get(int, int, int, std::string const&) const
0017cd0c 00000088 T std::messages<wchar_t>::do_get(int, int, int, std::basic_string<wchar_t, std::char_traits<wchar_t>, std::allocator<wchar_t> > const&) const
0017cd94 00000020 T std::__verify_grouping(char const*, unsigned int, std::__cxx11::basic_string<char, std::char_traits<char>, std::allocator<char> > const&)
0017cdb4 00000108 T std::__cxx11::moneypunct<char, true>::_M_initialize_moneypunct(int*, char const*)
0017cebc 00000108 T std::__cxx11::moneypunct<char, false>::_M_initialize_moneypunct(int*, char const*)
0017cfc4 00000048 T std::__cxx11::moneypunct<char, true>::~moneypunct()
0017cfc4 00000048 T std::__cxx11::moneypunct<char, true>::~moneypunct()
0017d00c 0000005c T std::__cxx11::moneypunct<char, true>::~moneypunct()
0017d068 00000048 T std::__cxx11::moneypunct<char, false>::~moneypunct()
0017d068 00000048 T std::__cxx11::moneypunct<char, false>::~moneypunct()
0017d0b0 0000005c T std::__cxx11::moneypunct<char, false>::~moneypunct()
0017d10c 00000118 T std::__cxx11::moneypunct<wchar_t, true>::_M_initialize_moneypunct(int*, char const*)
0017d224 00000118 T std::__cxx11::moneypunct<wchar_t, false>::_M_initialize_moneypunct(int*, char const*)
0017d33c 00000048 T std::__cxx11::moneypunct<wchar_t, true>::~moneypunct()
0017d33c 00000048 T std::__cxx11::moneypunct<wchar_t, true>::~moneypunct()
0017d384 0000005c T std::__cxx11::moneypunct<wchar_t, true>::~moneypunct()
0017d3e0 00000048 T std::__cxx11::moneypunct<wchar_t, false>::~moneypunct()
0017d3e0 00000048 T std::__cxx11::moneypunct<wchar_t, false>::~moneypunct()
0017d428 0000005c T std::__cxx11::moneypunct<wchar_t, false>::~moneypunct()
0017d484 00000108 T std::moneypunct<char, true>::_M_initialize_moneypunct(int*, char const*)
0017d58c 00000108 T std::moneypunct<char, false>::_M_initialize_moneypunct(int*, char const*)
0017d694 00000078 T std::moneypunct<char, true>::~moneypunct()
0017d694 00000078 T std::moneypunct<char, true>::~moneypunct()
0017d70c 00000028 T std::moneypunct<char, true>::~moneypunct()
0017d734 00000078 T std::moneypunct<char, false>::~moneypunct()
0017d734 00000078 T std::moneypunct<char, false>::~moneypunct()
0017d7ac 00000028 T std::moneypunct<char, false>::~moneypunct()
0017d7d4 00000118 T std::moneypunct<wchar_t, true>::_M_initialize_moneypunct(int*, char const*)
0017d8ec 00000118 T std::moneypunct<wchar_t, false>::_M_initialize_moneypunct(int*, char const*)
0017da04 00000078 T std::moneypunct<wchar_t, true>::~moneypunct()
0017da04 00000078 T std::moneypunct<wchar_t, true>::~moneypunct()
0017da7c 00000028 T std::moneypunct<wchar_t, true>::~moneypunct()
0017daa4 00000078 T std::moneypunct<wchar_t, false>::~moneypunct()
0017daa4 00000078 T std::moneypunct<wchar_t, false>::~moneypunct()
0017db1c 00000028 T std::moneypunct<wchar_t, false>::~moneypunct()
0017db44 0000011c T std::__cxx11::numpunct<char>::_M_initialize_numpunct(int*)
0017dc60 00000048 T std::__cxx11::numpunct<char>::~numpunct()
0017dc60 00000048 T std::__cxx11::numpunct<char>::~numpunct()
0017dca8 0000005c T std::__cxx11::numpunct<char>::~numpunct()
0017dd04 00000104 T std::__cxx11::numpunct<wchar_t>::_M_initialize_numpunct(int*)
0017de08 00000048 T std::__cxx11::numpunct<wchar_t>::~numpunct()
0017de08 00000048 T std::__cxx11::numpunct<wchar_t>::~numpunct()
0017de50 0000005c T std::__cxx11::numpunct<wchar_t>::~numpunct()
0017deac 0000011c T std::numpunct<char>::_M_initialize_numpunct(int*)
0017dfc8 00000078 T std::numpunct<char>::~numpunct()
0017dfc8 00000078 T std::numpunct<char>::~numpunct()
0017e040 00000028 T std::numpunct<char>::~numpunct()
0017e068 00000104 T std::numpunct<wchar_t>::_M_initialize_numpunct(int*)
0017e16c 00000078 T std::numpunct<wchar_t>::~numpunct()
0017e16c 00000078 T std::numpunct<wchar_t>::~numpunct()
0017e1e4 00000028 T std::numpunct<wchar_t>::~numpunct()
0017e20c 00000008 T std::logic_error::what() const
0017e20c 00000008 T std::runtime_error::what() const
0017e214 00000078 T std::logic_error::~logic_error()
0017e214 00000078 T std::logic_error::~logic_error()
0017e28c 00000078 T std::runtime_error::~runtime_error()
0017e28c 00000078 T std::runtime_error::~runtime_error()
0017e304 00000080 T std::runtime_error::~runtime_error()
0017e384 00000078 T std::length_error::~length_error()
0017e384 00000078 T std::length_error::~length_error()
0017e3fc 00000078 T std::out_of_range::~out_of_range()
0017e3fc 00000078 T std::out_of_range::~out_of_range()
0017e474 00000080 T std::logic_error::~logic_error()
0017e4f4 00000080 T std::length_error::~length_error()
0017e574 00000080 T std::out_of_range::~out_of_range()
0017e5f4 00000098 T std::__timepunct<char>::_M_put(char*, unsigned int, char const*, tm const*) const
0017e68c 00000304 T std::__timepunct<char>::_M_initialize_timepunct(int*)
0017e990 00000098 T std::__timepunct<wchar_t>::_M_put(wchar_t*, unsigned int, wchar_t const*, tm const*) const
0017ea28 00000304 T std::__timepunct<wchar_t>::_M_initialize_timepunct(int*)
0017ed2c 00000010 T std::__codecvt_utf8_base<char32_t>::do_unshift(_mbstate_t&, char*, char*, char*&) const
0017ed2c 00000010 T std::__codecvt_utf8_base<char16_t>::do_unshift(_mbstate_t&, char*, char*, char*&) const
0017ed2c 00000010 T std::__codecvt_utf8_base<wchar_t>::do_unshift(_mbstate_t&, char*, char*, char*&) const
0017ed2c 00000010 T std::__codecvt_utf16_base<char32_t>::do_unshift(_mbstate_t&, char*, char*, char*&) const
0017ed2c 00000010 T std::__codecvt_utf16_base<char16_t>::do_unshift(_mbstate_t&, char*, char*, char*&) const
0017ed2c 00000010 T std::__codecvt_utf16_base<wchar_t>::do_unshift(_mbstate_t&, char*, char*, char*&) const
0017ed2c 00000010 T std::__codecvt_utf8_utf16_base<char32_t>::do_unshift(_mbstate_t&, char*, char*, char*&) const
0017ed2c 00000010 T std::__codecvt_utf8_utf16_base<char16_t>::do_unshift(_mbstate_t&, char*, char*, char*&) const
0017ed2c 00000010 T std::__codecvt_utf8_utf16_base<wchar_t>::do_unshift(_mbstate_t&, char*, char*, char*&) const
0017ed2c 00000010 T std::codecvt<char32_t, char, _mbstate_t>::do_unshift(_mbstate_t&, char*, char*, char*&) const
0017ed2c 00000010 T std::codecvt<char16_t, char, _mbstate_t>::do_unshift(_mbstate_t&, char*, char*, char*&) const
0017ed3c 00000008 T std::__codecvt_utf8_base<char32_t>::do_encoding() const
0017ed3c 00000008 T std::__codecvt_utf8_base<char16_t>::do_encoding() const
0017ed3c 00000008 T std::__codecvt_utf8_base<wchar_t>::do_encoding() const
0017ed3c 00000008 T std::__codecvt_utf16_base<char32_t>::do_encoding() const
0017ed3c 00000008 T std::__codecvt_utf16_base<char16_t>::do_encoding() const
0017ed3c 00000008 T std::__codecvt_utf16_base<wchar_t>::do_encoding() const
0017ed3c 00000008 T std::__codecvt_utf8_utf16_base<char32_t>::do_encoding() const
0017ed3c 00000008 T std::__codecvt_utf8_utf16_base<char16_t>::do_encoding() const
0017ed3c 00000008 T std::__codecvt_utf8_utf16_base<wchar_t>::do_encoding() const
0017ed3c 00000008 T std::codecvt<char32_t, char8_t, _mbstate_t>::do_encoding() const
0017ed3c 00000008 T std::codecvt<char32_t, char, _mbstate_t>::do_encoding() const
0017ed3c 00000008 T std::codecvt<char16_t, char8_t, _mbstate_t>::do_encoding() const
0017ed3c 00000008 T std::codecvt<char16_t, char, _mbstate_t>::do_encoding() const
0017ed44 00000008 T std::__codecvt_utf8_base<char32_t>::do_always_noconv() const
0017ed44 00000008 T std::__codecvt_utf8_base<char16_t>::do_always_noconv() const
0017ed44 00000008 T std::__codecvt_utf8_base<wchar_t>::do_always_noconv() const
0017ed44 00000008 T std::__codecvt_utf16_base<char32_t>::do_always_noconv() const
0017ed44 00000008 T std::__codecvt_utf16_base<char16_t>::do_always_noconv() const
0017ed44 00000008 T std::__codecvt_utf16_base<wchar_t>::do_always_noconv() const
0017ed44 00000008 T std::__codecvt_utf8_utf16_base<char32_t>::do_always_noconv() const
0017ed44 00000008 T std::__codecvt_utf8_utf16_base<char16_t>::do_always_noconv() const
0017ed44 00000008 T std::__codecvt_utf8_utf16_base<wchar_t>::do_always_noconv() const
0017ed44 00000008 T std::codecvt<char32_t, char8_t, _mbstate_t>::do_always_noconv() const
0017ed44 00000008 T std::codecvt<char32_t, char, _mbstate_t>::do_always_noconv() const
0017ed44 00000008 T std::codecvt<char16_t, char8_t, _mbstate_t>::do_always_noconv() const
0017ed44 00000008 T std::codecvt<char16_t, char, _mbstate_t>::do_always_noconv() const
0017ed4c 00000008 T std::codecvt<char32_t, char8_t, _mbstate_t>::do_max_length() const
0017ed4c 00000008 T std::codecvt<char32_t, char, _mbstate_t>::do_max_length() const
0017ed4c 00000008 T std::codecvt<char16_t, char8_t, _mbstate_t>::do_max_length() const
0017ed4c 00000008 T std::codecvt<char16_t, char, _mbstate_t>::do_max_length() const
0017ed54 00000010 T std::codecvt<char32_t, char8_t, _mbstate_t>::do_unshift(_mbstate_t&, char8_t*, char8_t*, char8_t*&) const
0017ed54 00000010 T std::codecvt<char16_t, char8_t, _mbstate_t>::do_unshift(_mbstate_t&, char8_t*, char8_t*, char8_t*&) const
0017ed64 000001c0 t char32_t std::(anonymous namespace)::read_utf8_code_point<char>(std::(anonymous namespace)::range<char const, true>&, unsigned long)
0017ef24 000001c0 t char32_t std::(anonymous namespace)::read_utf8_code_point<char8_t>(std::(anonymous namespace)::range<char8_t const, true>&, unsigned long)
0017f0e4 00000020 T std::codecvt<char16_t, char, _mbstate_t>::~codecvt()
0017f0e4 00000020 T std::codecvt<char16_t, char, _mbstate_t>::~codecvt()
0017f104 00000020 T std::codecvt<char32_t, char, _mbstate_t>::~codecvt()
0017f104 00000020 T std::codecvt<char32_t, char, _mbstate_t>::~codecvt()
0017f124 00000020 T std::codecvt<char16_t, char8_t, _mbstate_t>::~codecvt()
0017f124 00000020 T std::codecvt<char16_t, char8_t, _mbstate_t>::~codecvt()
0017f144 00000020 T std::codecvt<char32_t, char8_t, _mbstate_t>::~codecvt()
0017f144 00000020 T std::codecvt<char32_t, char8_t, _mbstate_t>::~codecvt()
0017f164 00000028 T std::codecvt<char16_t, char, _mbstate_t>::~codecvt()
0017f18c 00000028 T std::codecvt<char32_t, char, _mbstate_t>::~codecvt()
0017f1b4 00000028 T std::codecvt<char16_t, char8_t, _mbstate_t>::~codecvt()
0017f1dc 00000028 T std::codecvt<char32_t, char8_t, _mbstate_t>::~codecvt()
0017f204 00000104 t bool std::(anonymous namespace)::write_utf8_code_point<char>(std::(anonymous namespace)::range<char, true>&, char32_t)
0017f308 00000104 t bool std::(anonymous namespace)::write_utf8_code_point<char8_t>(std::(anonymous namespace)::range<char8_t, true>&, char32_t) [clone .part.0]
0017f40c 000000c8 t std::codecvt_base::result std::(anonymous namespace)::utf16_out<char16_t, char>(std::(anonymous namespace)::range<char16_t const, true>&, std::(anonymous namespace)::range<char, true>&, unsigned long, std::codecvt_mode, std::(anonymous namespace)::surrogates) [clone .part.0]
0017f4d4 00000060 T std::codecvt<char16_t, char, _mbstate_t>::do_out(_mbstate_t&, char16_t const*, char16_t const*, char16_t const*&, char*, char*, char*&) const
0017f534 00000060 T std::codecvt<char32_t, char8_t, _mbstate_t>::do_length(_mbstate_t&, char8_t const*, char8_t const*, unsigned int) const
0017f594 0000008c T std::codecvt<char32_t, char8_t, _mbstate_t>::do_in(_mbstate_t&, char8_t const*, char8_t const*, char8_t const*&, char32_t*, char32_t*, char32_t*&) const
0017f620 0000009c T std::codecvt<char16_t, char8_t, _mbstate_t>::do_length(_mbstate_t&, char8_t const*, char8_t const*, unsigned int) const
0017f6bc 000000e4 T std::codecvt<char16_t, char8_t, _mbstate_t>::do_out(_mbstate_t&, char16_t const*, char16_t const*, char16_t const*&, char8_t*, char8_t*, char8_t*&) const
0017f7a0 00000104 t std::codecvt_base::result std::(anonymous namespace)::utf16_in<char, char16_t>(std::(anonymous namespace)::range<char const, true>&, std::(anonymous namespace)::range<char16_t, true>&, unsigned long, std::codecvt_mode)
0017f8a4 00000060 T std::codecvt<char16_t, char, _mbstate_t>::do_in(_mbstate_t&, char const*, char const*, char const*&, char16_t*, char16_t*, char16_t*&) const
0017f904 000000b4 T std::codecvt<char32_t, char8_t, _mbstate_t>::do_out(_mbstate_t&, char32_t const*, char32_t const*, char32_t const*&, char8_t*, char8_t*, char8_t*&) const
0017f9b8 00000098 T std::codecvt<char32_t, char, _mbstate_t>::do_out(_mbstate_t&, char32_t const*, char32_t const*, char32_t const*&, char*, char*, char*&) const
0017fa50 000000e0 T std::codecvt<char16_t, char8_t, _mbstate_t>::do_in(_mbstate_t&, char8_t const*, char8_t const*, char8_t const*&, char16_t*, char16_t*, char16_t*&) const
0017fb30 00000060 T std::codecvt<char32_t, char, _mbstate_t>::do_length(_mbstate_t&, char const*, char const*, unsigned int) const
0017fb90 0000008c T std::codecvt<char32_t, char, _mbstate_t>::do_in(_mbstate_t&, char const*, char const*, char const*&, char32_t*, char32_t*, char32_t*&) const
0017fc1c 0000009c T std::codecvt<char16_t, char, _mbstate_t>::do_length(_mbstate_t&, char const*, char const*, unsigned int) const
0017fcb8 000006a4 T std::locale::_Impl::_M_init_extra(std::locale::facet**)
0018035c 000000dc T std::logic_error::logic_error(char const*)
0018035c 000000dc T std::logic_error::logic_error(char const*)
00180438 00000020 T std::length_error::length_error(char const*)
00180438 00000020 T std::length_error::length_error(char const*)
00180458 00000020 T std::out_of_range::out_of_range(char const*)
00180458 00000020 T std::out_of_range::out_of_range(char const*)
00180478 000000dc T std::runtime_error::runtime_error(char const*)
00180478 000000dc T std::runtime_error::runtime_error(char const*)
00180554 000000c4 T std::__cow_string::__cow_string(char const*, unsigned int)
00180554 000000c4 T std::__cow_string::__cow_string(char const*, unsigned int)
00180618 00000044 T std::ctype<char>::~ctype()
00180618 00000044 T std::ctype<char>::~ctype()
0018065c 00000034 T std::ctype<wchar_t>::~ctype()
0018065c 00000034 T std::ctype<wchar_t>::~ctype()
00180690 0000003c W std::ctype<char>::do_narrow(char const*, char const*, char, char*) const
001806cc 0000003c T std::ctype<wchar_t>::~ctype()
00180708 0000004c T std::ctype<char>::~ctype()
00180754 00000094 T std::ctype<char>::_M_widen_init() const
001807e8 00000058 T std::ctype<wchar_t>::ctype(unsigned int)
001807e8 00000058 T std::ctype<wchar_t>::ctype(unsigned int)
00180840 0000001c T std::ctype<char>::do_toupper(char) const
0018085c 00000018 T std::ctype<char>::do_tolower(char) const
00180874 00000080 T std::ctype<char>::ctype(char const*, bool, unsigned int)
00180874 00000080 T std::ctype<char>::ctype(char const*, bool, unsigned int)
001808f4 0000007c T std::ctype<char>::do_toupper(char*, char const*) const
00180970 00000078 T std::ctype<char>::do_tolower(char*, char const*) const
001809e8 00000060 T std::ctype<wchar_t>::do_is(char, wchar_t) const
00180a48 000000d4 T std::ctype<wchar_t>::_M_convert_to_wmask(char) const
00180b1c 00000008 T std::ctype<wchar_t>::do_toupper(wchar_t) const
00180b24 00000044 T std::ctype<wchar_t>::do_toupper(wchar_t*, wchar_t const*) const
00180b68 00000008 T std::ctype<wchar_t>::do_tolower(wchar_t) const
00180b70 00000044 T std::ctype<wchar_t>::do_tolower(wchar_t*, wchar_t const*) const
00180bb4 00000088 T std::ctype<wchar_t>::do_is(wchar_t const*, wchar_t const*, char*) const
00180c3c 000000d8 T std::ctype<wchar_t>::do_scan_is(char, wchar_t const*, wchar_t const*) const
00180d14 000000d0 T std::ctype<wchar_t>::do_scan_not(char, wchar_t const*, wchar_t const*) const
00180de4 0000000c T std::ctype<wchar_t>::do_widen(char) const
00180df0 0000003c T std::ctype<wchar_t>::do_widen(char const*, char const*, wchar_t*) const
00180e2c 00000040 T std::ctype<wchar_t>::do_narrow(wchar_t, char) const
00180e6c 000000b4 T std::ctype<wchar_t>::do_narrow(wchar_t const*, wchar_t const*, char, char*) const
00180f20 000000b0 T std::ctype<wchar_t>::_M_initialize_ctype()
00180fd0 00000004 T std::ios_base::failure[abi:cxx11]::what() const
00180fd4 00000020 T std::ios_base::failure[abi:cxx11]::~failure()
00180fd4 00000020 T std::ios_base::failure[abi:cxx11]::~failure()
00180ff4 00000028 T std::ios_base::failure[abi:cxx11]::~failure()
0018101c 00000020 T std::__iosfail_type_info::~__iosfail_type_info()
0018101c 00000020 T std::__iosfail_type_info::~__iosfail_type_info()
0018103c 00000028 T std::__iosfail_type_info::~__iosfail_type_info()
00181064 0000004c T std::__iosfail_type_info::__do_upcast(__cxxabiv1::__class_type_info const*, void**) const
001810b0 00000034 W std::__ios_failure::~__ios_failure()
001810b0 00000034 W std::__ios_failure::~__ios_failure()
001810e4 0000003c W std::__ios_failure::~__ios_failure()
00181120 00000094 T std::__throw_ios_failure(char const*)
001811b4 000000b0 T std::__throw_ios_failure(char const*, int)
00181264 0000000c W std::__cxx11::moneypunct<char, false>::do_decimal_point() const
00181270 0000000c W std::__cxx11::moneypunct<char, false>::do_thousands_sep() const
0018127c 0000000c W std::__cxx11::moneypunct<char, false>::do_frac_digits() const
00181288 00000014 W std::__cxx11::moneypunct<char, false>::do_pos_format() const
0018129c 00000014 W std::__cxx11::moneypunct<char, false>::do_neg_format() const
001812b0 0000000c W std::__cxx11::moneypunct<char, true>::do_decimal_point() const
001812bc 0000000c W std::__cxx11::moneypunct<char, true>::do_thousands_sep() const
001812c8 0000000c W std::__cxx11::moneypunct<char, true>::do_frac_digits() const
001812d4 00000014 W std::__cxx11::moneypunct<char, true>::do_pos_format() const
001812e8 00000014 W std::__cxx11::moneypunct<char, true>::do_neg_format() const
001812fc 0000000c W std::__cxx11::numpunct<char>::do_decimal_point() const
00181308 0000000c W std::__cxx11::numpunct<char>::do_thousands_sep() const
00181314 00000008 W std::__cxx11::time_get<char, std::istreambuf_iterator<char, std::char_traits<char> > >::do_date_order() const
0018131c 00000008 W std::__cxx11::messages<char>::do_open(std::__cxx11::basic_string<char, std::char_traits<char>, std::allocator<char> > const&, std::locale const&) const
00181324 00000004 W std::__cxx11::messages<char>::do_close(int) const
00181328 00000020 W std::__cxx11::collate<char>::do_hash(char const*, char const*) const
00181348 00000020 W std::__cxx11::money_get<char, std::istreambuf_iterator<char, std::char_traits<char> > >::~money_get()
00181348 00000020 W std::__cxx11::money_get<char, std::istreambuf_iterator<char, std::char_traits<char> > >::~money_get()
00181368 00000028 W std::__cxx11::money_get<char, std::istreambuf_iterator<char, std::char_traits<char> > >::~money_get()
00181390 00000020 W std::__cxx11::money_put<char, std::ostreambuf_iterator<char, std::char_traits<char> > >::~money_put()
00181390 00000020 W std::__cxx11::money_put<char, std::ostreambuf_iterator<char, std::char_traits<char> > >::~money_put()
001813b0 00000028 W std::__cxx11::money_put<char, std::ostreambuf_iterator<char, std::char_traits<char> > >::~money_put()
001813d8 00000020 W std::__cxx11::time_get<char, std::istreambuf_iterator<char, std::char_traits<char> > >::~time_get()
001813d8 00000020 W std::__cxx11::time_get<char, std::istreambuf_iterator<char, std::char_traits<char> > >::~time_get()
001813f8 00000028 W std::__cxx11::time_get<char, std::istreambuf_iterator<char, std::char_traits<char> > >::~time_get()
00181420 00000028 W std::__cxx11::messages<char>::~messages()
00181420 00000028 W std::__cxx11::messages<char>::~messages()
00181448 0000001c W std::__cxx11::messages<char>::~messages()
00181464 00000028 W std::__cxx11::collate<char>::~collate()
00181464 00000028 W std::__cxx11::collate<char>::~collate()
0018148c 00000094 t void std::__cxx11::basic_string<char, std::char_traits<char>, std::allocator<char> >::_M_construct<char const*>(char const*, char const*, std::forward_iterator_tag) [clone .isra.0]
00181520 00000030 W std::__cxx11::collate<char>::~collate()
00181550 00000058 W std::__cxx11::moneypunct<char, false>::do_grouping() const
001815a8 00000058 W std::__cxx11::moneypunct<char, false>::do_curr_symbol() const
00181600 00000058 W std::__cxx11::moneypunct<char, false>::do_positive_sign() const
00181658 00000058 W std::__cxx11::moneypunct<char, false>::do_negative_sign() const
001816b0 00000058 W std::__cxx11::moneypunct<char, true>::do_grouping() const
00181708 00000058 W std::__cxx11::moneypunct<char, true>::do_curr_symbol() const
00181760 00000058 W std::__cxx11::moneypunct<char, true>::do_positive_sign() const
001817b8 00000058 W std::__cxx11::moneypunct<char, true>::do_negative_sign() const
00181810 00000058 W std::__cxx11::numpunct<char>::do_grouping() const
00181868 00000058 W std::__cxx11::numpunct<char>::do_truename() const
001818c0 00000058 W std::__cxx11::numpunct<char>::do_falsename() const
00181918 000000f8 W std::__cxx11::collate<char>::do_compare(char const*, char const*, char const*, char const*) const
00181a10 000002c4 W std::__cxx11::collate<char>::do_transform(char const*, char const*) const
00181cd4 00001414 W std::istreambuf_iterator<char, std::char_traits<char> > std::__cxx11::money_get<char, std::istreambuf_iterator<char, std::char_traits<char> > >::_M_extract<true>(std::istreambuf_iterator<char, std::char_traits<char> >, std::istreambuf_iterator<char, std::char_traits<char> >, std::ios_base&, std::_Ios_Iostate&, std::__cxx11::basic_string<char, std::char_traits<char>, std::allocator<char> >&) const
001830e8 00001414 W std::istreambuf_iterator<char, std::char_traits<char> > std::__cxx11::money_get<char, std::istreambuf_iterator<char, std::char_traits<char> > >::_M_extract<false>(std::istreambuf_iterator<char, std::char_traits<char> >, std::istreambuf_iterator<char, std::char_traits<char> >, std::ios_base&, std::_Ios_Iostate&, std::__cxx11::basic_string<char, std::char_traits<char>, std::allocator<char> >&) const
001844fc 000000cc W std::__cxx11::money_get<char, std::istreambuf_iterator<char, std::char_traits<char> > >::do_get(std::istreambuf_iterator<char, std::char_traits<char> >, std::istreambuf_iterator<char, std::char_traits<char> >, bool, std::ios_base&, std::_Ios_Iostate&, long double&) const
001845c8 0000018c W std::__cxx11::money_get<char, std::istreambuf_iterator<char, std::char_traits<char> > >::do_get(std::istreambuf_iterator<char, std::char_traits<char> >, std::istreambuf_iterator<char, std::char_traits<char> >, bool, std::ios_base&, std::_Ios_Iostate&, std::__cxx11::basic_string<char, std::char_traits<char>, std::allocator<char> >&) const
00184754 0000074c W std::ostreambuf_iterator<char, std::char_traits<char> > std::__cxx11::money_put<char, std::ostreambuf_iterator<char, std::char_traits<char> > >::_M_insert<true>(std::ostreambuf_iterator<char, std::char_traits<char> >, std::ios_base&, char, std::__cxx11::basic_string<char, std::char_traits<char>, std::allocator<char> > const&) const
00184ea0 0000074c W std::ostreambuf_iterator<char, std::char_traits<char> > std::__cxx11::money_put<char, std::ostreambuf_iterator<char, std::char_traits<char> > >::_M_insert<false>(std::ostreambuf_iterator<char, std::char_traits<char> >, std::ios_base&, char, std::__cxx11::basic_string<char, std::char_traits<char>, std::allocator<char> > const&) const
001855ec 000001f0 W std::__cxx11::money_put<char, std::ostreambuf_iterator<char, std::char_traits<char> > >::do_put(std::ostreambuf_iterator<char, std::char_traits<char> >, bool, std::ios_base&, char, long double) const
001857dc 00000054 W std::__cxx11::money_put<char, std::ostreambuf_iterator<char, std::char_traits<char> > >::do_put(std::ostreambuf_iterator<char, std::char_traits<char> >, bool, std::ios_base&, char, std::__cxx11::basic_string<char, std::char_traits<char>, std::allocator<char> > const&) const
00185830 000002b4 W std::__cxx11::time_get<char, std::istreambuf_iterator<char, std::char_traits<char> > >::_M_extract_num(std::istreambuf_iterator<char, std::char_traits<char> >, std::istreambuf_iterator<char, std::char_traits<char> >, int&, int, int, unsigned int, std::ios_base&, std::_Ios_Iostate&) const
00185ae4 00000918 W std::__cxx11::time_get<char, std::istreambuf_iterator<char, std::char_traits<char> > >::do_get_year(std::istreambuf_iterator<char, std::char_traits<char> >, std::istreambuf_iterator<char, std::char_traits<char> >, std::ios_base&, std::_Ios_Iostate&, tm*) const
001863fc 00000d90 W std::__cxx11::time_get<char, std::istreambuf_iterator<char, std::char_traits<char> > >::_M_extract_name(std::istreambuf_iterator<char, std::char_traits<char> >, std::istreambuf_iterator<char, std::char_traits<char> >, int&, char const**, unsigned int, std::ios_base&, std::_Ios_Iostate&) const
0018718c 000006bc W std::__cxx11::time_get<char, std::istreambuf_iterator<char, std::char_traits<char> > >::_M_extract_wday_or_month(std::istreambuf_iterator<char, std::char_traits<char> >, std::istreambuf_iterator<char, std::char_traits<char> >, int&, char const**, unsigned int, std::ios_base&, std::_Ios_Iostate&) const
00187848 00000244 W std::__cxx11::time_get<char, std::istreambuf_iterator<char, std::char_traits<char> > >::do_get_weekday(std::istreambuf_iterator<char, std::char_traits<char> >, std::istreambuf_iterator<char, std::char_traits<char> >, std::ios_base&, std::_Ios_Iostate&, tm*) const
00187a8c 000002b4 W std::__cxx11::time_get<char, std::istreambuf_iterator<char, std::char_traits<char> > >::do_get_monthname(std::istreambuf_iterator<char, std::char_traits<char> >, std::istreambuf_iterator<char, std::char_traits<char> >, std::ios_base&, std::_Ios_Iostate&, tm*) const
00187d40 0000241c W std::__cxx11::time_get<char, std::istreambuf_iterator<char, std::char_traits<char> > >::_M_extract_via_format(std::istreambuf_iterator<char, std::char_traits<char> >, std::istreambuf_iterator<char, std::char_traits<char> >, std::ios_base&, std::_Ios_Iostate&, tm*, char const*, std::__time_get_state&) const
00187d40 0000241c t std::__cxx11::time_get<char, std::istreambuf_iterator<char, std::char_traits<char> > >::_M_extract_via_format(std::istreambuf_iterator<char, std::char_traits<char> >, std::istreambuf_iterator<char, std::char_traits<char> >, std::ios_base&, std::_Ios_Iostate&, tm*, char const*, std::__time_get_state&) const [clone .localalias]
0018a15c 000001b8 W std::__cxx11::time_get<char, std::istreambuf_iterator<char, std::char_traits<char> > >::do_get_time(std::istreambuf_iterator<char, std::char_traits<char> >, std::istreambuf_iterator<char, std::char_traits<char> >, std::ios_base&, std::_Ios_Iostate&, tm*) const
0018a314 000001b8 W std::__cxx11::time_get<char, std::istreambuf_iterator<char, std::char_traits<char> > >::do_get_date(std::istreambuf_iterator<char, std::char_traits<char> >, std::istreambuf_iterator<char, std::char_traits<char> >, std::ios_base&, std::_Ios_Iostate&, tm*) const
0018a4cc 000001f0 W std::__cxx11::time_get<char, std::istreambuf_iterator<char, std::char_traits<char> > >::do_get(std::istreambuf_iterator<char, std::char_traits<char> >, std::istreambuf_iterator<char, std::char_traits<char> >, std::ios_base&, std::_Ios_Iostate&, tm*, char, char) const
0018a6bc 0000003c W std::__cxx11::messages<char>::messages(unsigned int)
0018a6bc 0000003c W std::__cxx11::messages<char>::messages(unsigned int)
0018a6f8 000000a4 t _GLOBAL__sub_I__ZNSt12ctype_bynameIcEC2ERKNSt7__cxx1112basic_stringIcSt11char_traitsIcESaIcEEEj
0018a79c 00000030 T std::runtime_error::runtime_error(std::__cxx11::basic_string<char, std::char_traits<char>, std::allocator<char> > const&)
0018a79c 00000030 T std::runtime_error::runtime_error(std::__cxx11::basic_string<char, std::char_traits<char>, std::allocator<char> > const&)
0018a7cc 0000000c t (anonymous namespace)::io_error_category::name() const
0018a7d8 00000020 t (anonymous namespace)::io_error_category::~io_error_category()
0018a7d8 00000020 t (anonymous namespace)::io_error_category::~io_error_category()
0018a7f8 00000028 t (anonymous namespace)::io_error_category::~io_error_category()
0018a820 00000084 t (anonymous namespace)::io_error_category::message[abi:cxx11](int) const
0018a8a4 0000000c T std::iostream_category()
0018a8b0 00000008 T std::ios_base::failure::what() const
0018a8b8 00000078 T std::ios_base::failure::~failure()
0018a8b8 00000078 T std::ios_base::failure::~failure()
0018a930 00000080 T std::ios_base::failure::~failure()
0018a9b0 000000b4 T std::ios_base::failure::failure(std::string const&)
0018a9b0 000000b4 T std::ios_base::failure::failure(std::string const&)
0018aa64 00000114 T std::__construct_ios_failure(void*, char const*)
0018ab78 000000a0 T std::__destroy_ios_failure(void*)
0018ac18 0000000c T std::__is_ios_failure_handler(__cxxabiv1::__class_type_info const*)
0018ac28 00000264 T sinf
0018ae90 00000258 T log
0018b0e8 000000b0 T sin
0018b198 00000024 t with_errno
0018b1bc 00000028 t xflow
0018b1e8 00000010 T __math_uflow
0018b1f8 00000010 T __math_oflow
0018b208 00000048 T __math_divzero
0018b250 0000001c T __math_invalid
0018b26c 00000014 T __math_check_uflow
0018b280 00000028 T __math_check_oflow
0018b2a8 00000310 T __ieee754_rem_pio2
0018b5b8 00000740 T pow
0018bcf8 000008b8 T __kernel_rem_pio2
0018c5b0 00000140 T scalbn
0018c6f0 000000c0 T __kernel_sin
0018c7b0 000000a8 T cos
0018c858 00000024 t with_errnof
0018c87c 0000001c T __math_invalidf
0018c898 00000144 T floor
0018c9e0 0000025c T cosf
0018cc40 00000150 T __kernel_cos
0018ccf5 N 
0018ccf5 N 
0018ccf5 N 
0018ccf5 N 
0018ccf5 N 
0018ccf5 N 
0018ccf5 N 
0018ccf5 N 
0018ccf5 N 
0018ccf5 N 
0018ccf5 N 
0018ccf5 N 
0018ccf5 N 
0018ccf5 N 
0018ccf5 N 
0018ccf5 N 
0018ccf5 N 
0018ccf5 N 
0018ccf5 N 
0018ccf5 N 
0018ccf5 N 
0018ccf5 N 
0018ccf5 N 
0018ccf5 N 
0018ccf5 N 
0018ccf5 N 
0018ccf5 N 
0018ccf5 N 
0018ccf5 N 
0018ccf5 N 
0018ccf5 N 
0018ccf5 W KoreanFFFFHiComMemoryRule.cpp.97dbe017
0018cd90 00000014 T fabs
0018cda4 0000002c T __aeabi_d2lz
0018cda4 0000002c T __fixdfdi
0018cdd0 00000040 T __aeabi_d2ulz
0018cdd0 00000040 T __fixunsdfdi
0018ce10 00000130 T __udivmoddi4
0018cf40 00000018 t selfrel_offset31
0018cf58 00000090 t search_EIT_table
0018cfe8 00000040 t __gnu_unwind_get_pr_addr
0018d028 00000110 t get_eit_entry
0018d138 00000088 t restore_non_core_regs
0018d1c0 00000014 t _Unwind_decode_typeinfo_ptr.constprop.0
0018d1d4 00000004 t _Unwind_DebugHook
0018d1d8 00000064 t unwind_phase2
0018d23c 0000013c t unwind_phase2_forced
0018d378 000000a4 T __gnu_Unwind_RaiseException
0018d41c 00000020 T __gnu_Unwind_ForcedUnwind
0018d43c 00000074 T __gnu_Unwind_Resume
0018d4b0 00000020 T __gnu_Unwind_Resume_or_Rethrow
0018d4d0 00000004 T _Unwind_Complete
0018d4d4 00000018 T _Unwind_DeleteException
0018d4ec 0000007c T _Unwind_VRS_Get
0018d568 0000002c t _Unwind_GetGR
0018d594 0000007c T _Unwind_VRS_Set
0018d610 0000002c t _Unwind_SetGR
0018d63c 000000c0 T __gnu_Unwind_Backtrace
0018d6fc 00000404 t __gnu_unwind_pr_common
0018db00 00000008 T __aeabi_unwind_cpp_pr0
0018db08 00000008 W __aeabi_unwind_cpp_pr1
0018db10 00000008 W __aeabi_unwind_cpp_pr2
0018db18 00000454 T _Unwind_VRS_Pop
0018df6c 00000064 t next_unwind_byte
0018dfd0 0000002c t _Unwind_GetGR.constprop.0
0018dffc 00000004 t unwind_UCB_from_context
0018e000 0000046c T __gnu_unwind_execute
0018e46c 00000048 T __gnu_unwind_frame
0018e4b4 00000010 T _Unwind_GetRegionStart
0018e4c4 0000001c T _Unwind_GetLanguageSpecificData
0018e4e0 00000008 T _Unwind_GetDataRelBase
0018e4e8 00000008 T _Unwind_GetTextRelBase
0018e4f0 000000e4 T strncat
0018e5d4 00000028 T fstat
0018e5fc 00000024 T getenv
0018e620 00000078 T sscanf
0018e698 00000128 T memcpy
0018e7c0 00000008 T wmemcpy
0018e7c8 00000008 T towupper
0018e7d0 0000008c T strlen
0018e85c 00000078 T bsearch
0018e8d4 00000140 t iso_year_adjust
0018ea14 000011d0 t __strftime.isra.0
0018fbe4 00000038 T wcsftime
0018fc1c 00000050 t get_arg
0018fc6c 00002b88 T __ssvfscanf_r
001927f4 00000134 T _fopen_r
00192928 00000028 T fopen
00192950 00000060 t sulp
001929b0 00001428 T _strtod_l
00193dd8 00000044 T _strtod_r
00193e1c 00000048 T strtod
00193e68 00000110 T strtof
00193f78 0000002c T wcslen
00193fa4 00000028 T memalign
00193fcc 00000264 t _strtoull_l.isra.0
00194230 00000038 T _strtoull_r
00194268 000000a0 T _wcrtomb_r
00194308 000000a8 T wcrtomb
001943b0 000000f4 t rshift
001944a4 000008b4 T __gethex
00194d58 00000044 T towctrans
00194d9c 000000c0 T fileno
00194e5c 000001ec t _strtoul_l.isra.0
00195048 00000038 T _strtoul_r
00195080 0000003c T strtoul
001950bc 000000c4 T _mbrtowc_r
00195180 000000b8 T mbrtowc
00195238 00000140 T strchr
00195378 0000000c T __tz_lock
00195384 0000000c T __tz_unlock
00195390 000000d8 T memcmp
00195468 00000198 T _fgets_r
00195600 00000030 T fgets
00195630 00000028 T calloc
00195658 00000034 T wcscpy
0019568c 000000f8 T __sccl
00195784 00000334 t validate_structure
00195ab8 000004d8 T mktime
00195f90 0000016c T _memalign_r
001960fc 0000007c T btowc
00196178 0000000c T __errno
00196184 0000000c T labs
00196190 00000014 T abort
001961a4 00000164 T __smakebuf_r
00196308 00000090 T __swhatbuf_r
00196398 00000030 T lseek
001963c8 0000047c t _strtoll_l.isra.0
00196844 00000038 T _strtoll_r
0019687c 00000078 T __currentlocale
001968f4 000007c8 T __loadlocale
001970bc 0000008c T __get_locale_env
00197148 00000358 T _setlocale_r
001974a0 00000024 T __locale_mb_cur_max
001974c4 00000028 T setlocale
001974ec 000000e4 T memset
001975d0 00000030 T wmemchr
00197600 000000d8 T _calloc_r
001976d8 0000022c T __sflush_r
00197904 000000c4 T _fflush_r
001979c8 00000044 T fflush
00197a0c 00000088 T _vsnprintf_r
00197a94 00000038 T vsnprintf
00197acc 00000028 T realloc
00197af4 00000258 T __tzcalc_limits
00197d4c 0000082c T _malloc_r
00198578 00000114 T _malloc_trim_r
0019868c 00000314 T _free_r
001989a0 00000294 T setvbuf
00198c34 00000050 t get_arg
00198c84 000000e4 T _sungetc_r
00198d68 0000006c T __ssrefill_r
00198dd4 000000b4 T _sfread_r
00198e88 000022c4 T __ssvfiscanf_r
0019b14c 0000001c t stdio_exit_handler
0019b168 0000005c t cleanup_stdio
0019b1c4 00000154 t global_stdio_init.part.0
0019b318 00000138 T __sfp
0019b450 0000005c T __sinit
0019b4ac 0000000c T __sfp_lock_acquire
0019b4b8 0000000c T __sfp_lock_release
0019b4c4 00000384 t _strtol_l.part.0
0019b848 0000006c T _strtol_r
0019b8b4 00000074 T strtol
0019b928 00000084 T __libc_init_array
0019b9ac 000000d4 T strncpy
0019ba80 0000001c T _fseek_r
0019ba9c 000001c8 T _wctype_r
0019bc64 00000020 T wctype
0019bc84 00000010 T _tzset_unlocked
0019bc94 000000c4 T swprintf
0019bd58 00000040 T malloc
0019bd98 00000020 T free
0019bdb8 000000e8 T memchr
0019bea0 00000024 T wmemset
0019bec4 00000004 T wcscoll
0019bec8 00000030 T write
0019bef8 00000058 T iswctype
0019bf50 00000080 T wctob
0019bfd0 0000000c T __gettzinfo
0019bfdc 00000040 T mbstowcs
0019c01c 000000dc T _findenv_r
0019c0f8 00000018 T _getenv_r
0019c110 00000024 T _localeconv_r
0019c134 00000044 T __sread
0019c178 00000008 T __seofread
0019c180 00000068 T __swrite
0019c1e8 00000040 T __sseek
0019c228 00000008 T __sclose
0019c230 00000078 T strxfrm
0019c2a8 000001a8 T memmove
0019c450 000004f0 T _realloc_r
0019c940 0000000c T __malloc_lock
0019c94c 0000000c T __malloc_unlock
0019c958 00000588 T _fseeko_r
0019cee0 00000148 T _fclose_r
0019d028 00000020 T fclose
0019d048 00000048 T time
0019d090 00000030 T read
0019d0c0 00000004 W __call_exitprocs
0019d0c4 00000030 T exit
0019d0f4 00000008 T towlower
0019d0fc 000005e0 t get_arg
0019d3db N 
0019d3db N 
0019d3db N 
0019d3db N 
0019d3db N 
0019d3db N 
0019d3db N 
0019d3db N 
0019d3db N 
0019d3db N 
0019d3db N 
0019d3db N 
0019d3db N 
0019d3db N 
0019d3db N 
0019d3db N 
0019d3db N 
0019d3db N 
0019d3db N 
0019d3db N 
0019d3db N 
0019d3db N 
0019d3db N 
0019d3db N 
0019d3db N 
0019d3db N 
0019d3db N 
0019d3db N 
0019d3db N 
0019d3db N 
0019d3db N 
0019d3db W KoreanMDFFF0MemoryRule.cpp.72e3c721
0019d6e0 0000345c T _svfprintf_r
001a0b3c 000000b8 T __sflags
001a0bf4 00000004 T wcsxfrm
001a0bf8 00000028 T stat
001a0c20 0000002c T __ascii_wctomb
001a0c4c 000000f8 T __utf8_wctomb
001a0d44 00000088 T __sjis_wctomb
001a0dcc 000000b4 T __eucjp_wctomb
001a0e80 000000c8 T __jis_wctomb
001a0f48 00000048 T wcslcpy
001a0f90 00000008 T iswlower
001a0f98 0000003c T __libc_fini_array
001a0fd4 0000003c T strnlen
001a1010 00000008 T iswblank
001a1018 000000d8 T strncmp
001a10f0 00000004 T strcoll
001a10f4 000000a0 T __xpg_strerror_r
001a1194 00000648 T _tzset_unlocked_r
001a17dc 00000020 T iswxdigit
001a17fc 00000008 T wmemmove
001a1804 0000002c T wcscmp
001a1830 00000008 T iswalnum
001a1838 00000070 T __match
001a18a8 000002a8 T __hexnan
001a1b50 00000238 T towctrans_l
001a1d88 00000068 T sprintf
001a1df0 00000010 T __set_ctype
001a1e00 00000140 t iso_year_adjust
001a1f40 00001118 t __strftime.isra.0
001a3058 00000038 T strftime
001a3090 00000038 t lflush
001a30c8 000001a8 T __srefill_r
001a3270 00000010 T nan
001a3280 0000000c T nanf
001a3290 00000088 T frexp
001a3318 000000bc T strcat
001a33d4 000001f0 T _wcstoul_l
001a35c4 00000054 T wcstoul
001a3618 000000dc T stpncpy
001a36f4 0000000c T __env_lock
001a3700 0000000c T __env_unlock
001a370c 0000005c T __assert_func
001a3768 00000008 T iswspace
001a3770 00000088 T _Balloc
001a37f8 0000001c T _Bfree
001a3814 000000f4 T __multadd
001a3908 0000010c T __s2b
001a3a14 00000080 T __hi0bits
001a3a94 000000f0 T __lo0bits
001a3b84 000000a4 T __i2b
001a3c28 00000230 T __multiply
001a3e58 00000130 T __pow5mult
001a3f88 00000138 T __lshift
001a40c0 00000058 T __mcmp
001a4118 00000218 T __mdiff
001a4330 00000068 T __ulp
001a4398 000000d4 T __b2d
001a446c 00000120 T __d2b
001a458c 00000078 T __ratio
001a4604 0000008c T __copybits
001a4690 0000005c T __any_on
001a46ec 00000014 T iswdigit
001a4700 0000000c T abs
001a470c 00000070 T _fwalk_sglue
001a477c 00000044 T strlcpy
001a47c0 00000068 T strcasecmp
001a4828 00000024 T div
001a484c 000005e0 t get_arg
001a4e2c 0000226c T _svfiprintf_r
001a7098 00000038 T iswalnum_l
001a70d0 000000b8 T __submore
001a7188 000000a4 T __ssprint_r
001a722c 00000044 T __ascii_mbtowc
001a7270 00000340 T __utf8_mbtowc
001a75b0 000000dc T __sjis_mbtowc
001a768c 00000150 T __eucjp_mbtowc
001a77dc 000001d8 T __jis_mbtowc
001a79b4 0000003c T fiprintf
001a79f0 00000008 T iswprint
001a79f8 00000008 T iswcntrl
001a7a00 00000094 T strncasecmp
001a7a94 00000008 T iswupper
001a7a9c 0000009c T _raise_r
001a7b38 00000020 T raise
001a7b58 00000410 T _strerror_r
001a7f68 000000b8 T _mbstowcs_r
001a8020 000000f0 T strcpy
001a8110 00000008 T iswalpha
001a8118 00000008 T iswgraph
001a8120 00000090 T category
001a81b0 000001c0 t quorem
001a8370 00001420 T _dtoa_r
001a9790 00000044 T iswlower_l
001a97d4 00000020 T iswblank_l
001a97f8 00000288 t wcvt
001a9a80 0000057c t get_arg.isra.0
001aa000 00003134 T _svfwprintf_r
001ad134 00000044 T iswupper_l
001ad178 00000028 T _wcsrtombs_r
001ad1a0 00000078 T siscanf
001ad218 00000008 T iswpunct
001ad220 00000038 T iswspace_l
001ad258 00000008 T _user_strerror
001ad260 0000012c T __ssputs_r
001ad38c 000000fc T _mbsnrtowcs_r
001ad488 000005e0 t get_arg
001ada68 000022f8 T _vfiprintf_r
001adb1b N 
001adb1b N 
001adb1b N 
001adb1b N 
001adb1b N 
001adb1b N 
001adb1b N 
001adb1b N 
001adb1b N 
001adb1b N 
001adb1b N 
001adb1b N 
001adb1b N 
001adb1b N 
001adb1b N 
001adb1b N 
001adb1b N 
001adb1b N 
001adb1b N 
001adb1b N 
001adb1b N 
001adb1b N 
001adb1b N 
001adb1b N 
001adb1b N 
001adb1b N 
001adb1b N 
001adb1b N 
001adb1b N 
001adb1b N 
001adb1b N 
001adb1b W KoreanMDFFF5MemoryRule.cpp.c432db87
001afd60 000000b4 t __sbprintf
001afe14 0000015c T _wcsnrtombs_l
001aff70 00000064 T _wcsnrtombs_r
001affd4 000000a0 T sniprintf
001b0074 00000040 T mbrlen
001b00b4 00000018 T iswprint_l
001b00cc 00000024 T iswcntrl_l
001b00f0 00000024 T iswalpha_l
001b0114 00000024 T iswgraph_l
001b0138 00000020 T iswpunct_l
001b0158 00000030 T __sprint_r
001b0188 000000a4 T __sswprint_r
001b022c 00000140 T __swsetup_r
001b036c 000004a4 T __sfvwrite_r
001b0810 000000a0 T snprintf
001b08b0 00000034 T printf
001b08e4 000000e0 T _puts_r
001b09c4 00000020 T puts
001b09e4 0000001c T tolower
001b0a00 000005e0 t get_arg
001b0fe0 00003554 T _vfprintf_r
001b4534 000000b4 t __sbprintf
001b45e8 00000020 T _exit
001b4608 00000140 T chdir
001b4748 000001c8 T _concatenate_path
001b4910 00000070 t __dirnext
001b4980 00000114 T opendir
001b4a94 00000098 T closedir
001b4b2c 000000f8 T readdir_r
001b4c24 00000048 T readdir
001b4c6c 0000009c T _fstat_r
001b4d08 00000014 T _getpid_r
001b4d1c 0000002c T __getreent
001b4d48 00000030 T _gettimeofday_r
001b4d78 000000a0 T __release_handle
001b4e18 000000b0 T __alloc_handle
001b4ec8 00000058 T __get_handle
001b4f20 00000110 T _close_r
001b5030 00000008 t null_write
001b5038 00000018 T setDefaultDevice
001b5050 00000098 T FindDevice
001b50e8 00000024 T RemoveDevice
001b510c 00000088 T AddDevice
001b5194 00000020 T GetDeviceOpTab
001b51b4 00000008 T _isatty_r
001b51bc 00000014 T _kill_r
001b51d0 00000094 T _lseek_r
001b5264 00000060 T pthread_mutex_lock
001b52c4 00000060 T pthread_mutex_unlock
001b5324 00000018 T pthread_cond_broadcast
001b533c 00000060 T pthread_cond_wait
001b539c 0000009c T pthread_once
001b5438 00000034 T pthread_key_create
001b546c 00000024 T pthread_setspecific
001b5490 00000024 T pthread_getspecific
001b54b4 00000024 T pthread_key_delete
001b54d8 000000c0 T _open_r
001b5598 00000094 T _read_r
001b562c 00000078 W _sbrk_r
001b56a4 00000080 T _stat_r
001b5724 0000001c T __libc_lock_acquire
001b5740 0000001c T __libc_lock_release
001b575c 0000001c T __libc_lock_acquire_recursive
001b5778 0000001c T __libc_lock_release_recursive
001b5794 00000024 T __libc_cond_broadcast
001b57b8 00000024 T __libc_cond_wait
001b57dc 00000024 T __libc_cond_wait_recursive
001b5800 00000094 T _write_r
001b5894 00000048 T strrchr
001b58dc T _fini
001b6114 00000040 r updateTexture(C3D_Tex&)::swizzle
001b6154 0000000c R _ZL13noise_periods.lto_priv.0
001b6160 000000e4 R _ZL12kVdpHCounter.lto_priv.0
001b6244 00000010 R _ZL7volumes.lto_priv.0
001b6254 00000400 r kCRC32_tab
001b6654 00000006 r s_min_table_sizes.5
001b665c 00000013 r s_length_dezigzag.4
001b6670 0000001f r s_length_extra.3
001b6690 0000003e r s_length_base.2
001b66d0 00000020 r s_dist_extra.1
001b66f0 00000040 r s_dist_base.0
001b6730 00000004 r k2bitTo6bit
001b6734 00000004 r k2bitTo5bit
001b6738 00000010 r k4bitTo6bit
001b6748 00000010 r k4bitTo5bit
001b6758 00000024 r vtable for SmsIOPorts
001b677c 00000024 r vtable for GameGearIOPorts
001b67a0 00000030 r kSG1000_palette_888_normal
001b67d0 00000030 r kSG1000_palette_888_sg1000ii
001b6800 00000030 r kSG1000_palette_888_sms
001b6830 0000004c R vtable for SG1000MemoryRule
001b687c 0000004c r vtable for CodemastersMemoryRule
001b68c8 0000004c R vtable for SegaMemoryRule
001b6914 0000004c R vtable for RomOnlyMemoryRule
001b6960 0000004c R vtable for KoreanMemoryRule
001b69ac 0000004c R vtable for KoreanMSXSMS8000MemoryRule
001b69f8 0000004c R vtable for KoreanSMS32KB2000MemoryRule
001b6a44 0000004c R vtable for KoreanMSX32KB2000MemoryRule
001b6a90 0000004c R vtable for Korean2000XOR1FMemoryRule
001b6adc 0000004c R vtable for KoreanMSX8KB0300MemoryRule
001b6b28 0000004c R vtable for Korean0000XORFFMemoryRule
001b6b74 0000004c R vtable for KoreanFFFFHiComMemoryRule
001b6bc0 0000004c R vtable for KoreanFFFEMemoryRule
001b6c0c 0000004c R vtable for KoreanBFFCMemoryRule
001b6c58 0000004c R vtable for KoreanFFF3FFFCMemoryRule
001b6ca4 0000004c R vtable for KoreanMDFFF5MemoryRule
001b6cf0 0000004c R vtable for KoreanMDFFF0MemoryRule
001b6d3c 0000004c R vtable for MSXMemoryRule
001b6d88 0000004c R vtable for JanggunMemoryRule
001b6dd4 0000004c R vtable for Multi4PAKAllActionMemoryRule
001b6e20 0000004c R vtable for JumboDahjeeMemoryRule
001b6e6c 0000004c r vtable for Eeprom93C46MemoryRule
001b6eb8 0000004c r vtable for BootromMemoryRule
001b6f04 0000004c R vtable for IratahackMemoryRule
001b6f50 000015c0 r kGameDatabase
001b8a34 00000084 r IratahackMemoryRule::kFlashSeqs
001b8ab8 00000100 r kOPCodeXYCBTStates
001b8bb8 00000100 r kOPCodeCBTStates
001b8cb8 00000100 r kOPCodeEDTStates
001b8db8 00000100 r kOPCodeXYTStates
001b8eb8 00000100 r kOPCodeTStates
001b8fb8 00000100 r kOPCodeTStatesBranched
001b90b8 00000100 R _ZL15kZ80ParityTable.lto_priv.0
001b90b8 00000100 R _ZL15kZ80ParityTable.lto_priv.1
001b90b8 00000100 R _ZL15kZ80ParityTable.lto_priv.2
001b91b8 00001000 r kOPCodeDAATable
001ba1cc 00000098 r table
001ba264 00000200 r ksl_tab
001ba464 00000060 R eg_rate_select.lto_priv.0
001ba4c4 00000060 R eg_rate_shift.lto_priv.0
001ba524 000000d2 r lfo_am_table
001ba5f8 000000e0 r eg_inc
001ba6d8 00000110 r eg_mul
001ba7e8 00000040 r lfo_pm_table
001ba890 00000010 r mul_tab
001ba8a0 00000040 r sl_tab
001ba8e0 00000400 r s_crc_table.9
001bace0 00000008 r s_defaultTint.0
001bad38 r .LC3
001bb024 r .LC11
001bb024 r .LC11
001bb024 r .LC16
001bb024 r .LC16
001bb030 r .LC12
001bb030 r .LC12
001bb030 r .LC17
001bb030 r .LC17
001bb038 r .LC13
001bb038 r .LC13
001bb038 r .LC18
001bb038 r .LC18
001bc000 r .LC2
001be257 N 
001be257 N 
001be257 N 
001be257 N 
001be257 N 
001be257 N 
001be257 N 
001be257 N 
001be257 N 
001be257 N 
001be257 N 
001be257 N 
001be257 N 
001be257 N 
001be257 N 
001be257 N 
001be257 N 
001be257 N 
001be257 N 
001be257 N 
001be257 N 
001be257 N 
001be257 N 
001be257 N 
001be257 N 
001be257 N 
001be257 N 
001be257 N 
001be257 N 
001be257 N 
001be257 N 
001be257 N 
001be257 W KoreanMSX32KB2000MemoryRule.cpp.e0f8eba5
001be944 R render2d_shbin
001bead0 00000004 r depthFmtSizes
001bead0 R render2d_shbin_end
001bead4 00000005 r colorFmtSizes
001beadc 00000010 r CSWTCH.11
001beaec 00000038 r CSWTCH.19
001bed68 00000080 r dotab_stdout
001bede8 00000018 r grayScale
001bee00 00000006 r colorCube
001bee08 00000030 r colorTable
001bee38 00000080 r romFS_devoptab
001beec4 00000011 r dsp_filename.0
001beef4 00000008 r morton_y.2
001beefc 00000008 r morton_x.3
001bef04 00000008 r s_sleepWakeEvents.4
001bef0c 0000000c r serviceNameTable.5
001bef18 R default_font_bin
001bf718 R default_font_bin_end
001bf718 00000030 r error_table
001bf748 00000080 r archive_devoptab
001bf7c8 00000012 R typeinfo name for std::locale::facet
001bf7dc 00000008 R typeinfo for std::locale::facet
001bf7e4 00000027 V typeinfo name for __gnu_cxx::__concurrence_lock_error
001bf80c 0000000c V typeinfo for __gnu_cxx::__concurrence_lock_error
001bf818 00000029 V typeinfo name for __gnu_cxx::__concurrence_unlock_error
001bf844 0000000c V typeinfo for __gnu_cxx::__concurrence_unlock_error
001bf850 00000014 V vtable for __gnu_cxx::__concurrence_lock_error
001bf864 00000014 V vtable for __gnu_cxx::__concurrence_unlock_error
001bf878 00000002 R std::locale::facet::_S_c_name
001bf87c 000001f0 r CSWTCH.14
001bfa98 00000020 r typeinfo for std::__facet_shims::(anonymous namespace)::numpunct_shim<char>
001bfab8 00000035 r typeinfo name for std::__facet_shims::(anonymous namespace)::numpunct_shim<char>
001bfaf0 00000020 r typeinfo for std::__facet_shims::(anonymous namespace)::collate_shim<char>
001bfb10 00000034 r typeinfo name for std::__facet_shims::(anonymous namespace)::collate_shim<char>
001bfb44 00000020 r typeinfo for std::__facet_shims::(anonymous namespace)::moneypunct_shim<char, true>
001bfb64 0000003b r typeinfo name for std::__facet_shims::(anonymous namespace)::moneypunct_shim<char, true>
001bfba0 00000020 r typeinfo for std::__facet_shims::(anonymous namespace)::moneypunct_shim<char, false>
001bfbc0 0000003b r typeinfo name for std::__facet_shims::(anonymous namespace)::moneypunct_shim<char, false>
001bfbfc 00000020 r typeinfo for std::__facet_shims::(anonymous namespace)::money_get_shim<char>
001bfc1c 00000036 r typeinfo name for std::__facet_shims::(anonymous namespace)::money_get_shim<char>
001bfc54 00000020 r typeinfo for std::__facet_shims::(anonymous namespace)::money_put_shim<char>
001bfc74 00000036 r typeinfo name for std::__facet_shims::(anonymous namespace)::money_put_shim<char>
001bfcac 00000020 r typeinfo for std::__facet_shims::(anonymous namespace)::messages_shim<char>
001bfccc 00000035 r typeinfo name for std::__facet_shims::(anonymous namespace)::messages_shim<char>
001bfd04 00000020 r typeinfo for std::__facet_shims::(anonymous namespace)::numpunct_shim<wchar_t>
001bfd24 00000035 r typeinfo name for std::__facet_shims::(anonymous namespace)::numpunct_shim<wchar_t>
001bfd5c 00000020 r typeinfo for std::__facet_shims::(anonymous namespace)::collate_shim<wchar_t>
001bfd7c 00000034 r typeinfo name for std::__facet_shims::(anonymous namespace)::collate_shim<wchar_t>
001bfdb0 00000020 r typeinfo for std::__facet_shims::(anonymous namespace)::moneypunct_shim<wchar_t, true>
001bfdd0 0000003b r typeinfo name for std::__facet_shims::(anonymous namespace)::moneypunct_shim<wchar_t, true>
001bfe0c 00000020 r typeinfo for std::__facet_shims::(anonymous namespace)::moneypunct_shim<wchar_t, false>
001bfe2c 0000003b r typeinfo name for std::__facet_shims::(anonymous namespace)::moneypunct_shim<wchar_t, false>
001bfe68 00000020 r typeinfo for std::__facet_shims::(anonymous namespace)::money_get_shim<wchar_t>
001bfe88 00000036 r typeinfo name for std::__facet_shims::(anonymous namespace)::money_get_shim<wchar_t>
001bfec0 00000020 r typeinfo for std::__facet_shims::(anonymous namespace)::money_put_shim<wchar_t>
001bfee0 00000036 r typeinfo name for std::__facet_shims::(anonymous namespace)::money_put_shim<wchar_t>
001bff18 00000020 r typeinfo for std::__facet_shims::(anonymous namespace)::messages_shim<wchar_t>
001bff38 00000035 r typeinfo name for std::__facet_shims::(anonymous namespace)::messages_shim<wchar_t>
001bff70 00000019 V typeinfo name for std::locale::facet::__shim
001bff8c 00000008 V typeinfo for std::locale::facet::__shim
001bff94 00000020 r typeinfo for std::__facet_shims::(anonymous namespace)::time_get_shim<char>
001bffb4 00000035 r typeinfo name for std::__facet_shims::(anonymous namespace)::time_get_shim<char>
001bffec 00000020 r typeinfo for std::__facet_shims::(anonymous namespace)::time_get_shim<wchar_t>
001c000c 00000035 r typeinfo name for std::__facet_shims::(anonymous namespace)::time_get_shim<wchar_t>
001c0044 00000024 r vtable for std::__facet_shims::(anonymous namespace)::numpunct_shim<char>
001c0068 0000001c r vtable for std::__facet_shims::(anonymous namespace)::collate_shim<char>
001c0084 00000034 r vtable for std::__facet_shims::(anonymous namespace)::moneypunct_shim<char, true>
001c00b8 00000034 r vtable for std::__facet_shims::(anonymous namespace)::moneypunct_shim<char, false>
001c00ec 00000018 r vtable for std::__facet_shims::(anonymous namespace)::money_get_shim<char>
001c0104 00000018 r vtable for std::__facet_shims::(anonymous namespace)::money_put_shim<char>
001c011c 0000001c r vtable for std::__facet_shims::(anonymous namespace)::messages_shim<char>
001c0138 00000024 r vtable for std::__facet_shims::(anonymous namespace)::numpunct_shim<wchar_t>
001c015c 0000001c r vtable for std::__facet_shims::(anonymous namespace)::collate_shim<wchar_t>
001c0178 00000034 r vtable for std::__facet_shims::(anonymous namespace)::moneypunct_shim<wchar_t, true>
001c01ac 00000034 r vtable for std::__facet_shims::(anonymous namespace)::moneypunct_shim<wchar_t, false>
001c01e0 00000018 r vtable for std::__facet_shims::(anonymous namespace)::money_get_shim<wchar_t>
001c01f8 00000018 r vtable for std::__facet_shims::(anonymous namespace)::money_put_shim<wchar_t>
001c0210 0000001c r vtable for std::__facet_shims::(anonymous namespace)::messages_shim<wchar_t>
001c022c 00000028 r vtable for std::__facet_shims::(anonymous namespace)::time_get_shim<char>
001c0254 00000028 r vtable for std::__facet_shims::(anonymous namespace)::time_get_shim<wchar_t>
001c02a8 00000020 r typeinfo for std::__facet_shims::(anonymous namespace)::numpunct_shim<char>
001c02c8 00000035 r typeinfo name for std::__facet_shims::(anonymous namespace)::numpunct_shim<char>
001c0300 00000020 r typeinfo for std::__facet_shims::(anonymous namespace)::collate_shim<char>
001c0320 00000034 r typeinfo name for std::__facet_shims::(anonymous namespace)::collate_shim<char>
001c0354 00000020 r typeinfo for std::__facet_shims::(anonymous namespace)::moneypunct_shim<char, true>
001c0374 0000003b r typeinfo name for std::__facet_shims::(anonymous namespace)::moneypunct_shim<char, true>
001c03b0 00000020 r typeinfo for std::__facet_shims::(anonymous namespace)::moneypunct_shim<char, false>
001c03d0 0000003b r typeinfo name for std::__facet_shims::(anonymous namespace)::moneypunct_shim<char, false>
001c040c 00000020 r typeinfo for std::__facet_shims::(anonymous namespace)::money_get_shim<char>
001c042c 00000036 r typeinfo name for std::__facet_shims::(anonymous namespace)::money_get_shim<char>
001c0464 00000020 r typeinfo for std::__facet_shims::(anonymous namespace)::money_put_shim<char>
001c0484 00000036 r typeinfo name for std::__facet_shims::(anonymous namespace)::money_put_shim<char>
001c04bc 00000020 r typeinfo for std::__facet_shims::(anonymous namespace)::messages_shim<char>
001c04dc 00000035 r typeinfo name for std::__facet_shims::(anonymous namespace)::messages_shim<char>
001c0514 00000020 r typeinfo for std::__facet_shims::(anonymous namespace)::numpunct_shim<wchar_t>
001c0534 00000035 r typeinfo name for std::__facet_shims::(anonymous namespace)::numpunct_shim<wchar_t>
001c056c 00000020 r typeinfo for std::__facet_shims::(anonymous namespace)::collate_shim<wchar_t>
001c058c 00000034 r typeinfo name for std::__facet_shims::(anonymous namespace)::collate_shim<wchar_t>
001c05c0 00000020 r typeinfo for std::__facet_shims::(anonymous namespace)::moneypunct_shim<wchar_t, true>
001c05e0 0000003b r typeinfo name for std::__facet_shims::(anonymous namespace)::moneypunct_shim<wchar_t, true>
001c061c 00000020 r typeinfo for std::__facet_shims::(anonymous namespace)::moneypunct_shim<wchar_t, false>
001c063c 0000003b r typeinfo name for std::__facet_shims::(anonymous namespace)::moneypunct_shim<wchar_t, false>
001c0678 00000020 r typeinfo for std::__facet_shims::(anonymous namespace)::money_get_shim<wchar_t>
001c0698 00000036 r typeinfo name for std::__facet_shims::(anonymous namespace)::money_get_shim<wchar_t>
001c06d0 00000020 r typeinfo for std::__facet_shims::(anonymous namespace)::money_put_shim<wchar_t>
001c06f0 00000036 r typeinfo name for std::__facet_shims::(anonymous namespace)::money_put_shim<wchar_t>
001c0728 00000020 r typeinfo for std::__facet_shims::(anonymous namespace)::messages_shim<wchar_t>
001c0748 00000035 r typeinfo name for std::__facet_shims::(anonymous namespace)::messages_shim<wchar_t>
001c0780 00000020 r typeinfo for std::__facet_shims::(anonymous namespace)::time_get_shim<char>
001c07a0 00000035 r typeinfo name for std::__facet_shims::(anonymous namespace)::time_get_shim<char>
001c07d8 00000020 r typeinfo for std::__facet_shims::(anonymous namespace)::time_get_shim<wchar_t>
001c07f8 00000035 r typeinfo name for std::__facet_shims::(anonymous namespace)::time_get_shim<wchar_t>
001c0830 00000024 r vtable for std::__facet_shims::(anonymous namespace)::numpunct_shim<char>
001c0854 0000001c r vtable for std::__facet_shims::(anonymous namespace)::collate_shim<char>
001c0870 00000034 r vtable for std::__facet_shims::(anonymous namespace)::moneypunct_shim<char, true>
001c08a4 00000034 r vtable for std::__facet_shims::(anonymous namespace)::moneypunct_shim<char, false>
001c08d8 00000018 r vtable for std::__facet_shims::(anonymous namespace)::money_get_shim<char>
001c08f0 00000018 r vtable for std::__facet_shims::(anonymous namespace)::money_put_shim<char>
001c0908 0000001c r vtable for std::__facet_shims::(anonymous namespace)::messages_shim<char>
001c0924 00000024 r vtable for std::__facet_shims::(anonymous namespace)::numpunct_shim<wchar_t>
001c0948 0000001c r vtable for std::__facet_shims::(anonymous namespace)::collate_shim<wchar_t>
001c0964 00000034 r vtable for std::__facet_shims::(anonymous namespace)::moneypunct_shim<wchar_t, true>
001c0998 00000034 r vtable for std::__facet_shims::(anonymous namespace)::moneypunct_shim<wchar_t, false>
001c09cc 00000018 r vtable for std::__facet_shims::(anonymous namespace)::money_get_shim<wchar_t>
001c09e4 00000018 r vtable for std::__facet_shims::(anonymous namespace)::money_put_shim<wchar_t>
001c09fc 0000001c r vtable for std::__facet_shims::(anonymous namespace)::messages_shim<wchar_t>
001c0a18 0000002c r vtable for std::__facet_shims::(anonymous namespace)::time_get_shim<char>
001c0a44 0000002c r vtable for std::__facet_shims::(anonymous namespace)::time_get_shim<wchar_t>
001c0b38 0000000d V typeinfo name for std::time_base
001c0b48 00000008 V typeinfo for std::time_base
001c0b50 0000000f V typeinfo name for std::money_base
001c0b60 00000008 V typeinfo for std::money_base
001c0b68 00000012 V typeinfo name for std::messages_base
001c0b7c 00000008 V typeinfo for std::messages_base
001c0b84 00000018 V typeinfo name for std::__cxx11::collate<wchar_t>
001c0b9c 0000000c V typeinfo for std::__cxx11::collate<wchar_t>
001c0ba8 00000019 V typeinfo name for std::__cxx11::numpunct<wchar_t>
001c0bc4 0000000c V typeinfo for std::__cxx11::numpunct<wchar_t>
001c0bd0 00000020 V typeinfo name for std::__cxx11::moneypunct<wchar_t, true>
001c0bf0 00000020 V typeinfo for std::__cxx11::moneypunct<wchar_t, true>
001c0c10 00000020 V typeinfo name for std::__cxx11::moneypunct<wchar_t, false>
001c0c30 00000020 V typeinfo for std::__cxx11::moneypunct<wchar_t, false>
001c0c50 00000019 V typeinfo name for std::__cxx11::messages<wchar_t>
001c0c6c 00000020 V typeinfo for std::__cxx11::messages<wchar_t>
001c0c8c 00000046 V typeinfo name for std::__cxx11::money_get<wchar_t, std::istreambuf_iterator<wchar_t, std::char_traits<wchar_t> > >
001c0cd4 0000000c V typeinfo for std::__cxx11::money_get<wchar_t, std::istreambuf_iterator<wchar_t, std::char_traits<wchar_t> > >
001c0ce0 00000046 V typeinfo name for std::__cxx11::money_put<wchar_t, std::ostreambuf_iterator<wchar_t, std::char_traits<wchar_t> > >
001c0d28 0000000c V typeinfo for std::__cxx11::money_put<wchar_t, std::ostreambuf_iterator<wchar_t, std::char_traits<wchar_t> > >
001c0d34 00000045 V typeinfo name for std::__cxx11::time_get<wchar_t, std::istreambuf_iterator<wchar_t, std::char_traits<wchar_t> > >
001c0d7c 00000020 V typeinfo for std::__cxx11::time_get<wchar_t, std::istreambuf_iterator<wchar_t, std::char_traits<wchar_t> > >
001c0d9c 0000001c V vtable for std::__cxx11::collate<wchar_t>
001c0db8 00000024 V vtable for std::__cxx11::numpunct<wchar_t>
001c0ddc 00000034 V vtable for std::__cxx11::moneypunct<wchar_t, true>
001c0e10 00000034 V vtable for std::__cxx11::moneypunct<wchar_t, false>
001c0e44 0000001c V vtable for std::__cxx11::messages<wchar_t>
001c0e60 00000018 V vtable for std::__cxx11::money_get<wchar_t, std::istreambuf_iterator<wchar_t, std::char_traits<wchar_t> > >
001c0e78 00000018 V vtable for std::__cxx11::money_put<wchar_t, std::ostreambuf_iterator<wchar_t, std::char_traits<wchar_t> > >
001c0e90 0000002c V vtable for std::__cxx11::time_get<wchar_t, std::istreambuf_iterator<wchar_t, std::char_traits<wchar_t> > >
001c0ebc 00000027 V typeinfo name for std::basic_filebuf<char, std::char_traits<char> >
001c0ee4 0000000c V typeinfo for std::basic_filebuf<char, std::char_traits<char> >
001c0ef0 00000028 V typeinfo name for std::basic_ifstream<char, std::char_traits<char> >
001c0f18 0000000c V typeinfo for std::basic_ifstream<char, std::char_traits<char> >
001c0f24 00000028 V typeinfo name for std::basic_ofstream<char, std::char_traits<char> >
001c0f4c 0000000c V typeinfo for std::basic_ofstream<char, std::char_traits<char> >
001c0f58 00000040 V vtable for std::basic_filebuf<char, std::char_traits<char> >
001c0f98 00000028 V construction vtable for std::istream-in-std::basic_ifstream<char, std::char_traits<char> >
001c0fc0 00000010 V VTT for std::basic_ifstream<char, std::char_traits<char> >
001c0fd0 00000028 V vtable for std::basic_ifstream<char, std::char_traits<char> >
001c0ff8 00000028 V construction vtable for std::ostream-in-std::basic_ofstream<char, std::char_traits<char> >
001c1020 00000010 V VTT for std::basic_ofstream<char, std::char_traits<char> >
001c1030 00000028 V vtable for std::basic_ofstream<char, std::char_traits<char> >
001c1058 00000022 V typeinfo name for std::basic_ios<char, std::char_traits<char> >
001c107c 0000000c V typeinfo for std::basic_ios<char, std::char_traits<char> >
001c1088 00000010 V vtable for std::basic_ios<char, std::char_traits<char> >
001c1098 0000000c R typeinfo name for std::ios_base
001c10a4 00000008 R typeinfo for std::ios_base
001c10ac 00000010 R vtable for std::ios_base
001c10bc 00000003 V typeinfo name for std::istream
001c10c0 00000018 V typeinfo for std::istream
001c11a0 00000011 V typeinfo name for std::codecvt_base
001c11b4 00000008 V typeinfo for std::codecvt_base
001c11bc 0000000f V typeinfo name for std::ctype_base
001c11cc 00000008 V typeinfo for std::ctype_base
001c11d4 0000000e V typeinfo name for std::collate<char>
001c11e4 0000000c V typeinfo for std::collate<char>
001c11f0 0000000f V typeinfo name for std::numpunct<char>
001c1200 0000000c V typeinfo for std::numpunct<char>
001c120c 0000003a V typeinfo name for std::num_get<char, std::istreambuf_iterator<char, std::char_traits<char> > >
001c1248 0000000c V typeinfo for std::num_get<char, std::istreambuf_iterator<char, std::char_traits<char> > >
001c1254 0000003a V typeinfo name for std::num_put<char, std::ostreambuf_iterator<char, std::char_traits<char> > >
001c1290 0000000c V typeinfo for std::num_put<char, std::ostreambuf_iterator<char, std::char_traits<char> > >
001c129c 00000019 V typeinfo name for std::__timepunct_cache<char>
001c12b8 0000000c V typeinfo for std::__timepunct_cache<char>
001c12c4 00000013 V typeinfo name for std::__timepunct<char>
001c12d8 0000000c V typeinfo for std::__timepunct<char>
001c12e4 00000016 V typeinfo name for std::moneypunct<char, true>
001c12fc 00000020 V typeinfo for std::moneypunct<char, true>
001c131c 00000016 V typeinfo name for std::moneypunct<char, false>
001c1334 00000020 V typeinfo for std::moneypunct<char, false>
001c1354 0000000f V typeinfo name for std::messages<char>
001c1364 00000020 V typeinfo for std::messages<char>
001c1384 0000002c V typeinfo name for std::__codecvt_abstract_base<char, char, _mbstate_t>
001c13b0 00000020 V typeinfo for std::__codecvt_abstract_base<char, char, _mbstate_t>
001c13d0 0000003c V typeinfo name for std::money_get<char, std::istreambuf_iterator<char, std::char_traits<char> > >
001c140c 0000000c V typeinfo for std::money_get<char, std::istreambuf_iterator<char, std::char_traits<char> > >
001c1418 0000003c V typeinfo name for std::money_put<char, std::ostreambuf_iterator<char, std::char_traits<char> > >
001c1454 0000000c V typeinfo for std::money_put<char, std::ostreambuf_iterator<char, std::char_traits<char> > >
001c1460 0000003b V typeinfo name for std::time_put<char, std::ostreambuf_iterator<char, std::char_traits<char> > >
001c149c 0000000c V typeinfo for std::time_put<char, std::ostreambuf_iterator<char, std::char_traits<char> > >
001c14a8 0000003b V typeinfo name for std::time_get<char, std::istreambuf_iterator<char, std::char_traits<char> > >
001c14e4 00000020 V typeinfo for std::time_get<char, std::istreambuf_iterator<char, std::char_traits<char> > >
001c1504 0000001e V typeinfo name for std::__moneypunct_cache<char, false>
001c1524 0000000c V typeinfo for std::__moneypunct_cache<char, false>
001c1530 0000001e V typeinfo name for std::__moneypunct_cache<char, true>
001c1550 0000000c V typeinfo for std::__moneypunct_cache<char, true>
001c155c 00000018 V typeinfo name for std::__numpunct_cache<char>
001c1574 0000000c V typeinfo for std::__numpunct_cache<char>
001c1580 0000001c V vtable for std::collate<char>
001c159c 00000024 V vtable for std::numpunct<char>
001c15c0 0000003c V vtable for std::num_get<char, std::istreambuf_iterator<char, std::char_traits<char> > >
001c15fc 00000030 V vtable for std::num_put<char, std::ostreambuf_iterator<char, std::char_traits<char> > >
001c162c 00000010 V vtable for std::__timepunct_cache<char>
001c163c 00000010 V vtable for std::__timepunct<char>
001c164c 00000034 V vtable for std::moneypunct<char, true>
001c1680 00000034 V vtable for std::moneypunct<char, false>
001c16b4 0000001c V vtable for std::messages<char>
001c16d0 0000002c V vtable for std::__codecvt_abstract_base<char, char, _mbstate_t>
001c16fc 00000018 V vtable for std::money_get<char, std::istreambuf_iterator<char, std::char_traits<char> > >
001c1714 00000018 V vtable for std::money_put<char, std::ostreambuf_iterator<char, std::char_traits<char> > >
001c172c 00000014 V vtable for std::time_put<char, std::ostreambuf_iterator<char, std::char_traits<char> > >
001c1740 00000028 V vtable for std::time_get<char, std::istreambuf_iterator<char, std::char_traits<char> > >
001c1768 00000010 V vtable for std::__moneypunct_cache<char, false>
001c1778 00000010 V vtable for std::__moneypunct_cache<char, true>
001c1788 00000010 V vtable for std::__numpunct_cache<char>
001c1798 00000088 R std::locale::_S_twinned_facets
001c1820 00000003 V typeinfo name for std::ostream
001c1824 00000018 V typeinfo for std::ostream
001c183c 00000029 V typeinfo name for std::basic_streambuf<char, std::char_traits<char> >
001c1868 00000008 V typeinfo for std::basic_streambuf<char, std::char_traits<char> >
001c1870 00000040 V vtable for std::basic_streambuf<char, std::char_traits<char> >
001c18b0 00000019 R typeinfo name for std::_V2::error_category
001c18cc 00000008 R typeinfo for std::_V2::error_category
001c18d4 00000011 R typeinfo name for std::system_error
001c18e8 0000000c R typeinfo for std::system_error
001c18f4 0000000c r typeinfo for (anonymous namespace)::generic_error_category
001c1900 0000002a r typeinfo name for (anonymous namespace)::generic_error_category
001c192c 00000014 R vtable for std::system_error
001c1940 00000028 r vtable for (anonymous namespace)::generic_error_category
001c1a30 0000000e V typeinfo name for std::collate<wchar_t>
001c1a40 0000000c V typeinfo for std::collate<wchar_t>
001c1a4c 0000001d V typeinfo name for std::__ctype_abstract_base<wchar_t>
001c1a6c 00000020 V typeinfo for std::__ctype_abstract_base<wchar_t>
001c1a8c 0000000f V typeinfo name for std::numpunct<wchar_t>
001c1a9c 0000000c V typeinfo for std::numpunct<wchar_t>
001c1aa8 0000003a V typeinfo name for std::num_get<wchar_t, std::istreambuf_iterator<wchar_t, std::char_traits<wchar_t> > >
001c1ae4 0000000c V typeinfo for std::num_get<wchar_t, std::istreambuf_iterator<wchar_t, std::char_traits<wchar_t> > >
001c1af0 0000003a V typeinfo name for std::num_put<wchar_t, std::ostreambuf_iterator<wchar_t, std::char_traits<wchar_t> > >
001c1b2c 0000000c V typeinfo for std::num_put<wchar_t, std::ostreambuf_iterator<wchar_t, std::char_traits<wchar_t> > >
001c1b38 00000019 V typeinfo name for std::__timepunct_cache<wchar_t>
001c1b54 0000000c V typeinfo for std::__timepunct_cache<wchar_t>
001c1b60 00000013 V typeinfo name for std::__timepunct<wchar_t>
001c1b74 0000000c V typeinfo for std::__timepunct<wchar_t>
001c1b80 00000016 V typeinfo name for std::moneypunct<wchar_t, true>
001c1b98 00000020 V typeinfo for std::moneypunct<wchar_t, true>
001c1bb8 00000016 V typeinfo name for std::moneypunct<wchar_t, false>
001c1bd0 00000020 V typeinfo for std::moneypunct<wchar_t, false>
001c1bf0 0000000f V typeinfo name for std::messages<wchar_t>
001c1c00 00000020 V typeinfo for std::messages<wchar_t>
001c1c20 0000002c V typeinfo name for std::__codecvt_abstract_base<wchar_t, char, _mbstate_t>
001c1c4c 00000020 V typeinfo for std::__codecvt_abstract_base<wchar_t, char, _mbstate_t>
001c1c6c 0000003c V typeinfo name for std::money_get<wchar_t, std::istreambuf_iterator<wchar_t, std::char_traits<wchar_t> > >
001c1ca8 0000000c V typeinfo for std::money_get<wchar_t, std::istreambuf_iterator<wchar_t, std::char_traits<wchar_t> > >
001c1cb4 0000003c V typeinfo name for std::money_put<wchar_t, std::ostreambuf_iterator<wchar_t, std::char_traits<wchar_t> > >
001c1cf0 0000000c V typeinfo for std::money_put<wchar_t, std::ostreambuf_iterator<wchar_t, std::char_traits<wchar_t> > >
001c1cfc 0000003b V typeinfo name for std::time_put<wchar_t, std::ostreambuf_iterator<wchar_t, std::char_traits<wchar_t> > >
001c1d38 0000000c V typeinfo for std::time_put<wchar_t, std::ostreambuf_iterator<wchar_t, std::char_traits<wchar_t> > >
001c1d44 0000003b V typeinfo name for std::time_get<wchar_t, std::istreambuf_iterator<wchar_t, std::char_traits<wchar_t> > >
001c1d80 00000020 V typeinfo for std::time_get<wchar_t, std::istreambuf_iterator<wchar_t, std::char_traits<wchar_t> > >
001c1da0 0000001e V typeinfo name for std::__moneypunct_cache<wchar_t, false>
001c1dc0 0000000c V typeinfo for std::__moneypunct_cache<wchar_t, false>
001c1dcc 0000001e V typeinfo name for std::__moneypunct_cache<wchar_t, true>
001c1dec 0000000c V typeinfo for std::__moneypunct_cache<wchar_t, true>
001c1df8 00000018 V typeinfo name for std::__numpunct_cache<wchar_t>
001c1e10 0000000c V typeinfo for std::__numpunct_cache<wchar_t>
001c1e1c 0000001c V vtable for std::collate<wchar_t>
001c1e38 00000040 V vtable for std::__ctype_abstract_base<wchar_t>
001c1e78 00000024 V vtable for std::numpunct<wchar_t>
001c1e9c 0000003c V vtable for std::num_get<wchar_t, std::istreambuf_iterator<wchar_t, std::char_traits<wchar_t> > >
001c1ed8 00000030 V vtable for std::num_put<wchar_t, std::ostreambuf_iterator<wchar_t, std::char_traits<wchar_t> > >
001c1f08 00000010 V vtable for std::__timepunct_cache<wchar_t>
001c1f18 00000010 V vtable for std::__timepunct<wchar_t>
001c1f28 00000034 V vtable for std::moneypunct<wchar_t, true>
001c1f5c 00000034 V vtable for std::moneypunct<wchar_t, false>
001c1f90 0000001c V vtable for std::messages<wchar_t>
001c1fac 0000002c V vtable for std::__codecvt_abstract_base<wchar_t, char, _mbstate_t>
001c1fd8 00000018 V vtable for std::money_get<wchar_t, std::istreambuf_iterator<wchar_t, std::char_traits<wchar_t> > >
001c1ff0 00000018 V vtable for std::money_put<wchar_t, std::ostreambuf_iterator<wchar_t, std::char_traits<wchar_t> > >
001c2008 00000014 V vtable for std::time_put<wchar_t, std::ostreambuf_iterator<wchar_t, std::char_traits<wchar_t> > >
001c201c 00000028 V vtable for std::time_get<wchar_t, std::istreambuf_iterator<wchar_t, std::char_traits<wchar_t> > >
001c2044 00000010 V vtable for std::__moneypunct_cache<wchar_t, false>
001c2054 00000010 V vtable for std::__moneypunct_cache<wchar_t, true>
001c2064 00000010 V vtable for std::__numpunct_cache<wchar_t>
001c2074 0000000d R typeinfo name for std::bad_alloc
001c2084 0000000c R typeinfo for std::bad_alloc
001c2090 00000014 R vtable for std::bad_alloc
001c20a4 00000019 R typeinfo name for std::bad_array_new_length
001c20c0 0000000c R typeinfo for std::bad_array_new_length
001c20cc 00000014 R vtable for std::bad_array_new_length
001c20e0 0000000c R typeinfo name for std::bad_cast
001c20ec 0000000c R typeinfo for std::bad_cast
001c20f8 00000014 R vtable for std::bad_cast
001c210c 00000022 R typeinfo name for __cxxabiv1::__class_type_info
001c2130 0000000c R typeinfo for __cxxabiv1::__class_type_info
001c213c 0000002c R vtable for __cxxabiv1::__class_type_info
001c2168 0000000d R typeinfo name for std::exception
001c2178 00000008 R typeinfo for std::exception
001c2180 00000012 R typeinfo name for std::bad_exception
001c2194 0000000c R typeinfo for std::bad_exception
001c21a0 00000020 R typeinfo name for __cxxabiv1::__forced_unwind
001c21c0 00000008 R typeinfo for __cxxabiv1::__forced_unwind
001c21c8 00000024 R typeinfo name for __cxxabiv1::__foreign_exception
001c21ec 00000008 R typeinfo for __cxxabiv1::__foreign_exception
001c21f4 00000014 R vtable for std::bad_exception
001c221c 0000002c V typeinfo name for __gnu_cxx::__concurrence_broadcast_error
001c2248 0000000c V typeinfo for __gnu_cxx::__concurrence_broadcast_error
001c2254 00000027 V typeinfo name for __gnu_cxx::__concurrence_wait_error
001c227c 0000000c V typeinfo for __gnu_cxx::__concurrence_wait_error
001c2288 00000014 V vtable for __gnu_cxx::__concurrence_broadcast_error
001c229c 00000014 V vtable for __gnu_cxx::__concurrence_wait_error
001c22b0 00000001 R std::nothrow
001c22b4 00000025 R typeinfo name for __cxxabiv1::__si_class_type_info
001c22dc 0000000c R typeinfo for __cxxabiv1::__si_class_type_info
001c22e8 0000002c R vtable for __cxxabiv1::__si_class_type_info
001c2314 0000000d R typeinfo name for std::type_info
001c2324 00000008 R typeinfo for std::type_info
001c232c 00000026 R typeinfo name for __cxxabiv1::__vmi_class_type_info
001c2354 0000000c R typeinfo for __cxxabiv1::__vmi_class_type_info
001c2360 0000002c R vtable for __cxxabiv1::__vmi_class_type_info
001c238c 0000001b V typeinfo name for std::codecvt<char, char, _mbstate_t>
001c23a8 0000000c V typeinfo for std::codecvt<char, char, _mbstate_t>
001c23b4 0000001b V typeinfo name for std::codecvt<wchar_t, char, _mbstate_t>
001c23d0 0000000c V typeinfo for std::codecvt<wchar_t, char, _mbstate_t>
001c23dc 0000002c V vtable for std::codecvt<char, char, _mbstate_t>
001c2408 0000002c V vtable for std::codecvt<wchar_t, char, _mbstate_t>
001c2434 00000034 r std::(anonymous namespace)::mon_yday
001c2468 00000004 R std::money_base::_S_default_pattern
001c2bf4 00000010 R typeinfo name for std::logic_error
001c2c04 0000000c R typeinfo for std::logic_error
001c2c10 00000011 R typeinfo name for std::length_error
001c2c24 0000000c R typeinfo for std::length_error
001c2c30 00000011 R typeinfo name for std::out_of_range
001c2c44 0000000c R typeinfo for std::out_of_range
001c2c50 00000012 R typeinfo name for std::runtime_error
001c2c64 0000000c R typeinfo for std::runtime_error
001c2c70 00000014 R vtable for std::logic_error
001c2c84 00000014 R vtable for std::length_error
001c2c98 00000014 R vtable for std::out_of_range
001c2cac 00000014 R vtable for std::runtime_error
001c2cc0 0000002d V typeinfo name for std::__codecvt_abstract_base<char16_t, char, _mbstate_t>
001c2cf0 00000020 V typeinfo for std::__codecvt_abstract_base<char16_t, char, _mbstate_t>
001c2d10 0000001c V typeinfo name for std::codecvt<char16_t, char, _mbstate_t>
001c2d2c 0000000c V typeinfo for std::codecvt<char16_t, char, _mbstate_t>
001c2d38 0000002d V typeinfo name for std::__codecvt_abstract_base<char32_t, char, _mbstate_t>
001c2d68 00000020 V typeinfo for std::__codecvt_abstract_base<char32_t, char, _mbstate_t>
001c2d88 0000001c V typeinfo name for std::codecvt<char32_t, char, _mbstate_t>
001c2da4 0000000c V typeinfo for std::codecvt<char32_t, char, _mbstate_t>
001c2db0 0000002e V typeinfo name for std::__codecvt_abstract_base<char16_t, char8_t, _mbstate_t>
001c2de0 00000020 V typeinfo for std::__codecvt_abstract_base<char16_t, char8_t, _mbstate_t>
001c2e00 0000001d V typeinfo name for std::codecvt<char16_t, char8_t, _mbstate_t>
001c2e20 0000000c V typeinfo for std::codecvt<char16_t, char8_t, _mbstate_t>
001c2e2c 0000002e V typeinfo name for std::__codecvt_abstract_base<char32_t, char8_t, _mbstate_t>
001c2e5c 00000020 V typeinfo for std::__codecvt_abstract_base<char32_t, char8_t, _mbstate_t>
001c2e7c 0000001d V typeinfo name for std::codecvt<char32_t, char8_t, _mbstate_t>
001c2e9c 0000000c V typeinfo for std::codecvt<char32_t, char8_t, _mbstate_t>
001c2ea8 0000002c V vtable for std::__codecvt_abstract_base<char16_t, char, _mbstate_t>
001c2ed4 0000002c V vtable for std::codecvt<char16_t, char, _mbstate_t>
001c2f00 0000002c V vtable for std::__codecvt_abstract_base<char32_t, char, _mbstate_t>
001c2f2c 0000002c V vtable for std::codecvt<char32_t, char, _mbstate_t>
001c2f58 0000002c V vtable for std::__codecvt_abstract_base<char16_t, char8_t, _mbstate_t>
001c2f84 0000002c V vtable for std::codecvt<char16_t, char8_t, _mbstate_t>
001c2fb0 0000002c V vtable for std::__codecvt_abstract_base<char32_t, char8_t, _mbstate_t>
001c2fdc 0000002c V vtable for std::codecvt<char32_t, char8_t, _mbstate_t>
001c3008 0000000c V typeinfo name for std::ctype<char>
001c3014 00000020 V typeinfo for std::ctype<char>
001c3034 0000000c V typeinfo name for std::ctype<wchar_t>
001c3040 0000000c V typeinfo for std::ctype<wchar_t>
001c304c 00000030 V vtable for std::ctype<char>
001c307c 00000040 V vtable for std::ctype<wchar_t>
001c3100 0000001d R typeinfo name for std::ios_base::failure[abi:cxx11]
001c3120 0000000c R typeinfo for std::ios_base::failure[abi:cxx11]
001c312c 00000012 V typeinfo name for std::__ios_failure
001c3140 0000000c V typeinfo for std::__ios_failure
001c314c 00000018 R typeinfo name for std::__iosfail_type_info
001c3164 00000018 R typeinfo for std::__iosfail_type_info
001c317c 00000014 R vtable for std::ios_base::failure[abi:cxx11]
001c3190 00000014 V vtable for std::__ios_failure
001c31a4 0000002c R vtable for std::__iosfail_type_info
001c3298 00000018 V typeinfo name for std::__cxx11::collate<char>
001c32b0 0000000c V typeinfo for std::__cxx11::collate<char>
001c32bc 00000019 V typeinfo name for std::__cxx11::numpunct<char>
001c32d8 0000000c V typeinfo for std::__cxx11::numpunct<char>
001c32e4 00000020 V typeinfo name for std::__cxx11::moneypunct<char, true>
001c3304 00000020 V typeinfo for std::__cxx11::moneypunct<char, true>
001c3324 00000020 V typeinfo name for std::__cxx11::moneypunct<char, false>
001c3344 00000020 V typeinfo for std::__cxx11::moneypunct<char, false>
001c3364 00000019 V typeinfo name for std::__cxx11::messages<char>
001c3380 00000020 V typeinfo for std::__cxx11::messages<char>
001c33a0 00000046 V typeinfo name for std::__cxx11::money_get<char, std::istreambuf_iterator<char, std::char_traits<char> > >
001c33e8 0000000c V typeinfo for std::__cxx11::money_get<char, std::istreambuf_iterator<char, std::char_traits<char> > >
001c33f4 00000046 V typeinfo name for std::__cxx11::money_put<char, std::ostreambuf_iterator<char, std::char_traits<char> > >
001c343c 0000000c V typeinfo for std::__cxx11::money_put<char, std::ostreambuf_iterator<char, std::char_traits<char> > >
001c3448 00000045 V typeinfo name for std::__cxx11::time_get<char, std::istreambuf_iterator<char, std::char_traits<char> > >
001c3490 00000020 V typeinfo for std::__cxx11::time_get<char, std::istreambuf_iterator<char, std::char_traits<char> > >
001c34b0 0000001c V vtable for std::__cxx11::collate<char>
001c34cc 00000024 V vtable for std::__cxx11::numpunct<char>
001c34f0 00000034 V vtable for std::__cxx11::moneypunct<char, true>
001c3524 00000034 V vtable for std::__cxx11::moneypunct<char, false>
001c3558 0000001c V vtable for std::__cxx11::messages<char>
001c3574 00000018 V vtable for std::__cxx11::money_get<char, std::istreambuf_iterator<char, std::char_traits<char> > >
001c358c 00000018 V vtable for std::__cxx11::money_put<char, std::ostreambuf_iterator<char, std::char_traits<char> > >
001c35a4 0000002c V vtable for std::__cxx11::time_get<char, std::istreambuf_iterator<char, std::char_traits<char> > >
001c35d0 0000000c r typeinfo for (anonymous namespace)::io_error_category
001c35dc 00000025 r typeinfo name for (anonymous namespace)::io_error_category
001c3604 00000028 r vtable for (anonymous namespace)::io_error_category
001c362c 00000016 R typeinfo name for std::ios_base::failure
001c3644 0000000c R typeinfo for std::ios_base::failure
001c3650 00000014 R vtable for std::ios_base::failure
001c3664 00000080 r npio2_hw
001c36e4 00000108 r two_over_pi
001c37f0 00000040 r PIo2
001c3830 00000010 r init_jk
001c3840 00000060 R __inv_pio4
001c38a0 000000e0 R __sincosf_table
001c3980 00000870 R __exp_data
001c41f0 00001048 R __pow_log_data
001c5238 00001090 R __log_data
001c64e0 00000022 r basefix.0
001c6564 00000014 r fpinan.0
001c6578 00000014 r fpi.1
001c6590 00000028 r tinytens
001c65b8 00000100 R __hexdig
001c66b8 00000030 r _DAYS_BEFORE_MONTH
001c66e8 00000030 r DAYS_IN_MONTH
001c6750 0000001c r categories
001c67ec 00000022 r basefix.0
001c6828 000000fc R _C_time_locale
001c6a1c 00000010 r zeroes.0
001c6a2c 00000010 r blanks.1
001c6a3c 00000101 R _ctype_
001c6bec 00000060 R __month_lengths
001c6c4c 0000000c r p05.0
001c6c58 00000028 R __mprec_bigtens
001c6c80 000000c8 R __mprec_tens
001c6e34 00000010 r zeroes.0
001c6e44 00000010 r blanks.1
001c6e54 0000006c R __action_table
001c6ec0 0000006c R __state_table
001c6f2c 00000100 R __chclass
001c7064 00000048 r JIS_action_table
001c70ac 00000048 r JIS_state_table
001c7184 000037f8 r categories
001caa50 00000040 r zeroes.0
001caa90 00000040 r blanks.1
001cabbc 00000010 r zeroes.0
001cabcc 00000010 r blanks.1
001cacc8 00000010 r zeroes.0
001cacd8 00000010 r blanks.1
001cace8 00000080 R dotab_stdnull
001cad68 R __tdata_align
001cad6c r __EH_FRAME_BEGIN__
001cd3f0 R __exidx_start
001ce6d0 R __exidx_end
001ce923 N 
001ce923 N 
001ce923 N 
001ce923 N 
001ce923 N 
001ce923 N 
001ce923 N 
001ce923 N 
001ce923 N 
001ce923 N 
001ce923 N 
001ce923 N 
001ce923 N 
001ce923 N 
001ce923 N 
001ce923 N 
001ce923 N 
001ce923 N 
001ce923 N 
001ce923 N 
001ce923 N 
001ce923 N 
001ce923 N 
001ce923 N 
001ce923 N 
001ce923 N 
001ce923 N 
001ce923 N 
001ce923 N 
001ce923 N 
001ce923 N 
001ce923 W KoreanMSX8KB0300MemoryRule.cpp.c94193fc
001cf000 00000004 d previousGlassesEye
001cf004 00000008 d framerateCounter
001cf00c 00000004 d framerate
001cf010 00000001 d firstConsoleInit.0
001cf014 00000004 D currentConsole
001cf018 00000048 D defaultConsole
001cf060 00000004 d queueLock
001cf064 00000004 d aptChainloadDeliverArgSize
001cf068 00000004 d kCount
001cf06c 00000004 d kInterval
001cf070 00000004 d kDelay
001cf074 W __stacksize__
001cf078 00000004 d (anonymous namespace)::generic_category_instance
001cf07c 00000004 D __cxxabiv1::__unexpected_handler
001cf080 00000004 D std::__num_base::_S_atoms_out
001cf084 00000004 D std::__num_base::_S_atoms_in
001cf088 00000004 D std::money_base::_S_atoms
001cf08c 00000038 D std::__timepunct_cache<wchar_t>::_S_timezones
001cf0c4 00000038 D std::__timepunct_cache<char>::_S_timezones
001cf0fc 00000004 d (anonymous namespace)::io_category_instance
001cf100 00000004 D __cxxabiv1::__terminate_handler
001cf104 00000004 D _impure_ptr
001cf108 00000200 D _impure_data
001cf308 00000008 D _tzname
001cf310 00000254 D __global_locale
001cf564 00000020 D __default_locale
001cf584 00000004 D __malloc_sbrk_base
001cf588 00000004 D __malloc_trim_threshold
001cf590 00000408 D __malloc_av_
001cf998 0000000c D __sglue
001cf9a8 00000058 d tzinfo
001cfa00 000007e0 d caseconv_table
001d01e0 00000004 D environ
001d01e4 00000400 d _current_working_directory
001d05e8 00001000 d handles
001d15e8 0000000c d __stderr_handle
001d15f4 0000000c d __stdout_handle
001d1600 0000000c d __stdin_handle
001d160c 0000008c D devoptab_list
001d1698 00000004 d defaultDevice
001d16a4 d _GLOBAL_OFFSET_TABLE_
001d16b0 d __frame_dummy_init_array_entry
001d16b0 D __init_array_start
001d16b0 B __preinit_array_end
001d16b0 B __preinit_array_start
001d16b0 D __tdata_lma
001d16b0 D __tdata_lma_end
001d16cc d __do_global_dtors_aux_fini_array_entry
001d16cc D __fini_array_start
001d16cc D __init_array_end
001d16d8 00000004 b frameBuffer
001d16d8 D __bss_start__
001d16d8 D __fini_array_end
001d16dc 00000004 b uploadBuffer
001d16e0 00000090 b gameTex
001d1770 00000001 b textureInitialized
001d1774 00000078 b gameSubTex
001d17ec 00000030 b gameImage
001d181c 00000001 b audioInitialized
001d1820 00000010 b audioBuffers
001d1830 00000060 b audioWave
001d1890 00000004 b audioIndex
001d1894 00000001 b stereoActive
001d1895 00000001 b display3DEnabled
001d1898 00000004 b videoTextureSlot
001d18a0 00000008 b main::nextFrameMs
001d18a8 00002000 B sin_tab.lto_priv.0
001d38a8 00005800 B tl_tab.lto_priv.0
001d90a8 00001760 B ym2413.lto_priv.0
001da808 00000008 b output
001da810 00000004 b LFO_PM
001da814 00000004 b LFO_AM
001da818 000005a8 B __C2Di_Context
001dadc0 00000040 b s_projTop
001dae00 00000040 b s_projBot
001dae40 00000004 b uLoc_mdlvMtx
001dae44 00000004 b uLoc_projMtx
001dae48 b completed.1
001dae4c b object.0
001dae64 0000000c b hookCookie
001dae70 000002d0 B __C3D_Context
001db140 00000004 b frameEndCbData
001db144 00000004 b frameEndCb
001db148 00000008 b frameCounter
001db150 00000001 b isTopStereo
001db151 00000001 b needSwapBot
001db152 00000001 b needSwapTop
001db153 00000001 b measureGpuTime
001db154 00000001 b inSafeTransfer
001db155 00000001 b inFrame
001db158 00000010 b cpuTime
001db168 00000010 b gpuTime
001db178 0000000c b linkedTarget
001db184 00000004 b lastTarget
001db188 00000004 b firstTarget
001db18c 00000008 b C3Di_IVUnifEverDirty
001db194 000000c0 b C3Di_FVUnifEverDirty
001db254 00000018 b C3Di_ShaderFVecData
001db26c 00000002 B C3D_BoolUnifsDirty
001db270 00000008 B C3D_IVUnifDirty
001db278 000000c0 B C3D_FVUnifDirty
001db338 00000004 B C3D_BoolUnifs
001db33c 00000020 B C3D_IVUnif
001db35c 00000c00 B C3D_FVUnif
001dbf60 00000008 b sLinearPool
001dbf68 0000000c b sAddrMap
001dbf78 00000008 b sVramPoolB
001dbf80 00000008 b sVramPoolA
001dbf88 0000000c b sAddrMap
001dbf94 00000064 b escapeSeq
001dbff8 00000048 B currentCopy
001dc040 00000004 b screenAlloc
001dc044 00000004 b screenFree
001dc048 00000002 b gfxIsDoubleBuf
001dc04c 00000002 b gfxCurBuf
001dc04e 00000001 b gfxIsVram
001dc04f 00000001 b gfxTopMode
001dc050 00000002 b gfxFramebufferFormats
001dc054 00000004 b gfxBottomFramebufferMaxSize
001dc058 00000004 b gfxTopFramebufferMaxSize
001dc060 00000008 b gfxBottomFramebuffers
001dc068 00000008 b gfxTopFramebuffers
001dc070 00000001 V __ctru_speedup
001dc074 00000004 b romfs_mount_list
001dc078 00000004 V __romfs_path
001dc07c 00000004 B gpuCmdBufOffset
001dc080 00000004 B gpuCmdBufSize
001dc084 00000004 B gpuCmdBuf
001dc088 00000004 b boundQueue
001dc08c 00000001 b shouldStop
001dc08d 00000001 b isRunning
001dc08e 00000001 b isActive
001dc090 00000004 b curQueue
001dc094 00000004 b ndspRefCount
001dc098 00000048 b ndspMaster
001dc0e0 00000004 b ndspThread
001dc0e4 00000001 b ndspThreadRun
001dc0e8 00001080 b dspVar5Backup
001dd168 00000004 b ndspMutex
001dd16c 00000008 b sleepEvent
001dd174 00000004 b dspSem
001dd178 00000004 b irqEvent
001dd17c 00000008 b ndspHookCookie
001dd184 00000001 b componentFree
001dd186 00000002 b componentDataMask
001dd188 00000002 b componentProgMask
001dd18c 00000004 b componentSize
001dd190 00000004 b componentBin
001dd194 00000004 b frameCount
001dd198 00000004 b droppedFrames
001dd19c 00000001 b bCancelReceived
001dd19d 00000001 b bSleeping
001dd19e 00000001 b bEnteringSleep
001dd19f 00000001 b bDspReady
001dd1a0 00000080 B ndspVars
001dd220 00000002 B ndspBufferId
001dd222 00000002 B ndspBufferCurId
001dd224 00000002 B ndspFrameId
001dd228 00000c60 b ndspChn
001dde88 00000001 b flagValue.0
001dde89 00000001 b flagInit.1
001dde8c 00000004 b serviceName.6
001dde90 00000001 b aptChainloadFlags
001dde91 00000001 b aptChainloadMediatype
001dde94 00000020 b aptChainloadHmac
001ddeb4 00000300 b aptChainloadDeliverArg
001de1b8 00000008 b aptChainloadTid
001de1c0 00001000 b aptParameters
001df02d N 
001df02d N 
001df02d N 
001df02d N 
001df02d N 
001df02d N 
001df02d N 
001df02d N 
001df02d N 
001df02d N 
001df02d N 
001df02d N 
001df02d N 
001df02d N 
001df02d N 
001df02d N 
001df02d N 
001df02d N 
001df02d N 
001df02d N 
001df02d N 
001df02d N 
001df02d N 
001df02d N 
001df02d N 
001df02d N 
001df02d N 
001df02d N 
001df02d N 
001df02d N 
001df02d N 
001df02d N 
001df02d W KoreanMSXSMS8000MemoryRule.cpp.5ea1dc85
001df1c0 00000004 b aptFlags
001df1c4 00000001 b aptHomeButtonState
001df1c8 00000004 b aptMessageFuncData
001df1cc 00000004 b aptMessageFunc
001df1d0 0000000c b aptFirstHook
001df1dc 00000001 b aptEventHandlerThreadQuit
001df1e0 00000004 b aptEventHandlerThread
001df1e4 00000008 b aptSleepEvent
001df1ec 00000008 b aptReceiveEvent
001df1f4 00000008 b aptEvents
001df1fc 00000004 b aptLockHandle
001df200 00000004 b aptRefCount
001df204 00000004 b cfguRefCount
001df208 00000004 b cfguHandle
001df20c 00000002 b dspSavedCompDataMask
001df20e 00000002 b dspSavedCompProgMask
001df210 00000004 b dspSavedCompSize
001df214 00000004 b dspSavedCompBin
001df218 00000001 b dspSleeping
001df219 00000001 b dspComponentLoaded
001df21c 00000008 b dspFirstHook
001df224 00000004 b dspRefCount
001df228 00000004 b dspHandle
001df230 00000080 b fsExemptArchives
001df2b0 00000004 b fsuRefCount
001df2b4 00000004 b fsuHandle
001df2b8 00000007 b gspEventCbOneShot
001df2c0 0000001c b gspEventCbData
001df2dc 0000001c b gspEventCb
001df2f8 00000038 b gspEvents
001df330 00000004 b gspLastEvent
001df334 00000001 b gspRunEvents
001df338 00000004 b gspEventThread
001df33c 00000004 b gspEvent
001df340 00000001 b gspGpuRight
001df341 00000001 b gspThreadId
001df344 00000004 b gspSharedMem
001df348 00000004 b gspSharedMemHandle
001df34c 00000004 b gspRefCount
001df350 00000004 b gspGpuHandle
001df354 00000001 b usingIrrst
001df358 00000004 b hidRefCount
001df35c 00000006 b gRate
001df364 00000006 b aVec
001df36c 00000004 b cPos
001df370 00000004 b tPos
001df374 00000004 b kRepeat
001df378 00000004 b kUp
001df37c 00000004 b kDown
001df380 00000004 b kHeld
001df384 00000004 b kOld
001df388 00000004 B hidSharedMem
001df38c 00000014 B hidEvents
001df3a0 00000004 B hidMemHandle
001df3a4 00000004 B hidHandle
001df3a8 00000004 b irrstRefCount
001df3ac 00000004 b csPos
001df3b0 00000004 b kHeld
001df3b4 00000004 B irrstSharedMem
001df3b8 00000004 B irrstEvent
001df3bc 00000004 B irrstMemHandle
001df3c0 00000004 B irrstHandle
001df3c4 00000004 b ptmSysmRefCount
001df3c8 00000004 b ptmSysmHandle
001df3cc 00000004 V __ctru_linear_heap_size
001df3d0 00000004 V __ctru_heap_size
001df3d4 00000004 B __ctru_linear_heap
001df3d8 00000004 B __ctru_heap
001df3dc 00000004 B __system_retAddr
001df3e0 00000004 B __system_argv
001df3e4 00000004 B __system_argc
001df3e8 b saved_stack
001df3f0 00000004 B __3dslink_host
001df3f4 00000004 b srvRefCount
001df3f8 00000004 b srvHandle
001df3fc 00000004 b arbiter
001df400 00000004 b currentAddr
001df404 00000004 b maxAddr
001df408 00000004 b minAddr
001df40c 00000004 b srvPmHandle
001df410 000005c0 b archive_devices
001df9d0 00000004 b archive_device_cwd
001df9d4 00000001 b archive_initialized
001df9d8 00000004 B std::locale::id::_S_refcount
001df9dc 00000004 B std::locale::facet::_S_once
001df9e0 00000004 B std::locale::facet::_S_c_locale
001df9e4 00000004 B std::locale::_S_once
001df9e8 00000004 B std::locale::_S_global
001df9ec 00000004 B std::locale::_S_classic
001df9f0 00000004 b guard variable for (anonymous namespace)::get_locale_cache_mutex()::locale_cache_mutex
001df9f8 00000010 b (anonymous namespace)::get_locale_cache_mutex()::locale_cache_mutex
001dfa08 00000010 V std::string::_Rep::_S_empty_rep_storage
001dfa18 00000010 V std::basic_string<wchar_t, std::char_traits<wchar_t>, std::allocator<wchar_t> >::_Rep::_S_empty_rep_storage
001dfa28 00000004 V guard variable for std::__cxx11::collate<wchar_t>::id
001dfa2c 00000004 V guard variable for std::__cxx11::messages<wchar_t>::id
001dfa30 00000004 V guard variable for std::__cxx11::time_get<wchar_t, std::istreambuf_iterator<wchar_t, std::char_traits<wchar_t> > >::id
001dfa34 00000004 V guard variable for std::__cxx11::numpunct<wchar_t>::id
001dfa38 00000004 V guard variable for std::__cxx11::moneypunct<wchar_t, true>::id
001dfa3c 00000004 V guard variable for std::__cxx11::moneypunct<wchar_t, false>::id
001dfa40 00000004 V guard variable for std::__cxx11::money_put<wchar_t, std::ostreambuf_iterator<wchar_t, std::char_traits<wchar_t> > >::id
001dfa44 00000004 V guard variable for std::__cxx11::money_get<wchar_t, std::istreambuf_iterator<wchar_t, std::char_traits<wchar_t> > >::id
001dfa48 00000004 V std::__cxx11::collate<wchar_t>::id
001dfa4c 00000004 V std::__cxx11::messages<wchar_t>::id
001dfa50 00000004 V std::__cxx11::time_get<wchar_t, std::istreambuf_iterator<wchar_t, std::char_traits<wchar_t> > >::id
001dfa54 00000004 V std::__cxx11::numpunct<wchar_t>::id
001dfa58 00000004 V std::__cxx11::moneypunct<wchar_t, true>::id
001dfa5c 00000004 V std::__cxx11::moneypunct<wchar_t, false>::id
001dfa60 00000004 V std::__cxx11::money_put<wchar_t, std::ostreambuf_iterator<wchar_t, std::char_traits<wchar_t> > >::id
001dfa64 00000004 V std::__cxx11::money_get<wchar_t, std::istreambuf_iterator<wchar_t, std::char_traits<wchar_t> > >::id
001dfa68 00000004 V guard variable for std::collate<char>::id
001dfa6c 00000004 V guard variable for std::messages<char>::id
001dfa70 00000004 V guard variable for std::time_get<char, std::istreambuf_iterator<char, std::char_traits<char> > >::id
001dfa74 00000004 V guard variable for std::time_put<char, std::ostreambuf_iterator<char, std::char_traits<char> > >::id
001dfa78 00000004 V guard variable for std::__timepunct<char>::id
001dfa7c 00000004 V guard variable for std::numpunct<char>::id
001dfa80 00000004 V guard variable for std::moneypunct<char, true>::id
001dfa84 00000004 V guard variable for std::moneypunct<char, false>::id
001dfa88 00000004 V guard variable for std::money_put<char, std::ostreambuf_iterator<char, std::char_traits<char> > >::id
001dfa8c 00000004 V guard variable for std::money_get<char, std::istreambuf_iterator<char, std::char_traits<char> > >::id
001dfa90 00000004 V guard variable for std::num_put<char, std::ostreambuf_iterator<char, std::char_traits<char> > >::id
001dfa94 00000004 V guard variable for std::num_get<char, std::istreambuf_iterator<char, std::char_traits<char> > >::id
001dfa98 00000004 V std::collate<char>::id
001dfa9c 00000004 V std::messages<char>::id
001dfaa0 00000004 V std::time_get<char, std::istreambuf_iterator<char, std::char_traits<char> > >::id
001dfaa4 00000004 V std::time_put<char, std::ostreambuf_iterator<char, std::char_traits<char> > >::id
001dfaa8 00000004 V std::__timepunct<char>::id
001dfaac 00000004 V std::numpunct<char>::id
001dfab0 00000004 V std::moneypunct<char, true>::id
001dfab4 00000004 V std::moneypunct<char, false>::id
001dfab8 00000004 V std::money_put<char, std::ostreambuf_iterator<char, std::char_traits<char> > >::id
001dfabc 00000004 V std::money_get<char, std::istreambuf_iterator<char, std::char_traits<char> > >::id
001dfac0 00000004 V std::num_put<char, std::ostreambuf_iterator<char, std::char_traits<char> > >::id
001dfac4 00000004 V std::num_get<char, std::istreambuf_iterator<char, std::char_traits<char> > >::id
001dfac8 000000c8 b (anonymous namespace)::timepunct_cache_w
001dfb90 00000070 b (anonymous namespace)::moneypunct_cache_wf
001dfc00 00000070 b (anonymous namespace)::moneypunct_cache_wt
001dfc70 00000128 b (anonymous namespace)::numpunct_cache_w
001dfd98 000000c8 b (anonymous namespace)::timepunct_cache_c
001dfe60 00000044 b (anonymous namespace)::moneypunct_cache_cf
001dfea4 00000044 b (anonymous namespace)::moneypunct_cache_ct
001dfee8 00000068 b (anonymous namespace)::numpunct_cache_c
001dff50 00000008 b (anonymous namespace)::codecvt_c32_c8
001dff58 00000008 b (anonymous namespace)::codecvt_c16_c8
001dff60 00000008 b (anonymous namespace)::codecvt_c32
001dff68 00000008 b (anonymous namespace)::codecvt_c16
001dff70 00000010 b (anonymous namespace)::messages_w
001dff80 00000008 b (anonymous namespace)::time_put_w
001dff88 00000008 b (anonymous namespace)::time_get_w
001dff90 00000014 b (anonymous namespace)::timepunct_w
001dffa4 00000008 b (anonymous namespace)::money_put_w
001dffac 00000008 b (anonymous namespace)::money_get_w
001dffb4 0000000c b (anonymous namespace)::moneypunct_wf
001dffc0 0000000c b (anonymous namespace)::moneypunct_wt
001dffcc 0000000c b (anonymous namespace)::codecvt_w
001dffd8 00000008 b (anonymous namespace)::num_put_w
001dffe0 00000008 b (anonymous namespace)::num_get_w
001dffe8 0000000c b (anonymous namespace)::numpunct_w
001dfff4 0000000c b (anonymous namespace)::collate_w
001e0000 000004e0 b (anonymous namespace)::ctype_w
001e04e0 00000010 b (anonymous namespace)::messages_c
001e04f0 00000008 b (anonymous namespace)::time_put_c
001e04f8 00000008 b (anonymous namespace)::time_get_c
001e0500 00000014 b (anonymous namespace)::timepunct_c
001e0514 00000008 b (anonymous namespace)::money_put_c
001e051c 00000008 b (anonymous namespace)::money_get_c
001e0524 0000000c b (anonymous namespace)::moneypunct_cf
001e0530 0000000c b (anonymous namespace)::moneypunct_ct
001e053c 0000000c b (anonymous namespace)::codecvt_c
001e0548 00000008 b (anonymous namespace)::num_put_c
001e0550 00000008 b (anonymous namespace)::num_get_c
001e0558 0000000c b (anonymous namespace)::numpunct_c
001e0564 0000000c b (anonymous namespace)::collate_c
001e0570 00000220 b (anonymous namespace)::ctype_c
001e0790 000000c0 b (anonymous namespace)::cache_vec
001e0850 000000c0 b (anonymous namespace)::facet_vec
001e0910 0000000c b (anonymous namespace)::name_c
001e091c 00000018 b (anonymous namespace)::name_vec
001e0934 00000004 b (anonymous namespace)::c_locale
001e0938 00000014 b (anonymous namespace)::c_locale_impl
001e094c 00000004 b guard variable for (anonymous namespace)::get_locale_mutex()::locale_mutex
001e0950 00000010 b (anonymous namespace)::get_locale_mutex()::locale_mutex
001e0960 00000004 V guard variable for std::collate<wchar_t>::id
001e0964 00000004 V guard variable for std::messages<wchar_t>::id
001e0968 00000004 V guard variable for std::time_get<wchar_t, std::istreambuf_iterator<wchar_t, std::char_traits<wchar_t> > >::id
001e096c 00000004 V guard variable for std::time_put<wchar_t, std::ostreambuf_iterator<wchar_t, std::char_traits<wchar_t> > >::id
001e0970 00000004 V guard variable for std::__timepunct<wchar_t>::id
001e0974 00000004 V guard variable for std::numpunct<wchar_t>::id
001e0978 00000004 V guard variable for std::moneypunct<wchar_t, true>::id
001e097c 00000004 V guard variable for std::moneypunct<wchar_t, false>::id
001e0980 00000004 V guard variable for std::money_put<wchar_t, std::ostreambuf_iterator<wchar_t, std::char_traits<wchar_t> > >::id
001e0984 00000004 V guard variable for std::money_get<wchar_t, std::istreambuf_iterator<wchar_t, std::char_traits<wchar_t> > >::id
001e0988 00000004 V guard variable for std::num_put<wchar_t, std::ostreambuf_iterator<wchar_t, std::char_traits<wchar_t> > >::id
001e098c 00000004 V guard variable for std::num_get<wchar_t, std::istreambuf_iterator<wchar_t, std::char_traits<wchar_t> > >::id
001e0990 00000004 V std::collate<wchar_t>::id
001e0994 00000004 V std::messages<wchar_t>::id
001e0998 00000004 V std::time_get<wchar_t, std::istreambuf_iterator<wchar_t, std::char_traits<wchar_t> > >::id
001e099c 00000004 V std::time_put<wchar_t, std::ostreambuf_iterator<wchar_t, std::char_traits<wchar_t> > >::id
001e09a0 00000004 V std::__timepunct<wchar_t>::id
001e09a4 00000004 V std::numpunct<wchar_t>::id
001e09a8 00000004 V std::moneypunct<wchar_t, true>::id
001e09ac 00000004 V std::moneypunct<wchar_t, false>::id
001e09b0 00000004 V std::money_put<wchar_t, std::ostreambuf_iterator<wchar_t, std::char_traits<wchar_t> > >::id
001e09b4 00000004 V std::money_get<wchar_t, std::istreambuf_iterator<wchar_t, std::char_traits<wchar_t> > >::id
001e09b8 00000004 V std::num_put<wchar_t, std::ostreambuf_iterator<wchar_t, std::char_traits<wchar_t> > >::id
001e09bc 00000004 V std::num_get<wchar_t, std::istreambuf_iterator<wchar_t, std::char_traits<wchar_t> > >::id
001e09c0 0000001c b (anonymous namespace)::emergency_pool
001e09dc 00000004 b init
001e09e0 00000001 B __eh_globals_init::_S_init
001e09e4 0000000c b (anonymous namespace)::eh_globals
001e09f0 00000004 b (anonymous namespace)::get_static_cond()::once
001e09f8 00000008 b (anonymous namespace)::fake_cond
001e0a00 00000004 b (anonymous namespace)::static_cond
001e0a04 00000004 b (anonymous namespace)::get_static_mutex()::once
001e0a08 00000010 b (anonymous namespace)::fake_mutex
001e0a18 00000004 b (anonymous namespace)::static_mutex
001e0a1c 00000004 b (anonymous namespace)::__new_handler
001e0a20 00000004 B std::codecvt<wchar_t, char, _mbstate_t>::id
001e0a24 00000004 B std::codecvt<char, char, _mbstate_t>::id
001e0a28 00000004 B std::codecvt<char32_t, char8_t, _mbstate_t>::id
001e0a2c 00000004 B std::codecvt<char16_t, char8_t, _mbstate_t>::id
001e0a30 00000004 B std::codecvt<char32_t, char, _mbstate_t>::id
001e0a34 00000004 B std::codecvt<char16_t, char, _mbstate_t>::id
001e0a38 00000010 b std::(anonymous namespace)::messages_w
001e0a48 00000008 b std::(anonymous namespace)::time_get_w
001e0a50 00000008 b std::(anonymous namespace)::money_put_w
001e0a58 00000008 b std::(anonymous namespace)::money_get_w
001e0a60 0000000c b std::(anonymous namespace)::moneypunct_wf
001e0a6c 0000000c b std::(anonymous namespace)::moneypunct_wt
001e0a78 0000000c b std::(anonymous namespace)::numpunct_w
001e0a84 0000000c b std::(anonymous namespace)::collate_w
001e0a90 00000010 b std::(anonymous namespace)::messages_c
001e0aa0 00000008 b std::(anonymous namespace)::time_get_c
001e0aa8 00000008 b std::(anonymous namespace)::money_put_c
001e0ab0 00000008 b std::(anonymous namespace)::money_get_c
001e0ab8 0000000c b std::(anonymous namespace)::moneypunct_cf
001e0ac4 0000000c b std::(anonymous namespace)::moneypunct_ct
001e0ad0 0000000c b std::(anonymous namespace)::numpunct_c
001e0adc 0000000c b std::(anonymous namespace)::collate_c
001e0ae8 00000004 B std::ctype<wchar_t>::id
001e0aec 00000004 B std::ctype<char>::id
001e0af0 00000004 V guard variable for std::__cxx11::collate<char>::id
001e0af4 00000004 V guard variable for std::__cxx11::messages<char>::id
001e0af8 00000004 V guard variable for std::__cxx11::time_get<char, std::istreambuf_iterator<char, std::char_traits<char> > >::id
001e0afc 00000004 V guard variable for std::__cxx11::numpunct<char>::id
001e0b00 00000004 V guard variable for std::__cxx11::moneypunct<char, true>::id
001e0b04 00000004 V guard variable for std::__cxx11::moneypunct<char, false>::id
001e0b08 00000004 V guard variable for std::__cxx11::money_put<char, std::ostreambuf_iterator<char, std::char_traits<char> > >::id
001e0b0c 00000004 V guard variable for std::__cxx11::money_get<char, std::istreambuf_iterator<char, std::char_traits<char> > >::id
001e0b10 00000004 V std::__cxx11::collate<char>::id
001e0b14 00000004 V std::__cxx11::messages<char>::id
001e0b18 00000004 V std::__cxx11::time_get<char, std::istreambuf_iterator<char, std::char_traits<char> > >::id
001e0b1c 00000004 V std::__cxx11::numpunct<char>::id
001e0b20 00000004 V std::__cxx11::moneypunct<char, true>::id
001e0b24 00000004 V std::__cxx11::moneypunct<char, false>::id
001e0b28 00000004 V std::__cxx11::money_put<char, std::ostreambuf_iterator<char, std::char_traits<char> > >::id
001e0b2c 00000004 V std::__cxx11::money_get<char, std::istreambuf_iterator<char, std::char_traits<char> > >::id
001e0b30 00000004 B _timezone
001e0b34 00000004 B _daylight
001e0b38 00000004 b __tz_mutex
001e0b3c 000000e0 b saved_categories.0
001e0c1c 000000e0 b new_categories.1
001e0cfc 00000028 B __malloc_current_mallinfo
001e0d24 00000004 B __malloc_max_total_mem
001e0d28 00000004 B __malloc_max_sbrked_mem
001e0d2c 00000004 B __malloc_top_pad
001e0d30 0000000c b __sfp_recursive_mutex
001e0d40 00000168 B __sf
001e0ea8 00000004 B __stdio_exit_handler
001e0eac 0000000c b __malloc_recursive_mutex
001e0eb8 00000004 b prev_tzenv
001e0ebc 0000000c b __tzname_dst
001e0ec8 0000000c b __tzname_std
001e0ed4 0000000c b __env_recursive_mutex
001e0ee0 00000004 b initial_env
001e0ee4 00000400 b temp_cwd
001e12e4 00000004 b __hndl_lock
001e12e8 00000004 B fake_heap_start
001e12ec 00000004 B fake_heap_end
001e12f0 00000004 b __pthread_once_cv
001e12f4 00000004 b __pthread_once_lock
001e12f8 00000004 b heap_start.0
001e12fc B __tls_start
001e1f04 B __bss_end__
001e1f04 A __end__
001e1f04 B __tls_end
001ef728 N 
001ef728 N 
001ef728 N 
001ef728 N 
001ef728 N 
001ef728 N 
001ef728 N 
001ef728 N 
001ef728 N 
001ef728 N 
001ef728 N 
001ef728 N 
001ef728 N 
001ef728 N 
001ef728 N 
001ef728 N 
001ef728 N 
001ef728 N 
001ef728 N 
001ef728 N 
001ef728 N 
001ef728 N 
001ef728 N 
001ef728 N 
001ef728 N 
001ef728 N 
001ef728 N 
001ef728 N 
001ef728 N 
001ef728 N 
001ef728 N 
001ef728 N 
001ef728 W KoreanMemoryRule.cpp.86927b07
001ffde3 N 
001ffde3 N 
001ffde3 N 
001ffde3 N 
001ffde3 N 
001ffde3 N 
001ffde3 N 
001ffde3 N 
001ffde3 N 
001ffde3 N 
001ffde3 N 
001ffde3 N 
001ffde3 N 
001ffde3 N 
001ffde3 N 
001ffde3 N 
001ffde3 N 
001ffde3 N 
001ffde3 N 
001ffde3 N 
001ffde3 N 
001ffde3 N 
001ffde3 N 
001ffde3 N 
001ffde3 N 
001ffde3 N 
001ffde3 N 
001ffde3 N 
001ffde3 N 
001ffde3 N 
001ffde3 N 
001ffde3 N 
001ffde3 W KoreanSMS32KB2000MemoryRule.cpp.df54fd6a
002104ad N 
002104ad N 
002104ad N 
002104ad N 
002104ad N 
002104ad N 
002104ad N 
002104ad N 
002104ad N 
002104ad N 
002104ad N 
002104ad N 
002104ad N 
002104ad N 
002104ad N 
002104ad N 
002104ad N 
002104ad N 
002104ad N 
002104ad N 
002104ad N 
002104ad N 
002104ad N 
002104ad N 
002104ad N 
002104ad N 
002104ad N 
002104ad N 
002104ad N 
002104ad N 
002104ad N 
002104ad N 
002104ad W MSXMemoryRule.cpp.35078f4e
00220bcc N 
00220bcc N 
00220bcc N 
00220bcc N 
00220bcc N 
00220bcc N 
00220bcc N 
00220bcc N 
00220bcc N 
00220bcc N 
00220bcc N 
00220bcc N 
00220bcc N 
00220bcc N 
00220bcc N 
00220bcc N 
00220bcc N 
00220bcc N 
00220bcc N 
00220bcc N 
00220bcc N 
00220bcc N 
00220bcc N 
00220bcc N 
00220bcc N 
00220bcc N 
00220bcc N 
00220bcc N 
00220bcc N 
00220bcc N 
00220bcc N 
00220bcc N 
00220bcc N 
00220bcc N 
00220bcc N 
00220bcc N 
00220bcc N 
00220bcc N 
00220bcc N 
00220bcc N 
00220bcc N 
00220bcc N 
00220bcc N 
00220bcc N 
00220bcc N 
00220bcc N 
00220bcc N 
00220bcc N 
00220bcc N 
00220bcc N 
00220bcc N 
00220bcc N 
00220bcc N 
00220bcc N 
00220bcc N 
00220bcc N 
00220bcc N 
00220bcc N 
00220bcc N 
00220bcc N 
00220bcc N 
00220bcc N 
00220bcc N 
00220bcc N 
00220bcc N 
00220bcc N 
00220bcc N 
00220bcc N 
00220bcc N 
00220bcc N 
00220bcc N 
00220bcc N 
00220bcc N 
00220bcc N 
00220bcc N 
00220bcc N 
00220bcc N 
00220bcc N 
00220bcc N 
00220bcc N 
00220bcc N 
00220bcc N 
00220bcc N 
00220bcc N 
00220bcc W Memory.cpp.36fbd9cd
00235e56 N 
00235e56 N 
00235e56 N 
00235e56 N 
00235e56 N 
00235e56 N 
00235e56 N 
00235e56 N 
00235e56 N 
00235e56 N 
00235e56 N 
00235e56 N 
00235e56 N 
00235e56 N 
00235e56 N 
00235e56 N 
00235e56 N 
00235e56 N 
00235e56 N 
00235e56 N 
00235e56 N 
00235e56 N 
00235e56 N 
00235e56 N 
00235e56 N 
00235e56 N 
00235e56 N 
00235e56 N 
00235e56 N 
00235e56 N 
00235e56 N 
00235e56 N 
00235e56 N 
00235e56 N 
00235e56 N 
00235e56 W MemoryRule.cpp.b0a800dc
00238c47 N 
00238c47 N 
00238c47 N 
00238c47 N 
00238c47 N 
00238c47 N 
00238c47 N 
00238c47 N 
00238c47 N 
00238c47 N 
00238c47 N 
00238c47 N 
00238c47 N 
00238c47 N 
00238c47 N 
00238c47 N 
00238c47 N 
00238c47 N 
00238c47 N 
00238c47 N 
00238c47 N 
00238c47 N 
00238c47 N 
00238c47 N 
00238c47 N 
00238c47 N 
00238c47 N 
00238c47 N 
00238c47 N 
00238c47 N 
00238c47 N 
00238c47 N 
00238c47 W Multi4PAKAllActionMemoryRule.cpp.8779435c
00249311 N 
00249311 N 
00249311 N 
00249311 N 
00249311 N 
00249311 N 
00249311 N 
00249311 N 
00249311 N 
00249311 N 
00249311 N 
00249311 N 
00249311 N 
00249311 N 
00249311 N 
00249311 N 
00249311 N 
00249311 N 
00249311 N 
00249311 N 
00249311 N 
00249311 N 
00249311 N 
00249311 N 
00249311 N 
00249311 N 
00249311 N 
00249311 N 
00249311 N 
00249311 N 
00249311 N 
00249311 N 
00249311 N 
00249311 N 
00249311 N 
00249311 N 
00249311 N 
00249311 N 
00249311 N 
00249311 N 
00249311 N 
00249311 N 
00249311 N 
00249311 N 
00249311 N 
00249311 N 
00249311 N 
00249311 N 
00249311 N 
00249311 N 
00249311 N 
00249311 N 
00249311 N 
00249311 N 
00249311 N 
00249311 N 
00249311 N 
00249311 N 
00249311 N 
00249311 N 
00249311 N 
00249311 N 
00249311 N 
00249311 N 
00249311 N 
00249311 N 
00249311 N 
00249311 N 
00249311 N 
00249311 N 
00249311 N 
00249311 N 
00249311 N 
00249311 N 
00249311 N 
00249311 N 
00249311 N 
00249311 N 
00249311 N 
00249311 N 
00249311 N 
00249311 N 
00249311 N 
00249311 N 
00249311 N 
00249311 N 
00249311 N 
00249311 N 
00249311 N 
00249311 N 
00249311 N 
00249311 N 
00249311 N 
00249311 N 
00249311 N 
00249311 N 
00249311 N 
00249311 W Processor.cpp.5912a993
0026084f N 
0026084f N 
0026084f N 
0026084f N 
0026084f N 
0026084f N 
0026084f N 
0026084f N 
0026084f N 
0026084f N 
0026084f N 
0026084f N 
0026084f N 
0026084f N 
0026084f N 
0026084f N 
0026084f N 
0026084f N 
0026084f N 
0026084f N 
0026084f N 
0026084f N 
0026084f N 
0026084f N 
0026084f N 
0026084f N 
0026084f N 
0026084f N 
0026084f W RomOnlyMemoryRule.cpp.fed8b0e3
00270d8f N 
00270d8f N 
00270d8f N 
00270d8f N 
00270d8f N 
00270d8f N 
00270d8f N 
00270d8f N 
00270d8f N 
00270d8f N 
00270d8f N 
00270d8f N 
00270d8f N 
00270d8f N 
00270d8f N 
00270d8f N 
00270d8f N 
00270d8f N 
00270d8f N 
00270d8f N 
00270d8f N 
00270d8f N 
00270d8f N 
00270d8f N 
00270d8f N 
00270d8f N 
00270d8f N 
00270d8f N 
00270d8f N 
00270d8f W SG1000MemoryRule.cpp.06857478
002812de N 
002812de N 
002812de N 
002812de N 
002812de N 
002812de N 
002812de N 
002812de N 
002812de N 
002812de N 
002812de N 
002812de N 
002812de N 
002812de N 
002812de N 
002812de N 
002812de N 
002812de N 
002812de N 
002812de N 
002812de N 
002812de N 
002812de N 
002812de N 
002812de N 
002812de N 
002812de N 
002812de N 
002812de N 
002812de N 
002812de N 
002812de N 
002812de N 
002812de N 
002812de N 
002812de N 
002812de N 
002812de N 
002812de N 
002812de W SegaMemoryRule.cpp.562be774
00292df3 N 
00292df3 N 
00292df3 N 
00292df3 N 
00292df3 N 
00292df3 N 
00292df3 N 
00292df3 N 
00292df3 N 
00292df3 N 
00292df3 N 
00292df3 N 
00292df3 N 
00292df3 N 
00292df3 N 
00292df3 N 
00292df3 N 
00292df3 N 
00292df3 N 
00292df3 N 
00292df3 N 
00292df3 N 
00292df3 N 
00292df3 N 
00292df3 N 
00292df3 N 
00292df3 N 
00292df3 N 
00292df3 N 
00292df3 N 
00292df3 N 
00292df3 N 
00292df3 N 
00292df3 N 
00292df3 N 
00292df3 W SmsIOPorts.cpp.7f348fbb
002a9da2 N 
002a9da2 N 
002a9da2 N 
002a9da2 N 
002a9da2 N 
002a9da2 N 
002a9da2 N 
002a9da2 N 
002a9da2 N 
002a9da2 N 
002a9da2 N 
002a9da2 N 
002a9da2 N 
002a9da2 N 
002a9da2 N 
002a9da2 N 
002a9da2 N 
002a9da2 N 
002a9da2 N 
002a9da2 N 
002a9da2 N 
002a9da2 N 
002a9da2 N 
002a9da2 N 
002a9da2 N 
002a9da2 N 
002a9da2 N 
002a9da2 N 
002a9da2 W TraceLogger.cpp.5efad9b7
002ac4c8 N 
002ac4c8 N 
002ac4c8 N 
002ac4c8 N 
002ac4c8 N 
002ac4c8 N 
002ac4c8 N 
002ac4c8 N 
002ac4c8 N 
002ac4c8 N 
002ac4c8 N 
002ac4c8 N 
002ac4c8 N 
002ac4c8 N 
002ac4c8 N 
002ac4c8 N 
002ac4c8 N 
002ac4c8 N 
002ac4c8 N 
002ac4c8 N 
002ac4c8 N 
002ac4c8 N 
002ac4c8 N 
002ac4c8 N 
002ac4c8 N 
002ac4c8 N 
002ac4c8 N 
002ac4c8 N 
002ac4c8 N 
002ac4c8 N 
002ac4c8 N 
002ac4c8 N 
002ac4c8 N 
002ac4c8 N 
002ac4c8 N 
002ac4c8 N 
002ac4c8 N 
002ac4c8 N 
002ac4c8 N 
002ac4c8 N 
002ac4c8 N 
002ac4c8 N 
002ac4c8 N 
002ac4c8 N 
002ac4c8 N 
002ac4c8 N 
002ac4c8 N 
002ac4c8 N 
002ac4c8 N 
002ac4c8 N 
002ac4c8 N 
002ac4c8 N 
002ac4c8 N 
002ac4c8 N 
002ac4c8 N 
002ac4c8 W VgmRecorder.cpp.fe456b53
002b54b2 N 
002b54b2 N 
002b54b2 N 
002b54b2 N 
002b54b2 N 
002b54b2 N 
002b54b2 N 
002b54b2 N 
002b54b2 N 
002b54b2 N 
002b54b2 N 
002b54b2 N 
002b54b2 N 
002b54b2 N 
002b54b2 N 
002b54b2 N 
002b54b2 N 
002b54b2 N 
002b54b2 N 
002b54b2 N 
002b54b2 N 
002b54b2 N 
002b54b2 N 
002b54b2 N 
002b54b2 N 
002b54b2 N 
002b54b2 N 
002b54b2 N 
002b54b2 N 
002b54b2 N 
002b54b2 N 
002b54b2 N 
002b54b2 N 
002b54b2 N 
002b54b2 N 
002b54b2 N 
002b54b2 N 
002b54b2 N 
002b54b2 N 
002b54b2 N 
002b54b2 N 
002b54b2 N 
002b54b2 N 
002b54b2 N 
002b54b2 N 
002b54b2 N 
002b54b2 N 
002b54b2 N 
002b54b2 N 
002b54b2 N 
002b54b2 N 
002b54b2 N 
002b54b2 N 
002b54b2 N 
002b54b2 N 
002b54b2 N 
002b54b2 N 
002b54b2 N 
002b54b2 N 
002b54b2 N 
002b54b2 N 
002b54b2 N 
002b54b2 N 
002b54b2 N 
002b54b2 N 
002b54b2 N 
002b54b2 N 
002b54b2 N 
002b54b2 N 
002b54b2 W Video.cpp.b619caf6
002c789b N 
002c789b N 
002c789b N 
002c789b N 
002c789b N 
002c789b N 
002c789b N 
002c789b N 
002c789b N 
002c789b N 
002c789b N 
002c789b N 
002c789b N 
002c789b N 
002c789b N 
002c789b N 
002c789b N 
002c789b N 
002c789b N 
002c789b N 
002c789b N 
002c789b N 
002c789b N 
002c789b N 
002c789b N 
002c789b N 
002c789b N 
002c789b N 
002c789b N 
002c789b N 
002c789b N 
002c789b N 
002c789b W YM2413.cpp.5c141f7f
002ca340 N 
002ca340 N 
002ca340 N 
002ca340 N 
002ca340 N 
002ca340 N 
002ca340 N 
002ca340 N 
002ca340 N 
002ca340 N 
002ca340 N 
002ca340 N 
002ca340 N 
002ca340 N 
002ca340 N 
002ca340 N 
002ca340 N 
002ca340 N 
002ca340 N 
002ca340 N 
002ca340 N 
002ca340 N 
002ca340 N 
002ca340 N 
002ca340 N 
002ca340 N 
002ca340 N 
002ca340 N 
002ca340 N 
002ca340 N 
002ca340 N 
002ca340 N 
002ca340 N 
002ca340 N 
002ca340 N 
002ca340 N 
002ca340 N 
002ca340 N 
002ca340 N 
002ca340 N 
002ca340 N 
002ca340 N 
002ca340 N 
002ca340 N 
002ca340 N 
002ca340 N 
002ca340 N 
002ca340 N 
002ca340 N 
002ca340 N 
002ca340 N 
002ca340 N 
002ca340 N 
002ca340 N 
002ca340 N 
002ca340 N 
002ca340 N 
002ca340 N 
002ca340 N 
002ca340 N 
002ca340 N 
002ca340 N 
002ca340 N 
002ca340 N 
002ca340 N 
002ca340 N 
002ca340 N 
002ca340 N 
002ca340 N 
002ca340 N 
002ca340 N 
002ca340 N 
002ca340 N 
002ca340 N 
002ca340 N 
002ca340 N 
002ca340 N 
002ca340 N 
002ca340 N 
002ca340 N 
002ca340 N 
002ca340 N 
002ca340 N 
002ca340 N 
002ca340 N 
002ca340 N 
002ca340 N 
002ca340 N 
002ca340 N 
002ca340 N 
002ca340 N 
002ca340 N 
002ca340 N 
002ca340 N 
002ca340 N 
002ca340 N 
002ca340 N 
002ca340 N 
002ca340 N 
002ca340 N 
002ca340 N 
002ca340 N 
002ca340 N 
002ca340 N 
002ca340 N 
002ca340 N 
002ca340 N 
002ca340 N 
002ca340 N 
002ca340 N 
002ca340 N 
002ca340 N 
002ca340 N 
002ca340 N 
002ca340 N 
002ca340 N 
002ca340 N 
002ca340 N 
002ca340 N 
002ca340 N 
002ca340 N 
002ca340 N 
002ca340 N 
002ca340 N 
002ca340 N 
002ca340 N 
002ca340 N 
002ca340 N 
002ca340 N 
002ca340 N 
002ca340 N 
002ca340 N 
002ca340 N 
002ca340 N 
002ca340 N 
002ca340 N 
002ca340 N 
002ca340 N 
002ca340 N 
002ca340 N 
002ca340 N 
002ca340 N 
002ca340 N 
002ca340 N 
002ca340 N 
002ca340 N 
002ca340 N 
002ca340 N 
002ca340 N 
002ca340 N 
002ca340 N 
002ca340 N 
002ca340 N 
002ca340 N 
002ca340 N 
002ca340 N 
002ca340 N 
002ca340 N 
002ca340 N 
002ca340 N 
002ca340 N 
002ca340 N 
002ca340 N 
002ca340 N 
002ca340 N 
002ca340 N 
002ca340 N 
002ca340 N 
002ca340 N 
002ca340 N 
002ca340 N 
002ca340 N 
002ca340 N 
002ca340 N 
002ca340 N 
002ca340 N 
002ca340 N 
002ca340 N 
002ca340 N 
002ca340 N 
002ca340 N 
002ca340 N 
002ca340 N 
002ca340 N 
002ca340 N 
002ca340 N 
002ca340 N 
002ca340 N 
002ca340 N 
002ca340 N 
002ca340 N 
002ca340 N 
002ca340 N 
002ca340 N 
002ca340 N 
002ca340 N 
002ca340 N 
002ca340 N 
002ca340 N 
002ca340 N 
002ca340 N 
002ca340 N 
002ca340 N 
002ca340 N 
002ca340 N 
002ca340 N 
002ca340 N 
002ca340 N 
002ca340 N 
002ca340 N 
002ca340 N 
002ca340 N 
002ca340 N 
002ca340 N 
002ca340 N 
002ca340 N 
002ca340 N 
002ca340 N 
002ca340 N 
002ca340 N 
002ca340 N 
002ca340 N 
002ca340 N 
002ca340 N 
002ca340 N 
002ca340 N 
002ca340 N 
002ca340 N 
002ca340 N 
002ca340 N 
002ca340 N 
002ca340 N 
002ca340 N 
002ca340 N 
002ca340 N 
002ca340 N 
002ca340 N 
002ca340 N 
002ca340 N 
002ca340 N 
002ca340 N 
002ca340 N 
002ca340 N 
002ca340 N 
002ca340 N 
002ca340 N 
002ca340 N 
002ca340 N 
002ca340 N 
002ca340 N 
002ca340 N 
002ca340 N 
002ca340 N 
002ca340 N 
002ca340 N 
002ca340 N 
002ca340 N 
002ca340 N 
002ca340 N 
002ca340 N 
002ca340 N 
002ca340 N 
002ca340 N 
002ca340 N 
002ca340 N 
002ca340 N 
002ca340 N 
002ca340 N 
002ca340 N 
002ca340 N 
002ca340 N 
002ca340 N 
002ca340 N 
002ca340 N 
002ca340 N 
002ca340 N 
002ca340 N 
002ca340 N 
002ca340 N 
002ca340 N 
002ca340 N 
002ca340 N 
002ca340 N 
002ca340 N 
002ca340 N 
002ca340 N 
002ca340 N 
002ca340 N 
002ca340 N 
002ca340 N 
002ca340 N 
002ca340 N 
002ca340 N 
002ca340 N 
002ca340 N 
002ca340 N 
002ca340 N 
002ca340 N 
002ca340 N 
002ca340 N 
002ca340 N 
002ca340 N 
002ca340 N 
002ca340 N 
002ca340 N 
002ca340 N 
002ca340 N 
002ca340 N 
002ca340 N 
002ca340 N 
002ca340 N 
002ca340 N 
002ca340 N 
002ca340 N 
002ca340 N 
002ca340 N 
002ca340 N 
002ca340 N 
002ca340 N 
002ca340 N 
002ca340 W opcodes.cpp.e8a745c3
002dd067 N 
002dd067 N 
002dd067 N 
002dd067 N 
002dd067 N 
002dd067 N 
002dd067 N 
002dd067 N 
002dd067 N 
002dd067 N 
002dd067 N 
002dd067 N 
002dd067 N 
002dd067 N 
002dd067 N 
002dd067 N 
002dd067 N 
002dd067 N 
002dd067 N 
002dd067 N 
002dd067 N 
002dd067 N 
002dd067 N 
002dd067 N 
002dd067 N 
002dd067 N 
002dd067 N 
002dd067 N 
002dd067 N 
002dd067 N 
002dd067 N 
002dd067 N 
002dd067 N 
002dd067 N 
002dd067 N 
002dd067 N 
002dd067 N 
002dd067 N 
002dd067 N 
002dd067 N 
002dd067 N 
002dd067 N 
002dd067 N 
002dd067 N 
002dd067 N 
002dd067 N 
002dd067 N 
002dd067 N 
002dd067 N 
002dd067 N 
002dd067 N 
002dd067 N 
002dd067 N 
002dd067 N 
002dd067 N 
002dd067 N 
002dd067 N 
002dd067 N 
002dd067 N 
002dd067 N 
002dd067 N 
002dd067 N 
002dd067 N 
002dd067 N 
002dd067 N 
002dd067 N 
002dd067 N 
002dd067 N 
002dd067 N 
002dd067 N 
002dd067 N 
002dd067 N 
002dd067 N 
002dd067 N 
002dd067 N 
002dd067 N 
002dd067 N 
002dd067 N 
002dd067 N 
002dd067 N 
002dd067 N 
002dd067 N 
002dd067 N 
002dd067 N 
002dd067 N 
002dd067 N 
002dd067 N 
002dd067 N 
002dd067 N 
002dd067 N 
002dd067 N 
002dd067 N 
002dd067 N 
002dd067 N 
002dd067 N 
002dd067 N 
002dd067 N 
002dd067 N 
002dd067 N 
002dd067 N 
002dd067 N 
002dd067 N 
002dd067 N 
002dd067 N 
002dd067 N 
002dd067 N 
002dd067 N 
002dd067 N 
002dd067 N 
002dd067 N 
002dd067 N 
002dd067 N 
002dd067 N 
002dd067 N 
002dd067 N 
002dd067 N 
002dd067 N 
002dd067 N 
002dd067 N 
002dd067 N 
002dd067 N 
002dd067 N 
002dd067 N 
002dd067 N 
002dd067 N 
002dd067 N 
002dd067 N 
002dd067 N 
002dd067 N 
002dd067 N 
002dd067 N 
002dd067 N 
002dd067 N 
002dd067 N 
002dd067 N 
002dd067 N 
002dd067 N 
002dd067 N 
002dd067 N 
002dd067 N 
002dd067 N 
002dd067 N 
002dd067 N 
002dd067 N 
002dd067 N 
002dd067 N 
002dd067 N 
002dd067 N 
002dd067 N 
002dd067 N 
002dd067 N 
002dd067 N 
002dd067 N 
002dd067 N 
002dd067 N 
002dd067 N 
002dd067 N 
002dd067 N 
002dd067 N 
002dd067 N 
002dd067 N 
002dd067 N 
002dd067 N 
002dd067 N 
002dd067 N 
002dd067 N 
002dd067 N 
002dd067 N 
002dd067 N 
002dd067 N 
002dd067 N 
002dd067 N 
002dd067 N 
002dd067 N 
002dd067 N 
002dd067 N 
002dd067 N 
002dd067 N 
002dd067 N 
002dd067 N 
002dd067 N 
002dd067 N 
002dd067 N 
002dd067 N 
002dd067 N 
002dd067 N 
002dd067 N 
002dd067 N 
002dd067 N 
002dd067 N 
002dd067 N 
002dd067 N 
002dd067 N 
002dd067 N 
002dd067 N 
002dd067 N 
002dd067 N 
002dd067 N 
002dd067 N 
002dd067 N 
002dd067 N 
002dd067 N 
002dd067 N 
002dd067 N 
002dd067 N 
002dd067 N 
002dd067 N 
002dd067 N 
002dd067 N 
002dd067 N 
002dd067 N 
002dd067 N 
002dd067 N 
002dd067 N 
002dd067 N 
002dd067 N 
002dd067 N 
002dd067 N 
002dd067 N 
002dd067 N 
002dd067 N 
002dd067 N 
002dd067 N 
002dd067 N 
002dd067 N 
002dd067 N 
002dd067 N 
002dd067 N 
002dd067 N 
002dd067 N 
002dd067 N 
002dd067 N 
002dd067 N 
002dd067 N 
002dd067 N 
002dd067 N 
002dd067 N 
002dd067 N 
002dd067 N 
002dd067 N 
002dd067 N 
002dd067 N 
002dd067 N 
002dd067 N 
002dd067 N 
002dd067 N 
002dd067 N 
002dd067 N 
002dd067 N 
002dd067 N 
002dd067 N 
002dd067 N 
002dd067 N 
002dd067 N 
002dd067 N 
002dd067 N 
002dd067 N 
002dd067 N 
002dd067 N 
002dd067 N 
002dd067 N 
002dd067 N 
002dd067 N 
002dd067 N 
002dd067 N 
002dd067 N 
002dd067 N 
002dd067 N 
002dd067 N 
002dd067 N 
002dd067 N 
002dd067 N 
002dd067 N 
002dd067 N 
002dd067 N 
002dd067 N 
002dd067 N 
002dd067 N 
002dd067 N 
002dd067 N 
002dd067 N 
002dd067 N 
002dd067 N 
002dd067 N 
002dd067 N 
002dd067 N 
002dd067 N 
002dd067 N 
002dd067 N 
002dd067 N 
002dd067 N 
002dd067 N 
002dd067 N 
002dd067 N 
002dd067 N 
002dd067 N 
002dd067 N 
002dd067 N 
002dd067 N 
002dd067 N 
002dd067 N 
002dd067 N 
002dd067 N 
002dd067 W opcodes_cb.cpp.2f0e5fff
002ef378 N 
002ef378 N 
002ef378 N 
002ef378 N 
002ef378 N 
002ef378 N 
002ef378 N 
002ef378 N 
002ef378 N 
002ef378 N 
002ef378 N 
002ef378 N 
002ef378 N 
002ef378 N 
002ef378 N 
002ef378 N 
002ef378 N 
002ef378 N 
002ef378 N 
002ef378 N 
002ef378 N 
002ef378 N 
002ef378 N 
002ef378 N 
002ef378 N 
002ef378 N 
002ef378 N 
002ef378 N 
002ef378 N 
002ef378 N 
002ef378 N 
002ef378 N 
002ef378 N 
002ef378 N 
002ef378 N 
002ef378 N 
002ef378 N 
002ef378 N 
002ef378 N 
002ef378 N 
002ef378 N 
002ef378 N 
002ef378 N 
002ef378 N 
002ef378 N 
002ef378 N 
002ef378 N 
002ef378 N 
002ef378 N 
002ef378 N 
002ef378 N 
002ef378 N 
002ef378 N 
002ef378 N 
002ef378 N 
002ef378 N 
002ef378 N 
002ef378 N 
002ef378 N 
002ef378 N 
002ef378 N 
002ef378 N 
002ef378 N 
002ef378 N 
002ef378 N 
002ef378 N 
002ef378 N 
002ef378 N 
002ef378 N 
002ef378 N 
002ef378 N 
002ef378 N 
002ef378 N 
002ef378 N 
002ef378 N 
002ef378 N 
002ef378 N 
002ef378 N 
002ef378 N 
002ef378 N 
002ef378 N 
002ef378 N 
002ef378 N 
002ef378 N 
002ef378 N 
002ef378 N 
002ef378 N 
002ef378 N 
002ef378 N 
002ef378 N 
002ef378 N 
002ef378 N 
002ef378 N 
002ef378 N 
002ef378 N 
002ef378 N 
002ef378 N 
002ef378 N 
002ef378 N 
002ef378 N 
002ef378 N 
002ef378 N 
002ef378 N 
002ef378 N 
002ef378 N 
002ef378 N 
002ef378 N 
002ef378 N 
002ef378 N 
002ef378 N 
002ef378 N 
002ef378 N 
002ef378 N 
002ef378 N 
002ef378 N 
002ef378 N 
002ef378 N 
002ef378 N 
002ef378 N 
002ef378 N 
002ef378 N 
002ef378 N 
002ef378 N 
002ef378 W opcodes_ed.cpp.c6dc8906
00300341 N 
00300341 N 
00300341 N 
00300341 N 
00300341 N 
00300341 N 
00300341 N 
00300341 N 
00300341 N 
00300341 N 
00300341 N 
00300341 N 
00300341 N 
00300341 N 
00300341 N 
00300341 N 
00300341 N 
00300341 N 
00300341 N 
00300341 N 
00300341 N 
00300341 N 
00300341 N 
00300341 N 
00300341 N 
00300341 N 
00300341 N 
00300341 N 
00300341 N 
00300341 N 
00300341 N 
00300341 N 
00300341 N 
00300341 N 
00300341 N 
00300341 N 
00300341 N 
00300341 N 
00300341 N 
00300341 N 
00300341 N 
00300341 N 
00300341 N 
00300341 W Blip_Buffer.cpp.29f96bab
003030de N 
003030de N 
003030de N 
003030de N 
003030de N 
003030de N 
003030de N 
003030de N 
003030de N 
003030de N 
003030de N 
003030de N 
003030de N 
003030de N 
003030de N 
003030de N 
003030de N 
003030de N 
003030de N 
003030de N 
003030de N 
003030de N 
003030de N 
003030de N 
003030de N 
003030de N 
003030de N 
003030de N 
003030de N 
003030de N 
003030de N 
003030de N 
003030de N 
003030de N 
003030de N 
003030de N 
003030de N 
003030de N 
003030de N 
003030de N 
003030de N 
003030de N 
003030de N 
003030de N 
003030de N 
003030de N 
003030de N 
003030de N 
003030de W Sms_Apu.cpp.4e60c39a
003073f2 N 
003073f2 N 
003073f2 N 
003073f2 N 
003073f2 N 
003073f2 N 
003073f2 N 
003073f2 N 
003073f2 N 
003073f2 N 
003073f2 N 
003073f2 N 
003073f2 N 
003073f2 N 
003073f2 N 
003073f2 N 
003073f2 N 
003073f2 N 
003073f2 N 
003073f2 N 
003073f2 N 
003073f2 N 
003073f2 N 
003073f2 N 
003073f2 N 
003073f2 N 
003073f2 N 
003073f2 N 
003073f2 N 
003073f2 N 
003073f2 W Stereo_Buffer.cpp.82515572
0030a3de N 
0030a3de N 
0030a3de N 
0030a3de N 
0030a3de N 
0030a3de N 
0030a3de N 
0030a3de N 
0030a3de N 
0030a3de N 
0030a3de N 
0030a3de N 
0030a3de N 
0030a3de N 
0030a3de N 
0030a3de N 
0030a3de N 
0030a3de N 
0030a3de N 
0030a3de N 
0030a3de N 
0030a3de N 
0030a3de N 
0030a3de N 
0030a3de N 
0030a3de N 
0030a3de N 
0030a3de N 
0030a3de N 
0030a3de N 
0030a3de N 
0030a3de N 
0030a3de N 
0030a3de N 
0030a3de N 
0030a3de N 
0030a3de N 
0030a3de N 
0030a3de N 
0030a3de N 
0030a3de N 
0030a3de N 
0030a3de N 
0030a3de N 
0030a3de N 
0030a3de N 
0030a3de N 
0030a3de N 
0030a3de W emu2413.c.1d018d9d
0030b096 N 
0030b096 N 
0030b096 N 
0030b096 N 
0030b096 N 
0030b096 N 
0030b096 N 
0030b096 N 
0030b096 N 
0030b096 N 
0030b096 N 
0030b096 N 
0030b096 N 
0030b096 N 
0030b096 N 
0030b096 N 
0030b096 N 
0030b096 N 
0030b096 N 
0030b096 N 
0030b096 N 
0030b096 N 
0030b096 N 
0030b096 N 
0030b096 N 
0030b096 N 
0030b096 N 
0030b096 N 
0030b096 N 
0030b096 N 
0030b096 N 
0030b096 N 
0030b096 N 
0030b096 N 
0030b096 N 
0030b096 N 
0030b096 N 
0030b096 N 
0030b096 N 
0030b096 N 
0030b096 N 
0030b096 N 
0030b096 N 
0030b096 N 
0030b096 N 
0030b096 N 
0030b096 N 
0030b096 N 
0030b096 N 
0030b096 N 
0030b096 N 
0030b096 N 
0030b096 N 
0030b096 N 
0030b096 N 
0030b096 N 
0030b096 N 
0030b096 N 
0030b096 N 
0030b096 N 
0030b096 N 
0030b096 N 
0030b096 N 
0030b096 N 
0030b096 N 
0030b096 N 
0030b096 N 
0030b096 N 
0030b096 N 
0030b096 N 
0030b096 N 
0030b096 N 
0030b096 N 
0030b096 N 
0030b096 N 
0030b096 N 
0030b096 N 
0030b096 N 
0030b096 N 
0030b096 N 
0030b096 N 
0030b096 N 
0030b096 N 
0030b096 N 
0030b096 N 
0030b096 N 
0030b096 N 
0030b096 N 
0030b096 N 
0030b096 N 
0030b096 N 
0030b096 N 
0030b096 N 
0030b096 N 
0030b096 N 
0030b096 N 
0030b096 N 
0030b096 N 
0030b096 N 
0030b096 N 
0030b096 N 
0030b096 N 
0030b096 N 
0030b096 N 
0030b096 N 
0030b096 N 
0030b096 N 
0030b096 N 
0030b096 N 
0030b096 N 
0030b096 N 
0030b096 N 
0030b096 N 
0030b096 N 
0030b096 N 
0030b096 N 
0030b096 N 
0030b096 N 
0030b096 N 
0030b096 N 
0030b096 N 
0030b096 N 
0030b096 N 
0030b096 N 
0030b096 N 
0030b096 N 
0030b096 N 
0030b096 N 
0030b096 N 
0030b096 N 
0030b096 N 
0030b096 N 
0030b096 N 
0030b096 N 
0030b096 N 
0030b096 N 
0030b096 N 
0030b096 N 
0030b096 N 
0030b096 N 
0030b096 N 
0030b096 N 
0030b096 N 
0030b096 N 
0030b096 N 
0030b096 N 
0030b096 N 
0030b096 N 
0030b096 N 
0030b096 N 
0030b096 N 
0030b096 N 
0030b096 N 
0030b096 N 
0030b096 N 
0030b096 N 
0030b096 N 
0030b096 N 
0030b096 N 
0030b096 N 
0030b096 N 
0030b096 N 
0030b096 N 
0030b096 N 
0030b096 N 
0030b096 N 
0030b096 N 
0030b096 N 
0030b096 N 
0030b096 N 
0030b096 N 
0030b096 N 
0030b096 N 
0030b096 N 
0030b096 N 
0030b096 N 
0030b096 N 
0030b096 N 
0030b096 N 
0030b096 N 
0030b096 N 
0030b096 N 
0030b096 N 
0030b096 N 
0030b096 N 
0030b096 N 
0030b096 N 
0030b096 N 
0030b096 N 
0030b096 N 
0030b096 N 
0030b096 N 
0030b096 N 
0030b096 N 
0030b096 N 
0030b096 N 
0030b096 N 
0030b096 N 
0030b096 N 
0030b096 N 
0030b096 N 
0030b096 N 
0030b096 N 
0030b096 N 
0030b096 N 
0030b096 N 
0030b096 N 
0030b096 N 
0030b096 N 
0030b096 N 
0030b096 N 
0030b096 N 
0030b096 N 
0030b096 N 
0030b096 W miniz.c.a540e105
