         w __cxa_pure_virtual
         w __deregister_frame_info
         w __gnu_Unwind_Find_exidx
         w __register_frame_info
         w __syscall_tls_create
         w __syscall_tls_delete
         w __syscall_tls_get
         w __syscall_tls_set
         w userAppExit
         w userAppInit
00000000 b _TLS_MODULE_BASE_
00000000 00000802 B __ctru_dev_utf16_buf
00000000 A __sync_synchronize
00000000 a shift
00000000 a shift
00000804 00000401 B __ctru_dev_path_buf
0005dfde N 
0005dfde N 
0005dfde N 
0005dfde N 
0005dfde N 
0005dfde N 
0005dfde N 
0005dfde N 
0005dfde N 
0005dfde N 
0005dfde N 
0005dfde N 
0005dfde N 
0005dfde N 
0005dfde N 
0005dfde N 
0005dfde N 
0005dfde N 
0005dfde N 
0005dfde N 
0005dfde N 
0005dfde N 
0005dfde N 
0005dfde N 
0005dfde N 
0005dfde N 
0005dfde N 
0005dfde N 
0005dfde N 
0005dfde N 
0005dfde N 
0005dfde N 
0005dfde N 
0005dfde N 
0005dfde N 
0005dfde N 
0005dfde N 
0005dfde N 
0005dfde N 
0005dfde N 
0005dfde N 
0005dfde N 
0005dfde N 
0005dfde N 
0005dfde N 
0005dfde N 
0005dfde N 
0005dfde N 
0005dfde N 
0005dfde N 
0005dfde N 
0005dfde N 
0005dfde N 
0005dfde N 
0005dfde N 
0005dfde N 
0005dfde N 
0005dfde N 
0005dfde N 
0005dfde N 
0005dfde N 
0005dfde N 
0005dfde N 
0005dfde N 
0005dfde N 
0005dfde N 
0005dfde N 
0005dfde N 
0005dfde N 
0005dfde N 
0005dfde N 
0005dfde N 
0005dfde N 
0005dfde N 
0005dfde N 
0005dfde N 
0005dfde W main.cpp.40d24e62
0007a7c7 N 
0007a7c7 N 
0007a7c7 N 
0007a7c7 N 
0007a7c7 N 
0007a7c7 N 
0007a7c7 N 
0007a7c7 N 
0007a7c7 N 
0007a7c7 N 
0007a7c7 N 
0007a7c7 N 
0007a7c7 N 
0007a7c7 N 
0007a7c7 N 
0007a7c7 N 
0007a7c7 N 
0007a7c7 N 
0007a7c7 N 
0007a7c7 N 
0007a7c7 N 
0007a7c7 N 
0007a7c7 N 
0007a7c7 N 
0007a7c7 N 
0007a7c7 N 
0007a7c7 N 
0007a7c7 N 
0007a7c7 N 
0007a7c7 N 
0007a7c7 N 
0007a7c7 N 
0007a7c7 N 
0007a7c7 N 
0007a7c7 N 
0007a7c7 N 
0007a7c7 W Audio.cpp.9d37b2e4
00085371 N 
00085371 N 
00085371 N 
00085371 N 
00085371 N 
00085371 N 
00085371 N 
00085371 N 
00085371 N 
00085371 N 
00085371 N 
00085371 N 
00085371 N 
00085371 N 
00085371 N 
00085371 N 
00085371 N 
00085371 N 
00085371 N 
00085371 N 
00085371 N 
00085371 N 
00085371 N 
00085371 N 
00085371 N 
00085371 N 
00085371 N 
00085371 N 
00085371 N 
00085371 N 
00085371 N 
00085371 W BootromMemoryRule.cpp.f570f72b
00095a41 N 
00095a41 N 
00095a41 N 
00095a41 N 
00095a41 N 
00095a41 N 
00095a41 N 
00095a41 N 
00095a41 N 
00095a41 N 
00095a41 N 
00095a41 N 
00095a41 N 
00095a41 N 
00095a41 N 
00095a41 N 
00095a41 N 
00095a41 N 
00095a41 N 
00095a41 N 
00095a41 N 
00095a41 N 
00095a41 N 
00095a41 N 
00095a41 N 
00095a41 N 
00095a41 N 
00095a41 N 
00095a41 N 
00095a41 N 
00095a41 N 
00095a41 N 
00095a41 N 
00095a41 N 
00095a41 N 
00095a41 N 
00095a41 N 
00095a41 N 
00095a41 N 
00095a41 N 
00095a41 N 
00095a41 N 
00095a41 N 
00095a41 N 
00095a41 N 
00095a41 N 
00095a41 N 
00095a41 N 
00095a41 N 
00095a41 N 
00095a41 N 
00095a41 N 
00095a41 N 
00095a41 N 
00095a41 N 
00095a41 N 
00095a41 N 
00095a41 N 
00095a41 N 
00095a41 N 
00095a41 N 
00095a41 N 
00095a41 N 
00095a41 N 
00095a41 N 
00095a41 N 
00095a41 N 
00095a41 N 
00095a41 N 
00095a41 N 
00095a41 N 
00095a41 N 
00095a41 N 
00095a41 N 
00095a41 N 
00095a41 N 
00095a41 N 
00095a41 N 
00095a41 N 
00095a41 N 
00095a41 N 
00095a41 N 
00095a41 W Cartridge.cpp.4e3a9343
000a19da N 
000a19da N 
000a19da N 
000a19da N 
000a19da N 
000a19da N 
000a19da N 
000a19da N 
000a19da N 
000a19da N 
000a19da N 
000a19da N 
000a19da N 
000a19da N 
000a19da N 
000a19da N 
000a19da N 
000a19da N 
000a19da N 
000a19da N 
000a19da N 
000a19da N 
000a19da N 
000a19da N 
000a19da N 
000a19da N 
000a19da N 
000a19da N 
000a19da N 
000a19da N 
000a19da N 
000a19da N 
000a19da N 
000a19da W CodemastersMemoryRule.cpp.fd79ea9e
000b2154 N 
000b2154 N 
000b2154 N 
000b2154 N 
000b2154 N 
000b2154 N 
000b2154 N 
000b2154 N 
000b2154 N 
000b2154 N 
000b2154 N 
000b2154 N 
000b2154 N 
000b2154 N 
000b2154 N 
000b2154 N 
000b2154 N 
000b2154 N 
000b2154 N 
000b2154 N 
000b2154 N 
000b2154 N 
000b2154 N 
000b2154 N 
000b2154 N 
000b2154 N 
000b2154 N 
000b2154 N 
000b2154 N 
000b2154 N 
000b2154 N 
000b2154 N 
000b2154 N 
000b2154 N 
000b2154 N 
000b2154 N 
000b2154 N 
000b2154 N 
000b2154 N 
000b2154 N 
000b2154 N 
000b2154 N 
000b2154 N 
000b2154 N 
000b2154 N 
000b2154 N 
000b2154 N 
000b2154 N 
000b2154 N 
000b2154 W Eeprom93C46MemoryRule.cpp.19ea6ee5
000c2dc3 N 
000c2dc3 N 
000c2dc3 N 
000c2dc3 N 
000c2dc3 N 
000c2dc3 N 
000c2dc3 N 
000c2dc3 N 
000c2dc3 N 
000c2dc3 N 
000c2dc3 N 
000c2dc3 N 
000c2dc3 N 
000c2dc3 N 
000c2dc3 N 
000c2dc3 N 
000c2dc3 N 
000c2dc3 N 
000c2dc3 N 
000c2dc3 N 
000c2dc3 N 
000c2dc3 N 
000c2dc3 N 
000c2dc3 N 
000c2dc3 N 
000c2dc3 N 
000c2dc3 N 
000c2dc3 N 
000c2dc3 N 
000c2dc3 N 
000c2dc3 N 
000c2dc3 N 
000c2dc3 N 
000c2dc3 N 
000c2dc3 N 
000c2dc3 W GameGearIOPorts.cpp.cc1e7976
000d9d3f N 
000d9d3f N 
000d9d3f N 
000d9d3f N 
000d9d3f N 
000d9d3f N 
000d9d3f N 
000d9d3f N 
000d9d3f N 
000d9d3f N 
000d9d3f N 
000d9d3f N 
000d9d3f N 
000d9d3f N 
000d9d3f N 
000d9d3f N 
000d9d3f N 
000d9d3f N 
000d9d3f N 
000d9d3f N 
000d9d3f N 
000d9d3f N 
000d9d3f N 
000d9d3f N 
000d9d3f N 
000d9d3f N 
000d9d3f N 
000d9d3f N 
000d9d3f N 
000d9d3f N 
000d9d3f N 
000d9d3f N 
000d9d3f N 
000d9d3f N 
000d9d3f N 
000d9d3f N 
000d9d3f N 
000d9d3f N 
000d9d3f N 
000d9d3f N 
000d9d3f N 
000d9d3f N 
000d9d3f N 
000d9d3f N 
000d9d3f N 
000d9d3f N 
000d9d3f N 
000d9d3f N 
000d9d3f N 
000d9d3f N 
000d9d3f N 
000d9d3f N 
000d9d3f N 
000d9d3f N 
000d9d3f N 
000d9d3f N 
000d9d3f N 
000d9d3f N 
000d9d3f N 
000d9d3f N 
000d9d3f N 
000d9d3f N 
000d9d3f N 
000d9d3f N 
000d9d3f N 
000d9d3f N 
000d9d3f N 
000d9d3f N 
000d9d3f N 
000d9d3f N 
000d9d3f N 
000d9d3f N 
000d9d3f N 
000d9d3f N 
000d9d3f N 
000d9d3f N 
000d9d3f N 
000d9d3f N 
000d9d3f N 
000d9d3f N 
000d9d3f N 
000d9d3f N 
000d9d3f N 
000d9d3f N 
000d9d3f N 
000d9d3f N 
000d9d3f N 
000d9d3f N 
000d9d3f N 
000d9d3f N 
000d9d3f N 
000d9d3f N 
000d9d3f N 
000d9d3f N 
000d9d3f N 
000d9d3f N 
000d9d3f N 
000d9d3f N 
000d9d3f N 
000d9d3f N 
000d9d3f N 
000d9d3f N 
000d9d3f N 
000d9d3f N 
000d9d3f N 
000d9d3f N 
000d9d3f N 
000d9d3f N 
000d9d3f N 
000d9d3f N 
000d9d3f N 
000d9d3f N 
000d9d3f N 
000d9d3f N 
000d9d3f N 
000d9d3f N 
000d9d3f N 
000d9d3f N 
000d9d3f N 
000d9d3f N 
000d9d3f N 
000d9d3f N 
000d9d3f N 
000d9d3f N 
000d9d3f N 
000d9d3f N 
000d9d3f N 
000d9d3f N 
000d9d3f N 
000d9d3f N 
000d9d3f N 
000d9d3f N 
000d9d3f N 
000d9d3f N 
000d9d3f N 
000d9d3f N 
000d9d3f N 
000d9d3f N 
000d9d3f N 
000d9d3f N 
000d9d3f N 
000d9d3f N 
000d9d3f N 
000d9d3f N 
000d9d3f N 
000d9d3f N 
000d9d3f N 
000d9d3f N 
000d9d3f N 
000d9d3f N 
000d9d3f N 
000d9d3f N 
000d9d3f N 
000d9d3f N 
000d9d3f N 
000d9d3f N 
000d9d3f N 
000d9d3f N 
000d9d3f N 
000d9d3f N 
000d9d3f N 
000d9d3f N 
000d9d3f N 
000d9d3f N 
000d9d3f N 
000d9d3f N 
000d9d3f N 
000d9d3f N 
000d9d3f N 
000d9d3f N 
000d9d3f N 
000d9d3f W GearsystemCore.cpp.f368d6ac
000f79f3 N 
000f79f3 N 
000f79f3 N 
000f79f3 N 
000f79f3 N 
000f79f3 N 
000f79f3 N 
000f79f3 N 
000f79f3 N 
000f79f3 N 
000f79f3 N 
000f79f3 N 
000f79f3 N 
000f79f3 N 
000f79f3 N 
000f79f3 N 
000f79f3 N 
000f79f3 N 
000f79f3 N 
000f79f3 N 
000f79f3 N 
000f79f3 N 
000f79f3 N 
000f79f3 N 
000f79f3 N 
000f79f3 N 
000f79f3 N 
000f79f3 N 
000f79f3 N 
000f79f3 N 
000f79f3 N 
000f79f3 N 
000f79f3 N 
000f79f3 N 
000f79f3 N 
000f79f3 N 
000f79f3 N 
000f79f3 N 
000f79f3 W Input.cpp.3844f531
00100000 A __start__
00100000 T _start
00100008 T __service_ptr
0010000c T __apt_appid
00100010 T __heap_size
00100014 T __linear_heap_size
00100018 T __system_arglist
0010001c T __system_runflags
00100020 t startup
00100058 t ClearMem
0010006c t ClrLoop
00100094 T _init
001000b0 00000020 t GameGearIOPorts::Reset()
001000d0 00000004 t BootromMemoryRule::~BootromMemoryRule()
001000d0 00000004 t BootromMemoryRule::~BootromMemoryRule()
001000d4 00000090 t BootromMemoryRule::PerformRead(unsigned short)
00100164 000000cc t BootromMemoryRule::PerformWrite(unsigned short, unsigned char)
00100230 00000098 t BootromMemoryRule::Reset()
001002c8 0000001c t BootromMemoryRule::GetPage(int)
001002e4 00000014 t BootromMemoryRule::GetBank(int)
001002f8 000000a0 t CodemastersMemoryRule::PerformRead(unsigned short)
00100398 000000ec t CodemastersMemoryRule::PerformWrite(unsigned short, unsigned char)
00100484 00000014 t CodemastersMemoryRule::GetRamBanks()
00100498 00000058 t CodemastersMemoryRule::GetPage(int)
001004f0 00000014 t CodemastersMemoryRule::GetBank(int)
00100504 00000004 t Eeprom93C46MemoryRule::~Eeprom93C46MemoryRule()
00100504 00000004 t Eeprom93C46MemoryRule::~Eeprom93C46MemoryRule()
00100508 000000f8 t Eeprom93C46MemoryRule::PerformRead(unsigned short)
00100600 00000008 t MSXMemoryRule::Has8kBanks()
00100600 00000008 t JanggunMemoryRule::Has8kBanks()
00100600 00000008 t IratahackMemoryRule::PersistedRAM()
00100600 00000008 t KoreanBFFCMemoryRule::Has8kBanks()
00100600 00000008 t KoreanFFFEMemoryRule::Has8kBanks()
00100600 00000008 t Eeprom93C46MemoryRule::PersistedRAM()
00100600 00000008 t KoreanMDFFF0MemoryRule::Has8kBanks()
00100600 00000008 t KoreanMDFFF5MemoryRule::Has8kBanks()
00100600 00000008 t KoreanFFF3FFFCMemoryRule::Has8kBanks()
00100600 00000008 t Korean0000XORFFMemoryRule::Has8kBanks()
00100600 00000008 t Korean2000XOR1FMemoryRule::Has8kBanks()
00100600 00000008 t KoreanMSX8KB0300MemoryRule::Has8kBanks()
00100600 00000008 t KoreanMSXSMS8000MemoryRule::Has8kBanks()
00100608 00000008 t Eeprom93C46MemoryRule::GetRamSize()
00100610 00000008 t Eeprom93C46MemoryRule::GetRamBanks()
00100618 00000020 t Eeprom93C46MemoryRule::GetPage(int)
00100638 00000014 t Eeprom93C46MemoryRule::GetBank(int)
0010064c 0000028c T GameGearIOPorts::DoInput(unsigned char)
001008d8 00000004 t GameGearIOPorts::~GameGearIOPorts()
001008d8 00000004 t GameGearIOPorts::~GameGearIOPorts()
001008dc 0000001c t BootromMemoryRule::~BootromMemoryRule()
001008f8 0000001c t Eeprom93C46MemoryRule::~Eeprom93C46MemoryRule()
00100914 0000001c t GameGearIOPorts::~GameGearIOPorts()
00100930 0000022c t parentPath(std::__cxx11::basic_string<char, std::char_traits<char>, std::allocator<char> > const&)
00100b5c 00000258 t joinPath(std::__cxx11::basic_string<char, std::char_traits<char>, std::allocator<char> > const&, std::__cxx11::basic_string<char, std::char_traits<char>, std::allocator<char> > const&) [clone .isra.0]
00100db4 000004ac t void std::__insertion_sort<__gnu_cxx::__normal_iterator<std::__cxx11::basic_string<char, std::char_traits<char>, std::allocator<char> >*, std::vector<std::__cxx11::basic_string<char, std::char_traits<char>, std::allocator<char> >, std::allocator<std::__cxx11::basic_string<char, std::char_traits<char>, std::allocator<char> > > > >, listEntries(std::__cxx11::basic_string<char, std::char_traits<char>, std::allocator<char> > const&)::{lambda(std::__cxx11::basic_string<char, std::char_traits<char>, std::allocator<char> > const&, std::__cxx11::basic_string<char, std::char_traits<char>, std::allocator<char> > const&)#1}>(__gnu_cxx::__normal_iterator<std::__cxx11::basic_string<char, std::char_traits<char>, std::allocator<char> >*, std::vector<std::__cxx11::basic_string<char, std::char_traits<char>, std::allocator<char> >, std::allocator<std::__cxx11::basic_string<char, std::char_traits<char>, std::allocator<char> > > > >, __gnu_cxx::__normal_iterator<std::__cxx11::basic_string<char, std::char_traits<char>, std::allocator<char> >*, std::vector<std::__cxx11::basic_string<char, std::char_traits<char>, std::allocator<char> >, std::allocator<std::__cxx11::basic_string<char, std::char_traits<char>, std::allocator<char> > > > >, listEntries(std::__cxx11::basic_string<char, std::char_traits<char>, std::allocator<char> > const&)::{lambda(std::__cxx11::basic_string<char, std::char_traits<char>, std::allocator<char> > const&, std::__cxx11::basic_string<char, std::char_traits<char>, std::allocator<char> > const&)#1}) [clone .isra.0]
00101260 00000580 t void std::__adjust_heap<__gnu_cxx::__normal_iterator<std::__cxx11::basic_string<char, std::char_traits<char>, std::allocator<char> >*, std::vector<std::__cxx11::basic_string<char, std::char_traits<char>, std::allocator<char> >, std::allocator<std::__cxx11::basic_string<char, std::char_traits<char>, std::allocator<char> > > > >, int, std::__cxx11::basic_string<char, std::char_traits<char>, std::allocator<char> >, listEntries(std::__cxx11::basic_string<char, std::char_traits<char>, std::allocator<char> > const&)::{lambda(std::__cxx11::basic_string<char, std::char_traits<char>, std::allocator<char> > const&, std::__cxx11::basic_string<char, std::char_traits<char>, std::allocator<char> > const&)#1}>(__gnu_cxx::__normal_iterator<std::__cxx11::basic_string<char, std::char_traits<char>, std::allocator<char> >*, std::vector<std::__cxx11::basic_string<char, std::char_traits<char>, std::allocator<char> >, std::allocator<std::__cxx11::basic_string<char, std::char_traits<char>, std::allocator<char> > > > >, int, int, std::__cxx11::basic_string<char, std::char_traits<char>, std::allocator<char> >, listEntries(std::__cxx11::basic_string<char, std::char_traits<char>, std::allocator<char> > const&)::{lambda(std::__cxx11::basic_string<char, std::char_traits<char>, std::allocator<char> > const&, std::__cxx11::basic_string<char, std::char_traits<char>, std::allocator<char> > const&)#1})
001017e0 00000108 t updateTexture(C3D_Tex&)
001018e8 00000070 t Eeprom93C46MemoryRule::Reset()
00101958 00000058 t CodemastersMemoryRule::Reset()
001019b0 0000046c t Eeprom93C46MemoryRule::PerformWrite(unsigned short, unsigned char)
00101e1c 00000174 t void std::vector<std::__cxx11::basic_string<char, std::char_traits<char>, std::allocator<char> >, std::allocator<std::__cxx11::basic_string<char, std::char_traits<char>, std::allocator<char> > > >::_M_realloc_append<std::__cxx11::basic_string<char, std::char_traits<char>, std::allocator<char> > >(std::__cxx11::basic_string<char, std::char_traits<char>, std::allocator<char> >&&)
00101f90 00000c20 t GearsystemCore::InitMemoryRules()
00102bb0 00000034 t CodemastersMemoryRule::~CodemastersMemoryRule()
00102bb0 00000034 t CodemastersMemoryRule::~CodemastersMemoryRule()
00102be4 00000028 t CodemastersMemoryRule::~CodemastersMemoryRule()
00102c0c 0000044c t void std::__introsort_loop<__gnu_cxx::__normal_iterator<std::__cxx11::basic_string<char, std::char_traits<char>, std::allocator<char> >*, std::vector<std::__cxx11::basic_string<char, std::char_traits<char>, std::allocator<char> >, std::allocator<std::__cxx11::basic_string<char, std::char_traits<char>, std::allocator<char> > > > >, int, listEntries(std::__cxx11::basic_string<char, std::char_traits<char>, std::allocator<char> > const&)::{lambda(std::__cxx11::basic_string<char, std::char_traits<char>, std::allocator<char> > const&, std::__cxx11::basic_string<char, std::char_traits<char>, std::allocator<char> > const&)#1}>(__gnu_cxx::__normal_iterator<std::__cxx11::basic_string<char, std::char_traits<char>, std::allocator<char> >*, std::vector<std::__cxx11::basic_string<char, std::char_traits<char>, std::allocator<char> >, std::allocator<std::__cxx11::basic_string<char, std::char_traits<char>, std::allocator<char> > > > >, __gnu_cxx::__normal_iterator<std::__cxx11::basic_string<char, std::char_traits<char>, std::allocator<char> >*, std::vector<std::__cxx11::basic_string<char, std::char_traits<char>, std::allocator<char> >, std::allocator<std::__cxx11::basic_string<char, std::char_traits<char>, std::allocator<char> > > > >, int, listEntries(std::__cxx11::basic_string<char, std::char_traits<char>, std::allocator<char> > const&)::{lambda(std::__cxx11::basic_string<char, std::char_traits<char>, std::allocator<char> > const&, std::__cxx11::basic_string<char, std::char_traits<char>, std::allocator<char> > const&)#1}) [clone .isra.0]
00103058 00000668 t listEntries(std::__cxx11::basic_string<char, std::char_traits<char>, std::allocator<char> > const&)
001036c0 000009a8 t chooseRom(std::__cxx11::basic_string<char, std::char_traits<char>, std::allocator<char> >&)
00104068 00000904 t Audio::Init()
0010496c 00000030 t BootromMemoryRule::SaveState(std::ostream&)
0010499c 00000050 t CodemastersMemoryRule::SaveState(std::ostream&)
001049ec 00000070 t Eeprom93C46MemoryRule::SaveRam(std::ostream&)
00104a5c 00000040 t Eeprom93C46MemoryRule::SaveState(std::ostream&)
00104a9c 00000030 t GameGearIOPorts::SaveState(std::ostream&)
00104acc 00000030 t BootromMemoryRule::LoadState(std::istream&, int)
00104afc 00000050 t CodemastersMemoryRule::LoadState(std::istream&, int)
00104b4c 00000040 t Eeprom93C46MemoryRule::LoadState(std::istream&, int)
00104b8c 00000030 t GameGearIOPorts::LoadState(std::istream&)
00104bbc 000004d4 t GameGearIOPorts::DoOutput(unsigned char, unsigned char)
00105090 00000a78 t GearsystemCore::~GearsystemCore() [clone .isra.0]
00105b08 00000094 T void std::__cxx11::basic_string<char, std::char_traits<char>, std::allocator<char> >::_M_construct<char const*>(char const*, char const*, std::forward_iterator_tag)
00105b9c 000000a8 T void std::__cxx11::basic_string<char, std::char_traits<char>, std::allocator<char> >::_M_construct<true>(char const*, unsigned int)
00105c44 00000048 T Log_func(char const*, ...)
00105c8c 00000c88 t Cartridge::LoadFromBuffer(unsigned char const*, int, char const*) [clone .part.0] [clone .constprop.0]
00106914 00002f20 t Cartridge::LoadFromZipFile(unsigned char const*, int)
00109834 00000a1c t Cartridge::LoadFromFile(char const*)
0010a250 000000a0 t Eeprom93C46MemoryRule::LoadRam(std::istream&, long)
0010a2f0 0000004c T Memory::Write(unsigned short, unsigned char)
0010a33c 000000d4 T Processor::StackPush(SixteenBitRegister*)
0010a410 00000098 T IratahackMemoryRule::PerformRead(unsigned short)
0010a4a8 00000008 T IratahackMemoryRule::GetRamSize()
0010a4b0 00000008 T IratahackMemoryRule::GetRamBanks()
0010a4b8 0000001c T IratahackMemoryRule::GetPage(int)
0010a4d4 00000030 T IratahackMemoryRule::GetBank(int)
0010a4ea N 
0010a4ea N 
0010a4ea N 
0010a4ea N 
0010a4ea N 
0010a4ea N 
0010a4ea N 
0010a4ea N 
0010a4ea N 
0010a4ea N 
0010a4ea N 
0010a4ea N 
0010a4ea N 
0010a4ea N 
0010a4ea N 
0010a4ea N 
0010a4ea N 
0010a4ea N 
0010a4ea N 
0010a4ea N 
0010a4ea N 
0010a4ea N 
0010a4ea N 
0010a4ea N 
0010a4ea N 
0010a4ea N 
0010a4ea N 
0010a4ea N 
0010a4ea N 
0010a4ea N 
0010a4ea N 
0010a4ea N 
0010a4ea N 
0010a4ea N 
0010a4ea N 
0010a4ea N 
0010a4ea N 
0010a4ea N 
0010a4ea N 
0010a4ea N 
0010a4ea N 
0010a4ea N 
0010a4ea W IratahackMemoryRule.cpp.cb271d18
0010a504 000000f4 T JanggunMemoryRule::PerformRead(unsigned short)
0010a5f8 0000018c T JanggunMemoryRule::PerformWrite(unsigned short, unsigned char)
0010a784 00000060 T JanggunMemoryRule::Reset()
0010a7e4 0000005c T JanggunMemoryRule::GetPage(int)
0010a840 00000050 T JanggunMemoryRule::GetBank(int)
0010a890 00000048 T JumboDahjeeMemoryRule::PerformRead(unsigned short)
0010a8d8 0000004c T JumboDahjeeMemoryRule::PerformWrite(unsigned short, unsigned char)
0010a924 00000020 T JumboDahjeeMemoryRule::Reset()
0010a944 00000018 T JumboDahjeeMemoryRule::GetPage(int)
0010a95c 00000010 T SG1000MemoryRule::GetBank(int)
0010a95c 00000010 T RomOnlyMemoryRule::GetBank(int)
0010a95c 00000010 T JumboDahjeeMemoryRule::GetBank(int)
0010a96c 0000003c T Korean0000XORFFMemoryRule::PerformRead(unsigned short)
0010a9a8 000000c8 T Korean0000XORFFMemoryRule::PerformWrite(unsigned short, unsigned char)
0010aa70 00000064 T Korean0000XORFFMemoryRule::Reset()
0010aad4 00000018 T Korean0000XORFFMemoryRule::GetPage(int)
0010aaec 0000000c T Korean0000XORFFMemoryRule::GetBank(int)
0010aaf8 0000003c T Korean2000XOR1FMemoryRule::PerformRead(unsigned short)
0010ab34 000000a0 T Korean2000XOR1FMemoryRule::PerformWrite(unsigned short, unsigned char)
0010abd4 0000006c T Korean2000XOR1FMemoryRule::Reset()
0010ac40 00000018 T Korean2000XOR1FMemoryRule::GetPage(int)
0010ac58 0000000c T Korean2000XOR1FMemoryRule::GetBank(int)
0010ac64 0000003c T KoreanBFFCMemoryRule::PerformRead(unsigned short)
0010aca0 00000138 T KoreanBFFCMemoryRule::PerformWrite(unsigned short, unsigned char)
0010add8 0000007c T KoreanBFFCMemoryRule::Reset()
0010ae54 00000018 T KoreanBFFCMemoryRule::GetPage(int)
0010ae6c 0000000c T KoreanBFFCMemoryRule::GetBank(int)
0010ae78 0000003c T KoreanFFF3FFFCMemoryRule::PerformRead(unsigned short)
0010aeb4 00000234 T KoreanFFF3FFFCMemoryRule::PerformWrite(unsigned short, unsigned char)
0010b0e8 00000060 T KoreanFFF3FFFCMemoryRule::Reset()
0010b148 00000018 T KoreanFFF3FFFCMemoryRule::GetPage(int)
0010b160 0000000c T KoreanFFF3FFFCMemoryRule::GetBank(int)
0010b16c 0000003c T KoreanFFFEMemoryRule::PerformRead(unsigned short)
0010b1a8 00000128 T KoreanFFFEMemoryRule::PerformWrite(unsigned short, unsigned char)
0010b2d0 0000006c T KoreanFFFEMemoryRule::Reset()
0010b33c 00000018 T KoreanFFFEMemoryRule::GetPage(int)
0010b354 0000000c T KoreanFFFEMemoryRule::GetBank(int)
0010b360 0000003c T KoreanFFFFHiComMemoryRule::PerformRead(unsigned short)
0010b39c 00000090 T KoreanFFFFHiComMemoryRule::PerformWrite(unsigned short, unsigned char)
0010b42c 00000040 T KoreanFFFFHiComMemoryRule::Reset()
0010b46c 00000018 T KoreanFFFFHiComMemoryRule::GetPage(int)
0010b484 0000000c T KoreanFFFFHiComMemoryRule::GetBank(int)
0010b490 0000003c T KoreanMDFFF0MemoryRule::PerformRead(unsigned short)
0010b4cc 000001d0 T KoreanMDFFF0MemoryRule::PerformWrite(unsigned short, unsigned char)
0010b69c 00000074 T KoreanMDFFF0MemoryRule::Reset()
0010b710 00000018 T KoreanMDFFF0MemoryRule::GetPage(int)
0010b728 0000000c T KoreanMDFFF0MemoryRule::GetBank(int)
0010b734 0000003c T KoreanMDFFF5MemoryRule::PerformRead(unsigned short)
0010b770 000001cc T KoreanMDFFF5MemoryRule::PerformWrite(unsigned short, unsigned char)
0010b93c 00000068 T KoreanMDFFF5MemoryRule::Reset()
0010b9a4 00000018 T KoreanMDFFF5MemoryRule::GetPage(int)
0010b9bc 0000000c T KoreanMDFFF5MemoryRule::GetBank(int)
0010b9c8 0000003c T KoreanMSX32KB2000MemoryRule::PerformRead(unsigned short)
0010ba04 00000080 T KoreanMSX32KB2000MemoryRule::PerformWrite(unsigned short, unsigned char)
0010ba84 00000040 T KoreanMSX32KB2000MemoryRule::Reset()
0010bac4 00000020 T KoreanMSX32KB2000MemoryRule::GetPage(int)
0010bae4 00000014 T KoreanMSX32KB2000MemoryRule::GetBank(int)
0010baf8 0000003c T KoreanMSX8KB0300MemoryRule::PerformRead(unsigned short)
0010bb34 000000bc T KoreanMSX8KB0300MemoryRule::PerformWrite(unsigned short, unsigned char)
0010bbf0 00000078 T KoreanMSX8KB0300MemoryRule::Reset()
0010bc68 00000018 T KoreanMSX8KB0300MemoryRule::GetPage(int)
0010bc80 0000000c T KoreanMSX8KB0300MemoryRule::GetBank(int)
0010bc8c 0000003c T KoreanMSXSMS8000MemoryRule::PerformRead(unsigned short)
0010bcc8 00000138 T KoreanMSXSMS8000MemoryRule::PerformWrite(unsigned short, unsigned char)
0010be00 00000070 T KoreanMSXSMS8000MemoryRule::Reset()
0010be70 00000018 T KoreanMSXSMS8000MemoryRule::GetPage(int)
0010be88 0000000c T KoreanMSXSMS8000MemoryRule::GetBank(int)
0010be94 0000005c T KoreanMemoryRule::PerformRead(unsigned short)
0010bef0 00000054 T KoreanMemoryRule::PerformWrite(unsigned short, unsigned char)
0010bf44 0000002c T KoreanMemoryRule::Reset()
0010bf70 00000050 T KoreanMemoryRule::GetPage(int)
0010bfc0 00000034 T KoreanMemoryRule::GetBank(int)
0010bff4 0000003c T KoreanSMS32KB2000MemoryRule::PerformRead(unsigned short)
0010c030 000000a0 T KoreanSMS32KB2000MemoryRule::PerformWrite(unsigned short, unsigned char)
0010c0d0 0000003c T KoreanSMS32KB2000MemoryRule::Reset()
0010c10c 00000020 T KoreanSMS32KB2000MemoryRule::GetPage(int)
0010c12c 00000014 T KoreanSMS32KB2000MemoryRule::GetBank(int)
0010c140 00000108 T MSXMemoryRule::PerformRead(unsigned short)
0010c248 00000060 T MSXMemoryRule::PerformWrite(unsigned short, unsigned char)
0010c2a8 00000028 T MSXMemoryRule::Reset()
0010c2d0 00000090 T MSXMemoryRule::GetPage(int)
0010c360 00000050 T MSXMemoryRule::GetBank(int)
0010c3b0 00000004 T SG1000MemoryRule::Reset()
0010c3b0 00000004 T RomOnlyMemoryRule::Reset()
0010c3b0 00000004 T Memory::ResetDisassemblerRecords()
0010c3b4 00000004 T MemoryRule::SaveRam(std::ostream&)
0010c3b4 00000004 T MemoryRule::SaveState(std::ostream&)
0010c3b8 00000008 T MemoryRule::LoadRam(std::istream&, long)
0010c3c0 00000008 T MemoryRule::SetRamChangedCallback(void (*)())
0010c3c8 00000008 T MemoryRule::Has8kBanks()
0010c3c8 00000008 T MemoryRule::PersistedRAM()
0010c3d0 00000008 T MemoryRule::GetRamSize()
0010c3d8 00000008 T MemoryRule::GetRamBanks()
0010c3e0 00000008 T MemoryRule::GetRamBank()
0010c3e8 00000008 T MemoryRule::GetPage(int)
0010c3f0 00000008 T MemoryRule::GetBank(int)
0010c3f8 00000004 T MemoryRule::LoadState(std::istream&, int)
0010c3fc 0000003c T Multi4PAKAllActionMemoryRule::PerformRead(unsigned short)
0010c438 000000ec T Multi4PAKAllActionMemoryRule::PerformWrite(unsigned short, unsigned char)
0010c524 00000040 T Multi4PAKAllActionMemoryRule::Reset()
0010c564 00000020 T Multi4PAKAllActionMemoryRule::GetPage(int)
0010c584 00000030 T Multi4PAKAllActionMemoryRule::GetBank(int)
0010c5b4 000002d4 T IratahackMemoryRule::PerformWrite(unsigned short, unsigned char)
0010c888 00000028 T IratahackMemoryRule::~IratahackMemoryRule()
0010c8b0 0000001c T JanggunMemoryRule::~JanggunMemoryRule()
0010c8cc 00000028 T JumboDahjeeMemoryRule::~JumboDahjeeMemoryRule()
0010c8f4 0000001c T Korean0000XORFFMemoryRule::~Korean0000XORFFMemoryRule()
0010c910 0000001c T Korean2000XOR1FMemoryRule::~Korean2000XOR1FMemoryRule()
0010c92c 0000001c T KoreanBFFCMemoryRule::~KoreanBFFCMemoryRule()
0010c948 0000001c T KoreanFFF3FFFCMemoryRule::~KoreanFFF3FFFCMemoryRule()
0010c964 0000001c T KoreanFFFEMemoryRule::~KoreanFFFEMemoryRule()
0010c980 0000001c T KoreanFFFFHiComMemoryRule::~KoreanFFFFHiComMemoryRule()
0010c99c 0000001c T KoreanMDFFF0MemoryRule::~KoreanMDFFF0MemoryRule()
0010c9b8 0000001c T KoreanMDFFF5MemoryRule::~KoreanMDFFF5MemoryRule()
0010c9d4 0000001c T KoreanMSX32KB2000MemoryRule::~KoreanMSX32KB2000MemoryRule()
0010c9f0 0000001c T KoreanMSX8KB0300MemoryRule::~KoreanMSX8KB0300MemoryRule()
0010ca0c 0000001c T KoreanMSXSMS8000MemoryRule::~KoreanMSXSMS8000MemoryRule()
0010ca28 0000001c T KoreanMemoryRule::~KoreanMemoryRule()
0010ca44 0000001c T KoreanSMS32KB2000MemoryRule::~KoreanSMS32KB2000MemoryRule()
0010ca60 0000001c T MSXMemoryRule::~MSXMemoryRule()
0010ca7c 0000001c T Multi4PAKAllActionMemoryRule::~Multi4PAKAllActionMemoryRule()
0010ca98 00000084 T IratahackMemoryRule::Reset()
0010cb1c 00000044 T IratahackMemoryRule::SaveRam(std::ostream&)
0010cb60 00000070 T IratahackMemoryRule::SaveState(std::ostream&)
0010cbd0 00000078 T JanggunMemoryRule::SaveState(std::ostream&)
0010cc48 00000014 T JumboDahjeeMemoryRule::SaveState(std::ostream&)
0010cc5c 00000030 T Korean0000XORFFMemoryRule::SaveState(std::ostream&)
0010cc8c 00000030 T KoreanBFFCMemoryRule::SaveState(std::ostream&)
0010cc8c 00000030 T KoreanFFFEMemoryRule::SaveState(std::ostream&)
0010cc8c 00000030 T Korean2000XOR1FMemoryRule::SaveState(std::ostream&)
0010ccbc 00000040 T KoreanFFF3FFFCMemoryRule::SaveState(std::ostream&)
0010ccfc 00000030 T KoreanFFFFHiComMemoryRule::SaveState(std::ostream&)
0010cd2c 00000040 T KoreanMDFFF0MemoryRule::SaveState(std::ostream&)
0010cd6c 00000040 T KoreanMDFFF5MemoryRule::SaveState(std::ostream&)
0010cdac 00000030 T KoreanMSX32KB2000MemoryRule::SaveState(std::ostream&)
0010cdac 00000030 T KoreanSMS32KB2000MemoryRule::SaveState(std::ostream&)
0010cdac 00000030 T Multi4PAKAllActionMemoryRule::SaveState(std::ostream&)
0010cddc 00000030 T KoreanMSX8KB0300MemoryRule::SaveState(std::ostream&)
0010ce0c 00000040 T KoreanMSXSMS8000MemoryRule::SaveState(std::ostream&)
0010ce4c 00000030 T KoreanMemoryRule::SaveState(std::ostream&)
0010ce7c 00000030 T MSXMemoryRule::SaveState(std::ostream&)
0010ceac 00000070 T IratahackMemoryRule::LoadState(std::istream&, int)
0010cf1c 0000008c T JanggunMemoryRule::LoadState(std::istream&, int)
0010cfa8 0000001c T JumboDahjeeMemoryRule::LoadState(std::istream&, int)
0010cfc4 00000030 T Korean0000XORFFMemoryRule::LoadState(std::istream&, int)
0010cff4 00000030 T KoreanBFFCMemoryRule::LoadState(std::istream&, int)
0010cff4 00000030 T KoreanFFFEMemoryRule::LoadState(std::istream&, int)
0010cff4 00000030 T Korean2000XOR1FMemoryRule::LoadState(std::istream&, int)
0010d024 00000040 T KoreanFFF3FFFCMemoryRule::LoadState(std::istream&, int)
0010d064 00000030 T KoreanFFFFHiComMemoryRule::LoadState(std::istream&, int)
0010d094 00000040 T KoreanMDFFF0MemoryRule::LoadState(std::istream&, int)
0010d0d4 00000040 T KoreanMDFFF5MemoryRule::LoadState(std::istream&, int)
0010d114 00000030 T KoreanMSX32KB2000MemoryRule::LoadState(std::istream&, int)
0010d114 00000030 T KoreanSMS32KB2000MemoryRule::LoadState(std::istream&, int)
0010d114 00000030 T Multi4PAKAllActionMemoryRule::LoadState(std::istream&, int)
0010d144 00000030 T KoreanMSX8KB0300MemoryRule::LoadState(std::istream&, int)
0010d174 00000040 T KoreanMSXSMS8000MemoryRule::LoadState(std::istream&, int)
0010d1b4 00000030 T KoreanMemoryRule::LoadState(std::istream&, int)
0010d1e4 00000030 T MSXMemoryRule::LoadState(std::istream&, int)
0010d214 0000007c T IratahackMemoryRule::LoadRam(std::istream&, long)
0010d290 000000e4 T Memory::Read(unsigned short)
0010d374 00002964 t Processor::DispatchOpcode(unsigned char)
0010fcd8 00001788 t Processor::DispatchOpcodeCB(unsigned char)
00111460 00000af0 t Processor::DispatchOpcodeED(unsigned char)
00111f50 00003a50 T GearsystemCore::RunToVBlank(unsigned char*, short*, int*, GearsystemCore::GS_Debug_Run*) [clone .part.0] [clone .constprop.0]
001159a0 00000034 T IratahackMemoryRule::~IratahackMemoryRule()
001159a0 00000034 T IratahackMemoryRule::~IratahackMemoryRule()
001159d4 00000004 T JanggunMemoryRule::~JanggunMemoryRule()
001159d4 00000004 T JanggunMemoryRule::~JanggunMemoryRule()
001159d8 00000034 T JumboDahjeeMemoryRule::~JumboDahjeeMemoryRule()
001159d8 00000034 T JumboDahjeeMemoryRule::~JumboDahjeeMemoryRule()
00115a0c 00000004 T Korean0000XORFFMemoryRule::~Korean0000XORFFMemoryRule()
00115a0c 00000004 T Korean0000XORFFMemoryRule::~Korean0000XORFFMemoryRule()
00115a10 00000004 T Korean2000XOR1FMemoryRule::~Korean2000XOR1FMemoryRule()
00115a10 00000004 T Korean2000XOR1FMemoryRule::~Korean2000XOR1FMemoryRule()
00115a14 00000004 T KoreanBFFCMemoryRule::~KoreanBFFCMemoryRule()
00115a14 00000004 T KoreanBFFCMemoryRule::~KoreanBFFCMemoryRule()
00115a18 00000004 T KoreanFFF3FFFCMemoryRule::~KoreanFFF3FFFCMemoryRule()
00115a18 00000004 T KoreanFFF3FFFCMemoryRule::~KoreanFFF3FFFCMemoryRule()
00115a1c 00000004 T KoreanFFFEMemoryRule::~KoreanFFFEMemoryRule()
00115a1c 00000004 T KoreanFFFEMemoryRule::~KoreanFFFEMemoryRule()
00115a20 00000004 T KoreanFFFFHiComMemoryRule::~KoreanFFFFHiComMemoryRule()
00115a20 00000004 T KoreanFFFFHiComMemoryRule::~KoreanFFFFHiComMemoryRule()
00115a24 00000004 T KoreanMDFFF0MemoryRule::~KoreanMDFFF0MemoryRule()
00115a24 00000004 T KoreanMDFFF0MemoryRule::~KoreanMDFFF0MemoryRule()
00115a28 00000004 T KoreanMDFFF5MemoryRule::~KoreanMDFFF5MemoryRule()
00115a28 00000004 T KoreanMDFFF5MemoryRule::~KoreanMDFFF5MemoryRule()
00115a2c 00000004 T KoreanMSX32KB2000MemoryRule::~KoreanMSX32KB2000MemoryRule()
00115a2c 00000004 T KoreanMSX32KB2000MemoryRule::~KoreanMSX32KB2000MemoryRule()
00115a30 00000004 T KoreanMSX8KB0300MemoryRule::~KoreanMSX8KB0300MemoryRule()
00115a30 00000004 T KoreanMSX8KB0300MemoryRule::~KoreanMSX8KB0300MemoryRule()
00115a34 00000004 T KoreanMSXSMS8000MemoryRule::~KoreanMSXSMS8000MemoryRule()
00115a34 00000004 T KoreanMSXSMS8000MemoryRule::~KoreanMSXSMS8000MemoryRule()
00115a38 00000004 T KoreanMemoryRule::~KoreanMemoryRule()
00115a38 00000004 T KoreanMemoryRule::~KoreanMemoryRule()
00115a3c 00000004 T KoreanSMS32KB2000MemoryRule::~KoreanSMS32KB2000MemoryRule()
00115a3c 00000004 T KoreanSMS32KB2000MemoryRule::~KoreanSMS32KB2000MemoryRule()
00115a40 00000004 T MSXMemoryRule::~MSXMemoryRule()
00115a40 00000004 T MSXMemoryRule::~MSXMemoryRule()
00115a44 000002a0 T Memory::Reset(bool)
00115ce4 00000004 T Multi4PAKAllActionMemoryRule::~Multi4PAKAllActionMemoryRule()
00115ce4 00000004 T Multi4PAKAllActionMemoryRule::~Multi4PAKAllActionMemoryRule()
00115ce8 00000120 T Processor::Reset(bool)
00115e08 00000010 T RomOnlyMemoryRule::PerformRead(unsigned short)
00115e18 00000034 T RomOnlyMemoryRule::PerformWrite(unsigned short, unsigned char)
00115e4c 00000018 T RomOnlyMemoryRule::GetPage(int)
00115e64 000000c0 T SG1000MemoryRule::PerformRead(unsigned short)
00115f24 0000005c T SG1000MemoryRule::PerformWrite(unsigned short, unsigned char)
00115f80 00000018 T SG1000MemoryRule::GetPage(int)
00115f98 00000094 T SegaMemoryRule::PerformRead(unsigned short)
0011602c 00000154 T SegaMemoryRule::PerformWrite(unsigned short, unsigned char)
00116180 00000014 T SegaMemoryRule::PersistedRAM()
00116194 00000014 T SegaMemoryRule::GetRamSize()
001161a8 00000014 T SegaMemoryRule::GetRamBanks()
001161bc 00000014 T SegaMemoryRule::GetRamBank()
001161d0 0000005c T SegaMemoryRule::GetPage(int)
0011622c 00000014 T SegaMemoryRule::GetBank(int)
00116240 000002cc T SmsIOPorts::DoInput(unsigned char)
0011650c 0000000c T SmsIOPorts::Reset()
00116518 0000001c T RomOnlyMemoryRule::~RomOnlyMemoryRule()
00116534 0000001c T SG1000MemoryRule::~SG1000MemoryRule()
00116550 0000001c T SmsIOPorts::~SmsIOPorts()
0011656c 00000028 T SegaMemoryRule::~SegaMemoryRule()
00116594 00000074 T SegaMemoryRule::Reset()
00116608 00000044 T SegaMemoryRule::SaveRam(std::ostream&)
0011664c 00000070 T SegaMemoryRule::SaveState(std::ostream&)
001166bc 00000014 T SmsIOPorts::SaveState(std::ostream&)
001166d0 00000070 T SegaMemoryRule::LoadState(std::istream&, int)
00116740 00000014 T SmsIOPorts::LoadState(std::istream&)
00116754 0000007c T SegaMemoryRule::LoadRam(std::istream&, long)
001167d0 00000004 T RomOnlyMemoryRule::~RomOnlyMemoryRule()
001167d0 00000004 T RomOnlyMemoryRule::~RomOnlyMemoryRule()
001167d4 00000004 T SG1000MemoryRule::~SG1000MemoryRule()
001167d4 00000004 T SG1000MemoryRule::~SG1000MemoryRule()
001167d8 00000034 T SegaMemoryRule::~SegaMemoryRule()
001167d8 00000034 T SegaMemoryRule::~SegaMemoryRule()
0011680c 00000004 T SmsIOPorts::~SmsIOPorts()
0011680c 00000004 T SmsIOPorts::~SmsIOPorts()
00116810 000000a4 T void std::vector<unsigned char, std::allocator<unsigned char> >::_M_realloc_append<unsigned char const&>(unsigned char const&) [clone .isra.0]
001168b4 00000414 T VgmRecorder::WriteWait(int) [clone .part.0]
00116cc8 00000274 T VgmRecorder::Stop() [clone .part.0]
00116f3c 00000224 T Video::Reset(bool, bool, int, bool)
00117160 000000b4 T Video::InitPalettes(unsigned char const*, unsigned short*, unsigned short*, unsigned short*, unsigned short*) [clone .isra.0]
00117214 00000264 T Video::WriteControl(unsigned char) [clone .part.0]
00117478 00001384 T YM2413::Sync()
001187fc 00000fdc T SmsIOPorts::DoOutput(unsigned char, unsigned char)
001197d8 00000114 T YM2413::EndFrame(short*) [clone .part.0]
001198ec 00000240 T Processor::FetchArg16()
00119b2c 00000208 T Processor::StackPop(SixteenBitRegister*)
00119d34 000001c8 T Processor::GetEffectiveAddress()
00119efc 000004bc T Processor::OPCodes_LD_dd_nn(SixteenBitRegister*)
0011a3b8 0000031c T Processor::OPCodes_LD_nn_dd(SixteenBitRegister*)
0011a6d4 000002a4 T Processor::OPCodes_JP_nn_Conditional(bool)
0011a978 00000038 T Processor::OPCodes_OR(unsigned char)
0011a9b0 0000005c T Processor::OPCodes_XOR(unsigned char)
0011aa0c 00000060 T Processor::OPCodes_AND(unsigned char)
0011aa6c 00000088 T Processor::OPCodes_CP(unsigned char)
0011aaf4 000000a0 T Processor::OPCodes_INC(unsigned char*)
0011ab94 000000a4 T Processor::OPCodes_DEC(unsigned char*)
0011ac38 00000058 T Processor::OPCodes_ADD(unsigned char)
0011ac90 00000064 T Processor::OPCodes_ADC(unsigned char)
0011acf4 00000080 T Processor::OPCodes_SUB(unsigned char)
0011ad74 0000008c T Processor::OPCodes_SBC(unsigned char)
0011ae00 0000008c T Processor::OPCodes_ADD_HL(unsigned short)
0011ae8c 000002d8 T Processor::OPCodes_RLC(unsigned char*, bool) [clone .constprop.0]
0011afc5 N 
0011afc5 N 
0011afc5 N 
0011afc5 N 
0011afc5 N 
0011afc5 N 
0011afc5 N 
0011afc5 N 
0011afc5 N 
0011afc5 N 
0011afc5 N 
0011afc5 N 
0011afc5 N 
0011afc5 N 
0011afc5 N 
0011afc5 N 
0011afc5 N 
0011afc5 N 
0011afc5 N 
0011afc5 N 
0011afc5 N 
0011afc5 N 
0011afc5 N 
0011afc5 N 
0011afc5 N 
0011afc5 N 
0011afc5 N 
0011afc5 N 
0011afc5 N 
0011afc5 N 
0011afc5 N 
0011afc5 N 
0011afc5 W JanggunMemoryRule.cpp.95aa8b39
0011b164 000002cc T Processor::OPCodes_RL(unsigned char*, bool) [clone .constprop.0]
0011b430 000002c4 T Processor::OPCodes_RRC(unsigned char*, bool) [clone .constprop.0]
0011b6f4 000002cc T Processor::OPCodes_RR(unsigned char*, bool) [clone .constprop.0]
0011b9c0 0000009c T Processor::OPCode0x29()
0011ba5c 000004a0 T Processor::OPCode0x36()
0011befc 00000324 T Processor::OPCode0xC4()
0011c220 00000324 T Processor::OPCode0xCC()
0011c544 00000328 T Processor::OPCode0xD4()
0011c86c 00000324 T Processor::OPCode0xE4()
0011cb90 00000324 T Processor::OPCode0xEC()
0011ceb4 00000320 T Processor::OPCode0xF4()
0011d1d4 00000320 T Processor::OPCode0xFC()
0011d4f4 0000025c T Processor::OPCodes_SLL(unsigned char*)
0011d750 00000284 T Processor::OPCodes_SLA(unsigned char*)
0011d9d4 000002ec T Processor::OPCodes_SRA(unsigned char*)
0011dcc0 0000000c T miniz_def_realloc_func
0011dccc 00000008 T miniz_def_alloc_func
0011dcd4 00000008 T miniz_def_free_func
0011dcdc 0000005c T mz_zip_mem_read_func.lto_priv.0
0011dd38 00000290 T Processor::OPCodes_SRL(unsigned char*)
0011dfc8 00000250 T Processor::OPCodes_BIT(unsigned char*, int)
0011e218 00000240 T Processor::OPCodes_BIT(unsigned char*, int) [clone .constprop.6]
0011e458 00000240 T Processor::OPCodes_BIT(unsigned char*, int) [clone .constprop.5]
0011e698 00000240 T Processor::OPCodes_BIT(unsigned char*, int) [clone .constprop.4]
0011e8d8 00000240 T Processor::OPCodes_BIT(unsigned char*, int) [clone .constprop.3]
0011eb18 00000240 T Processor::OPCodes_BIT(unsigned char*, int) [clone .constprop.2]
0011ed58 00000240 T Processor::OPCodes_BIT(unsigned char*, int) [clone .constprop.1]
0011ef98 00000240 T Processor::OPCodes_BIT(unsigned char*, int) [clone .constprop.0]
0011f1d8 000001e4 T Processor::OPCodes_BIT_HL(int)
0011f3bc 000001f8 T Processor::OPCodes_SET(unsigned char*, int) [clone .constprop.7]
0011f5b4 000001f4 T Processor::OPCodes_SET(unsigned char*, int) [clone .constprop.6]
0011f7a8 000001f4 T Processor::OPCodes_SET(unsigned char*, int) [clone .constprop.5]
0011f99c 000001f4 T Processor::OPCodes_SET(unsigned char*, int) [clone .constprop.4]
0011fb90 000001f4 T Processor::OPCodes_SET(unsigned char*, int) [clone .constprop.3]
0011fd84 000001f4 T Processor::OPCodes_SET(unsigned char*, int) [clone .constprop.2]
0011ff78 000001f4 T Processor::OPCodes_SET(unsigned char*, int) [clone .constprop.1]
0012016c 000001f4 T Processor::OPCodes_SET(unsigned char*, int) [clone .constprop.0]
00120360 000001f0 T Processor::OPCodes_RES(unsigned char*, int) [clone .constprop.7]
00120550 000001f0 T Processor::OPCodes_RES(unsigned char*, int) [clone .constprop.6]
00120740 000001f0 T Processor::OPCodes_RES(unsigned char*, int) [clone .constprop.5]
00120930 000001f0 T Processor::OPCodes_RES(unsigned char*, int) [clone .constprop.4]
00120b20 000001f0 T Processor::OPCodes_RES(unsigned char*, int) [clone .constprop.3]
00120d10 000001f0 T Processor::OPCodes_RES(unsigned char*, int) [clone .constprop.2]
00120f00 000001f0 T Processor::OPCodes_RES(unsigned char*, int) [clone .constprop.0]
001210f0 000001f0 T Processor::OPCodes_RES(unsigned char*, int) [clone .constprop.1]
001212e0 00000434 T Processor::OPCodes_IN_C(unsigned char*)
00121714 00000164 T Processor::OPCodes_INI()
00121878 00000164 T Processor::OPCodes_IND()
001219dc 00000218 T Processor::OPCodes_OUTI()
00121bf4 00000218 T Processor::OPCodes_OUTD()
00121e0c 000000b4 T Processor::OPCodes_BlockIORepeat(unsigned char)
00121ec0 000001d8 T Processor::OPCodes_CPI()
00122098 000001d8 T Processor::OPCodes_CPD()
00122270 00000080 T Processor::OPCodes_ADC_HL(unsigned short)
001222f0 000000a0 T Processor::OPCodes_SBC_HL(unsigned short)
00122390 0000007c T Processor::OPCodeED0x4C()
00122390 0000007c T Processor::OPCodeED0x54()
00122390 0000007c T Processor::OPCodeED0x5C()
00122390 0000007c T Processor::OPCodeED0x64()
00122390 0000007c T Processor::OPCodeED0x6C()
00122390 0000007c T Processor::OPCodeED0x74()
00122390 0000007c T Processor::OPCodeED0x7C()
0012240c 00000260 T Processor::OPCodeED0x55()
0012240c 00000260 T Processor::OPCodeED0x5D()
0012240c 00000260 T Processor::OPCodeED0x65()
0012240c 00000260 T Processor::OPCodeED0x6D()
0012240c 00000260 T Processor::OPCodeED0x75()
0012240c 00000260 T Processor::OPCodeED0x7D()
0012266c 000001fc T Blip_Buffer::set_sample_rate(long, int) [clone .constprop.0]
00122868 00000048 T Blip_Buffer::clock_rate_factor(long) const [clone .isra.0]
001228b0 000001d8 T Blip_Synth_::volume_unit(double) [clone .part.0]
00122a88 000004c8 t Blip_Synth_::treble_eq(blip_eq_t const&) [clone .constprop.0]
00122f50 00000020 T Blip_Synth_::volume_unit(double) [clone .constprop.0]
00122f70 00000130 T Blip_Synth<12, 1>::offset_resampled(unsigned long, int, Blip_Buffer*) const [clone .isra.0]
001230a0 00000c90 T Sms_Apu::run_until(long) [clone .part.0]
00123d30 000005a0 T load_instrument.lto_priv.0
001242d0 00002a30 T update_instrument_zero.lto_priv.0
00126d00 0000051c T YM2413ResetChip
0012721c 00000118 T mz_crc32.constprop.0
00127334 000001b0 T mz_zip_reader_end_internal.isra.0
001274e4 000003e0 T mz_zip_file_stat_internal.part.0.constprop.0
001278c4 t .udivsi3_skip_div0_test
001278c4 T __aeabi_uidiv
001278c4 000001ec T __udivsi3
00127ab0 00000020 T __aeabi_uidivmod
00127ad0 T __aeabi_idiv
00127ad0 00000220 T __divsi3
00127ad8 t .divsi3_skip_div0_test
00127cf0 00000020 T __aeabi_idivmod
00127d10 00000004 W __aeabi_idiv0
00127d10 00000004 W __aeabi_ldiv0
00127d14 T __aeabi_drsub
00127d1c 000002b0 T __aeabi_dsub
00127d1c 000002b0 T __subdf3
00127d20 000002ac T __adddf3
00127d20 000002ac T __aeabi_dadd
00127fcc 00000024 T __aeabi_ui2d
00127fcc 00000024 T __floatunsidf
00127ff0 00000028 T __aeabi_i2d
00127ff0 00000028 T __floatsidf
00128018 00000048 T __aeabi_f2d
00128018 00000048 T __extendsfdf2
00128060 00000074 T __aeabi_ul2d
00128060 00000074 T __floatundidf
00128074 00000060 T __aeabi_l2d
00128074 00000060 T __floatdidf
001280d4 T __aeabi_ldivmod
001281a8 T __aeabi_uldivmod
001281e4 00000014 T __restore_core_regs
001281e4 00000014 T restore_core_regs
001281f8 T __gnu_Unwind_Restore_VFP
00128200 T __gnu_Unwind_Save_VFP
00128208 T __gnu_Unwind_Restore_VFP_D
00128210 T __gnu_Unwind_Save_VFP_D
00128218 T __gnu_Unwind_Restore_VFP_D_16_to_31
00128220 T __gnu_Unwind_Save_VFP_D_16_to_31
00128228 T __gnu_Unwind_Restore_WMMXD
0012826c T __gnu_Unwind_Save_WMMXD
001282b0 T __gnu_Unwind_Restore_WMMXC
001282c4 T __gnu_Unwind_Save_WMMXC
001282d8 00000024 T _Unwind_RaiseException
001282d8 00000024 T ___Unwind_RaiseException
001282fc 00000024 T _Unwind_Resume
001282fc 00000024 T ___Unwind_Resume
00128320 00000024 T _Unwind_Resume_or_Rethrow
00128320 00000024 T ___Unwind_Resume_or_Rethrow
00128344 00000024 T _Unwind_ForcedUnwind
00128344 00000024 T ___Unwind_ForcedUnwind
00128368 00000024 T _Unwind_Backtrace
00128368 00000024 T ___Unwind_Backtrace
001283a8 00000390 T strcmp
00128730 t __do_global_dtors_aux
00128780 t frame_dummy
001287b0 00003010 T main
0012b7c0 00000044 t C2Di_FrameEndHook
0012b804 00000368 T C2D_Init
0012bb6c 0000004c T C2D_Fini
0012bbb8 000000bc T C2D_Prepare
0012bc74 00000048 T C2D_Flush
0012bcbc 000000fc T C2D_SceneSize
0012bdb8 00000060 T C2D_CreateScreenTarget
0012be18 00000060 T C2D_TargetClear
0012be78 0000014c T C2Di_CalcQuad
0012bfc4 00000054 T C2Di_AppendQuad
0012c018 00000738 T C2Di_Update
0012c750 000002e8 T C2D_DrawImage
0012c973 N 
0012c973 N 
0012c973 N 
0012c973 N 
0012c973 N 
0012c973 N 
0012c973 N 
0012c973 N 
0012c973 N 
0012c973 N 
0012c973 N 
0012c973 N 
0012c973 N 
0012c973 N 
0012c973 N 
0012c973 N 
0012c973 N 
0012c973 N 
0012c973 N 
0012c973 N 
0012c973 N 
0012c973 N 
0012c973 N 
0012c973 N 
0012c973 N 
0012c973 N 
0012c973 N 
0012c973 N 
0012c973 N 
0012c973 N 
0012c973 N 
0012c973 N 
0012c973 W JumboDahjeeMemoryRule.cpp.868a06ac
0012ca38 00000028 T AttrInfo_Init
0012ca60 00000094 T AttrInfo_AddLoader
0012caf4 00000054 T C3D_SetAttrInfo
0012cb48 00000080 T C3Di_AttrInfoBind
0012cbc8 00000004 W C3Di_LightEnvUpdate
0012cbcc 00000004 W C3Di_LightEnvDirty
0012cbd0 000000b4 t C3Di_AptEventHook
0012cc84 00000004 W C3Di_GasUpdate
0012cc88 000001d0 T C3D_Init
0012ce58 00000098 T C3D_SetViewport
0012cef0 000004e8 T C3Di_UpdateContext
0012d3d8 000000e0 T C3Di_SplitFrame
0012d4b8 00000044 T C3D_Fini
0012d4fc 00000194 T C3D_BindProgram
0012d690 00000024 T BufInfo_Init
0012d6b4 00000080 T BufInfo_Add
0012d734 0000003c T C3D_SetBufInfo
0012d770 00000048 T C3Di_BufInfoBind
0012d7b8 0000021c T C3D_DrawElements
0012d9d4 00000040 T C3D_DepthMap
0012da14 0000001c T C3D_CullFace
0012da30 00000040 T C3D_StencilTest
0012da70 00000024 T C3D_StencilOp
0012da94 0000001c T C3D_BlendingColor
0012dab0 00000024 T C3D_EarlyDepthTest
0012dad4 0000002c T C3D_DepthTest
0012db00 0000002c T C3D_AlphaTest
0012db2c 00000050 T C3D_AlphaBlend
0012db7c 00000030 T C3D_FragOpMode
0012dbac 00000044 T C3D_FragOpShadow
0012dbf0 000001ac T C3Di_EffectBind
0012dd9c 0000001c T C3D_CalcColorBufSize
0012ddb8 0000001c T C3D_CalcDepthBufSize
0012ddd4 00000044 T C3D_SetFrameBuf
0012de18 0000016c T C3Di_FrameBufBind
0012df84 000000c8 T C3D_FrameBufClear
0012e04c 00000044 T C3D_FrameBufTransfer
0012e090 000000a8 T C3D_ImmSendAttrib
0012e138 00000070 T C3D_ProcTexInit
0012e1a8 00000054 T C3D_ProcTexBind
0012e1fc 0000005c T C3D_ProcTexLutBind
0012e258 000000a4 T ProcTexLut_FromArray
0012e2fc 00000178 T C3Di_ProcTexUpdate
0012e474 00000068 T C3Di_ProcTexDirty
0012e4dc 0000004c t onVBlank0
0012e528 0000004c t onVBlank1
0012e574 00000080 t C3Di_RenderTargetDestroy
0012e5f4 000000f4 t onQueueFinish
0012e6e8 00000038 T C3Di_RenderQueueEnableVBlank
0012e720 00000030 T C3Di_RenderQueueDisableVBlank
0012e750 00000060 T C3Di_RenderQueueInit
0012e7b0 000000b4 T C3Di_RenderQueueExit
0012e864 00000034 T C3Di_RenderQueueWaitDone
0012e898 000000e8 T C3D_FrameBegin
0012e980 00000048 T C3D_FrameDrawOn
0012e9c8 00000058 T C3D_FrameSplit
0012ea20 000001d0 T C3D_FrameEnd
0012ebf0 0000001c T C3D_FrameEndHook
0012ec0c 00000170 T C3D_RenderTargetCreate
0012ed7c 000000a8 T C3D_RenderTargetSetOutput
0012ee24 000000fc T C3D_SyncTextureCopy
0012ef20 00000034 T C3D_GetTexEnv
0012ef54 00000024 T C3Di_TexEnvBind
0012ef78 00000290 T C3D_TexInitWithParams
0012f208 000000c8 T C3D_TexLoadImage
0012f2d0 00000044 T C3D_TexBind
0012f314 00000044 T C3D_TexFlush
0012f358 00000074 T C3D_TexDelete
0012f3cc 0000014c T C3Di_SetTex
0012f518 00000290 T C3D_UpdateUniforms
0012f7a8 000000c0 T C3Di_DirtyUniforms
0012f868 000000d8 T C3Di_LoadShaderUniforms
0012f940 00000028 T C3Di_ClearShaderUniforms
0012f968 000000cc T Mtx_Ortho
0012fa34 000000cc T Mtx_OrthoTilt
0012fb00 00000024 t addrMapNodeComparator(rbtree_node const*, rbtree_node const*)
0012fb24 00000004 t addrMapNodeDestructor(rbtree_node*)
0012fb28 0000012c T linearMemAlign
0012fc54 00000008 T linearAlloc
0012fc5c 0000005c T linearFree
0012fcb8 00000088 T MemPool::CoalesceRight(MemBlock*)
0012fd40 00000178 T MemPool::Allocate(MemChunk&, unsigned long, int)
0012feb8 00000118 T MemPool::Deallocate(MemChunk const&)
0012ffd0 00000030 T MemPool::GetFreeSpace()
00130000 00000024 t addrMapNodeComparator(rbtree_node const*, rbtree_node const*)
00130024 00000004 t addrMapNodeDestructor(rbtree_node*)
00130028 00000248 T vramMemAlignAt
00130270 0000000c T vramAlloc
0013027c 0000000c T vramAllocAt
00130288 00000094 T vramFree
0013031c 000001c8 T consoleDrawChar
001304e4 00000170 T consolePrintChar
00130654 00000cc8 T con_write
0013131c 000000fc t newRow
00131418 00000180 T consoleInit
00131598 000000b8 T consoleClear
00131650 000000cc t gfxPresentFramebuffer
0013171c 00000010 T gfxSet3D
0013172c 0000001c T gfxIsWide
00131748 000000f8 T gfxSetScreenFormat
00131840 00000010 T gfxSetDoubleBuffering
00131850 000000d8 T gfxInit
00131928 00000010 T gfxInitDefault
00131938 000000b8 T gfxExit
001319f0 000000a0 T gfxGetFramebuffer
00131a90 00000100 T gfxFlushBuffers
00131b90 00000028 T gfxScreenSwapBuffers
00131bb8 00000050 T gfxSwapBuffersGpu
00131c08 00000074 T osConvertVirtToPhys
00131c7c 00000054 T osGetTimeRef
00131cd0 000000ec T osGetTime
00131dbc 00000034 T __ctru_speedup_config
00131df0 00000038 T osSetSpeedupEnable
00131e28 00000008 t romfs_close
00131e30 000000ac t romfs_seek
00131edc 00000024 t romfs_dirreset
00131f00 000000c0 t fill_dir
00131fc0 000002ac t romfs_dirnext
0013226c 00000074 t romfs_free
001322e0 000000d0 t searchForFile.constprop.0
001323b0 000000d4 t searchForDir.constprop.0
00132484 000001c0 t navigateToDir.constprop.0
00132644 00000114 t romfs_open
00132758 0000004c t romfs_chdir
001327a4 00000068 t romfs_diropen
0013280c 00000178 t romfs_stat
00132984 00000008 t romfs_dirclose
00132990 0000007c t romfs_fstat
00132a0c 000000d0 t romfs_read
00132adc 00000294 T romfsMountFromFile
00132d70 00000098 T romfsMountFromCurrentProcess
00132e08 00000258 T romfsMountSelf
00133060 000000a0 T romfsUnmount
00133100 0000013c T GPUCMD_Add
0013323c 000000b0 T GPUCMD_Split
001332ec 00000034 T f32tof16
00133320 00000034 T f32tof24
00133354 00000038 T f32tof31
0013338c 00000010 T GX_BindQueue
0013339c 0000007c T GX_ProcessCommandList
00133418 00000074 T GX_MemoryFill
0013348c 00000074 T GX_DisplayTransfer
00133500 00000078 T GX_TextureCopy
00133578 00000064 t gxCmdQueueDoCommands.part.0
001335dc 000000e4 T gxCmdQueueInterrupt
001336c0 00000068 T gxCmdQueueClear
00133728 00000108 T gxCmdQueueAdd
00133830 00000080 T gxCmdQueueRun
001338b0 00000064 T gxCmdQueueStop
00133914 000000ac T gxCmdQueueWait
001339c0 000001e0 T shaderInstanceInit
00133ba0 00000018 T shaderInstanceGetUniformLocation
00133bb8 0000001c T shaderProgramInit
00133bd4 00000074 T shaderProgramFree
00133c48 00000094 T shaderProgramSetVsh
00133cdc 000008d0 T shaderProgramConfigure
001345ac 000001dc t DVLE_GenerateOutmap.part.0
00134788 000001ac T DVLB_ParseFile
00134934 00000050 T DVLB_Free
00134984 00000074 T DVLE_GetUniformRegister
001349f8 00000158 t ndspUpdateMaster
00134b50 00000108 t ndspFinalize
00134c58 0000025c t ndspInitialize.part.0
00134eb4 00000108 t ndspHookCallback
00134fc0 00000318 t ndspThreadMain
001352d8 000003f0 T ndspInit
001356c8 000000d8 T ndspExit
001357a0 000000e0 T ndspChnReset
00135880 00000018 T ndspChnSetFormat
00135898 00000050 T ndspChnSetInterp
001358e8 00000060 T ndspChnSetRate
00135948 00000080 T ndspChnSetMix
001359c8 000000c8 T ndspChnWaveBufAdd
00135a90 00000040 T ndspiInitChn
00135ad0 0000002c T ndspiDirtyChn
00135afc 0000043c T ndspiUpdateChn
00135f38 00000180 T ndspiReadChnState
001360b8 00000180 t aptConvertScreenForCapture
00136238 00000138 T aptSendCommand
00136370 00000044 t aptExitProcess
001363b4 00000394 T aptExit
00136748 000000d8 T aptHandleSleep
00136820 00000034 T aptHook
00136854 00000030 T aptUnhook
00136884 00000084 T APT_SleepIfShellClosed
00136908 00000078 T aptSetSleepAllowed
00136980 00000084 T APT_UnlockTransition
00136a08 00000470 t aptEventHandler
00136e78 000000bc T APT_ReceiveParameter
00136f34 000000b0 t aptReceiveParameter.constprop.0
00136fe8 00000294 t aptScreenTransfer
0013727c 000002d0 t aptWaitForWakeUp.isra.0
0013754c 000000f4 T aptJumpToHomeMenu
00137640 00000058 T aptMainLoop
00137698 00000240 T aptInit
001378d8 0000002c T APT_SetAppCpuTimeLimit
00137904 00000090 T APT_CheckNew3DS
00137994 000000a8 T cfguInit
00137a3c 0000003c T cfguExit
00137a78 0000004c T CFGU_GetConfigInfoBlk2
00137ac4 000000a4 t DSP_LoadComponent.part.0
00137b68 000000fc T dspInit
00137c64 0000008c T dspExit
00137cf0 00000024 T dspHook
00137d14 00000030 T dspUnhook
00137d44 000000b4 T aptDspSleep
00137df8 000000b4 T aptDspWakeup
00137eac 00000044 T aptDspCancel
00137ef0 00000050 T DSP_FlushDataCache
00137f40 00000034 T DSP_SetSemaphore
00137f74 00000034 T DSP_SetSemaphoreMask
00137fa8 00000038 T DSP_GetSemaphoreHandle
00137fe0 0000003c T DSP_LoadComponent
0013801c 00000044 T DSP_RegisterInterruptEvents
00138060 00000078 T DSP_ReadPipeIfPossible
001380d8 0000004c T DSP_WriteProcessPipe
00138124 00000044 T DSP_ConvertProcessAddressFromDspDram
00138168 00000044 T DSP_RecvData
001381ac 00000050 T DSP_RecvDataIsReady
001381fc 00000104 T fsInit
00138300 0000003c T fsExit
0013833c 00000068 T fsExemptFromSession
001383a4 00000050 T fsUnexemptFromSession
001383f4 000000cc T FSUSER_OpenFile
001384c0 000000cc T FSUSER_OpenFileDirectly
0013858c 000000b8 T FSUSER_DeleteFile
00138644 000000f4 T FSUSER_RenameFile
00138738 000000b8 T FSUSER_DeleteDirectory
001387f0 000000d0 T FSUSER_CreateFile
001388c0 000000c0 T FSUSER_CreateDirectory
00138980 000000f4 T FSUSER_RenameDirectory
00138a74 000000b4 T FSUSER_OpenDirectory
00138b28 00000090 T FSUSER_OpenArchive
00138bb8 0000008c T FSUSER_CloseArchive
00138c44 00000074 T FSUSER_GetSdmcArchiveResource
00138cb8 00000064 T FSUSER_IsSdmcWritable
00138d1c 00000064 T FSFILE_Read
00138d80 0000006c T FSFILE_Write
00138dec 00000044 T FSFILE_GetSize
00138e30 00000028 T FSFILE_SetSize
00138e58 0000003c T FSFILE_Close
00138e94 00000024 T FSFILE_Flush
00138eb8 00000060 T FSDIR_Read
00138f18 0000003c T FSDIR_Close
00138f54 00000c70 t gspHardwareInit
00139bc4 00000288 T gspInit
00139e4c 00000104 T gspExit
00139f50 00000010 T gspHasGpuRight
00139f60 000000a4 T gspPresentBuffer
0013a004 00000030 T gspSetEventCallback
0013a034 00000050 T gspWaitForEvent
0013a084 0000004c T gspWaitForAnyEvent
0013a0d0 00000154 t gspEventThreadMain
0013a224 0000012c T gspSubmitGxCommand
0013a350 00000050 T GSPGPU_FlushDataCache
0013a3a0 00000034 T GSPGPU_SetLcdForceBlack
0013a3d4 00000084 T GSPGPU_AcquireRight
0013a458 00000064 T GSPGPU_ReleaseRight
0013a4bc 0000007c T GSPGPU_ImportDisplayCaptureInfo
0013a538 0000002c T GSPGPU_SaveVramSysArea
0013a564 0000002c T GSPGPU_RestoreVramSysArea
0013a590 00000024 W hidShouldUseIrrst
0013a5b4 000001cc T hidInit
0013a780 000000e8 T hidExit
0013a868 000002a0 T hidScanInput
0013ab08 00000010 T hidKeysHeld
0013ab18 00000010 T hidKeysDown
0013ab28 000001a4 T irrstInit
0013accc 000000dc T irrstExit
0013ada8 000000b4 T irrstScanInput
0013ae5c 00000024 T irrstKeysHeld
0013ae80 00000078 T ptmSysmInit
0013aef8 0000003c T ptmSysmExit
0013af34 00000034 T PTMSYSM_ConfigureNew3DSCPU
0013af68 00000074 T rbtree_find
0013afdc 00000010 T rbtree_init
0013afec 00000198 t do_insert
0013b184 00000008 T rbtree_insert
0013b18c 00000310 T rbtree_remove
0013b49c 00000090 T rbtree_rotate
0013b52c 000000e8 T utf16_to_utf8
0013b614 000000c0 T utf8_to_utf16
0013b6d8 000001e8 W __system_allocateHeaps
0013b8c0 00000038 W __libctru_init
0013b8f8 0000016c W __system_initArgv
0013ba64 00000030 T __syscall_getreent
0013ba94 00000064 T __syscall_gettod_r
0013baf8 00000004 T __syscall_lock_acquire
0013bafc 00000004 T __syscall_lock_release
0013bb00 00000004 T __syscall_lock_acquire_recursive
0013bb04 00000004 T __syscall_lock_release_recursive
0013bb08 00000004 T __syscall_exit
0013bb0c 00000014 T __syscall_cond_broadcast
0013bb20 00000014 T __syscall_cond_wait
0013bb34 00000044 T __syscall_cond_wait_recursive
0013bb78 00000054 T initThreadVars
0013bbcc 00000080 T __system_initSyscalls
0013bc4c T svcControlMemory
0013bc6c T svcQueryMemory
0013bc9c T svcExitProcess
0013bca4 T svcCreateThread
0013bcc4 T svcExitThread
0013bccc T svcSleepThread
0013bcd4 T svcReleaseMutex
0013bcdc T svcCreateEvent
0013bcf0 T svcSignalEvent
0013bcf8 T svcClearEvent
0013bd00 T svcMapMemoryBlock
0013bd08 T svcUnmapMemoryBlock
0013bd10 T svcCreateAddressArbiter
0013bd24 T svcArbitrateAddress
0013bd3c T svcArbitrateAddressNoTimeout
0013bd44 T svcCloseHandle
0013bd4c T svcWaitSynchronization
0013bd54 T svcWaitSynchronizationN
0013bd7c T svcDuplicateHandle
0013bd90 T svcGetSystemTick
0013bd98 T svcConnectToPort
0013bdac T svcSendSyncRequest
0013bdb4 T svcGetResourceLimit
0013bdc8 T svcGetResourceLimitLimitValues
0013bdd0 T svcGetResourceLimitCurrentValues
0013bdd8 T svcBreak
0013bde0 T __aeabi_read_tp
0013bdec W initSystem
0013be3c W __ctru_exit
0013be50 0000008c W envGetHandle
0013bedc 00000050 W envDestroyHandles
0013bf2c 00000164 T srvInit
0013c090 00000064 T srvExit
0013c0f4 00000060 T srvEnableNotification
0013c154 000000a0 T srvGetServiceHandleDirect
0013c1f4 00000048 T srvGetServiceHandle
0013c23c 00000034 T srvSubscribe
0013c270 00000060 T srvReceiveNotification
0013c2d0 00000038 T srvPublishToSubscriber
0013c308 0000000c T __sync_init
0013c314 00000018 T __sync_fini
0013c32c 00000028 T syncArbitrateAddress
0013c354 0000001c T LightLock_Init
0013c370 000000ac T LightLock_Lock
0013c41c 00000040 T LightLock_Unlock
0013c45c 00000054 T RecursiveLock_Lock
0013c4b0 00000054 T RecursiveLock_Unlock
0013c504 000000ec T CondVar_WaitTimeout
0013c5f0 00000124 T CondVar_WakeUp
0013c714 00000044 T LightEvent_Init
0013c758 000000b8 T LightEvent_Clear
0013c810 000000dc T LightEvent_Signal
0013c8ec 00000050 T LightEvent_TryWait
0013c93c 000000ac T LightEvent_Wait
0013c9e8 000001fc T threadCreate
0013cbe4 00000038 T threadFree
0013cc1c 00000024 T threadJoin
0013cc40 00000030 T threadGetCurrent
0013cc70 00000040 T threadExit
0013ccb0 00000020 t _thread_begin
0013ccd0 00000090 t mappableFindAddressWithin
0013cd60 00000028 T mappableInit
0013cd88 0000007c T mappableAlloc
0013ce04 00000004 T mappableFree
0013ce08 0000000c T srvPmGetSessionHandle
0013ce14 00000060 T rbtree_node_next
0013ce74 00000054 T decode_utf16
0013cec8 00000140 T decode_utf8
0013cfe7 N 
0013cfe7 N 
0013cfe7 N 
0013cfe7 N 
0013cfe7 N 
0013cfe7 N 
0013cfe7 N 
0013cfe7 N 
0013cfe7 N 
0013cfe7 N 
0013cfe7 N 
0013cfe7 N 
0013cfe7 N 
0013cfe7 N 
0013cfe7 N 
0013cfe7 N 
0013cfe7 N 
0013cfe7 N 
0013cfe7 N 
0013cfe7 N 
0013cfe7 N 
0013cfe7 N 
0013cfe7 N 
0013cfe7 N 
0013cfe7 N 
0013cfe7 N 
0013cfe7 N 
0013cfe7 N 
0013cfe7 N 
0013cfe7 N 
0013cfe7 N 
0013cfe7 N 
0013cfe7 W Korean0000XORFFMemoryRule.cpp.e38795f5
0013d008 00000054 T encode_utf16
0013d05c 000000e0 T encode_utf8
0013d13c 00000030 W __appExit
0013d16c 00000030 W __appInit
0013d19c 00000090 W __libctru_exit
0013d22c 00000024 t error_cmp
0013d250 00000050 t archive_translate_error
0013d2a0 000000c0 t archive_seek
0013d360 00000078 t _archiveInit.part.0
0013d3d8 00000110 t archiveFindDevice.part.0
0013d4e8 00000298 t archive_utf16path
0013d780 00000098 t _archiveUnmountDeviceStruct.part.0
0013d818 00000178 t _archiveMountDevice
0013d990 000000f8 t archive_diropen
0013da88 000000ac t archive_fstat
0013db34 00000074 t archive_fsync
0013dba8 00000074 t archive_close
0013dc1c 00000078 t archive_dirclose
0013dc94 000000ec t sdmc_statvfs
0013dd80 000000f8 t archive_chdir
0013de78 0000008c t archive_ftruncate
0013df04 000000bc t archive_read
0013dfc0 000000a8 t archive_unlink
0013e068 000000c0 t archive_rmdir
0013e128 000000d8 t archive_mkdir
0013e200 000001a0 t archive_stat
0013e3a0 00000164 t archive_dirnext
0013e504 0000013c t archive_write
0013e640 00000254 t archive_open
0013e894 00000270 t archive_rename
0013eb04 000001c8 T archiveMountSdmc
0013eccc 00000054 T archiveUnmountAll
0013ed20 00000004 T operator delete(void*)
0013ed24 00000004 T operator delete[](void*)
0013ed28 0000005c T operator new(unsigned int)
0013ed84 00000004 T operator new[](unsigned int)
0013ed88 0000000c W __gnu_cxx::__concurrence_lock_error::what() const
0013ed94 0000000c W __gnu_cxx::__concurrence_unlock_error::what() const
0013eda0 00000004 T std::locale::facet::~facet()
0013eda0 00000004 T std::locale::facet::~facet()
0013eda4 0000001c T std::locale::facet::~facet()
0013edc0 00000020 W __gnu_cxx::__concurrence_lock_error::~__concurrence_lock_error()
0013edc0 00000020 W __gnu_cxx::__concurrence_lock_error::~__concurrence_lock_error()
0013ede0 00000028 W __gnu_cxx::__concurrence_lock_error::~__concurrence_lock_error()
0013ee08 00000020 W __gnu_cxx::__concurrence_unlock_error::~__concurrence_unlock_error()
0013ee08 00000020 W __gnu_cxx::__concurrence_unlock_error::~__concurrence_unlock_error()
0013ee28 00000028 W __gnu_cxx::__concurrence_unlock_error::~__concurrence_unlock_error()
0013ee50 00000020 T std::locale::facet::_S_initialize_once()
0013ee70 0000002c W __gnu_cxx::__throw_concurrence_unlock_error()
0013ee9c 0000003c T std::locale::locale(std::locale const&)
0013ee9c 0000003c T std::locale::locale(std::locale const&)
0013eed8 00000008 T std::locale::locale(std::locale::_Impl*)
0013eed8 00000008 T std::locale::locale(std::locale::_Impl*)
0013eee0 0000004c T std::locale::facet::_S_get_c_locale()
0013ef2c 0000000c T std::locale::facet::_S_get_c_name()
0013ef38 000001dc T std::locale::_Impl::~_Impl()
0013ef38 000001dc T std::locale::_Impl::~_Impl()
0013f114 000000b0 T std::locale::operator=(std::locale const&)
0013f1c4 00000078 T std::locale::~locale()
0013f1c4 00000078 T std::locale::~locale()
0013f23c 000005ac T std::locale::_Impl::_M_install_facet(std::locale::id const*, std::locale::facet const*)
0013f7e8 00000388 T std::locale::_Impl::_M_install_cache(std::locale::facet const*, unsigned int)
0013fb70 00000064 T std::locale::id::_M_id() const
0013fbd4 00000010 T std::__basic_file<char>::__basic_file(pthread_mutex_t*)
0013fbd4 00000010 T std::__basic_file<char>::__basic_file(pthread_mutex_t*)
0013fbe4 00000044 T std::__basic_file<char>::~__basic_file()
0013fbe4 00000044 T std::__basic_file<char>::~__basic_file()
0013fc28 00000078 T std::__basic_file<char>::open(char const*, std::_Ios_Openmode, int)
0013fca0 00000010 T std::__basic_file<char>::is_open() const
0013fcb0 00000058 T std::__basic_file<char>::close()
0013fd08 00000060 T std::__basic_file<char>::xsgetn(char*, int)
0013fd68 00000074 T std::__basic_file<char>::xsputn(char const*, int)
0013fddc 000000d8 T std::__basic_file<char>::xsputn_2(char const*, int, char const*, int)
0013feb4 00000048 T std::__basic_file<char>::seekoff(long long, std::_Ios_Seekdir)
0013fefc 00000094 T std::__basic_file<char>::showmanyc()
0013ff90 00000034 t std::__facet_shims::(anonymous namespace)::collate_shim<char>::do_compare(char const*, char const*, char const*, char const*) const
0013ffc4 00000060 t std::__facet_shims::(anonymous namespace)::time_get_shim<char>::do_get_year(std::istreambuf_iterator<char, std::char_traits<char> >, std::istreambuf_iterator<char, std::char_traits<char> >, std::ios_base&, std::_Ios_Iostate&, tm*) const
00140024 00000060 t std::__facet_shims::(anonymous namespace)::time_get_shim<char>::do_get_monthname(std::istreambuf_iterator<char, std::char_traits<char> >, std::istreambuf_iterator<char, std::char_traits<char> >, std::ios_base&, std::_Ios_Iostate&, tm*) const
00140084 00000060 t std::__facet_shims::(anonymous namespace)::time_get_shim<char>::do_get_weekday(std::istreambuf_iterator<char, std::char_traits<char> >, std::istreambuf_iterator<char, std::char_traits<char> >, std::ios_base&, std::_Ios_Iostate&, tm*) const
001400e4 00000060 t std::__facet_shims::(anonymous namespace)::time_get_shim<char>::do_get_date(std::istreambuf_iterator<char, std::char_traits<char> >, std::istreambuf_iterator<char, std::char_traits<char> >, std::ios_base&, std::_Ios_Iostate&, tm*) const
00140144 00000060 t std::__facet_shims::(anonymous namespace)::time_get_shim<char>::do_get_time(std::istreambuf_iterator<char, std::char_traits<char> >, std::istreambuf_iterator<char, std::char_traits<char> >, std::ios_base&, std::_Ios_Iostate&, tm*) const
001401a4 0000000c t std::__facet_shims::(anonymous namespace)::time_get_shim<char>::do_date_order() const
001401b0 00000098 t std::__facet_shims::(anonymous namespace)::money_get_shim<char>::do_get(std::istreambuf_iterator<char, std::char_traits<char> >, std::istreambuf_iterator<char, std::char_traits<char> >, bool, std::ios_base&, std::_Ios_Iostate&, long double&) const
00140248 00000054 t std::__facet_shims::(anonymous namespace)::money_put_shim<char>::do_put(std::ostreambuf_iterator<char, std::char_traits<char> >, bool, std::ios_base&, char, long double) const
0014029c 00000010 t std::__facet_shims::(anonymous namespace)::messages_shim<char>::do_close(int) const
001402ac 00000030 t std::__facet_shims::(anonymous namespace)::messages_shim<char>::do_open(std::string const&, std::locale const&) const
001402dc 00000034 t std::__facet_shims::(anonymous namespace)::collate_shim<wchar_t>::do_compare(wchar_t const*, wchar_t const*, wchar_t const*, wchar_t const*) const
00140310 00000060 t std::__facet_shims::(anonymous namespace)::time_get_shim<wchar_t>::do_get_year(std::istreambuf_iterator<wchar_t, std::char_traits<wchar_t> >, std::istreambuf_iterator<wchar_t, std::char_traits<wchar_t> >, std::ios_base&, std::_Ios_Iostate&, tm*) const
00140370 00000060 t std::__facet_shims::(anonymous namespace)::time_get_shim<wchar_t>::do_get_monthname(std::istreambuf_iterator<wchar_t, std::char_traits<wchar_t> >, std::istreambuf_iterator<wchar_t, std::char_traits<wchar_t> >, std::ios_base&, std::_Ios_Iostate&, tm*) const
001403d0 00000060 t std::__facet_shims::(anonymous namespace)::time_get_shim<wchar_t>::do_get_weekday(std::istreambuf_iterator<wchar_t, std::char_traits<wchar_t> >, std::istreambuf_iterator<wchar_t, std::char_traits<wchar_t> >, std::ios_base&, std::_Ios_Iostate&, tm*) const
00140430 00000060 t std::__facet_shims::(anonymous namespace)::time_get_shim<wchar_t>::do_get_date(std::istreambuf_iterator<wchar_t, std::char_traits<wchar_t> >, std::istreambuf_iterator<wchar_t, std::char_traits<wchar_t> >, std::ios_base&, std::_Ios_Iostate&, tm*) const
00140490 00000060 t std::__facet_shims::(anonymous namespace)::time_get_shim<wchar_t>::do_get_time(std::istreambuf_iterator<wchar_t, std::char_traits<wchar_t> >, std::istreambuf_iterator<wchar_t, std::char_traits<wchar_t> >, std::ios_base&, std::_Ios_Iostate&, tm*) const
001404f0 0000000c t std::__facet_shims::(anonymous namespace)::time_get_shim<wchar_t>::do_date_order() const
001404fc 00000098 t std::__facet_shims::(anonymous namespace)::money_get_shim<wchar_t>::do_get(std::istreambuf_iterator<wchar_t, std::char_traits<wchar_t> >, std::istreambuf_iterator<wchar_t, std::char_traits<wchar_t> >, bool, std::ios_base&, std::_Ios_Iostate&, long double&) const
00140594 00000054 t std::__facet_shims::(anonymous namespace)::money_put_shim<wchar_t>::do_put(std::ostreambuf_iterator<wchar_t, std::char_traits<wchar_t> >, bool, std::ios_base&, wchar_t, long double) const
001405e8 00000010 t std::__facet_shims::(anonymous namespace)::messages_shim<wchar_t>::do_close(int) const
001405f8 00000030 t std::__facet_shims::(anonymous namespace)::messages_shim<wchar_t>::do_open(std::string const&, std::locale const&) const
00140628 000000c0 t wchar_t* std::basic_string<wchar_t, std::char_traits<wchar_t>, std::allocator<wchar_t> >::_S_construct<wchar_t const*>(wchar_t const*, wchar_t const*, std::allocator<wchar_t> const&, std::forward_iterator_tag) [clone .isra.0]
001406e8 000000b8 t char* std::string::_S_construct<char const*>(char const*, char const*, std::allocator<char> const&, std::forward_iterator_tag) [clone .isra.0]
001407a0 00000058 t std::basic_string<wchar_t, std::char_traits<wchar_t>, std::allocator<wchar_t> >::~basic_string() [clone .isra.0]
001407f8 00000058 t std::basic_string<char, std::char_traits<char>, std::allocator<char> >::~basic_string() [clone .isra.0]
00140850 00000090 t std::__facet_shims::(anonymous namespace)::collate_shim<wchar_t>::do_transform(wchar_t const*, wchar_t const*) const
001408e0 000000ac t std::__facet_shims::(anonymous namespace)::messages_shim<wchar_t>::do_get(int, int, int, std::basic_string<wchar_t, std::char_traits<wchar_t>, std::allocator<wchar_t> > const&) const
00140990 00000118 t std::__facet_shims::(anonymous namespace)::money_put_shim<wchar_t>::do_put(std::ostreambuf_iterator<wchar_t, std::char_traits<wchar_t> >, bool, std::ios_base&, wchar_t, std::basic_string<wchar_t, std::char_traits<wchar_t>, std::allocator<wchar_t> > const&) const
00140aa8 00000118 t std::__facet_shims::(anonymous namespace)::money_put_shim<char>::do_put(std::ostreambuf_iterator<char, std::char_traits<char> >, bool, std::ios_base&, char, std::string const&) const
00140bc0 00000090 t std::__facet_shims::(anonymous namespace)::collate_shim<char>::do_transform(char const*, char const*) const
00140c50 000000ac t std::__facet_shims::(anonymous namespace)::messages_shim<char>::do_get(int, int, int, std::string const&) const
00140cfc 00000058 t void std::__facet_shims::(anonymous namespace)::__destroy_string<wchar_t>(void*)
00140d54 00000058 t void std::__facet_shims::(anonymous namespace)::__destroy_string<char>(void*)
00140dac 0000005c t std::__facet_shims::(anonymous namespace)::messages_shim<char>::~messages_shim()
00140dac 0000005c t std::__facet_shims::(anonymous namespace)::messages_shim<char>::~messages_shim()
00140e08 0000005c t std::__facet_shims::(anonymous namespace)::messages_shim<wchar_t>::~messages_shim()
00140e08 0000005c t std::__facet_shims::(anonymous namespace)::messages_shim<wchar_t>::~messages_shim()
00140e64 00000068 t std::__facet_shims::(anonymous namespace)::money_get_shim<char>::~money_get_shim()
00140e64 00000068 t std::__facet_shims::(anonymous namespace)::money_get_shim<char>::~money_get_shim()
00140ecc 00000068 t std::__facet_shims::(anonymous namespace)::money_put_shim<char>::~money_put_shim()
00140ecc 00000068 t std::__facet_shims::(anonymous namespace)::money_put_shim<char>::~money_put_shim()
00140f34 00000068 t std::__facet_shims::(anonymous namespace)::money_get_shim<wchar_t>::~money_get_shim()
00140f34 00000068 t std::__facet_shims::(anonymous namespace)::money_get_shim<wchar_t>::~money_get_shim()
00140f9c 00000068 t std::__facet_shims::(anonymous namespace)::money_put_shim<wchar_t>::~money_put_shim()
00140f9c 00000068 t std::__facet_shims::(anonymous namespace)::money_put_shim<wchar_t>::~money_put_shim()
00141004 00000068 t std::__facet_shims::(anonymous namespace)::time_get_shim<char>::~time_get_shim()
00141004 00000068 t std::__facet_shims::(anonymous namespace)::time_get_shim<char>::~time_get_shim()
0014106c 00000068 t std::__facet_shims::(anonymous namespace)::time_get_shim<wchar_t>::~time_get_shim()
0014106c 00000068 t std::__facet_shims::(anonymous namespace)::time_get_shim<wchar_t>::~time_get_shim()
001410d4 00000064 t std::__facet_shims::(anonymous namespace)::messages_shim<char>::~messages_shim()
00141138 00000064 t std::__facet_shims::(anonymous namespace)::messages_shim<wchar_t>::~messages_shim()
0014119c 00000068 t std::__facet_shims::(anonymous namespace)::numpunct_shim<char>::~numpunct_shim()
0014119c 00000068 t std::__facet_shims::(anonymous namespace)::numpunct_shim<char>::~numpunct_shim()
00141204 00000068 t std::__facet_shims::(anonymous namespace)::numpunct_shim<wchar_t>::~numpunct_shim()
00141204 00000068 t std::__facet_shims::(anonymous namespace)::numpunct_shim<wchar_t>::~numpunct_shim()
0014126c 00000070 t std::__facet_shims::(anonymous namespace)::money_get_shim<char>::~money_get_shim()
001412dc 00000070 t std::__facet_shims::(anonymous namespace)::money_put_shim<char>::~money_put_shim()
0014134c 00000070 t std::__facet_shims::(anonymous namespace)::money_get_shim<wchar_t>::~money_get_shim()
001413bc 00000070 t std::__facet_shims::(anonymous namespace)::money_put_shim<wchar_t>::~money_put_shim()
0014142c 00000070 t std::__facet_shims::(anonymous namespace)::time_get_shim<char>::~time_get_shim()
0014149c 00000070 t std::__facet_shims::(anonymous namespace)::time_get_shim<wchar_t>::~time_get_shim()
0014150c 00000070 t std::__facet_shims::(anonymous namespace)::collate_shim<char>::~collate_shim()
0014150c 00000070 t std::__facet_shims::(anonymous namespace)::collate_shim<char>::~collate_shim()
0014157c 00000070 t std::__facet_shims::(anonymous namespace)::collate_shim<wchar_t>::~collate_shim()
0014157c 00000070 t std::__facet_shims::(anonymous namespace)::collate_shim<wchar_t>::~collate_shim()
001415ec 00000070 t std::__facet_shims::(anonymous namespace)::numpunct_shim<char>::~numpunct_shim()
0014165c 00000070 t std::__facet_shims::(anonymous namespace)::numpunct_shim<wchar_t>::~numpunct_shim()
001416cc 00000078 t std::__facet_shims::(anonymous namespace)::collate_shim<char>::~collate_shim()
00141744 00000078 t std::__facet_shims::(anonymous namespace)::collate_shim<wchar_t>::~collate_shim()
001417bc 00000074 t std::__facet_shims::(anonymous namespace)::moneypunct_shim<char, true>::~moneypunct_shim()
001417bc 00000074 t std::__facet_shims::(anonymous namespace)::moneypunct_shim<char, true>::~moneypunct_shim()
00141830 00000074 t std::__facet_shims::(anonymous namespace)::moneypunct_shim<char, false>::~moneypunct_shim()
00141830 00000074 t std::__facet_shims::(anonymous namespace)::moneypunct_shim<char, false>::~moneypunct_shim()
001418a4 00000074 t std::__facet_shims::(anonymous namespace)::moneypunct_shim<wchar_t, true>::~moneypunct_shim()
001418a4 00000074 t std::__facet_shims::(anonymous namespace)::moneypunct_shim<wchar_t, true>::~moneypunct_shim()
00141918 00000074 t std::__facet_shims::(anonymous namespace)::moneypunct_shim<wchar_t, false>::~moneypunct_shim()
00141918 00000074 t std::__facet_shims::(anonymous namespace)::moneypunct_shim<wchar_t, false>::~moneypunct_shim()
0014198c 0000007c t std::__facet_shims::(anonymous namespace)::moneypunct_shim<char, true>::~moneypunct_shim()
00141a08 0000007c t std::__facet_shims::(anonymous namespace)::moneypunct_shim<char, false>::~moneypunct_shim()
00141a84 0000007c t std::__facet_shims::(anonymous namespace)::moneypunct_shim<wchar_t, true>::~moneypunct_shim()
00141b00 0000007c t std::__facet_shims::(anonymous namespace)::moneypunct_shim<wchar_t, false>::~moneypunct_shim()
00141b7c 00000148 t std::__facet_shims::(anonymous namespace)::money_get_shim<wchar_t>::do_get(std::istreambuf_iterator<wchar_t, std::char_traits<wchar_t> >, std::istreambuf_iterator<wchar_t, std::char_traits<wchar_t> >, bool, std::ios_base&, std::_Ios_Iostate&, std::basic_string<wchar_t, std::char_traits<wchar_t>, std::allocator<wchar_t> >&) const
00141cc4 00000148 t std::__facet_shims::(anonymous namespace)::money_get_shim<char>::do_get(std::istreambuf_iterator<char, std::char_traits<char> >, std::istreambuf_iterator<char, std::char_traits<char> >, bool, std::ios_base&, std::_Ios_Iostate&, std::string&) const
00141e0c 00000034 W std::locale::facet::_M_remove_reference() const
00141e40 0000022c W void std::__facet_shims::__numpunct_fill_cache<char>(std::integral_constant<bool, false>, std::locale::facet const*, std::__numpunct_cache<char>*)
0014206c 00000258 W void std::__facet_shims::__numpunct_fill_cache<wchar_t>(std::integral_constant<bool, false>, std::locale::facet const*, std::__numpunct_cache<wchar_t>*)
001422c4 00000060 W int std::__facet_shims::__collate_compare<char>(std::integral_constant<bool, false>, std::locale::facet const*, char const*, char const*, char const*, char const*)
00142324 00000060 W int std::__facet_shims::__collate_compare<wchar_t>(std::integral_constant<bool, false>, std::locale::facet const*, wchar_t const*, wchar_t const*, wchar_t const*, wchar_t const*)
00142384 00000194 W void std::__facet_shims::__collate_transform<char>(std::integral_constant<bool, false>, std::locale::facet const*, std::__facet_shims::__any_string&, char const*, char const*)
00142518 00000194 W void std::__facet_shims::__collate_transform<wchar_t>(std::integral_constant<bool, false>, std::locale::facet const*, std::__facet_shims::__any_string&, wchar_t const*, wchar_t const*)
001426ac 00000314 W void std::__facet_shims::__moneypunct_fill_cache<char, true>(std::integral_constant<bool, false>, std::locale::facet const*, std::__moneypunct_cache<char, true>*)
001429c0 00000314 W void std::__facet_shims::__moneypunct_fill_cache<char, false>(std::integral_constant<bool, false>, std::locale::facet const*, std::__moneypunct_cache<char, false>*)
00142cd4 00000350 W void std::__facet_shims::__moneypunct_fill_cache<wchar_t, true>(std::integral_constant<bool, false>, std::locale::facet const*, std::__moneypunct_cache<wchar_t, true>*)
00143024 00000350 W void std::__facet_shims::__moneypunct_fill_cache<wchar_t, false>(std::integral_constant<bool, false>, std::locale::facet const*, std::__moneypunct_cache<wchar_t, false>*)
00143374 000000d0 W int std::__facet_shims::__messages_open<char>(std::integral_constant<bool, false>, std::locale::facet const*, char const*, unsigned int, std::locale const&)
00143444 000000d0 W int std::__facet_shims::__messages_open<wchar_t>(std::integral_constant<bool, false>, std::locale::facet const*, char const*, unsigned int, std::locale const&)
00143514 00000230 W void std::__facet_shims::__messages_get<char>(std::integral_constant<bool, false>, std::locale::facet const*, std::__facet_shims::__any_string&, int, int, int, char const*, unsigned int)
00143744 00000230 W void std::__facet_shims::__messages_get<wchar_t>(std::integral_constant<bool, false>, std::locale::facet const*, std::__facet_shims::__any_string&, int, int, int, wchar_t const*, unsigned int)
00143974 00000044 W void std::__facet_shims::__messages_close<char>(std::integral_constant<bool, false>, std::locale::facet const*, int)
001439b8 00000044 W void std::__facet_shims::__messages_close<wchar_t>(std::integral_constant<bool, false>, std::locale::facet const*, int)
001439fc 0000002c W std::time_base::dateorder std::__facet_shims::__time_get_dateorder<char>(std::integral_constant<bool, false>, std::locale::facet const*)
00143a28 0000002c W std::time_base::dateorder std::__facet_shims::__time_get_dateorder<wchar_t>(std::integral_constant<bool, false>, std::locale::facet const*)
00143a54 0000023c W std::istreambuf_iterator<char, std::char_traits<char> > std::__facet_shims::__time_get<char>(std::integral_constant<bool, false>, std::locale::facet const*, std::istreambuf_iterator<char, std::char_traits<char> >, std::istreambuf_iterator<char, std::char_traits<char> >, std::ios_base&, std::_Ios_Iostate&, tm*, char)
00143c90 0000023c W std::istreambuf_iterator<wchar_t, std::char_traits<wchar_t> > std::__facet_shims::__time_get<wchar_t>(std::integral_constant<bool, false>, std::locale::facet const*, std::istreambuf_iterator<wchar_t, std::char_traits<wchar_t> >, std::istreambuf_iterator<wchar_t, std::char_traits<wchar_t> >, std::ios_base&, std::_Ios_Iostate&, tm*, char)
00143ecc 000003c4 W std::istreambuf_iterator<char, std::char_traits<char> > std::__facet_shims::__money_get<char>(std::integral_constant<bool, false>, std::locale::facet const*, std::istreambuf_iterator<char, std::char_traits<char> >, std::istreambuf_iterator<char, std::char_traits<char> >, bool, std::ios_base&, std::_Ios_Iostate&, long double*, std::__facet_shims::__any_string*)
00144290 000003c4 W std::istreambuf_iterator<wchar_t, std::char_traits<wchar_t> > std::__facet_shims::__money_get<wchar_t>(std::integral_constant<bool, false>, std::locale::facet const*, std::istreambuf_iterator<wchar_t, std::char_traits<wchar_t> >, std::istreambuf_iterator<wchar_t, std::char_traits<wchar_t> >, bool, std::ios_base&, std::_Ios_Iostate&, long double*, std::__facet_shims::__any_string*)
00144658 00000264 W std::ostreambuf_iterator<char, std::char_traits<char> > std::__facet_shims::__money_put<char>(std::integral_constant<bool, false>, std::locale::facet const*, std::ostreambuf_iterator<char, std::char_traits<char> >, bool, std::ios_base&, char, long double, std::__facet_shims::__any_string const*)
001448c0 00000274 W std::ostreambuf_iterator<wchar_t, std::char_traits<wchar_t> > std::__facet_shims::__money_put<wchar_t>(std::integral_constant<bool, false>, std::locale::facet const*, std::ostreambuf_iterator<wchar_t, std::char_traits<wchar_t> >, bool, std::ios_base&, wchar_t, long double, std::__facet_shims::__any_string const*)
00144b34 00000a0c T std::locale::facet::_M_cow_shim(std::locale::id const*) const
00145540 00000088 W std::string::copy(char*, unsigned int, unsigned int) const
001455c8 00000034 W std::string::swap(std::string&)
001455fc 0000005c W std::string::find_first_not_of(char, unsigned int) const
00145658 00000088 W std::string::_Rep::_S_create(unsigned int, unsigned int, std::allocator<char> const&)
001456e0 00000084 W std::string::_S_construct(unsigned int, char, std::allocator<char> const&)
00145764 00000004 W std::string::_Rep::_M_destroy(std::allocator<char> const&)
00145768 000001a8 W std::string::_M_mutate(unsigned int, unsigned int, unsigned int)
00145910 00000048 W std::string::_M_leak_hard()
00145958 0000001c W std::string::_M_leak()
00145974 0000006c W std::string::_M_replace_aux(unsigned int, unsigned int, unsigned int, char)
001459e0 0000005c W std::string::_M_replace_safe(unsigned int, unsigned int, char const*, unsigned int)
00145a3c 000000f4 W std::string::assign(char const*, unsigned int)
00145b30 00000090 W std::string::_Rep::_M_clone(std::allocator<char> const&, unsigned int)
00145bc0 000000b4 W std::string::reserve(unsigned int)
00145c74 000000c8 W std::string::append(std::string const&)
00145d3c 0000012c W std::string::append(char const*, unsigned int)
00145e68 000000d4 W std::string::append(unsigned int, char)
00145f3c 00000048 W std::string::resize(unsigned int, char)
00145f84 00000080 W std::string::push_back(char)
00146004 00000088 W std::basic_string<wchar_t, std::char_traits<wchar_t>, std::allocator<wchar_t> >::copy(wchar_t*, unsigned int, unsigned int) const
0014608c 00000034 W std::basic_string<wchar_t, std::char_traits<wchar_t>, std::allocator<wchar_t> >::swap(std::basic_string<wchar_t, std::char_traits<wchar_t>, std::allocator<wchar_t> >&)
001460c0 000000a0 W std::basic_string<wchar_t, std::char_traits<wchar_t>, std::allocator<wchar_t> >::_Rep::_S_create(unsigned int, unsigned int, std::allocator<wchar_t> const&)
00146160 00000090 W std::basic_string<wchar_t, std::char_traits<wchar_t>, std::allocator<wchar_t> >::_S_construct(unsigned int, wchar_t, std::allocator<wchar_t> const&)
001461f0 00000004 W std::basic_string<wchar_t, std::char_traits<wchar_t>, std::allocator<wchar_t> >::_Rep::_M_destroy(std::allocator<wchar_t> const&)
001461f4 000001b8 W std::basic_string<wchar_t, std::char_traits<wchar_t>, std::allocator<wchar_t> >::_M_mutate(unsigned int, unsigned int, unsigned int)
001463ac 00000048 W std::basic_string<wchar_t, std::char_traits<wchar_t>, std::allocator<wchar_t> >::_M_leak_hard()
001463f4 00000074 W std::basic_string<wchar_t, std::char_traits<wchar_t>, std::allocator<wchar_t> >::_M_replace_aux(unsigned int, unsigned int, unsigned int, wchar_t)
00146468 0000005c W std::basic_string<wchar_t, std::char_traits<wchar_t>, std::allocator<wchar_t> >::_M_replace_safe(unsigned int, unsigned int, wchar_t const*, unsigned int)
001464c4 000000f4 W std::basic_string<wchar_t, std::char_traits<wchar_t>, std::allocator<wchar_t> >::assign(wchar_t const*, unsigned int)
001465b8 00000090 W std::basic_string<wchar_t, std::char_traits<wchar_t>, std::allocator<wchar_t> >::_Rep::_M_clone(std::allocator<wchar_t> const&, unsigned int)
00146648 000000b4 W std::basic_string<wchar_t, std::char_traits<wchar_t>, std::allocator<wchar_t> >::reserve(unsigned int)
001466fc 000000c8 W std::basic_string<wchar_t, std::char_traits<wchar_t>, std::allocator<wchar_t> >::append(std::basic_string<wchar_t, std::char_traits<wchar_t>, std::allocator<wchar_t> > const&)
001467c4 0000011c W std::basic_string<wchar_t, std::char_traits<wchar_t>, std::allocator<wchar_t> >::append(wchar_t const*, unsigned int)
001468e0 000000d4 W std::basic_string<wchar_t, std::char_traits<wchar_t>, std::allocator<wchar_t> >::append(unsigned int, wchar_t)
001469b4 00000048 W std::basic_string<wchar_t, std::char_traits<wchar_t>, std::allocator<wchar_t> >::resize(unsigned int, wchar_t)
001469fc 00000074 W std::basic_string<wchar_t, std::char_traits<wchar_t>, std::allocator<wchar_t> >::push_back(wchar_t)
00146a70 00000034 t std::__facet_shims::(anonymous namespace)::collate_shim<char>::do_compare(char const*, char const*, char const*, char const*) const
00146aa4 00000060 t std::__facet_shims::(anonymous namespace)::time_get_shim<char>::do_get_year(std::istreambuf_iterator<char, std::char_traits<char> >, std::istreambuf_iterator<char, std::char_traits<char> >, std::ios_base&, std::_Ios_Iostate&, tm*) const
00146b04 00000060 t std::__facet_shims::(anonymous namespace)::time_get_shim<char>::do_get_monthname(std::istreambuf_iterator<char, std::char_traits<char> >, std::istreambuf_iterator<char, std::char_traits<char> >, std::ios_base&, std::_Ios_Iostate&, tm*) const
00146b64 00000060 t std::__facet_shims::(anonymous namespace)::time_get_shim<char>::do_get_weekday(std::istreambuf_iterator<char, std::char_traits<char> >, std::istreambuf_iterator<char, std::char_traits<char> >, std::ios_base&, std::_Ios_Iostate&, tm*) const
00146bc4 00000060 t std::__facet_shims::(anonymous namespace)::time_get_shim<char>::do_get_date(std::istreambuf_iterator<char, std::char_traits<char> >, std::istreambuf_iterator<char, std::char_traits<char> >, std::ios_base&, std::_Ios_Iostate&, tm*) const
00146c24 00000060 t std::__facet_shims::(anonymous namespace)::time_get_shim<char>::do_get_time(std::istreambuf_iterator<char, std::char_traits<char> >, std::istreambuf_iterator<char, std::char_traits<char> >, std::ios_base&, std::_Ios_Iostate&, tm*) const
00146c84 0000000c t std::__facet_shims::(anonymous namespace)::time_get_shim<char>::do_date_order() const
00146c90 00000098 t std::__facet_shims::(anonymous namespace)::money_get_shim<char>::do_get(std::istreambuf_iterator<char, std::char_traits<char> >, std::istreambuf_iterator<char, std::char_traits<char> >, bool, std::ios_base&, std::_Ios_Iostate&, long double&) const
00146d28 00000054 t std::__facet_shims::(anonymous namespace)::money_put_shim<char>::do_put(std::ostreambuf_iterator<char, std::char_traits<char> >, bool, std::ios_base&, char, long double) const
00146d7c 00000010 t std::__facet_shims::(anonymous namespace)::messages_shim<char>::do_close(int) const
00146d8c 0000002c t std::__facet_shims::(anonymous namespace)::messages_shim<char>::do_open(std::__cxx11::basic_string<char, std::char_traits<char>, std::allocator<char> > const&, std::locale const&) const
00146db8 00000034 t std::__facet_shims::(anonymous namespace)::collate_shim<wchar_t>::do_compare(wchar_t const*, wchar_t const*, wchar_t const*, wchar_t const*) const
00146dec 00000060 t std::__facet_shims::(anonymous namespace)::time_get_shim<wchar_t>::do_get_year(std::istreambuf_iterator<wchar_t, std::char_traits<wchar_t> >, std::istreambuf_iterator<wchar_t, std::char_traits<wchar_t> >, std::ios_base&, std::_Ios_Iostate&, tm*) const
00146e4c 00000060 t std::__facet_shims::(anonymous namespace)::time_get_shim<wchar_t>::do_get_monthname(std::istreambuf_iterator<wchar_t, std::char_traits<wchar_t> >, std::istreambuf_iterator<wchar_t, std::char_traits<wchar_t> >, std::ios_base&, std::_Ios_Iostate&, tm*) const
00146eac 00000060 t std::__facet_shims::(anonymous namespace)::time_get_shim<wchar_t>::do_get_weekday(std::istreambuf_iterator<wchar_t, std::char_traits<wchar_t> >, std::istreambuf_iterator<wchar_t, std::char_traits<wchar_t> >, std::ios_base&, std::_Ios_Iostate&, tm*) const
00146f0c 00000060 t std::__facet_shims::(anonymous namespace)::time_get_shim<wchar_t>::do_get_date(std::istreambuf_iterator<wchar_t, std::char_traits<wchar_t> >, std::istreambuf_iterator<wchar_t, std::char_traits<wchar_t> >, std::ios_base&, std::_Ios_Iostate&, tm*) const
00146f6c 00000060 t std::__facet_shims::(anonymous namespace)::time_get_shim<wchar_t>::do_get_time(std::istreambuf_iterator<wchar_t, std::char_traits<wchar_t> >, std::istreambuf_iterator<wchar_t, std::char_traits<wchar_t> >, std::ios_base&, std::_Ios_Iostate&, tm*) const
00146fcc 0000000c t std::__facet_shims::(anonymous namespace)::time_get_shim<wchar_t>::do_date_order() const
00146fd8 00000098 t std::__facet_shims::(anonymous namespace)::money_get_shim<wchar_t>::do_get(std::istreambuf_iterator<wchar_t, std::char_traits<wchar_t> >, std::istreambuf_iterator<wchar_t, std::char_traits<wchar_t> >, bool, std::ios_base&, std::_Ios_Iostate&, long double&) const
00147070 00000054 t std::__facet_shims::(anonymous namespace)::money_put_shim<wchar_t>::do_put(std::ostreambuf_iterator<wchar_t, std::char_traits<wchar_t> >, bool, std::ios_base&, wchar_t, long double) const
001470c4 00000010 t std::__facet_shims::(anonymous namespace)::messages_shim<wchar_t>::do_close(int) const
001470d4 0000002c t std::__facet_shims::(anonymous namespace)::messages_shim<wchar_t>::do_open(std::__cxx11::basic_string<char, std::char_traits<char>, std::allocator<char> > const&, std::locale const&) const
00147100 00000094 t void std::__cxx11::basic_string<char, std::char_traits<char>, std::allocator<char> >::_M_construct<char const*>(char const*, char const*, std::forward_iterator_tag) [clone .isra.0]
00147194 00000098 t void std::__cxx11::basic_string<wchar_t, std::char_traits<wchar_t>, std::allocator<wchar_t> >::_M_construct<wchar_t const*>(wchar_t const*, wchar_t const*, std::forward_iterator_tag) [clone .isra.0]
0014722c 000000bc t std::__facet_shims::(anonymous namespace)::collate_shim<wchar_t>::do_transform(wchar_t const*, wchar_t const*) const
001472e8 000000d4 t std::__facet_shims::(anonymous namespace)::messages_shim<wchar_t>::do_get(int, int, int, std::__cxx11::basic_string<wchar_t, std::char_traits<wchar_t>, std::allocator<wchar_t> > const&) const
001473c0 000000bc t std::__facet_shims::(anonymous namespace)::money_put_shim<char>::do_put(std::ostreambuf_iterator<char, std::char_traits<char> >, bool, std::ios_base&, char, std::__cxx11::basic_string<char, std::char_traits<char>, std::allocator<char> > const&) const
00147480 000000bc t std::__facet_shims::(anonymous namespace)::money_put_shim<wchar_t>::do_put(std::ostreambuf_iterator<wchar_t, std::char_traits<wchar_t> >, bool, std::ios_base&, wchar_t, std::__cxx11::basic_string<wchar_t, std::char_traits<wchar_t>, std::allocator<wchar_t> > const&) const
0014753c 000000bc t std::__facet_shims::(anonymous namespace)::collate_shim<char>::do_transform(char const*, char const*) const
001475f8 000000d4 t std::__facet_shims::(anonymous namespace)::messages_shim<char>::do_get(int, int, int, std::__cxx11::basic_string<char, std::char_traits<char>, std::allocator<char> > const&) const
001476cc 00000014 t void std::__facet_shims::(anonymous namespace)::__destroy_string<wchar_t>(void*)
001476e0 00000014 t void std::__facet_shims::(anonymous namespace)::__destroy_string<char>(void*)
001476f4 0000005c t std::__facet_shims::(anonymous namespace)::messages_shim<char>::~messages_shim()
001476f4 0000005c t std::__facet_shims::(anonymous namespace)::messages_shim<char>::~messages_shim()
00147750 0000005c t std::__facet_shims::(anonymous namespace)::messages_shim<wchar_t>::~messages_shim()
00147750 0000005c t std::__facet_shims::(anonymous namespace)::messages_shim<wchar_t>::~messages_shim()
001477ac 00000068 t std::__facet_shims::(anonymous namespace)::money_get_shim<char>::~money_get_shim()
001477ac 00000068 t std::__facet_shims::(anonymous namespace)::money_get_shim<char>::~money_get_shim()
00147814 00000068 t std::__facet_shims::(anonymous namespace)::money_put_shim<char>::~money_put_shim()
00147814 00000068 t std::__facet_shims::(anonymous namespace)::money_put_shim<char>::~money_put_shim()
0014787c 00000068 t std::__facet_shims::(anonymous namespace)::money_get_shim<wchar_t>::~money_get_shim()
0014787c 00000068 t std::__facet_shims::(anonymous namespace)::money_get_shim<wchar_t>::~money_get_shim()
001478e4 00000068 t std::__facet_shims::(anonymous namespace)::money_put_shim<wchar_t>::~money_put_shim()
001478e4 00000068 t std::__facet_shims::(anonymous namespace)::money_put_shim<wchar_t>::~money_put_shim()
0014794c 00000068 t std::__facet_shims::(anonymous namespace)::time_get_shim<char>::~time_get_shim()
0014794c 00000068 t std::__facet_shims::(anonymous namespace)::time_get_shim<char>::~time_get_shim()
001479b4 00000068 t std::__facet_shims::(anonymous namespace)::time_get_shim<wchar_t>::~time_get_shim()
001479b4 00000068 t std::__facet_shims::(anonymous namespace)::time_get_shim<wchar_t>::~time_get_shim()
00147a1c 00000064 t std::__facet_shims::(anonymous namespace)::messages_shim<char>::~messages_shim()
00147a80 00000064 t std::__facet_shims::(anonymous namespace)::messages_shim<wchar_t>::~messages_shim()
00147ae4 00000068 t std::__facet_shims::(anonymous namespace)::numpunct_shim<char>::~numpunct_shim()
00147ae4 00000068 t std::__facet_shims::(anonymous namespace)::numpunct_shim<char>::~numpunct_shim()
00147b4c 00000068 t std::__facet_shims::(anonymous namespace)::numpunct_shim<wchar_t>::~numpunct_shim()
00147b4c 00000068 t std::__facet_shims::(anonymous namespace)::numpunct_shim<wchar_t>::~numpunct_shim()
00147bb4 00000070 t std::__facet_shims::(anonymous namespace)::money_get_shim<char>::~money_get_shim()
00147c24 00000070 t std::__facet_shims::(anonymous namespace)::money_put_shim<char>::~money_put_shim()
00147c94 00000070 t std::__facet_shims::(anonymous namespace)::money_get_shim<wchar_t>::~money_get_shim()
00147d04 00000070 t std::__facet_shims::(anonymous namespace)::money_put_shim<wchar_t>::~money_put_shim()
00147d74 00000070 t std::__facet_shims::(anonymous namespace)::time_get_shim<char>::~time_get_shim()
00147de4 00000070 t std::__facet_shims::(anonymous namespace)::time_get_shim<wchar_t>::~time_get_shim()
00147e54 00000070 t std::__facet_shims::(anonymous namespace)::collate_shim<char>::~collate_shim()
00147e54 00000070 t std::__facet_shims::(anonymous namespace)::collate_shim<char>::~collate_shim()
00147ec4 00000070 t std::__facet_shims::(anonymous namespace)::collate_shim<wchar_t>::~collate_shim()
00147ec4 00000070 t std::__facet_shims::(anonymous namespace)::collate_shim<wchar_t>::~collate_shim()
00147f34 00000070 t std::__facet_shims::(anonymous namespace)::numpunct_shim<char>::~numpunct_shim()
00147fa4 00000070 t std::__facet_shims::(anonymous namespace)::numpunct_shim<wchar_t>::~numpunct_shim()
00148014 00000078 t std::__facet_shims::(anonymous namespace)::collate_shim<char>::~collate_shim()
0014808c 00000078 t std::__facet_shims::(anonymous namespace)::collate_shim<wchar_t>::~collate_shim()
00148104 00000074 t std::__facet_shims::(anonymous namespace)::moneypunct_shim<char, true>::~moneypunct_shim()
00148104 00000074 t std::__facet_shims::(anonymous namespace)::moneypunct_shim<char, true>::~moneypunct_shim()
00148178 00000074 t std::__facet_shims::(anonymous namespace)::moneypunct_shim<char, false>::~moneypunct_shim()
00148178 00000074 t std::__facet_shims::(anonymous namespace)::moneypunct_shim<char, false>::~moneypunct_shim()
001481ec 00000074 t std::__facet_shims::(anonymous namespace)::moneypunct_shim<wchar_t, true>::~moneypunct_shim()
001481ec 00000074 t std::__facet_shims::(anonymous namespace)::moneypunct_shim<wchar_t, true>::~moneypunct_shim()
00148260 00000074 t std::__facet_shims::(anonymous namespace)::moneypunct_shim<wchar_t, false>::~moneypunct_shim()
00148260 00000074 t std::__facet_shims::(anonymous namespace)::moneypunct_shim<wchar_t, false>::~moneypunct_shim()
001482d4 0000007c t std::__facet_shims::(anonymous namespace)::moneypunct_shim<char, true>::~moneypunct_shim()
00148350 0000007c t std::__facet_shims::(anonymous namespace)::moneypunct_shim<char, false>::~moneypunct_shim()
001483cc 0000007c t std::__facet_shims::(anonymous namespace)::moneypunct_shim<wchar_t, true>::~moneypunct_shim()
00148448 0000007c t std::__facet_shims::(anonymous namespace)::moneypunct_shim<wchar_t, false>::~moneypunct_shim()
001484c4 000001e0 t std::__facet_shims::(anonymous namespace)::money_get_shim<wchar_t>::do_get(std::istreambuf_iterator<wchar_t, std::char_traits<wchar_t> >, std::istreambuf_iterator<wchar_t, std::char_traits<wchar_t> >, bool, std::ios_base&, std::_Ios_Iostate&, std::__cxx11::basic_string<wchar_t, std::char_traits<wchar_t>, std::allocator<wchar_t> >&) const
001486a4 00000264 t std::__facet_shims::(anonymous namespace)::money_get_shim<char>::do_get(std::istreambuf_iterator<char, std::char_traits<char> >, std::istreambuf_iterator<char, std::char_traits<char> >, bool, std::ios_base&, std::_Ios_Iostate&, std::__cxx11::basic_string<char, std::char_traits<char>, std::allocator<char> >&) const
00148908 00000180 W void std::__facet_shims::__numpunct_fill_cache<char>(std::integral_constant<bool, true>, std::locale::facet const*, std::__numpunct_cache<char>*)
00148a88 000001a8 W void std::__facet_shims::__numpunct_fill_cache<wchar_t>(std::integral_constant<bool, true>, std::locale::facet const*, std::__numpunct_cache<wchar_t>*)
00148c30 00000060 W int std::__facet_shims::__collate_compare<char>(std::integral_constant<bool, true>, std::locale::facet const*, char const*, char const*, char const*, char const*)
00148c90 00000060 W int std::__facet_shims::__collate_compare<wchar_t>(std::integral_constant<bool, true>, std::locale::facet const*, wchar_t const*, wchar_t const*, wchar_t const*, wchar_t const*)
00148cf0 00000144 W void std::__facet_shims::__collate_transform<char>(std::integral_constant<bool, true>, std::locale::facet const*, std::__facet_shims::__any_string&, char const*, char const*)
00148e34 00000144 W void std::__facet_shims::__collate_transform<wchar_t>(std::integral_constant<bool, true>, std::locale::facet const*, std::__facet_shims::__any_string&, wchar_t const*, wchar_t const*)
00148f78 00000230 W void std::__facet_shims::__moneypunct_fill_cache<char, true>(std::integral_constant<bool, true>, std::locale::facet const*, std::__moneypunct_cache<char, true>*)
001491a8 00000230 W void std::__facet_shims::__moneypunct_fill_cache<char, false>(std::integral_constant<bool, true>, std::locale::facet const*, std::__moneypunct_cache<char, false>*)
001493d8 00000268 W void std::__facet_shims::__moneypunct_fill_cache<wchar_t, true>(std::integral_constant<bool, true>, std::locale::facet const*, std::__moneypunct_cache<wchar_t, true>*)
00149640 00000268 W void std::__facet_shims::__moneypunct_fill_cache<wchar_t, false>(std::integral_constant<bool, true>, std::locale::facet const*, std::__moneypunct_cache<wchar_t, false>*)
001498a8 000000bc W int std::__facet_shims::__messages_open<char>(std::integral_constant<bool, true>, std::locale::facet const*, char const*, unsigned int, std::locale const&)
00149964 000000bc W int std::__facet_shims::__messages_open<wchar_t>(std::integral_constant<bool, true>, std::locale::facet const*, char const*, unsigned int, std::locale const&)
00149a20 000001d0 W void std::__facet_shims::__messages_get<char>(std::integral_constant<bool, true>, std::locale::facet const*, std::__facet_shims::__any_string&, int, int, int, char const*, unsigned int)
00149bf0 000001d0 W void std::__facet_shims::__messages_get<wchar_t>(std::integral_constant<bool, true>, std::locale::facet const*, std::__facet_shims::__any_string&, int, int, int, wchar_t const*, unsigned int)
00149dc0 00000044 W void std::__facet_shims::__messages_close<char>(std::integral_constant<bool, true>, std::locale::facet const*, int)
00149e04 00000044 W void std::__facet_shims::__messages_close<wchar_t>(std::integral_constant<bool, true>, std::locale::facet const*, int)
00149e48 0000002c W std::time_base::dateorder std::__facet_shims::__time_get_dateorder<char>(std::integral_constant<bool, true>, std::locale::facet const*)
00149e74 0000002c W std::time_base::dateorder std::__facet_shims::__time_get_dateorder<wchar_t>(std::integral_constant<bool, true>, std::locale::facet const*)
00149ea0 0000023c W std::istreambuf_iterator<char, std::char_traits<char> > std::__facet_shims::__time_get<char>(std::integral_constant<bool, true>, std::locale::facet const*, std::istreambuf_iterator<char, std::char_traits<char> >, std::istreambuf_iterator<char, std::char_traits<char> >, std::ios_base&, std::_Ios_Iostate&, tm*, char)
0014a0dc 0000023c W std::istreambuf_iterator<wchar_t, std::char_traits<wchar_t> > std::__facet_shims::__time_get<wchar_t>(std::integral_constant<bool, true>, std::locale::facet const*, std::istreambuf_iterator<wchar_t, std::char_traits<wchar_t> >, std::istreambuf_iterator<wchar_t, std::char_traits<wchar_t> >, std::ios_base&, std::_Ios_Iostate&, tm*, char)
0014a318 00000210 W std::istreambuf_iterator<char, std::char_traits<char> > std::__facet_shims::__money_get<char>(std::integral_constant<bool, true>, std::locale::facet const*, std::istreambuf_iterator<char, std::char_traits<char> >, std::istreambuf_iterator<char, std::char_traits<char> >, bool, std::ios_base&, std::_Ios_Iostate&, long double*, std::__facet_shims::__any_string*)
0014a528 0000020c W std::istreambuf_iterator<wchar_t, std::char_traits<wchar_t> > std::__facet_shims::__money_get<wchar_t>(std::integral_constant<bool, true>, std::locale::facet const*, std::istreambuf_iterator<wchar_t, std::char_traits<wchar_t> >, std::istreambuf_iterator<wchar_t, std::char_traits<wchar_t> >, bool, std::ios_base&, std::_Ios_Iostate&, long double*, std::__facet_shims::__any_string*)
0014a738 0000026c W std::ostreambuf_iterator<char, std::char_traits<char> > std::__facet_shims::__money_put<char>(std::integral_constant<bool, true>, std::locale::facet const*, std::ostreambuf_iterator<char, std::char_traits<char> >, bool, std::ios_base&, char, long double, std::__facet_shims::__any_string const*)
0014a9a8 00000214 W std::ostreambuf_iterator<wchar_t, std::char_traits<wchar_t> > std::__facet_shims::__money_put<wchar_t>(std::integral_constant<bool, true>, std::locale::facet const*, std::ostreambuf_iterator<wchar_t, std::char_traits<wchar_t> >, bool, std::ios_base&, wchar_t, long double, std::__facet_shims::__any_string const*)
0014abbc 00000a0c T std::locale::facet::_M_sso_shim(std::locale::id const*) const
0014b5c8 0000000c W std::__cxx11::moneypunct<wchar_t, false>::do_decimal_point() const
0014b5d4 0000000c W std::__cxx11::moneypunct<wchar_t, false>::do_thousands_sep() const
0014b5e0 0000000c W std::__cxx11::moneypunct<wchar_t, false>::do_frac_digits() const
0014b5ec 00000014 W std::__cxx11::moneypunct<wchar_t, false>::do_pos_format() const
0014b600 00000014 W std::__cxx11::moneypunct<wchar_t, false>::do_neg_format() const
0014b614 0000000c W std::__cxx11::moneypunct<wchar_t, true>::do_decimal_point() const
0014b620 0000000c W std::__cxx11::moneypunct<wchar_t, true>::do_thousands_sep() const
0014b62c 0000000c W std::__cxx11::moneypunct<wchar_t, true>::do_frac_digits() const
0014b638 00000014 W std::__cxx11::moneypunct<wchar_t, true>::do_pos_format() const
0014b64c 00000014 W std::__cxx11::moneypunct<wchar_t, true>::do_neg_format() const
0014b660 0000000c W std::__cxx11::numpunct<wchar_t>::do_decimal_point() const
0014b66c 0000000c W std::__cxx11::numpunct<wchar_t>::do_thousands_sep() const
0014b678 00000008 W std::__cxx11::time_get<wchar_t, std::istreambuf_iterator<wchar_t, std::char_traits<wchar_t> > >::do_date_order() const
0014b680 00000008 W std::__cxx11::messages<wchar_t>::do_open(std::__cxx11::basic_string<char, std::char_traits<char>, std::allocator<char> > const&, std::locale const&) const
0014b688 00000004 W std::__cxx11::messages<wchar_t>::do_close(int) const
0014b68c 00000020 W std::__cxx11::collate<wchar_t>::do_hash(wchar_t const*, wchar_t const*) const
0014b6ac 00000020 W std::__cxx11::money_get<wchar_t, std::istreambuf_iterator<wchar_t, std::char_traits<wchar_t> > >::~money_get()
0014b6ac 00000020 W std::__cxx11::money_get<wchar_t, std::istreambuf_iterator<wchar_t, std::char_traits<wchar_t> > >::~money_get()
0014b6cc 00000028 W std::__cxx11::money_get<wchar_t, std::istreambuf_iterator<wchar_t, std::char_traits<wchar_t> > >::~money_get()
0014b6f4 00000020 W std::__cxx11::money_put<wchar_t, std::ostreambuf_iterator<wchar_t, std::char_traits<wchar_t> > >::~money_put()
0014b6f4 00000020 W std::__cxx11::money_put<wchar_t, std::ostreambuf_iterator<wchar_t, std::char_traits<wchar_t> > >::~money_put()
0014b714 00000028 W std::__cxx11::money_put<wchar_t, std::ostreambuf_iterator<wchar_t, std::char_traits<wchar_t> > >::~money_put()
0014b73c 00000020 W std::__cxx11::time_get<wchar_t, std::istreambuf_iterator<wchar_t, std::char_traits<wchar_t> > >::~time_get()
0014b73c 00000020 W std::__cxx11::time_get<wchar_t, std::istreambuf_iterator<wchar_t, std::char_traits<wchar_t> > >::~time_get()
0014b75c 00000028 W std::__cxx11::time_get<wchar_t, std::istreambuf_iterator<wchar_t, std::char_traits<wchar_t> > >::~time_get()
0014b784 00000028 W std::__cxx11::messages<wchar_t>::~messages()
0014b784 00000028 W std::__cxx11::messages<wchar_t>::~messages()
0014b7ac 0000001c W std::__cxx11::messages<wchar_t>::~messages()
0014b7c8 00000028 W std::__cxx11::collate<wchar_t>::~collate()
0014b7c8 00000028 W std::__cxx11::collate<wchar_t>::~collate()
0014b7f0 00000098 t void std::__cxx11::basic_string<wchar_t, std::char_traits<wchar_t>, std::allocator<wchar_t> >::_M_construct<wchar_t const*>(wchar_t const*, wchar_t const*, std::forward_iterator_tag) [clone .isra.0]
0014b888 00000030 W std::__cxx11::collate<wchar_t>::~collate()
0014b8b8 000000c0 W std::__cxx11::moneypunct<wchar_t, false>::do_grouping() const
0014b978 000000c0 W std::__cxx11::moneypunct<wchar_t, true>::do_grouping() const
0014ba38 000000c0 W std::__cxx11::numpunct<wchar_t>::do_grouping() const
0014baf8 00000058 W std::__cxx11::moneypunct<wchar_t, false>::do_curr_symbol() const
0014bb50 00000058 W std::__cxx11::moneypunct<wchar_t, false>::do_positive_sign() const
0014bba8 00000058 W std::__cxx11::moneypunct<wchar_t, false>::do_negative_sign() const
0014bc00 00000058 W std::__cxx11::moneypunct<wchar_t, true>::do_curr_symbol() const
0014bc58 00000058 W std::__cxx11::moneypunct<wchar_t, true>::do_positive_sign() const
0014bcb0 00000058 W std::__cxx11::moneypunct<wchar_t, true>::do_negative_sign() const
0014bd08 00000058 W std::__cxx11::numpunct<wchar_t>::do_truename() const
0014bd60 00000058 W std::__cxx11::numpunct<wchar_t>::do_falsename() const
0014bdb8 000000f8 W std::__cxx11::collate<wchar_t>::do_compare(wchar_t const*, wchar_t const*, wchar_t const*, wchar_t const*) const
0014beb0 000002dc W std::__cxx11::collate<wchar_t>::do_transform(wchar_t const*, wchar_t const*) const
0014c18c 000000d4 W std::__convert_from_v(int* const&, char*, int, char const*, ...)
0014c260 000012e4 W std::istreambuf_iterator<wchar_t, std::char_traits<wchar_t> > std::__cxx11::money_get<wchar_t, std::istreambuf_iterator<wchar_t, std::char_traits<wchar_t> > >::_M_extract<true>(std::istreambuf_iterator<wchar_t, std::char_traits<wchar_t> >, std::istreambuf_iterator<wchar_t, std::char_traits<wchar_t> >, std::ios_base&, std::_Ios_Iostate&, std::__cxx11::basic_string<char, std::char_traits<char>, std::allocator<char> >&) const
0014d544 000012e4 W std::istreambuf_iterator<wchar_t, std::char_traits<wchar_t> > std::__cxx11::money_get<wchar_t, std::istreambuf_iterator<wchar_t, std::char_traits<wchar_t> > >::_M_extract<false>(std::istreambuf_iterator<wchar_t, std::char_traits<wchar_t> >, std::istreambuf_iterator<wchar_t, std::char_traits<wchar_t> >, std::ios_base&, std::_Ios_Iostate&, std::__cxx11::basic_string<char, std::char_traits<char>, std::allocator<char> >&) const
0014d6f3 N 
0014d6f3 N 
0014d6f3 N 
0014d6f3 N 
0014d6f3 N 
0014d6f3 N 
0014d6f3 N 
0014d6f3 N 
0014d6f3 N 
0014d6f3 N 
0014d6f3 N 
0014d6f3 N 
0014d6f3 N 
0014d6f3 N 
0014d6f3 N 
0014d6f3 N 
0014d6f3 N 
0014d6f3 N 
0014d6f3 N 
0014d6f3 N 
0014d6f3 N 
0014d6f3 N 
0014d6f3 N 
0014d6f3 N 
0014d6f3 N 
0014d6f3 N 
0014d6f3 N 
0014d6f3 N 
0014d6f3 N 
0014d6f3 N 
0014d6f3 N 
0014d6f3 N 
0014d6f3 W Korean2000XOR1FMemoryRule.cpp.8d0e527e
0014e828 000000cc W std::__cxx11::money_get<wchar_t, std::istreambuf_iterator<wchar_t, std::char_traits<wchar_t> > >::do_get(std::istreambuf_iterator<wchar_t, std::char_traits<wchar_t> >, std::istreambuf_iterator<wchar_t, std::char_traits<wchar_t> >, bool, std::ios_base&, std::_Ios_Iostate&, long double&) const
0014e8f4 0000013c W std::__cxx11::money_get<wchar_t, std::istreambuf_iterator<wchar_t, std::char_traits<wchar_t> > >::do_get(std::istreambuf_iterator<wchar_t, std::char_traits<wchar_t> >, std::istreambuf_iterator<wchar_t, std::char_traits<wchar_t> >, bool, std::ios_base&, std::_Ios_Iostate&, std::__cxx11::basic_string<wchar_t, std::char_traits<wchar_t>, std::allocator<wchar_t> >&) const
0014ea30 00000740 W std::ostreambuf_iterator<wchar_t, std::char_traits<wchar_t> > std::__cxx11::money_put<wchar_t, std::ostreambuf_iterator<wchar_t, std::char_traits<wchar_t> > >::_M_insert<true>(std::ostreambuf_iterator<wchar_t, std::char_traits<wchar_t> >, std::ios_base&, wchar_t, std::__cxx11::basic_string<wchar_t, std::char_traits<wchar_t>, std::allocator<wchar_t> > const&) const
0014f170 00000740 W std::ostreambuf_iterator<wchar_t, std::char_traits<wchar_t> > std::__cxx11::money_put<wchar_t, std::ostreambuf_iterator<wchar_t, std::char_traits<wchar_t> > >::_M_insert<false>(std::ostreambuf_iterator<wchar_t, std::char_traits<wchar_t> >, std::ios_base&, wchar_t, std::__cxx11::basic_string<wchar_t, std::char_traits<wchar_t>, std::allocator<wchar_t> > const&) const
0014f8b0 00000188 W std::__cxx11::money_put<wchar_t, std::ostreambuf_iterator<wchar_t, std::char_traits<wchar_t> > >::do_put(std::ostreambuf_iterator<wchar_t, std::char_traits<wchar_t> >, bool, std::ios_base&, wchar_t, long double) const
0014fa38 00000054 W std::__cxx11::money_put<wchar_t, std::ostreambuf_iterator<wchar_t, std::char_traits<wchar_t> > >::do_put(std::ostreambuf_iterator<wchar_t, std::char_traits<wchar_t> >, bool, std::ios_base&, wchar_t, std::__cxx11::basic_string<wchar_t, std::char_traits<wchar_t>, std::allocator<wchar_t> > const&) const
0014fa8c 0000026c W std::__cxx11::time_get<wchar_t, std::istreambuf_iterator<wchar_t, std::char_traits<wchar_t> > >::_M_extract_num(std::istreambuf_iterator<wchar_t, std::char_traits<wchar_t> >, std::istreambuf_iterator<wchar_t, std::char_traits<wchar_t> >, int&, int, int, unsigned int, std::ios_base&, std::_Ios_Iostate&) const
0014fcf8 00000680 W std::__cxx11::time_get<wchar_t, std::istreambuf_iterator<wchar_t, std::char_traits<wchar_t> > >::do_get_year(std::istreambuf_iterator<wchar_t, std::char_traits<wchar_t> >, std::istreambuf_iterator<wchar_t, std::char_traits<wchar_t> >, std::ios_base&, std::_Ios_Iostate&, tm*) const
00150378 00000dac W std::__cxx11::time_get<wchar_t, std::istreambuf_iterator<wchar_t, std::char_traits<wchar_t> > >::_M_extract_name(std::istreambuf_iterator<wchar_t, std::char_traits<wchar_t> >, std::istreambuf_iterator<wchar_t, std::char_traits<wchar_t> >, int&, wchar_t const**, unsigned int, std::ios_base&, std::_Ios_Iostate&) const
00151124 00000698 W std::__cxx11::time_get<wchar_t, std::istreambuf_iterator<wchar_t, std::char_traits<wchar_t> > >::_M_extract_wday_or_month(std::istreambuf_iterator<wchar_t, std::char_traits<wchar_t> >, std::istreambuf_iterator<wchar_t, std::char_traits<wchar_t> >, int&, wchar_t const**, unsigned int, std::ios_base&, std::_Ios_Iostate&) const
001517bc 00000258 W std::__cxx11::time_get<wchar_t, std::istreambuf_iterator<wchar_t, std::char_traits<wchar_t> > >::do_get_weekday(std::istreambuf_iterator<wchar_t, std::char_traits<wchar_t> >, std::istreambuf_iterator<wchar_t, std::char_traits<wchar_t> >, std::ios_base&, std::_Ios_Iostate&, tm*) const
00151a14 000002d0 W std::__cxx11::time_get<wchar_t, std::istreambuf_iterator<wchar_t, std::char_traits<wchar_t> > >::do_get_monthname(std::istreambuf_iterator<wchar_t, std::char_traits<wchar_t> >, std::istreambuf_iterator<wchar_t, std::char_traits<wchar_t> >, std::ios_base&, std::_Ios_Iostate&, tm*) const
00151ce4 00001f6c W std::__cxx11::time_get<wchar_t, std::istreambuf_iterator<wchar_t, std::char_traits<wchar_t> > >::_M_extract_via_format(std::istreambuf_iterator<wchar_t, std::char_traits<wchar_t> >, std::istreambuf_iterator<wchar_t, std::char_traits<wchar_t> >, std::ios_base&, std::_Ios_Iostate&, tm*, wchar_t const*, std::__time_get_state&) const
00151ce4 00001f6c t std::__cxx11::time_get<wchar_t, std::istreambuf_iterator<wchar_t, std::char_traits<wchar_t> > >::_M_extract_via_format(std::istreambuf_iterator<wchar_t, std::char_traits<wchar_t> >, std::istreambuf_iterator<wchar_t, std::char_traits<wchar_t> >, std::ios_base&, std::_Ios_Iostate&, tm*, wchar_t const*, std::__time_get_state&) const [clone .localalias]
00153c50 000001d0 W std::__cxx11::time_get<wchar_t, std::istreambuf_iterator<wchar_t, std::char_traits<wchar_t> > >::do_get_time(std::istreambuf_iterator<wchar_t, std::char_traits<wchar_t> >, std::istreambuf_iterator<wchar_t, std::char_traits<wchar_t> >, std::ios_base&, std::_Ios_Iostate&, tm*) const
00153e20 000001d0 W std::__cxx11::time_get<wchar_t, std::istreambuf_iterator<wchar_t, std::char_traits<wchar_t> > >::do_get_date(std::istreambuf_iterator<wchar_t, std::char_traits<wchar_t> >, std::istreambuf_iterator<wchar_t, std::char_traits<wchar_t> >, std::ios_base&, std::_Ios_Iostate&, tm*) const
00153ff0 000001d0 W std::__cxx11::time_get<wchar_t, std::istreambuf_iterator<wchar_t, std::char_traits<wchar_t> > >::do_get(std::istreambuf_iterator<wchar_t, std::char_traits<wchar_t> >, std::istreambuf_iterator<wchar_t, std::char_traits<wchar_t> >, std::ios_base&, std::_Ios_Iostate&, tm*, char, char) const
001541c0 0000003c W std::__cxx11::messages<wchar_t>::messages(unsigned int)
001541c0 0000003c W std::__cxx11::messages<wchar_t>::messages(unsigned int)
001541fc 000000a4 t _GLOBAL__sub_I__ZNSt12ctype_bynameIwEC2ERKNSt7__cxx1112basic_stringIcSt11char_traitsIcESaIcEEEj
001542a0 00000040 W std::basic_filebuf<char, std::char_traits<char> >::sync()
001542e0 00000058 W std::basic_filebuf<char, std::char_traits<char> >::setbuf(char*, int)
00154338 00000094 W std::basic_filebuf<char, std::char_traits<char> >::showmanyc()
001543cc 00000158 W std::basic_filebuf<char, std::char_traits<char> >::pbackfail(int)
00154524 000004c0 W std::basic_filebuf<char, std::char_traits<char> >::underflow()
001549e4 00000134 W std::basic_filebuf<char, std::char_traits<char> >::xsputn(char const*, int)
00154b18 00000210 W std::basic_filebuf<char, std::char_traits<char> >::xsgetn(char*, int)
00154d28 000000d4 W std::basic_filebuf<char, std::char_traits<char> >::basic_filebuf()
00154d28 000000d4 W std::basic_filebuf<char, std::char_traits<char> >::basic_filebuf()
00154dfc 00000048 W std::basic_filebuf<char, std::char_traits<char> >::_M_allocate_internal_buffer()
00154e44 00000070 W std::basic_filebuf<char, std::char_traits<char> >::_M_destroy_internal_buffer()
00154eb4 0000016c W std::basic_filebuf<char, std::char_traits<char> >::_M_convert_to_external(char*, int)
00155020 00000080 W std::basic_filebuf<char, std::char_traits<char> >::_M_get_ext_pos(_mbstate_t&)
001550a0 00000110 W std::basic_filebuf<char, std::char_traits<char> >::_M_terminate_output()
001551b0 000000c0 W std::basic_filebuf<char, std::char_traits<char> >::_M_seek(long long, std::_Ios_Seekdir, _mbstate_t)
00155270 00000224 W std::basic_filebuf<char, std::char_traits<char> >::overflow(int)
00155494 00000234 W std::basic_filebuf<char, std::char_traits<char> >::seekoff(long long, std::_Ios_Seekdir, std::_Ios_Openmode)
001556c8 000000b4 W std::basic_filebuf<char, std::char_traits<char> >::seekpos(std::fpos<_mbstate_t>, std::_Ios_Openmode)
0015577c 00000210 W std::basic_filebuf<char, std::char_traits<char> >::imbue(std::locale const&)
0015598c 00000064 W std::basic_filebuf<char, std::char_traits<char> >::close()::__close_sentry::~__close_sentry()
0015598c 00000064 W std::basic_filebuf<char, std::char_traits<char> >::close()::__close_sentry::~__close_sentry()
001559f0 000000c0 W std::basic_filebuf<char, std::char_traits<char> >::close()
00155ab0 00000048 W std::basic_filebuf<char, std::char_traits<char> >::~basic_filebuf()
00155ab0 00000048 W std::basic_filebuf<char, std::char_traits<char> >::~basic_filebuf()
00155af8 000000e4 W std::basic_filebuf<char, std::char_traits<char> >::open(char const*, std::_Ios_Openmode)
00155bdc 00000050 W std::basic_filebuf<char, std::char_traits<char> >::~basic_filebuf()
00155c2c 0000007c W std::basic_ofstream<char, std::char_traits<char> >::~basic_ofstream()
00155ca8 0000008c W virtual thunk to std::basic_ofstream<char, std::char_traits<char> >::~basic_ofstream()
00155d34 00000084 W std::basic_ofstream<char, std::char_traits<char> >::~basic_ofstream()
00155db8 00000094 W virtual thunk to std::basic_ofstream<char, std::char_traits<char> >::~basic_ofstream()
00155e4c 00000080 W std::basic_ifstream<char, std::char_traits<char> >::~basic_ifstream()
00155ecc 00000094 W virtual thunk to std::basic_ifstream<char, std::char_traits<char> >::~basic_ifstream()
00155f60 00000088 W std::basic_ifstream<char, std::char_traits<char> >::~basic_ifstream()
00155fe8 0000009c W virtual thunk to std::basic_ifstream<char, std::char_traits<char> >::~basic_ifstream()
00156084 0000002c T std::__throw_bad_cast()
001560b0 00000040 T std::__throw_logic_error(char const*)
001560f0 00000040 T std::__throw_length_error(char const*)
00156130 00000040 T std::__throw_out_of_range(char const*)
00156170 00000010 T std::__throw_out_of_range_fmt(char const*, ...)
00156180 00000040 T std::__throw_runtime_error(char const*)
001561c0 00000008 W std::ctype<char>::do_widen(char) const
001561c8 00000008 W std::ctype<char>::do_narrow(char, char) const
001561d0 00000020 W std::basic_ios<char, std::char_traits<char> >::~basic_ios()
001561d0 00000020 W std::basic_ios<char, std::char_traits<char> >::~basic_ios()
001561f0 00000028 W std::basic_ios<char, std::char_traits<char> >::~basic_ios()
00156218 0000002c W std::basic_ios<char, std::char_traits<char> >::clear(std::_Ios_Iostate)
00156244 0000001c W std::basic_ios<char, std::char_traits<char> >::_M_setstate(std::_Ios_Iostate)
00156260 0000006c W std::basic_ios<char, std::char_traits<char> >::_M_cache_locale(std::locale const&)
001562cc 000000a0 W std::basic_ios<char, std::char_traits<char> >::init(std::basic_streambuf<char, std::char_traits<char> >*)
0015636c 0000006c T std::ios_base::ios_base()
0015636c 0000006c T std::ios_base::ios_base()
001563d8 00000058 T std::ios_base::_M_call_callbacks(std::ios_base::event)
00156430 000000a4 T std::ios_base::~ios_base()
00156430 000000a4 T std::ios_base::~ios_base()
001564d4 0000001c T std::ios_base::~ios_base()
001564f0 00000204 W std::istream::sentry::sentry(std::istream&, bool)
001564f0 00000204 W std::istream::sentry::sentry(std::istream&, bool)
001566f4 000000f0 W std::istream::read(char*, int)
001567e8 000000f8 W std::istream::tellg()
001568e0 00000120 W std::istream::seekg(long long, std::_Ios_Seekdir)
00156a00 0000000c W std::moneypunct<char, false>::do_decimal_point() const
00156a0c 0000000c W std::moneypunct<char, false>::do_thousands_sep() const
00156a18 0000000c W std::moneypunct<char, false>::do_frac_digits() const
00156a24 00000014 W std::moneypunct<char, false>::do_pos_format() const
00156a38 00000014 W std::moneypunct<char, false>::do_neg_format() const
00156a4c 0000000c W std::moneypunct<char, true>::do_decimal_point() const
00156a58 0000000c W std::moneypunct<char, true>::do_thousands_sep() const
00156a64 0000000c W std::moneypunct<char, true>::do_frac_digits() const
00156a70 00000014 W std::moneypunct<char, true>::do_pos_format() const
00156a84 00000014 W std::moneypunct<char, true>::do_neg_format() const
00156a98 0000000c W std::numpunct<char>::do_decimal_point() const
00156aa4 0000000c W std::numpunct<char>::do_thousands_sep() const
00156ab0 00000008 W std::time_get<char, std::istreambuf_iterator<char, std::char_traits<char> > >::do_date_order() const
00156ab8 00000008 W std::messages<char>::do_open(std::string const&, std::locale const&) const
00156ac0 00000004 W std::messages<char>::do_close(int) const
00156ac4 00000020 W std::collate<char>::do_hash(char const*, char const*) const
00156ae4 00000020 W std::num_get<char, std::istreambuf_iterator<char, std::char_traits<char> > >::~num_get()
00156ae4 00000020 W std::num_get<char, std::istreambuf_iterator<char, std::char_traits<char> > >::~num_get()
00156b04 00000020 W std::num_put<char, std::ostreambuf_iterator<char, std::char_traits<char> > >::~num_put()
00156b04 00000020 W std::num_put<char, std::ostreambuf_iterator<char, std::char_traits<char> > >::~num_put()
00156b24 00000020 W std::money_get<char, std::istreambuf_iterator<char, std::char_traits<char> > >::~money_get()
00156b24 00000020 W std::money_get<char, std::istreambuf_iterator<char, std::char_traits<char> > >::~money_get()
00156b44 00000020 W std::money_put<char, std::ostreambuf_iterator<char, std::char_traits<char> > >::~money_put()
00156b44 00000020 W std::money_put<char, std::ostreambuf_iterator<char, std::char_traits<char> > >::~money_put()
00156b64 00000020 W std::__timepunct_cache<char>::~__timepunct_cache()
00156b64 00000020 W std::__timepunct_cache<char>::~__timepunct_cache()
00156b84 00000020 W std::time_put<char, std::ostreambuf_iterator<char, std::char_traits<char> > >::~time_put()
00156b84 00000020 W std::time_put<char, std::ostreambuf_iterator<char, std::char_traits<char> > >::~time_put()
00156ba4 00000020 W std::time_get<char, std::istreambuf_iterator<char, std::char_traits<char> > >::~time_get()
00156ba4 00000020 W std::time_get<char, std::istreambuf_iterator<char, std::char_traits<char> > >::~time_get()
00156bc4 00000028 W std::num_get<char, std::istreambuf_iterator<char, std::char_traits<char> > >::~num_get()
00156bec 00000028 W std::num_put<char, std::ostreambuf_iterator<char, std::char_traits<char> > >::~num_put()
00156c14 00000028 W std::money_get<char, std::istreambuf_iterator<char, std::char_traits<char> > >::~money_get()
00156c3c 00000028 W std::money_put<char, std::ostreambuf_iterator<char, std::char_traits<char> > >::~money_put()
00156c64 0000001c W std::__timepunct_cache<char>::~__timepunct_cache()
00156c80 00000028 W std::time_put<char, std::ostreambuf_iterator<char, std::char_traits<char> > >::~time_put()
00156ca8 00000028 W std::time_get<char, std::istreambuf_iterator<char, std::char_traits<char> > >::~time_get()
00156cd0 00000024 W std::ctype<char>::do_widen(char const*, char const*, char*) const
00156cf4 00000070 W std::__moneypunct_cache<char, false>::~__moneypunct_cache()
00156cf4 00000070 W std::__moneypunct_cache<char, false>::~__moneypunct_cache()
00156d64 0000001c W std::__moneypunct_cache<char, false>::~__moneypunct_cache()
00156d80 00000070 W std::__moneypunct_cache<char, true>::~__moneypunct_cache()
00156d80 00000070 W std::__moneypunct_cache<char, true>::~__moneypunct_cache()
00156df0 0000001c W std::__moneypunct_cache<char, true>::~__moneypunct_cache()
00156e0c 00000060 W std::__numpunct_cache<char>::~__numpunct_cache()
00156e0c 00000060 W std::__numpunct_cache<char>::~__numpunct_cache()
00156e6c 0000001c W std::__numpunct_cache<char>::~__numpunct_cache()
00156e88 00000028 W std::messages<char>::~messages()
00156e88 00000028 W std::messages<char>::~messages()
00156eb0 0000001c W std::messages<char>::~messages()
00156ecc 00000028 W std::collate<char>::~collate()
00156ecc 00000028 W std::collate<char>::~collate()
00156ef4 00000060 W std::__timepunct<char>::~__timepunct()
00156ef4 00000060 W std::__timepunct<char>::~__timepunct()
00156f54 0000001c W std::__timepunct<char>::~__timepunct()
00156f70 00000028 t std::basic_streambuf<char, std::char_traits<char> >::sbumpc() [clone .isra.0]
00156f98 0000004c t std::ctype<char>::widen(char) const [clone .part.0]
00156fe4 0000009c t std::ctype<char>::widen(char const*, char const*, char*) const [clone .isra.0]
00157080 000000b8 t char* std::string::_S_construct<char const*>(char const*, char const*, std::allocator<char> const&, std::forward_iterator_tag) [clone .isra.0]
00157138 00000058 t std::basic_string<char, std::char_traits<char>, std::allocator<char> >::~basic_string() [clone .isra.0]
00157190 00000030 W std::collate<char>::~collate()
001571c0 00000160 W std::time_put<char, std::ostreambuf_iterator<char, std::char_traits<char> > >::do_put(std::ostreambuf_iterator<char, std::char_traits<char> >, std::ios_base&, char, tm const*, char, char) const
00157320 000000cc W std::moneypunct<char, false>::do_grouping() const
001573ec 000000cc W std::moneypunct<char, false>::do_curr_symbol() const
001574b8 000000cc W std::moneypunct<char, false>::do_positive_sign() const
00157584 000000cc W std::moneypunct<char, false>::do_negative_sign() const
00157650 000000cc W std::moneypunct<char, true>::do_grouping() const
0015771c 000000cc W std::moneypunct<char, true>::do_curr_symbol() const
001577e8 000000cc W std::moneypunct<char, true>::do_positive_sign() const
001578b4 000000cc W std::moneypunct<char, true>::do_negative_sign() const
00157980 000000cc W std::numpunct<char>::do_grouping() const
00157a4c 000000cc W std::numpunct<char>::do_truename() const
00157b18 000000cc W std::numpunct<char>::do_falsename() const
00157be4 00000168 W std::collate<char>::do_compare(char const*, char const*, char const*, char const*) const
00157d4c 000002c4 W std::collate<char>::do_transform(char const*, char const*) const
00158010 00000068 W std::ctype<char>::narrow(char, char) const
00158078 00000738 W std::__moneypunct_cache<char, false>::_M_cache(std::locale const&)
001587b0 00000738 W std::__moneypunct_cache<char, true>::_M_cache(std::locale const&)
00158ee8 0000058c W std::__numpunct_cache<char>::_M_cache(std::locale const&)
00159474 000000b4 t std::__use_cache<std::__numpunct_cache<char> >::operator()(std::locale const&) const [clone .isra.0]
00159528 0000004c W std::__timepunct<char>::__timepunct(std::__timepunct_cache<char>*, unsigned int)
00159528 0000004c W std::__timepunct<char>::__timepunct(std::__timepunct_cache<char>*, unsigned int)
00159574 000002b4 W std::time_get<char, std::istreambuf_iterator<char, std::char_traits<char> > >::_M_extract_num(std::istreambuf_iterator<char, std::char_traits<char> >, std::istreambuf_iterator<char, std::char_traits<char> >, int&, int, int, unsigned int, std::ios_base&, std::_Ios_Iostate&) const
00159828 0000003c W std::messages<char>::messages(unsigned int)
00159828 0000003c W std::messages<char>::messages(unsigned int)
00159864 00000178 W char* std::__add_grouping<char>(char*, char, char const*, unsigned int, char const*, char const*)
001599dc 000000ac W std::num_put<char, std::ostreambuf_iterator<char, std::char_traits<char> > >::_M_group_float(char const*, unsigned int, char, char const*, char*, char*, int&) const
00159a88 00000050 W std::num_put<char, std::ostreambuf_iterator<char, std::char_traits<char> > >::_M_group_int(char const*, unsigned int, char, std::ios_base&, char*, char*, int&) const
00159ad8 0000055c W std::ostreambuf_iterator<char, std::char_traits<char> > std::money_put<char, std::ostreambuf_iterator<char, std::char_traits<char> > >::_M_insert<true>(std::ostreambuf_iterator<char, std::char_traits<char> >, std::ios_base&, char, std::string const&) const
0015a034 0000055c W std::ostreambuf_iterator<char, std::char_traits<char> > std::money_put<char, std::ostreambuf_iterator<char, std::char_traits<char> > >::_M_insert<false>(std::ostreambuf_iterator<char, std::char_traits<char> >, std::ios_base&, char, std::string const&) const
0015a590 0000023c W std::money_put<char, std::ostreambuf_iterator<char, std::char_traits<char> > >::do_put(std::ostreambuf_iterator<char, std::char_traits<char> >, bool, std::ios_base&, char, long double) const
0015a7cc 00000054 W std::money_put<char, std::ostreambuf_iterator<char, std::char_traits<char> > >::do_put(std::ostreambuf_iterator<char, std::char_traits<char> >, bool, std::ios_base&, char, std::string const&) const
0015a820 00000308 W std::__pad<char, std::char_traits<char> >::_S_pad(std::ios_base&, char, char*, char const*, int, int)
0015ab28 00000034 W std::num_put<char, std::ostreambuf_iterator<char, std::char_traits<char> > >::_M_pad(char, int, std::ios_base&, char*, char const*, int&) const
0015ab5c 000003ec W std::ostreambuf_iterator<char, std::char_traits<char> > std::num_put<char, std::ostreambuf_iterator<char, std::char_traits<char> > >::_M_insert_float<double>(std::ostreambuf_iterator<char, std::char_traits<char> >, std::ios_base&, char, char, double) const
0015af48 0000003c W std::num_put<char, std::ostreambuf_iterator<char, std::char_traits<char> > >::do_put(std::ostreambuf_iterator<char, std::char_traits<char> >, std::ios_base&, char, double) const
0015af84 000003ec W std::ostreambuf_iterator<char, std::char_traits<char> > std::num_put<char, std::ostreambuf_iterator<char, std::char_traits<char> > >::_M_insert_float<long double>(std::ostreambuf_iterator<char, std::char_traits<char> >, std::ios_base&, char, char, long double) const
0015b370 0000003c W std::num_put<char, std::ostreambuf_iterator<char, std::char_traits<char> > >::do_put(std::ostreambuf_iterator<char, std::char_traits<char> >, std::ios_base&, char, long double) const
0015b3ac 000000ac W int std::__int_to_char<char, unsigned long>(char*, unsigned long, char const*, std::_Ios_Fmtflags, bool)
0015b458 00000240 W std::ostreambuf_iterator<char, std::char_traits<char> > std::num_put<char, std::ostreambuf_iterator<char, std::char_traits<char> > >::_M_insert_int<long>(std::ostreambuf_iterator<char, std::char_traits<char> >, std::ios_base&, char, long) const
0015b698 0000003c W std::num_put<char, std::ostreambuf_iterator<char, std::char_traits<char> > >::do_put(std::ostreambuf_iterator<char, std::char_traits<char> >, std::ios_base&, char, long) const
0015b6d4 000001b0 W std::num_put<char, std::ostreambuf_iterator<char, std::char_traits<char> > >::do_put(std::ostreambuf_iterator<char, std::char_traits<char> >, std::ios_base&, char, bool) const
0015b884 000001dc W std::ostreambuf_iterator<char, std::char_traits<char> > std::num_put<char, std::ostreambuf_iterator<char, std::char_traits<char> > >::_M_insert_int<unsigned long>(std::ostreambuf_iterator<char, std::char_traits<char> >, std::ios_base&, char, unsigned long) const
0015ba60 0000003c W std::num_put<char, std::ostreambuf_iterator<char, std::char_traits<char> > >::do_put(std::ostreambuf_iterator<char, std::char_traits<char> >, std::ios_base&, char, unsigned long) const
0015ba9c 0000006c W std::num_put<char, std::ostreambuf_iterator<char, std::char_traits<char> > >::do_put(std::ostreambuf_iterator<char, std::char_traits<char> >, std::ios_base&, char, void const*) const
0015bb08 00000114 W int std::__int_to_char<char, unsigned long long>(char*, unsigned long long, char const*, std::_Ios_Fmtflags, bool)
0015bc1c 00000260 W std::ostreambuf_iterator<char, std::char_traits<char> > std::num_put<char, std::ostreambuf_iterator<char, std::char_traits<char> > >::_M_insert_int<long long>(std::ostreambuf_iterator<char, std::char_traits<char> >, std::ios_base&, char, long long) const
0015be7c 0000003c W std::num_put<char, std::ostreambuf_iterator<char, std::char_traits<char> > >::do_put(std::ostreambuf_iterator<char, std::char_traits<char> >, std::ios_base&, char, long long) const
0015beb8 000001fc W std::ostreambuf_iterator<char, std::char_traits<char> > std::num_put<char, std::ostreambuf_iterator<char, std::char_traits<char> > >::_M_insert_int<unsigned long long>(std::ostreambuf_iterator<char, std::char_traits<char> >, std::ios_base&, char, unsigned long long) const
0015c0b4 0000003c W std::num_put<char, std::ostreambuf_iterator<char, std::char_traits<char> > >::do_put(std::ostreambuf_iterator<char, std::char_traits<char> >, std::ios_base&, char, unsigned long long) const
0015c0f0 00000100 W std::istreambuf_iterator<char, std::char_traits<char> >::equal(std::istreambuf_iterator<char, std::char_traits<char> > const&) const
0015c1f0 00000068 W std::istreambuf_iterator<char, std::char_traits<char> >::_M_get() const
0015c258 00000c54 W std::num_get<char, std::istreambuf_iterator<char, std::char_traits<char> > >::_M_extract_float(std::istreambuf_iterator<char, std::char_traits<char> >, std::istreambuf_iterator<char, std::char_traits<char> >, std::ios_base&, std::_Ios_Iostate&, std::string&) const
0015ceac 000001c8 W std::num_get<char, std::istreambuf_iterator<char, std::char_traits<char> > >::do_get(std::istreambuf_iterator<char, std::char_traits<char> >, std::istreambuf_iterator<char, std::char_traits<char> >, std::ios_base&, std::_Ios_Iostate&, float&) const
0015d074 000001c8 W std::num_get<char, std::istreambuf_iterator<char, std::char_traits<char> > >::do_get(std::istreambuf_iterator<char, std::char_traits<char> >, std::istreambuf_iterator<char, std::char_traits<char> >, std::ios_base&, std::_Ios_Iostate&, double&) const
0015d23c 000001c8 W std::num_get<char, std::istreambuf_iterator<char, std::char_traits<char> > >::do_get(std::istreambuf_iterator<char, std::char_traits<char> >, std::istreambuf_iterator<char, std::char_traits<char> >, std::ios_base&, std::_Ios_Iostate&, long double&) const
0015d404 00000968 W std::istreambuf_iterator<char, std::char_traits<char> > std::num_get<char, std::istreambuf_iterator<char, std::char_traits<char> > >::_M_extract_int<long>(std::istreambuf_iterator<char, std::char_traits<char> >, std::istreambuf_iterator<char, std::char_traits<char> >, std::ios_base&, std::_Ios_Iostate&, long&) const
0015dd6c 00000510 W std::num_get<char, std::istreambuf_iterator<char, std::char_traits<char> > >::do_get(std::istreambuf_iterator<char, std::char_traits<char> >, std::istreambuf_iterator<char, std::char_traits<char> >, std::ios_base&, std::_Ios_Iostate&, bool&) const
0015dde4 N 
0015dde4 N 
0015dde4 N 
0015dde4 N 
0015dde4 N 
0015dde4 N 
0015dde4 N 
0015dde4 N 
0015dde4 N 
0015dde4 N 
0015dde4 N 
0015dde4 N 
0015dde4 N 
0015dde4 N 
0015dde4 N 
0015dde4 N 
0015dde4 N 
0015dde4 N 
0015dde4 N 
0015dde4 N 
0015dde4 N 
0015dde4 N 
0015dde4 N 
0015dde4 N 
0015dde4 N 
0015dde4 N 
0015dde4 N 
0015dde4 N 
0015dde4 N 
0015dde4 N 
0015dde4 N 
0015dde4 N 
0015dde4 W KoreanBFFCMemoryRule.cpp.7a6d786c
0015e27c 00000048 W std::num_get<char, std::istreambuf_iterator<char, std::char_traits<char> > >::do_get(std::istreambuf_iterator<char, std::char_traits<char> >, std::istreambuf_iterator<char, std::char_traits<char> >, std::ios_base&, std::_Ios_Iostate&, long&) const
0015e2c4 00000a88 W std::istreambuf_iterator<char, std::char_traits<char> > std::num_get<char, std::istreambuf_iterator<char, std::char_traits<char> > >::_M_extract_int<unsigned short>(std::istreambuf_iterator<char, std::char_traits<char> >, std::istreambuf_iterator<char, std::char_traits<char> >, std::ios_base&, std::_Ios_Iostate&, unsigned short&) const
0015ed4c 00000048 W std::num_get<char, std::istreambuf_iterator<char, std::char_traits<char> > >::do_get(std::istreambuf_iterator<char, std::char_traits<char> >, std::istreambuf_iterator<char, std::char_traits<char> >, std::ios_base&, std::_Ios_Iostate&, unsigned short&) const
0015ed94 00000a80 W std::istreambuf_iterator<char, std::char_traits<char> > std::num_get<char, std::istreambuf_iterator<char, std::char_traits<char> > >::_M_extract_int<unsigned int>(std::istreambuf_iterator<char, std::char_traits<char> >, std::istreambuf_iterator<char, std::char_traits<char> >, std::ios_base&, std::_Ios_Iostate&, unsigned int&) const
0015f814 00000048 W std::num_get<char, std::istreambuf_iterator<char, std::char_traits<char> > >::do_get(std::istreambuf_iterator<char, std::char_traits<char> >, std::istreambuf_iterator<char, std::char_traits<char> >, std::ios_base&, std::_Ios_Iostate&, unsigned int&) const
0015f85c 00000a80 W std::istreambuf_iterator<char, std::char_traits<char> > std::num_get<char, std::istreambuf_iterator<char, std::char_traits<char> > >::_M_extract_int<unsigned long>(std::istreambuf_iterator<char, std::char_traits<char> >, std::istreambuf_iterator<char, std::char_traits<char> >, std::ios_base&, std::_Ios_Iostate&, unsigned long&) const
001602dc 00000048 W std::num_get<char, std::istreambuf_iterator<char, std::char_traits<char> > >::do_get(std::istreambuf_iterator<char, std::char_traits<char> >, std::istreambuf_iterator<char, std::char_traits<char> >, std::ios_base&, std::_Ios_Iostate&, unsigned long&) const
00160324 0000007c W std::num_get<char, std::istreambuf_iterator<char, std::char_traits<char> > >::do_get(std::istreambuf_iterator<char, std::char_traits<char> >, std::istreambuf_iterator<char, std::char_traits<char> >, std::ios_base&, std::_Ios_Iostate&, void*&) const
001603a0 000009f8 W std::istreambuf_iterator<char, std::char_traits<char> > std::num_get<char, std::istreambuf_iterator<char, std::char_traits<char> > >::_M_extract_int<long long>(std::istreambuf_iterator<char, std::char_traits<char> >, std::istreambuf_iterator<char, std::char_traits<char> >, std::ios_base&, std::_Ios_Iostate&, long long&) const
00160d98 00000048 W std::num_get<char, std::istreambuf_iterator<char, std::char_traits<char> > >::do_get(std::istreambuf_iterator<char, std::char_traits<char> >, std::istreambuf_iterator<char, std::char_traits<char> >, std::ios_base&, std::_Ios_Iostate&, long long&) const
00160de0 00000a54 W std::istreambuf_iterator<char, std::char_traits<char> > std::num_get<char, std::istreambuf_iterator<char, std::char_traits<char> > >::_M_extract_int<unsigned long long>(std::istreambuf_iterator<char, std::char_traits<char> >, std::istreambuf_iterator<char, std::char_traits<char> >, std::ios_base&, std::_Ios_Iostate&, unsigned long long&) const
00161834 00000048 W std::num_get<char, std::istreambuf_iterator<char, std::char_traits<char> > >::do_get(std::istreambuf_iterator<char, std::char_traits<char> >, std::istreambuf_iterator<char, std::char_traits<char> >, std::ios_base&, std::_Ios_Iostate&, unsigned long long&) const
0016187c 000002c8 W std::time_get<char, std::istreambuf_iterator<char, std::char_traits<char> > >::do_get_year(std::istreambuf_iterator<char, std::char_traits<char> >, std::istreambuf_iterator<char, std::char_traits<char> >, std::ios_base&, std::_Ios_Iostate&, tm*) const
00161b44 00000a5c W std::time_get<char, std::istreambuf_iterator<char, std::char_traits<char> > >::_M_extract_name(std::istreambuf_iterator<char, std::char_traits<char> >, std::istreambuf_iterator<char, std::char_traits<char> >, int&, char const**, unsigned int, std::ios_base&, std::_Ios_Iostate&) const
001625a0 0000043c W std::time_get<char, std::istreambuf_iterator<char, std::char_traits<char> > >::_M_extract_wday_or_month(std::istreambuf_iterator<char, std::char_traits<char> >, std::istreambuf_iterator<char, std::char_traits<char> >, int&, char const**, unsigned int, std::ios_base&, std::_Ios_Iostate&) const
001629dc 00000244 W std::time_get<char, std::istreambuf_iterator<char, std::char_traits<char> > >::do_get_weekday(std::istreambuf_iterator<char, std::char_traits<char> >, std::istreambuf_iterator<char, std::char_traits<char> >, std::ios_base&, std::_Ios_Iostate&, tm*) const
00162c20 000002b4 W std::time_get<char, std::istreambuf_iterator<char, std::char_traits<char> > >::do_get_monthname(std::istreambuf_iterator<char, std::char_traits<char> >, std::istreambuf_iterator<char, std::char_traits<char> >, std::ios_base&, std::_Ios_Iostate&, tm*) const
00162ed4 000013ac W std::time_get<char, std::istreambuf_iterator<char, std::char_traits<char> > >::_M_extract_via_format(std::istreambuf_iterator<char, std::char_traits<char> >, std::istreambuf_iterator<char, std::char_traits<char> >, std::ios_base&, std::_Ios_Iostate&, tm*, char const*, std::__time_get_state&) const
00162ed4 000013ac t std::time_get<char, std::istreambuf_iterator<char, std::char_traits<char> > >::_M_extract_via_format(std::istreambuf_iterator<char, std::char_traits<char> >, std::istreambuf_iterator<char, std::char_traits<char> >, std::ios_base&, std::_Ios_Iostate&, tm*, char const*, std::__time_get_state&) const [clone .localalias]
00164280 000001b8 W std::time_get<char, std::istreambuf_iterator<char, std::char_traits<char> > >::do_get_time(std::istreambuf_iterator<char, std::char_traits<char> >, std::istreambuf_iterator<char, std::char_traits<char> >, std::ios_base&, std::_Ios_Iostate&, tm*) const
00164438 000001b8 W std::time_get<char, std::istreambuf_iterator<char, std::char_traits<char> > >::do_get_date(std::istreambuf_iterator<char, std::char_traits<char> >, std::istreambuf_iterator<char, std::char_traits<char> >, std::ios_base&, std::_Ios_Iostate&, tm*) const
001645f0 00000e94 W std::istreambuf_iterator<char, std::char_traits<char> > std::money_get<char, std::istreambuf_iterator<char, std::char_traits<char> > >::_M_extract<true>(std::istreambuf_iterator<char, std::char_traits<char> >, std::istreambuf_iterator<char, std::char_traits<char> >, std::ios_base&, std::_Ios_Iostate&, std::string&) const
00165484 00000e94 W std::istreambuf_iterator<char, std::char_traits<char> > std::money_get<char, std::istreambuf_iterator<char, std::char_traits<char> > >::_M_extract<false>(std::istreambuf_iterator<char, std::char_traits<char> >, std::istreambuf_iterator<char, std::char_traits<char> >, std::ios_base&, std::_Ios_Iostate&, std::string&) const
00166318 000000fc W std::money_get<char, std::istreambuf_iterator<char, std::char_traits<char> > >::do_get(std::istreambuf_iterator<char, std::char_traits<char> >, std::istreambuf_iterator<char, std::char_traits<char> >, bool, std::ios_base&, std::_Ios_Iostate&, long double&) const
00166414 000001f8 W std::money_get<char, std::istreambuf_iterator<char, std::char_traits<char> > >::do_get(std::istreambuf_iterator<char, std::char_traits<char> >, std::istreambuf_iterator<char, std::char_traits<char> >, bool, std::ios_base&, std::_Ios_Iostate&, std::string&) const
0016660c 000000f4 t _GLOBAL__sub_I__ZNSt12ctype_bynameIcEC2ERKSsj
00166700 0000002c W __gnu_cxx::__throw_concurrence_lock_error()
00166730 00000b80 T std::locale::_Impl::_Impl(unsigned int)
00166730 00000b80 T std::locale::_Impl::_Impl(unsigned int)
001672b0 00000054 T std::locale::_S_initialize_once()
00167308 00000148 T std::locale::locale()
00167308 00000148 T std::locale::locale()
00167450 000000e4 W std::ostream::sentry::~sentry()
00167450 000000e4 W std::ostream::sentry::~sentry()
00167534 000001b8 W std::ostream::flush()
001676ec 000000b0 W std::ostream::sentry::sentry(std::ostream&)
001676ec 000000b0 W std::ostream::sentry::sentry(std::ostream&)
0016779c 000001b0 W std::ostream::write(char const*, int)
0016794c 000001c0 W std::system_error::system_error(std::error_code, char const*)
0016794c 000001c0 W std::system_error::system_error(std::error_code, char const*)
00167b0c 00000004 W std::basic_streambuf<char, std::char_traits<char> >::imbue(std::locale const&)
00167b10 00000004 W std::basic_streambuf<char, std::char_traits<char> >::setbuf(char*, int)
00167b18 00000020 W std::basic_streambuf<char, std::char_traits<char> >::seekoff(long long, std::_Ios_Seekdir, std::_Ios_Openmode)
00167b38 00000028 W std::basic_streambuf<char, std::char_traits<char> >::seekpos(std::fpos<_mbstate_t>, std::_Ios_Openmode)
00167b60 00000008 W std::basic_streambuf<char, std::char_traits<char> >::sync()
00167b68 00000008 W std::basic_streambuf<char, std::char_traits<char> >::showmanyc()
00167b70 00000008 W std::basic_streambuf<char, std::char_traits<char> >::underflow()
00167b78 00000008 W std::basic_streambuf<char, std::char_traits<char> >::pbackfail(int)
00167b80 00000008 W std::basic_streambuf<char, std::char_traits<char> >::overflow(int)
00167b88 00000020 W std::basic_streambuf<char, std::char_traits<char> >::~basic_streambuf()
00167b88 00000020 W std::basic_streambuf<char, std::char_traits<char> >::~basic_streambuf()
00167ba8 00000028 W std::basic_streambuf<char, std::char_traits<char> >::~basic_streambuf()
00167bd0 000000bc W std::basic_streambuf<char, std::char_traits<char> >::xsputn(char const*, int)
00167c8c 0000004c W std::basic_streambuf<char, std::char_traits<char> >::uflow()
00167cd8 000000f0 W std::basic_streambuf<char, std::char_traits<char> >::xsgetn(char*, int)
00167dc8 00000054 W std::__cxx11::basic_string<char, std::char_traits<char>, std::allocator<char> >::_M_create(unsigned int&, unsigned int)
00167e1c 00000014 W std::__cxx11::basic_string<char, std::char_traits<char>, std::allocator<char> >::_M_dispose()
00167e30 00000094 W std::__cxx11::basic_string<char, std::char_traits<char>, std::allocator<char> >::_M_construct(unsigned int, char)
00167ec4 000000c8 W std::__cxx11::basic_string<char, std::char_traits<char>, std::allocator<char> >::_M_assign(std::__cxx11::basic_string<char, std::char_traits<char>, std::allocator<char> > const&)
00167f8c 00000104 W std::__cxx11::basic_string<char, std::char_traits<char>, std::allocator<char> >::_M_mutate(unsigned int, unsigned int, char const*, unsigned int)
00168090 00000074 W std::__cxx11::basic_string<char, std::char_traits<char>, std::allocator<char> >::_M_erase(unsigned int, unsigned int)
00168104 00000098 W std::__cxx11::basic_string<char, std::char_traits<char>, std::allocator<char> >::reserve(unsigned int)
0016819c 00000110 W std::__cxx11::basic_string<char, std::char_traits<char>, std::allocator<char> >::_M_replace_aux(unsigned int, unsigned int, unsigned int, char)
001682ac 00000044 W std::__cxx11::basic_string<char, std::char_traits<char>, std::allocator<char> >::resize(unsigned int, char)
001682f0 00000140 W std::__cxx11::basic_string<char, std::char_traits<char>, std::allocator<char> >::_M_replace_cold(char*, unsigned int, char const*, unsigned int, unsigned int)
00168430 00000130 W std::__cxx11::basic_string<char, std::char_traits<char>, std::allocator<char> >::_M_replace(unsigned int, unsigned int, char const*, unsigned int)
00168560 00000090 W std::__cxx11::basic_string<char, std::char_traits<char>, std::allocator<char> >::_M_append(char const*, unsigned int)
001685f0 00000088 W std::__cxx11::basic_string<char, std::char_traits<char>, std::allocator<char> >::copy(char*, unsigned int, unsigned int) const
00168678 00000188 W std::__cxx11::basic_string<char, std::char_traits<char>, std::allocator<char> >::swap(std::__cxx11::basic_string<char, std::char_traits<char>, std::allocator<char> >&)
00168800 00000048 W std::__cxx11::basic_string<char, std::char_traits<char>, std::allocator<char> >::rfind(char, unsigned int) const
00168848 00000064 W std::__cxx11::basic_string<char, std::char_traits<char>, std::allocator<char> >::find_last_of(char const*, unsigned int, unsigned int) const
001688ac 0000005c W std::__cxx11::basic_string<char, std::char_traits<char>, std::allocator<char> >::find_first_not_of(char, unsigned int) const
00168908 0000000c t (anonymous namespace)::generic_error_category::name() const
00168914 00000020 t (anonymous namespace)::generic_error_category::equivalent(int, std::error_condition const&) const
00168934 00000004 t (anonymous namespace)::generic_error_category::~generic_error_category()
00168934 00000004 t (anonymous namespace)::generic_error_category::~generic_error_category()
00168938 000000cc t (anonymous namespace)::system_error_category::default_error_condition(int) const
00168a04 0000000c T std::_V2::error_category::default_error_condition(int) const
00168a10 00000020 T std::_V2::error_category::equivalent(std::error_code const&, int) const
00168a30 0000010c t (anonymous namespace)::strerror_string(int)
00168b3c 00000020 t (anonymous namespace)::system_error_category::message[abi:cxx11](int) const
00168b3c 00000020 t (anonymous namespace)::generic_error_category::message[abi:cxx11](int) const
00168b5c 0000001c t (anonymous namespace)::generic_error_category::~generic_error_category()
00168b78 00000020 T std::system_error::~system_error()
00168b78 00000020 T std::system_error::~system_error()
00168b98 00000028 T std::system_error::~system_error()
00168bc0 00000078 T std::_V2::error_category::_M_message[abi:cxx11](int) const
00168c38 00000134 T std::_V2::error_category::equivalent(int, std::error_condition const&) const
00168d6c 000000c0 T std::__throw_system_error(int)
00168e2c 00000004 T std::_V2::error_category::~error_category()
00168e2c 00000004 T std::_V2::error_category::~error_category()
00168e30 0000000c T std::_V2::generic_category()
00168e3c 0000000c W std::moneypunct<wchar_t, false>::do_decimal_point() const
00168e48 0000000c W std::moneypunct<wchar_t, false>::do_thousands_sep() const
00168e54 0000000c W std::moneypunct<wchar_t, false>::do_frac_digits() const
00168e60 00000014 W std::moneypunct<wchar_t, false>::do_pos_format() const
00168e74 00000014 W std::moneypunct<wchar_t, false>::do_neg_format() const
00168e88 0000000c W std::moneypunct<wchar_t, true>::do_decimal_point() const
00168e94 0000000c W std::moneypunct<wchar_t, true>::do_thousands_sep() const
00168ea0 0000000c W std::moneypunct<wchar_t, true>::do_frac_digits() const
00168eac 00000014 W std::moneypunct<wchar_t, true>::do_pos_format() const
00168ec0 00000014 W std::moneypunct<wchar_t, true>::do_neg_format() const
00168ed4 0000000c W std::numpunct<wchar_t>::do_decimal_point() const
00168ee0 0000000c W std::numpunct<wchar_t>::do_thousands_sep() const
00168eec 00000008 W std::time_get<wchar_t, std::istreambuf_iterator<wchar_t, std::char_traits<wchar_t> > >::do_date_order() const
00168ef4 00000008 W std::messages<wchar_t>::do_open(std::string const&, std::locale const&) const
00168efc 00000004 W std::messages<wchar_t>::do_close(int) const
00168f00 00000020 W std::collate<wchar_t>::do_hash(wchar_t const*, wchar_t const*) const
00168f20 00000020 W std::num_get<wchar_t, std::istreambuf_iterator<wchar_t, std::char_traits<wchar_t> > >::~num_get()
00168f20 00000020 W std::num_get<wchar_t, std::istreambuf_iterator<wchar_t, std::char_traits<wchar_t> > >::~num_get()
00168f40 00000020 W std::num_put<wchar_t, std::ostreambuf_iterator<wchar_t, std::char_traits<wchar_t> > >::~num_put()
00168f40 00000020 W std::num_put<wchar_t, std::ostreambuf_iterator<wchar_t, std::char_traits<wchar_t> > >::~num_put()
00168f60 00000020 W std::money_get<wchar_t, std::istreambuf_iterator<wchar_t, std::char_traits<wchar_t> > >::~money_get()
00168f60 00000020 W std::money_get<wchar_t, std::istreambuf_iterator<wchar_t, std::char_traits<wchar_t> > >::~money_get()
00168f80 00000020 W std::money_put<wchar_t, std::ostreambuf_iterator<wchar_t, std::char_traits<wchar_t> > >::~money_put()
00168f80 00000020 W std::money_put<wchar_t, std::ostreambuf_iterator<wchar_t, std::char_traits<wchar_t> > >::~money_put()
00168fa0 00000020 W std::__timepunct_cache<wchar_t>::~__timepunct_cache()
00168fa0 00000020 W std::__timepunct_cache<wchar_t>::~__timepunct_cache()
00168fc0 00000020 W std::time_put<wchar_t, std::ostreambuf_iterator<wchar_t, std::char_traits<wchar_t> > >::~time_put()
00168fc0 00000020 W std::time_put<wchar_t, std::ostreambuf_iterator<wchar_t, std::char_traits<wchar_t> > >::~time_put()
00168fe0 00000020 W std::time_get<wchar_t, std::istreambuf_iterator<wchar_t, std::char_traits<wchar_t> > >::~time_get()
00168fe0 00000020 W std::time_get<wchar_t, std::istreambuf_iterator<wchar_t, std::char_traits<wchar_t> > >::~time_get()
00169000 00000028 W std::num_get<wchar_t, std::istreambuf_iterator<wchar_t, std::char_traits<wchar_t> > >::~num_get()
00169028 00000028 W std::num_put<wchar_t, std::ostreambuf_iterator<wchar_t, std::char_traits<wchar_t> > >::~num_put()
00169050 00000028 W std::money_get<wchar_t, std::istreambuf_iterator<wchar_t, std::char_traits<wchar_t> > >::~money_get()
00169078 00000028 W std::money_put<wchar_t, std::ostreambuf_iterator<wchar_t, std::char_traits<wchar_t> > >::~money_put()
001690a0 0000001c W std::__timepunct_cache<wchar_t>::~__timepunct_cache()
001690bc 00000028 W std::time_put<wchar_t, std::ostreambuf_iterator<wchar_t, std::char_traits<wchar_t> > >::~time_put()
001690e4 00000028 W std::time_get<wchar_t, std::istreambuf_iterator<wchar_t, std::char_traits<wchar_t> > >::~time_get()
0016910c 00000070 W std::__moneypunct_cache<wchar_t, false>::~__moneypunct_cache()
0016910c 00000070 W std::__moneypunct_cache<wchar_t, false>::~__moneypunct_cache()
0016917c 0000001c W std::__moneypunct_cache<wchar_t, false>::~__moneypunct_cache()
00169198 00000070 W std::__moneypunct_cache<wchar_t, true>::~__moneypunct_cache()
00169198 00000070 W std::__moneypunct_cache<wchar_t, true>::~__moneypunct_cache()
00169208 0000001c W std::__moneypunct_cache<wchar_t, true>::~__moneypunct_cache()
00169224 00000060 W std::__numpunct_cache<wchar_t>::~__numpunct_cache()
00169224 00000060 W std::__numpunct_cache<wchar_t>::~__numpunct_cache()
00169284 0000001c W std::__numpunct_cache<wchar_t>::~__numpunct_cache()
001692a0 00000028 W std::messages<wchar_t>::~messages()
001692a0 00000028 W std::messages<wchar_t>::~messages()
001692c8 0000001c W std::messages<wchar_t>::~messages()
001692e4 00000028 W std::collate<wchar_t>::~collate()
001692e4 00000028 W std::collate<wchar_t>::~collate()
0016930c 00000060 W std::__timepunct<wchar_t>::~__timepunct()
0016930c 00000060 W std::__timepunct<wchar_t>::~__timepunct()
0016936c 0000001c W std::__timepunct<wchar_t>::~__timepunct()
00169388 00000028 t std::basic_streambuf<wchar_t, std::char_traits<wchar_t> >::sbumpc() [clone .isra.0]
001693b0 00000058 t std::basic_string<wchar_t, std::char_traits<wchar_t>, std::allocator<wchar_t> >::~basic_string() [clone .isra.0]
00169408 000000c0 t wchar_t* std::basic_string<wchar_t, std::char_traits<wchar_t>, std::allocator<wchar_t> >::_S_construct<wchar_t const*>(wchar_t const*, wchar_t const*, std::allocator<wchar_t> const&, std::forward_iterator_tag) [clone .isra.0]
001694c8 00000058 t std::basic_string<char, std::char_traits<char>, std::allocator<char> >::~basic_string() [clone .isra.0]
00169520 00000030 W std::collate<wchar_t>::~collate()
00169550 000000cc W std::moneypunct<wchar_t, false>::do_grouping() const
0016961c 000000cc W std::moneypunct<wchar_t, true>::do_grouping() const
001696e8 000000cc W std::numpunct<wchar_t>::do_grouping() const
001697b4 00000168 W std::collate<wchar_t>::do_compare(wchar_t const*, wchar_t const*, wchar_t const*, wchar_t const*) const
0016991c 00000130 W std::time_put<wchar_t, std::ostreambuf_iterator<wchar_t, std::char_traits<wchar_t> > >::do_put(std::ostreambuf_iterator<wchar_t, std::char_traits<wchar_t> >, std::ios_base&, wchar_t, tm const*, char, char) const
00169a4c 000000d4 W std::moneypunct<wchar_t, false>::do_curr_symbol() const
00169b20 000000d4 W std::moneypunct<wchar_t, false>::do_positive_sign() const
00169bf4 000000d4 W std::moneypunct<wchar_t, false>::do_negative_sign() const
00169cc8 000000d4 W std::moneypunct<wchar_t, true>::do_curr_symbol() const
00169d9c 000000d4 W std::moneypunct<wchar_t, true>::do_positive_sign() const
00169e70 000000d4 W std::moneypunct<wchar_t, true>::do_negative_sign() const
00169f44 000000d4 W std::numpunct<wchar_t>::do_truename() const
0016a018 000000d4 W std::numpunct<wchar_t>::do_falsename() const
0016a0ec 000002e0 W std::collate<wchar_t>::do_transform(wchar_t const*, wchar_t const*) const
0016a3cc 00000798 W std::__moneypunct_cache<wchar_t, false>::_M_cache(std::locale const&)
0016ab64 00000798 W std::__moneypunct_cache<wchar_t, true>::_M_cache(std::locale const&)
0016b2fc 000004d8 W std::__numpunct_cache<wchar_t>::_M_cache(std::locale const&)
0016b7d4 000000b8 t std::__use_cache<std::__numpunct_cache<wchar_t> >::operator()(std::locale const&) const [clone .isra.0]
0016b88c 0000004c W std::__timepunct<wchar_t>::__timepunct(std::__timepunct_cache<wchar_t>*, unsigned int)
0016b88c 0000004c W std::__timepunct<wchar_t>::__timepunct(std::__timepunct_cache<wchar_t>*, unsigned int)
0016b8d8 0000026c W std::time_get<wchar_t, std::istreambuf_iterator<wchar_t, std::char_traits<wchar_t> > >::_M_extract_num(std::istreambuf_iterator<wchar_t, std::char_traits<wchar_t> >, std::istreambuf_iterator<wchar_t, std::char_traits<wchar_t> >, int&, int, int, unsigned int, std::ios_base&, std::_Ios_Iostate&) const
0016bb44 0000003c W std::messages<wchar_t>::messages(unsigned int)
0016bb44 0000003c W std::messages<wchar_t>::messages(unsigned int)
0016bb80 00000178 W wchar_t* std::__add_grouping<wchar_t>(wchar_t*, wchar_t, char const*, unsigned int, wchar_t const*, wchar_t const*)
0016bcf8 000000b0 W std::num_put<wchar_t, std::ostreambuf_iterator<wchar_t, std::char_traits<wchar_t> > >::_M_group_float(char const*, unsigned int, wchar_t, wchar_t const*, wchar_t*, wchar_t*, int&) const
0016bda8 00000054 W std::num_put<wchar_t, std::ostreambuf_iterator<wchar_t, std::char_traits<wchar_t> > >::_M_group_int(char const*, unsigned int, wchar_t, std::ios_base&, wchar_t*, wchar_t*, int&) const
0016bdfc 00000628 W std::ostreambuf_iterator<wchar_t, std::char_traits<wchar_t> > std::money_put<wchar_t, std::ostreambuf_iterator<wchar_t, std::char_traits<wchar_t> > >::_M_insert<true>(std::ostreambuf_iterator<wchar_t, std::char_traits<wchar_t> >, std::ios_base&, wchar_t, std::basic_string<wchar_t, std::char_traits<wchar_t>, std::allocator<wchar_t> > const&) const
0016c424 000005c4 W std::ostreambuf_iterator<wchar_t, std::char_traits<wchar_t> > std::money_put<wchar_t, std::ostreambuf_iterator<wchar_t, std::char_traits<wchar_t> > >::_M_insert<false>(std::ostreambuf_iterator<wchar_t, std::char_traits<wchar_t> >, std::ios_base&, wchar_t, std::basic_string<wchar_t, std::char_traits<wchar_t>, std::allocator<wchar_t> > const&) const
0016c9e8 000001d0 W std::money_put<wchar_t, std::ostreambuf_iterator<wchar_t, std::char_traits<wchar_t> > >::do_put(std::ostreambuf_iterator<wchar_t, std::char_traits<wchar_t> >, bool, std::ios_base&, wchar_t, long double) const
0016cbb8 00000054 W std::money_put<wchar_t, std::ostreambuf_iterator<wchar_t, std::char_traits<wchar_t> > >::do_put(std::ostreambuf_iterator<wchar_t, std::char_traits<wchar_t> >, bool, std::ios_base&, wchar_t, std::basic_string<wchar_t, std::char_traits<wchar_t>, std::allocator<wchar_t> > const&) const
0016cc0c 00000220 W std::__pad<wchar_t, std::char_traits<wchar_t> >::_S_pad(std::ios_base&, wchar_t, wchar_t*, wchar_t const*, int, int)
0016ce2c 00000034 W std::num_put<wchar_t, std::ostreambuf_iterator<wchar_t, std::char_traits<wchar_t> > >::_M_pad(wchar_t, int, std::ios_base&, wchar_t*, wchar_t const*, int&) const
0016ce60 0000034c W std::ostreambuf_iterator<wchar_t, std::char_traits<wchar_t> > std::num_put<wchar_t, std::ostreambuf_iterator<wchar_t, std::char_traits<wchar_t> > >::_M_insert_float<double>(std::ostreambuf_iterator<wchar_t, std::char_traits<wchar_t> >, std::ios_base&, wchar_t, char, double) const
0016d1ac 0000003c W std::num_put<wchar_t, std::ostreambuf_iterator<wchar_t, std::char_traits<wchar_t> > >::do_put(std::ostreambuf_iterator<wchar_t, std::char_traits<wchar_t> >, std::ios_base&, wchar_t, double) const
0016d1e8 0000034c W std::ostreambuf_iterator<wchar_t, std::char_traits<wchar_t> > std::num_put<wchar_t, std::ostreambuf_iterator<wchar_t, std::char_traits<wchar_t> > >::_M_insert_float<long double>(std::ostreambuf_iterator<wchar_t, std::char_traits<wchar_t> >, std::ios_base&, wchar_t, char, long double) const
0016d534 0000003c W std::num_put<wchar_t, std::ostreambuf_iterator<wchar_t, std::char_traits<wchar_t> > >::do_put(std::ostreambuf_iterator<wchar_t, std::char_traits<wchar_t> >, std::ios_base&, wchar_t, long double) const
0016d570 000000b4 W int std::__int_to_char<wchar_t, unsigned long>(wchar_t*, unsigned long, wchar_t const*, std::_Ios_Fmtflags, bool)
0016d624 00000238 W std::ostreambuf_iterator<wchar_t, std::char_traits<wchar_t> > std::num_put<wchar_t, std::ostreambuf_iterator<wchar_t, std::char_traits<wchar_t> > >::_M_insert_int<long>(std::ostreambuf_iterator<wchar_t, std::char_traits<wchar_t> >, std::ios_base&, wchar_t, long) const
0016d85c 0000003c W std::num_put<wchar_t, std::ostreambuf_iterator<wchar_t, std::char_traits<wchar_t> > >::do_put(std::ostreambuf_iterator<wchar_t, std::char_traits<wchar_t> >, std::ios_base&, wchar_t, long) const
0016d898 000001b8 W std::num_put<wchar_t, std::ostreambuf_iterator<wchar_t, std::char_traits<wchar_t> > >::do_put(std::ostreambuf_iterator<wchar_t, std::char_traits<wchar_t> >, std::ios_base&, wchar_t, bool) const
0016da50 000001d4 W std::ostreambuf_iterator<wchar_t, std::char_traits<wchar_t> > std::num_put<wchar_t, std::ostreambuf_iterator<wchar_t, std::char_traits<wchar_t> > >::_M_insert_int<unsigned long>(std::ostreambuf_iterator<wchar_t, std::char_traits<wchar_t> >, std::ios_base&, wchar_t, unsigned long) const
0016dc24 0000003c W std::num_put<wchar_t, std::ostreambuf_iterator<wchar_t, std::char_traits<wchar_t> > >::do_put(std::ostreambuf_iterator<wchar_t, std::char_traits<wchar_t> >, std::ios_base&, wchar_t, unsigned long) const
0016dc60 0000006c W std::num_put<wchar_t, std::ostreambuf_iterator<wchar_t, std::char_traits<wchar_t> > >::do_put(std::ostreambuf_iterator<wchar_t, std::char_traits<wchar_t> >, std::ios_base&, wchar_t, void const*) const
0016dccc 00000118 W int std::__int_to_char<wchar_t, unsigned long long>(wchar_t*, unsigned long long, wchar_t const*, std::_Ios_Fmtflags, bool)
0016dde4 00000258 W std::ostreambuf_iterator<wchar_t, std::char_traits<wchar_t> > std::num_put<wchar_t, std::ostreambuf_iterator<wchar_t, std::char_traits<wchar_t> > >::_M_insert_int<long long>(std::ostreambuf_iterator<wchar_t, std::char_traits<wchar_t> >, std::ios_base&, wchar_t, long long) const
0016e03c 0000003c W std::num_put<wchar_t, std::ostreambuf_iterator<wchar_t, std::char_traits<wchar_t> > >::do_put(std::ostreambuf_iterator<wchar_t, std::char_traits<wchar_t> >, std::ios_base&, wchar_t, long long) const
0016e078 000001f8 W std::ostreambuf_iterator<wchar_t, std::char_traits<wchar_t> > std::num_put<wchar_t, std::ostreambuf_iterator<wchar_t, std::char_traits<wchar_t> > >::_M_insert_int<unsigned long long>(std::ostreambuf_iterator<wchar_t, std::char_traits<wchar_t> >, std::ios_base&, wchar_t, unsigned long long) const
0016e270 0000003c W std::num_put<wchar_t, std::ostreambuf_iterator<wchar_t, std::char_traits<wchar_t> > >::do_put(std::ostreambuf_iterator<wchar_t, std::char_traits<wchar_t> >, std::ios_base&, wchar_t, unsigned long long) const
0016e2ac 000000fc W std::istreambuf_iterator<wchar_t, std::char_traits<wchar_t> >::equal(std::istreambuf_iterator<wchar_t, std::char_traits<wchar_t> > const&) const
0016e3a8 0000007c W std::istreambuf_iterator<wchar_t, std::char_traits<wchar_t> >::_M_get() const
0016e424 00000d40 W std::num_get<wchar_t, std::istreambuf_iterator<wchar_t, std::char_traits<wchar_t> > >::_M_extract_float(std::istreambuf_iterator<wchar_t, std::char_traits<wchar_t> >, std::istreambuf_iterator<wchar_t, std::char_traits<wchar_t> >, std::ios_base&, std::_Ios_Iostate&, std::string&) const
0016e4ef N 
0016e4ef N 
0016e4ef N 
0016e4ef N 
0016e4ef N 
0016e4ef N 
0016e4ef N 
0016e4ef N 
0016e4ef N 
0016e4ef N 
0016e4ef N 
0016e4ef N 
0016e4ef N 
0016e4ef N 
0016e4ef N 
0016e4ef N 
0016e4ef N 
0016e4ef N 
0016e4ef N 
0016e4ef N 
0016e4ef N 
0016e4ef N 
0016e4ef N 
0016e4ef N 
0016e4ef N 
0016e4ef N 
0016e4ef N 
0016e4ef N 
0016e4ef N 
0016e4ef N 
0016e4ef N 
0016e4ef W KoreanFFF3FFFCMemoryRule.cpp.ca26515d
0016f164 000001dc W std::num_get<wchar_t, std::istreambuf_iterator<wchar_t, std::char_traits<wchar_t> > >::do_get(std::istreambuf_iterator<wchar_t, std::char_traits<wchar_t> >, std::istreambuf_iterator<wchar_t, std::char_traits<wchar_t> >, std::ios_base&, std::_Ios_Iostate&, float&) const
0016f340 000001dc W std::num_get<wchar_t, std::istreambuf_iterator<wchar_t, std::char_traits<wchar_t> > >::do_get(std::istreambuf_iterator<wchar_t, std::char_traits<wchar_t> >, std::istreambuf_iterator<wchar_t, std::char_traits<wchar_t> >, std::ios_base&, std::_Ios_Iostate&, double&) const
0016f51c 000001dc W std::num_get<wchar_t, std::istreambuf_iterator<wchar_t, std::char_traits<wchar_t> > >::do_get(std::istreambuf_iterator<wchar_t, std::char_traits<wchar_t> >, std::istreambuf_iterator<wchar_t, std::char_traits<wchar_t> >, std::ios_base&, std::_Ios_Iostate&, long double&) const
0016f6f8 0000099c W std::istreambuf_iterator<wchar_t, std::char_traits<wchar_t> > std::num_get<wchar_t, std::istreambuf_iterator<wchar_t, std::char_traits<wchar_t> > >::_M_extract_int<long>(std::istreambuf_iterator<wchar_t, std::char_traits<wchar_t> >, std::istreambuf_iterator<wchar_t, std::char_traits<wchar_t> >, std::ios_base&, std::_Ios_Iostate&, long&) const
00170094 00000514 W std::num_get<wchar_t, std::istreambuf_iterator<wchar_t, std::char_traits<wchar_t> > >::do_get(std::istreambuf_iterator<wchar_t, std::char_traits<wchar_t> >, std::istreambuf_iterator<wchar_t, std::char_traits<wchar_t> >, std::ios_base&, std::_Ios_Iostate&, bool&) const
001705a8 00000048 W std::num_get<wchar_t, std::istreambuf_iterator<wchar_t, std::char_traits<wchar_t> > >::do_get(std::istreambuf_iterator<wchar_t, std::char_traits<wchar_t> >, std::istreambuf_iterator<wchar_t, std::char_traits<wchar_t> >, std::ios_base&, std::_Ios_Iostate&, long&) const
001705f0 00000a64 W std::istreambuf_iterator<wchar_t, std::char_traits<wchar_t> > std::num_get<wchar_t, std::istreambuf_iterator<wchar_t, std::char_traits<wchar_t> > >::_M_extract_int<unsigned short>(std::istreambuf_iterator<wchar_t, std::char_traits<wchar_t> >, std::istreambuf_iterator<wchar_t, std::char_traits<wchar_t> >, std::ios_base&, std::_Ios_Iostate&, unsigned short&) const
00171054 00000048 W std::num_get<wchar_t, std::istreambuf_iterator<wchar_t, std::char_traits<wchar_t> > >::do_get(std::istreambuf_iterator<wchar_t, std::char_traits<wchar_t> >, std::istreambuf_iterator<wchar_t, std::char_traits<wchar_t> >, std::ios_base&, std::_Ios_Iostate&, unsigned short&) const
0017109c 00000a08 W std::istreambuf_iterator<wchar_t, std::char_traits<wchar_t> > std::num_get<wchar_t, std::istreambuf_iterator<wchar_t, std::char_traits<wchar_t> > >::_M_extract_int<unsigned int>(std::istreambuf_iterator<wchar_t, std::char_traits<wchar_t> >, std::istreambuf_iterator<wchar_t, std::char_traits<wchar_t> >, std::ios_base&, std::_Ios_Iostate&, unsigned int&) const
00171aa4 00000048 W std::num_get<wchar_t, std::istreambuf_iterator<wchar_t, std::char_traits<wchar_t> > >::do_get(std::istreambuf_iterator<wchar_t, std::char_traits<wchar_t> >, std::istreambuf_iterator<wchar_t, std::char_traits<wchar_t> >, std::ios_base&, std::_Ios_Iostate&, unsigned int&) const
00171aec 00000a08 W std::istreambuf_iterator<wchar_t, std::char_traits<wchar_t> > std::num_get<wchar_t, std::istreambuf_iterator<wchar_t, std::char_traits<wchar_t> > >::_M_extract_int<unsigned long>(std::istreambuf_iterator<wchar_t, std::char_traits<wchar_t> >, std::istreambuf_iterator<wchar_t, std::char_traits<wchar_t> >, std::ios_base&, std::_Ios_Iostate&, unsigned long&) const
001724f4 00000048 W std::num_get<wchar_t, std::istreambuf_iterator<wchar_t, std::char_traits<wchar_t> > >::do_get(std::istreambuf_iterator<wchar_t, std::char_traits<wchar_t> >, std::istreambuf_iterator<wchar_t, std::char_traits<wchar_t> >, std::ios_base&, std::_Ios_Iostate&, unsigned long&) const
0017253c 0000007c W std::num_get<wchar_t, std::istreambuf_iterator<wchar_t, std::char_traits<wchar_t> > >::do_get(std::istreambuf_iterator<wchar_t, std::char_traits<wchar_t> >, std::istreambuf_iterator<wchar_t, std::char_traits<wchar_t> >, std::ios_base&, std::_Ios_Iostate&, void*&) const
001725b8 00000a34 W std::istreambuf_iterator<wchar_t, std::char_traits<wchar_t> > std::num_get<wchar_t, std::istreambuf_iterator<wchar_t, std::char_traits<wchar_t> > >::_M_extract_int<long long>(std::istreambuf_iterator<wchar_t, std::char_traits<wchar_t> >, std::istreambuf_iterator<wchar_t, std::char_traits<wchar_t> >, std::ios_base&, std::_Ios_Iostate&, long long&) const
00172fec 00000048 W std::num_get<wchar_t, std::istreambuf_iterator<wchar_t, std::char_traits<wchar_t> > >::do_get(std::istreambuf_iterator<wchar_t, std::char_traits<wchar_t> >, std::istreambuf_iterator<wchar_t, std::char_traits<wchar_t> >, std::ios_base&, std::_Ios_Iostate&, long long&) const
00173034 00000af0 W std::istreambuf_iterator<wchar_t, std::char_traits<wchar_t> > std::num_get<wchar_t, std::istreambuf_iterator<wchar_t, std::char_traits<wchar_t> > >::_M_extract_int<unsigned long long>(std::istreambuf_iterator<wchar_t, std::char_traits<wchar_t> >, std::istreambuf_iterator<wchar_t, std::char_traits<wchar_t> >, std::ios_base&, std::_Ios_Iostate&, unsigned long long&) const
00173b24 00000048 W std::num_get<wchar_t, std::istreambuf_iterator<wchar_t, std::char_traits<wchar_t> > >::do_get(std::istreambuf_iterator<wchar_t, std::char_traits<wchar_t> >, std::istreambuf_iterator<wchar_t, std::char_traits<wchar_t> >, std::ios_base&, std::_Ios_Iostate&, unsigned long long&) const
00173b6c 000002f4 W std::time_get<wchar_t, std::istreambuf_iterator<wchar_t, std::char_traits<wchar_t> > >::do_get_year(std::istreambuf_iterator<wchar_t, std::char_traits<wchar_t> >, std::istreambuf_iterator<wchar_t, std::char_traits<wchar_t> >, std::ios_base&, std::_Ios_Iostate&, tm*) const
00173e60 00000af0 W std::time_get<wchar_t, std::istreambuf_iterator<wchar_t, std::char_traits<wchar_t> > >::_M_extract_name(std::istreambuf_iterator<wchar_t, std::char_traits<wchar_t> >, std::istreambuf_iterator<wchar_t, std::char_traits<wchar_t> >, int&, wchar_t const**, unsigned int, std::ios_base&, std::_Ios_Iostate&) const
00174950 000005b4 W std::time_get<wchar_t, std::istreambuf_iterator<wchar_t, std::char_traits<wchar_t> > >::_M_extract_wday_or_month(std::istreambuf_iterator<wchar_t, std::char_traits<wchar_t> >, std::istreambuf_iterator<wchar_t, std::char_traits<wchar_t> >, int&, wchar_t const**, unsigned int, std::ios_base&, std::_Ios_Iostate&) const
00174f04 00000258 W std::time_get<wchar_t, std::istreambuf_iterator<wchar_t, std::char_traits<wchar_t> > >::do_get_weekday(std::istreambuf_iterator<wchar_t, std::char_traits<wchar_t> >, std::istreambuf_iterator<wchar_t, std::char_traits<wchar_t> >, std::ios_base&, std::_Ios_Iostate&, tm*) const
0017515c 000002d0 W std::time_get<wchar_t, std::istreambuf_iterator<wchar_t, std::char_traits<wchar_t> > >::do_get_monthname(std::istreambuf_iterator<wchar_t, std::char_traits<wchar_t> >, std::istreambuf_iterator<wchar_t, std::char_traits<wchar_t> >, std::ios_base&, std::_Ios_Iostate&, tm*) const
0017542c 000016e4 W std::time_get<wchar_t, std::istreambuf_iterator<wchar_t, std::char_traits<wchar_t> > >::_M_extract_via_format(std::istreambuf_iterator<wchar_t, std::char_traits<wchar_t> >, std::istreambuf_iterator<wchar_t, std::char_traits<wchar_t> >, std::ios_base&, std::_Ios_Iostate&, tm*, wchar_t const*, std::__time_get_state&) const
0017542c 000016e4 t std::time_get<wchar_t, std::istreambuf_iterator<wchar_t, std::char_traits<wchar_t> > >::_M_extract_via_format(std::istreambuf_iterator<wchar_t, std::char_traits<wchar_t> >, std::istreambuf_iterator<wchar_t, std::char_traits<wchar_t> >, std::ios_base&, std::_Ios_Iostate&, tm*, wchar_t const*, std::__time_get_state&) const [clone .localalias]
00176b10 000001d0 W std::time_get<wchar_t, std::istreambuf_iterator<wchar_t, std::char_traits<wchar_t> > >::do_get_time(std::istreambuf_iterator<wchar_t, std::char_traits<wchar_t> >, std::istreambuf_iterator<wchar_t, std::char_traits<wchar_t> >, std::ios_base&, std::_Ios_Iostate&, tm*) const
00176ce0 000001d0 W std::time_get<wchar_t, std::istreambuf_iterator<wchar_t, std::char_traits<wchar_t> > >::do_get_date(std::istreambuf_iterator<wchar_t, std::char_traits<wchar_t> >, std::istreambuf_iterator<wchar_t, std::char_traits<wchar_t> >, std::ios_base&, std::_Ios_Iostate&, tm*) const
00176eb0 0000103c W std::istreambuf_iterator<wchar_t, std::char_traits<wchar_t> > std::money_get<wchar_t, std::istreambuf_iterator<wchar_t, std::char_traits<wchar_t> > >::_M_extract<true>(std::istreambuf_iterator<wchar_t, std::char_traits<wchar_t> >, std::istreambuf_iterator<wchar_t, std::char_traits<wchar_t> >, std::ios_base&, std::_Ios_Iostate&, std::string&) const
00177eec 0000103c W std::istreambuf_iterator<wchar_t, std::char_traits<wchar_t> > std::money_get<wchar_t, std::istreambuf_iterator<wchar_t, std::char_traits<wchar_t> > >::_M_extract<false>(std::istreambuf_iterator<wchar_t, std::char_traits<wchar_t> >, std::istreambuf_iterator<wchar_t, std::char_traits<wchar_t> >, std::ios_base&, std::_Ios_Iostate&, std::string&) const
00178f28 000000fc W std::money_get<wchar_t, std::istreambuf_iterator<wchar_t, std::char_traits<wchar_t> > >::do_get(std::istreambuf_iterator<wchar_t, std::char_traits<wchar_t> >, std::istreambuf_iterator<wchar_t, std::char_traits<wchar_t> >, bool, std::ios_base&, std::_Ios_Iostate&, long double&) const
00179024 00000190 W std::money_get<wchar_t, std::istreambuf_iterator<wchar_t, std::char_traits<wchar_t> > >::do_get(std::istreambuf_iterator<wchar_t, std::char_traits<wchar_t> >, std::istreambuf_iterator<wchar_t, std::char_traits<wchar_t> >, bool, std::ios_base&, std::_Ios_Iostate&, std::basic_string<wchar_t, std::char_traits<wchar_t>, std::allocator<wchar_t> >&) const
001791b4 000000f4 t _GLOBAL__sub_I__ZNSt12ctype_bynameIwEC2ERKSsj
001792a8 0000005c W std::__cxx11::basic_string<wchar_t, std::char_traits<wchar_t>, std::allocator<wchar_t> >::_M_create(unsigned int&, unsigned int)
00179304 00000014 W std::__cxx11::basic_string<wchar_t, std::char_traits<wchar_t>, std::allocator<wchar_t> >::_M_dispose()
00179318 00000090 W std::__cxx11::basic_string<wchar_t, std::char_traits<wchar_t>, std::allocator<wchar_t> >::_M_construct(unsigned int, wchar_t)
001793a8 00000104 W std::__cxx11::basic_string<wchar_t, std::char_traits<wchar_t>, std::allocator<wchar_t> >::_M_mutate(unsigned int, unsigned int, wchar_t const*, unsigned int)
001794ac 0000009c W std::__cxx11::basic_string<wchar_t, std::char_traits<wchar_t>, std::allocator<wchar_t> >::reserve(unsigned int)
00179548 00000108 W std::__cxx11::basic_string<wchar_t, std::char_traits<wchar_t>, std::allocator<wchar_t> >::_M_replace_aux(unsigned int, unsigned int, unsigned int, wchar_t)
00179650 00000044 W std::__cxx11::basic_string<wchar_t, std::char_traits<wchar_t>, std::allocator<wchar_t> >::resize(unsigned int, wchar_t)
00179694 00000144 W std::__cxx11::basic_string<wchar_t, std::char_traits<wchar_t>, std::allocator<wchar_t> >::_M_replace_cold(wchar_t*, unsigned int, wchar_t const*, unsigned int, unsigned int)
001797d8 00000130 W std::__cxx11::basic_string<wchar_t, std::char_traits<wchar_t>, std::allocator<wchar_t> >::_M_replace(unsigned int, unsigned int, wchar_t const*, unsigned int)
00179908 0000008c W std::__cxx11::basic_string<wchar_t, std::char_traits<wchar_t>, std::allocator<wchar_t> >::_M_append(wchar_t const*, unsigned int)
00179994 00000088 W std::__cxx11::basic_string<wchar_t, std::char_traits<wchar_t>, std::allocator<wchar_t> >::copy(wchar_t*, unsigned int, unsigned int) const
00179a1c 000000a8 W void std::__cxx11::basic_string<wchar_t, std::char_traits<wchar_t>, std::allocator<wchar_t> >::_M_construct<true>(wchar_t const*, unsigned int)
00179ac4 0000000c T std::bad_alloc::what() const
00179ad0 00000020 T std::bad_alloc::~bad_alloc()
00179ad0 00000020 T std::bad_alloc::~bad_alloc()
00179af0 0000002c T std::bad_alloc::~bad_alloc()
00179b1c 0000000c T std::bad_array_new_length::what() const
00179b28 00000020 T std::bad_array_new_length::~bad_array_new_length()
00179b28 00000020 T std::bad_array_new_length::~bad_array_new_length()
00179b48 0000002c T std::bad_array_new_length::~bad_array_new_length()
00179b74 0000000c T std::bad_cast::what() const
00179b80 00000020 T std::bad_cast::~bad_cast()
00179b80 00000020 T std::bad_cast::~bad_cast()
00179ba0 0000002c T std::bad_cast::~bad_cast()
00179bcc 00000014 T __cxxabiv1::__class_type_info::__do_find_public_src(int, void const*, __cxxabiv1::__class_type_info const*, void const*) const
00179be0 00000020 T __cxxabiv1::__class_type_info::~__class_type_info()
00179be0 00000020 T __cxxabiv1::__class_type_info::~__class_type_info()
00179c00 0000002c T __cxxabiv1::__class_type_info::~__class_type_info()
00179c2c 00000084 T __cxxabiv1::__class_type_info::__do_dyncast(int, __cxxabiv1::__class_type_info::__sub_kind, __cxxabiv1::__class_type_info const*, void const*, __cxxabiv1::__class_type_info const*, void const*, __cxxabiv1::__class_type_info::__dyncast_result&) const
00179cb0 00000038 T __cxxabiv1::__class_type_info::__do_upcast(__cxxabiv1::__class_type_info const*, void const*, __cxxabiv1::__class_type_info::__upcast_result&) const
00179ce8 00000090 T __cxxabiv1::__class_type_info::__do_upcast(__cxxabiv1::__class_type_info const*, void**) const
00179d78 0000005c T __cxxabiv1::__class_type_info::__do_catch(std::type_info const*, void**, unsigned int) const
00179dd4 00000004 T operator delete(void*, unsigned int)
00179dd8 00000184 T __dynamic_cast
00179f5c 000000f4 t (anonymous namespace)::pool::free(void*) [clone .constprop.0]
0017a050 000000b8 t (anonymous namespace)::pool::allocate(unsigned int) [clone .constprop.0]
0017a108 00000044 T __cxa_allocate_exception
0017a14c 00000028 T __cxa_free_exception
0017a174 000001a0 t _GLOBAL__sub_I__ZN9__gnu_cxx9__freeresEv
0017a314 00000018 t _GLOBAL__sub_D__ZN9__gnu_cxx9__freeresEv
0017a32c T __cxa_end_cleanup
0017a33c 00000138 T __cxa_type_match
0017a474 000000b4 T __cxa_begin_cleanup
0017a528 000000b0 T __gnu_end_cleanup
0017a5d8 0000002c T __cxa_throw_bad_array_new_length
0017a604 00000070 t __cxxabiv1::__is_gxx_exception_class(char*)
0017a674 0000002c T __cxa_call_terminate
0017a6a0 0000014c T __cxa_call_unexpected
0017a7ec 000000e0 T __cxa_begin_catch
0017a8cc 000000e0 T __cxa_end_catch
0017a9ac 00000018 T std::uncaught_exception()
0017a9c4 00000004 T std::exception::~exception()
0017a9c4 00000004 T std::exception::~exception()
0017a9c8 00000004 T std::bad_exception::~bad_exception()
0017a9c8 00000004 T std::bad_exception::~bad_exception()
0017a9cc 0000000c T transaction clone for std::bad_exception::what() const
0017a9cc 0000000c T std::bad_exception::what() const
0017a9d8 00000020 T std::bad_exception::~bad_exception()
0017a9f8 00000038 t eh_globals_dtor(void*)
0017aa30 00000038 T __cxa_get_globals_fast
0017aa68 00000090 T __cxa_get_globals
0017aaf8 00000030 t _GLOBAL__sub_I__ZN17__eh_globals_init7_S_initE
0017ab28 00000034 t _GLOBAL__sub_D__ZN17__eh_globals_init7_S_initE
0017ab5c 00000150 t read_encoded_value_with_base(unsigned char, unsigned int, unsigned char const*, unsigned int*)
0017acac 00000058 t base_of_encoded_value(unsigned char, _Unwind_Context*)
0017ad04 000000f0 t parse_lsda_header(_Unwind_Context*, unsigned char const*, lsda_header_info*)
0017adf4 0000074c T __gxx_personality_v0
0017b540 00000014 T __cxxabiv1::__terminate(void (*)())
0017b554 00000018 T std::terminate()
0017b56c 0000000c T __cxxabiv1::__unexpected(void (*)())
0017b578 00000018 T std::unexpected()
0017b590 00000014 T std::get_terminate()
0017b5a4 00000014 T std::get_unexpected()
0017b5b8 00000070 t __gxx_exception_cleanup(_Unwind_Reason_Code, _Unwind_Control_Block*)
0017b628 00000080 T __cxa_throw
0017b6a8 000000b0 T __cxa_rethrow
0017b758 0000000c W __gnu_cxx::__concurrence_broadcast_error::what() const
0017b764 0000000c W __gnu_cxx::__concurrence_wait_error::what() const
0017b770 00000038 t (anonymous namespace)::init()
0017b7a8 00000024 t (anonymous namespace)::init_static_cond()
0017b7cc 00000020 W __gnu_cxx::__concurrence_wait_error::~__concurrence_wait_error()
0017b7cc 00000020 W __gnu_cxx::__concurrence_wait_error::~__concurrence_wait_error()
0017b7ec 0000002c W __gnu_cxx::__concurrence_wait_error::~__concurrence_wait_error()
0017b818 00000020 W __gnu_cxx::__concurrence_broadcast_error::~__concurrence_broadcast_error()
0017b818 00000020 W __gnu_cxx::__concurrence_broadcast_error::~__concurrence_broadcast_error()
0017b838 0000002c W __gnu_cxx::__concurrence_broadcast_error::~__concurrence_broadcast_error()
0017b864 0000002c W __gnu_cxx::__throw_concurrence_broadcast_error()
0017b890 00000124 T __cxa_guard_acquire
0017b9b4 0000008c T __cxa_guard_release
0017ba40 00000014 T std::get_new_handler()
0017ba54 0000001c T operator new[](unsigned int, std::nothrow_t const&)
0017ba70 00000020 T __cxxabiv1::__si_class_type_info::~__si_class_type_info()
0017ba70 00000020 T __cxxabiv1::__si_class_type_info::~__si_class_type_info()
0017ba90 0000002c T __cxxabiv1::__si_class_type_info::~__si_class_type_info()
0017babc 0000006c T __cxxabiv1::__si_class_type_info::__do_find_public_src(int, void const*, __cxxabiv1::__class_type_info const*, void const*) const
0017bb28 000000e4 T __cxxabiv1::__si_class_type_info::__do_dyncast(int, __cxxabiv1::__class_type_info::__sub_kind, __cxxabiv1::__class_type_info const*, void const*, __cxxabiv1::__class_type_info const*, void const*, __cxxabiv1::__class_type_info::__dyncast_result&) const
0017bc0c 00000044 T __cxxabiv1::__si_class_type_info::__do_upcast(__cxxabiv1::__class_type_info const*, void const*, __cxxabiv1::__class_type_info::__upcast_result&) const
0017bc50 00000004 T std::type_info::~type_info()
0017bc50 00000004 T std::type_info::~type_info()
0017bc54 00000008 T std::type_info::__is_pointer_p() const
0017bc54 00000008 T std::type_info::__is_function_p() const
0017bc5c 0000004c T std::type_info::__equal(std::type_info const&) const
0017bc5c 0000004c T std::type_info::operator==(std::type_info const&) const
0017bca8 00000020 T __cxxabiv1::__vmi_class_type_info::~__vmi_class_type_info()
0017bca8 00000020 T __cxxabiv1::__vmi_class_type_info::~__vmi_class_type_info()
0017bcc8 0000002c T __cxxabiv1::__vmi_class_type_info::~__vmi_class_type_info()
0017bcf4 000000cc T __cxxabiv1::__vmi_class_type_info::__do_find_public_src(int, void const*, __cxxabiv1::__class_type_info const*, void const*) const
0017bdc0 000006ac T __cxxabiv1::__vmi_class_type_info::__do_dyncast(int, __cxxabiv1::__class_type_info::__sub_kind, __cxxabiv1::__class_type_info const*, void const*, __cxxabiv1::__class_type_info const*, void const*, __cxxabiv1::__class_type_info::__dyncast_result&) const
0017c46c 00000264 t __cxxabiv1::__vmi_class_type_info::__do_upcast(__cxxabiv1::__class_type_info const*, void const*, __cxxabiv1::__class_type_info::__upcast_result&) const [clone .part.0]
0017c6d0 00000038 T __cxxabiv1::__vmi_class_type_info::__do_upcast(__cxxabiv1::__class_type_info const*, void const*, __cxxabiv1::__class_type_info::__upcast_result&) const
0017c708 00000068 t std::(anonymous namespace)::__set_C_locale()
0017c770 000000c4 T void std::__convert_to_v<float>(char const*, float&, std::_Ios_Iostate&, int* const&)
0017c838 000000dc T void std::__convert_to_v<double>(char const*, double&, std::_Ios_Iostate&, int* const&)
0017c918 000000d0 T void std::__convert_to_v<long double>(char const*, long double&, std::_Ios_Iostate&, int* const&)
0017c9e8 00000034 T std::locale::facet::_S_create_c_locale(int*&, char const*, int*)
0017ca1c 0000000c T std::locale::facet::_S_destroy_c_locale(int*&)
0017ca28 0000001c T std::codecvt<char, char, _mbstate_t>::do_in(_mbstate_t&, char const*, char const*, char const*&, char*, char*, char*&) const
0017ca28 0000001c T std::codecvt<char, char, _mbstate_t>::do_out(_mbstate_t&, char const*, char const*, char const*&, char*, char*, char*&) const
0017ca44 00000010 T std::codecvt<char, char, _mbstate_t>::do_unshift(_mbstate_t&, char*, char*, char*&) const
0017ca44 00000010 T std::codecvt<wchar_t, char, _mbstate_t>::do_unshift(_mbstate_t&, char*, char*, char*&) const
0017ca54 00000008 T std::codecvt<char, char, _mbstate_t>::do_encoding() const
0017ca54 00000008 T std::codecvt<char, char, _mbstate_t>::do_max_length() const
0017ca5c 00000008 T std::codecvt<char, char, _mbstate_t>::do_always_noconv() const
0017ca64 00000014 T std::codecvt<char, char, _mbstate_t>::do_length(_mbstate_t&, char const*, char const*, unsigned int) const
0017ca78 00000008 T std::codecvt<wchar_t, char, _mbstate_t>::do_always_noconv() const
0017ca80 00000048 T std::codecvt<char, char, _mbstate_t>::~codecvt()
0017ca80 00000048 T std::codecvt<char, char, _mbstate_t>::~codecvt()
0017cac8 00000048 T std::codecvt<wchar_t, char, _mbstate_t>::~codecvt()
0017cac8 00000048 T std::codecvt<wchar_t, char, _mbstate_t>::~codecvt()
0017cb10 0000005c T std::codecvt<char, char, _mbstate_t>::~codecvt()
0017cb6c 0000005c T std::codecvt<wchar_t, char, _mbstate_t>::~codecvt()
0017cbc8 00000048 T std::codecvt<char, char, _mbstate_t>::codecvt(unsigned int)
0017cbc8 00000048 T std::codecvt<char, char, _mbstate_t>::codecvt(unsigned int)
0017cc10 00000048 T std::codecvt<wchar_t, char, _mbstate_t>::codecvt(unsigned int)
0017cc10 00000048 T std::codecvt<wchar_t, char, _mbstate_t>::codecvt(unsigned int)
0017cc58 0000015c T std::codecvt<wchar_t, char, _mbstate_t>::do_out(_mbstate_t&, wchar_t const*, wchar_t const*, wchar_t const*&, char*, char*, char*&) const
0017cdb4 000000c0 T std::codecvt<wchar_t, char, _mbstate_t>::do_in(_mbstate_t&, char const*, char const*, char const*&, wchar_t*, wchar_t*, wchar_t*&) const
0017ce74 00000028 T std::codecvt<wchar_t, char, _mbstate_t>::do_encoding() const
0017ce9c 0000001c T std::codecvt<wchar_t, char, _mbstate_t>::do_max_length() const
0017ceb8 000000a0 T std::codecvt<wchar_t, char, _mbstate_t>::do_length(_mbstate_t&, char const*, char const*, unsigned int) const
0017cf58 00000020 T std::__cxx11::collate<char>::_M_compare(char const*, char const*) const
0017cf78 00000010 T std::__cxx11::collate<char>::_M_transform(char*, char const*, unsigned int) const
0017cf88 00000020 T std::__cxx11::collate<wchar_t>::_M_compare(wchar_t const*, wchar_t const*) const
0017cfa8 00000010 T std::__cxx11::collate<wchar_t>::_M_transform(wchar_t*, wchar_t const*, unsigned int) const
0017cfb8 00000020 T std::collate<char>::_M_compare(char const*, char const*) const
0017cfd8 00000010 T std::collate<char>::_M_transform(char*, char const*, unsigned int) const
0017cfe8 00000020 T std::collate<wchar_t>::_M_compare(wchar_t const*, wchar_t const*) const
0017d008 00000010 T std::collate<wchar_t>::_M_transform(wchar_t*, wchar_t const*, unsigned int) const
0017d018 00000048 T std::ios_base::_M_init()
0017d060 000000d8 t std::(anonymous namespace)::day_of_the_week(int, int, int)
0017d138 000000e4 T std::__num_base::_S_format_float(std::ios_base const&, char*, char)
0017d21c 000000e0 T std::__verify_grouping_impl(char const*, unsigned int, char const*, unsigned int)
0017d2fc 0000000c T std::__verify_grouping(char const*, unsigned int, std::string const&)
0017d308 000006c8 T std::__time_get_state::_M_finalize_state(tm*)
0017d9d0 000000cc T std::__cxx11::messages<char>::do_get(int, int, int, std::__cxx11::basic_string<char, std::char_traits<char>, std::allocator<char> > const&) const
0017da9c 000000c8 T std::__cxx11::messages<wchar_t>::do_get(int, int, int, std::__cxx11::basic_string<wchar_t, std::char_traits<wchar_t>, std::allocator<wchar_t> > const&) const
0017db64 00000088 T std::messages<char>::do_get(int, int, int, std::string const&) const
0017dbec 00000088 T std::messages<wchar_t>::do_get(int, int, int, std::basic_string<wchar_t, std::char_traits<wchar_t>, std::allocator<wchar_t> > const&) const
0017dc74 00000020 T std::__verify_grouping(char const*, unsigned int, std::__cxx11::basic_string<char, std::char_traits<char>, std::allocator<char> > const&)
0017dc94 00000108 T std::__cxx11::moneypunct<char, true>::_M_initialize_moneypunct(int*, char const*)
0017dd9c 00000108 T std::__cxx11::moneypunct<char, false>::_M_initialize_moneypunct(int*, char const*)
0017dea4 00000048 T std::__cxx11::moneypunct<char, true>::~moneypunct()
0017dea4 00000048 T std::__cxx11::moneypunct<char, true>::~moneypunct()
0017deec 0000005c T std::__cxx11::moneypunct<char, true>::~moneypunct()
0017df48 00000048 T std::__cxx11::moneypunct<char, false>::~moneypunct()
0017df48 00000048 T std::__cxx11::moneypunct<char, false>::~moneypunct()
0017df90 0000005c T std::__cxx11::moneypunct<char, false>::~moneypunct()
0017dfec 00000118 T std::__cxx11::moneypunct<wchar_t, true>::_M_initialize_moneypunct(int*, char const*)
0017e104 00000118 T std::__cxx11::moneypunct<wchar_t, false>::_M_initialize_moneypunct(int*, char const*)
0017e21c 00000048 T std::__cxx11::moneypunct<wchar_t, true>::~moneypunct()
0017e21c 00000048 T std::__cxx11::moneypunct<wchar_t, true>::~moneypunct()
0017e264 0000005c T std::__cxx11::moneypunct<wchar_t, true>::~moneypunct()
0017e2c0 00000048 T std::__cxx11::moneypunct<wchar_t, false>::~moneypunct()
0017e2c0 00000048 T std::__cxx11::moneypunct<wchar_t, false>::~moneypunct()
0017e308 0000005c T std::__cxx11::moneypunct<wchar_t, false>::~moneypunct()
0017e364 00000108 T std::moneypunct<char, true>::_M_initialize_moneypunct(int*, char const*)
0017e46c 00000108 T std::moneypunct<char, false>::_M_initialize_moneypunct(int*, char const*)
0017e574 00000078 T std::moneypunct<char, true>::~moneypunct()
0017e574 00000078 T std::moneypunct<char, true>::~moneypunct()
0017e5ec 00000028 T std::moneypunct<char, true>::~moneypunct()
0017e614 00000078 T std::moneypunct<char, false>::~moneypunct()
0017e614 00000078 T std::moneypunct<char, false>::~moneypunct()
0017e68c 00000028 T std::moneypunct<char, false>::~moneypunct()
0017e6b4 00000118 T std::moneypunct<wchar_t, true>::_M_initialize_moneypunct(int*, char const*)
0017e7cc 00000118 T std::moneypunct<wchar_t, false>::_M_initialize_moneypunct(int*, char const*)
0017e8e4 00000078 T std::moneypunct<wchar_t, true>::~moneypunct()
0017e8e4 00000078 T std::moneypunct<wchar_t, true>::~moneypunct()
0017e95c 00000028 T std::moneypunct<wchar_t, true>::~moneypunct()
0017e984 00000078 T std::moneypunct<wchar_t, false>::~moneypunct()
0017e984 00000078 T std::moneypunct<wchar_t, false>::~moneypunct()
0017e9fc 00000028 T std::moneypunct<wchar_t, false>::~moneypunct()
0017ea24 0000011c T std::__cxx11::numpunct<char>::_M_initialize_numpunct(int*)
0017eb40 00000048 T std::__cxx11::numpunct<char>::~numpunct()
0017eb40 00000048 T std::__cxx11::numpunct<char>::~numpunct()
0017eb88 0000005c T std::__cxx11::numpunct<char>::~numpunct()
0017ebe4 00000104 T std::__cxx11::numpunct<wchar_t>::_M_initialize_numpunct(int*)
0017ec60 N 
0017ec60 N 
0017ec60 N 
0017ec60 N 
0017ec60 N 
0017ec60 N 
0017ec60 N 
0017ec60 N 
0017ec60 N 
0017ec60 N 
0017ec60 N 
0017ec60 N 
0017ec60 N 
0017ec60 N 
0017ec60 N 
0017ec60 N 
0017ec60 N 
0017ec60 N 
0017ec60 N 
0017ec60 N 
0017ec60 N 
0017ec60 N 
0017ec60 N 
0017ec60 N 
0017ec60 N 
0017ec60 N 
0017ec60 N 
0017ec60 N 
0017ec60 N 
0017ec60 N 
0017ec60 N 
0017ec60 W KoreanFFFEMemoryRule.cpp.312808e4
0017ece8 00000048 T std::__cxx11::numpunct<wchar_t>::~numpunct()
0017ece8 00000048 T std::__cxx11::numpunct<wchar_t>::~numpunct()
0017ed30 0000005c T std::__cxx11::numpunct<wchar_t>::~numpunct()
0017ed8c 0000011c T std::numpunct<char>::_M_initialize_numpunct(int*)
0017eea8 00000078 T std::numpunct<char>::~numpunct()
0017eea8 00000078 T std::numpunct<char>::~numpunct()
0017ef20 00000028 T std::numpunct<char>::~numpunct()
0017ef48 00000104 T std::numpunct<wchar_t>::_M_initialize_numpunct(int*)
0017f04c 00000078 T std::numpunct<wchar_t>::~numpunct()
0017f04c 00000078 T std::numpunct<wchar_t>::~numpunct()
0017f0c4 00000028 T std::numpunct<wchar_t>::~numpunct()
0017f0ec 00000008 T std::logic_error::what() const
0017f0ec 00000008 T std::runtime_error::what() const
0017f0f4 00000078 T std::logic_error::~logic_error()
0017f0f4 00000078 T std::logic_error::~logic_error()
0017f16c 00000078 T std::runtime_error::~runtime_error()
0017f16c 00000078 T std::runtime_error::~runtime_error()
0017f1e4 00000080 T std::runtime_error::~runtime_error()
0017f264 00000078 T std::length_error::~length_error()
0017f264 00000078 T std::length_error::~length_error()
0017f2dc 00000078 T std::out_of_range::~out_of_range()
0017f2dc 00000078 T std::out_of_range::~out_of_range()
0017f354 00000080 T std::logic_error::~logic_error()
0017f3d4 00000080 T std::length_error::~length_error()
0017f454 00000080 T std::out_of_range::~out_of_range()
0017f4d4 00000098 T std::__timepunct<char>::_M_put(char*, unsigned int, char const*, tm const*) const
0017f56c 00000304 T std::__timepunct<char>::_M_initialize_timepunct(int*)
0017f870 00000098 T std::__timepunct<wchar_t>::_M_put(wchar_t*, unsigned int, wchar_t const*, tm const*) const
0017f908 00000304 T std::__timepunct<wchar_t>::_M_initialize_timepunct(int*)
0017fc0c 00000010 T std::__codecvt_utf8_base<char32_t>::do_unshift(_mbstate_t&, char*, char*, char*&) const
0017fc0c 00000010 T std::__codecvt_utf8_base<char16_t>::do_unshift(_mbstate_t&, char*, char*, char*&) const
0017fc0c 00000010 T std::__codecvt_utf8_base<wchar_t>::do_unshift(_mbstate_t&, char*, char*, char*&) const
0017fc0c 00000010 T std::__codecvt_utf16_base<char32_t>::do_unshift(_mbstate_t&, char*, char*, char*&) const
0017fc0c 00000010 T std::__codecvt_utf16_base<char16_t>::do_unshift(_mbstate_t&, char*, char*, char*&) const
0017fc0c 00000010 T std::__codecvt_utf16_base<wchar_t>::do_unshift(_mbstate_t&, char*, char*, char*&) const
0017fc0c 00000010 T std::__codecvt_utf8_utf16_base<char32_t>::do_unshift(_mbstate_t&, char*, char*, char*&) const
0017fc0c 00000010 T std::__codecvt_utf8_utf16_base<char16_t>::do_unshift(_mbstate_t&, char*, char*, char*&) const
0017fc0c 00000010 T std::__codecvt_utf8_utf16_base<wchar_t>::do_unshift(_mbstate_t&, char*, char*, char*&) const
0017fc0c 00000010 T std::codecvt<char32_t, char, _mbstate_t>::do_unshift(_mbstate_t&, char*, char*, char*&) const
0017fc0c 00000010 T std::codecvt<char16_t, char, _mbstate_t>::do_unshift(_mbstate_t&, char*, char*, char*&) const
0017fc1c 00000008 T std::__codecvt_utf8_base<char32_t>::do_encoding() const
0017fc1c 00000008 T std::__codecvt_utf8_base<char16_t>::do_encoding() const
0017fc1c 00000008 T std::__codecvt_utf8_base<wchar_t>::do_encoding() const
0017fc1c 00000008 T std::__codecvt_utf16_base<char32_t>::do_encoding() const
0017fc1c 00000008 T std::__codecvt_utf16_base<char16_t>::do_encoding() const
0017fc1c 00000008 T std::__codecvt_utf16_base<wchar_t>::do_encoding() const
0017fc1c 00000008 T std::__codecvt_utf8_utf16_base<char32_t>::do_encoding() const
0017fc1c 00000008 T std::__codecvt_utf8_utf16_base<char16_t>::do_encoding() const
0017fc1c 00000008 T std::__codecvt_utf8_utf16_base<wchar_t>::do_encoding() const
0017fc1c 00000008 T std::codecvt<char32_t, char8_t, _mbstate_t>::do_encoding() const
0017fc1c 00000008 T std::codecvt<char32_t, char, _mbstate_t>::do_encoding() const
0017fc1c 00000008 T std::codecvt<char16_t, char8_t, _mbstate_t>::do_encoding() const
0017fc1c 00000008 T std::codecvt<char16_t, char, _mbstate_t>::do_encoding() const
0017fc24 00000008 T std::__codecvt_utf8_base<char32_t>::do_always_noconv() const
0017fc24 00000008 T std::__codecvt_utf8_base<char16_t>::do_always_noconv() const
0017fc24 00000008 T std::__codecvt_utf8_base<wchar_t>::do_always_noconv() const
0017fc24 00000008 T std::__codecvt_utf16_base<char32_t>::do_always_noconv() const
0017fc24 00000008 T std::__codecvt_utf16_base<char16_t>::do_always_noconv() const
0017fc24 00000008 T std::__codecvt_utf16_base<wchar_t>::do_always_noconv() const
0017fc24 00000008 T std::__codecvt_utf8_utf16_base<char32_t>::do_always_noconv() const
0017fc24 00000008 T std::__codecvt_utf8_utf16_base<char16_t>::do_always_noconv() const
0017fc24 00000008 T std::__codecvt_utf8_utf16_base<wchar_t>::do_always_noconv() const
0017fc24 00000008 T std::codecvt<char32_t, char8_t, _mbstate_t>::do_always_noconv() const
0017fc24 00000008 T std::codecvt<char32_t, char, _mbstate_t>::do_always_noconv() const
0017fc24 00000008 T std::codecvt<char16_t, char8_t, _mbstate_t>::do_always_noconv() const
0017fc24 00000008 T std::codecvt<char16_t, char, _mbstate_t>::do_always_noconv() const
0017fc2c 00000008 T std::codecvt<char32_t, char8_t, _mbstate_t>::do_max_length() const
0017fc2c 00000008 T std::codecvt<char32_t, char, _mbstate_t>::do_max_length() const
0017fc2c 00000008 T std::codecvt<char16_t, char8_t, _mbstate_t>::do_max_length() const
0017fc2c 00000008 T std::codecvt<char16_t, char, _mbstate_t>::do_max_length() const
0017fc34 00000010 T std::codecvt<char32_t, char8_t, _mbstate_t>::do_unshift(_mbstate_t&, char8_t*, char8_t*, char8_t*&) const
0017fc34 00000010 T std::codecvt<char16_t, char8_t, _mbstate_t>::do_unshift(_mbstate_t&, char8_t*, char8_t*, char8_t*&) const
0017fc44 000001c0 t char32_t std::(anonymous namespace)::read_utf8_code_point<char>(std::(anonymous namespace)::range<char const, true>&, unsigned long)
0017fe04 000001c0 t char32_t std::(anonymous namespace)::read_utf8_code_point<char8_t>(std::(anonymous namespace)::range<char8_t const, true>&, unsigned long)
0017ffc4 00000020 T std::codecvt<char16_t, char, _mbstate_t>::~codecvt()
0017ffc4 00000020 T std::codecvt<char16_t, char, _mbstate_t>::~codecvt()
0017ffe4 00000020 T std::codecvt<char32_t, char, _mbstate_t>::~codecvt()
0017ffe4 00000020 T std::codecvt<char32_t, char, _mbstate_t>::~codecvt()
00180004 00000020 T std::codecvt<char16_t, char8_t, _mbstate_t>::~codecvt()
00180004 00000020 T std::codecvt<char16_t, char8_t, _mbstate_t>::~codecvt()
00180024 00000020 T std::codecvt<char32_t, char8_t, _mbstate_t>::~codecvt()
00180024 00000020 T std::codecvt<char32_t, char8_t, _mbstate_t>::~codecvt()
00180044 00000028 T std::codecvt<char16_t, char, _mbstate_t>::~codecvt()
0018006c 00000028 T std::codecvt<char32_t, char, _mbstate_t>::~codecvt()
00180094 00000028 T std::codecvt<char16_t, char8_t, _mbstate_t>::~codecvt()
001800bc 00000028 T std::codecvt<char32_t, char8_t, _mbstate_t>::~codecvt()
001800e4 00000104 t bool std::(anonymous namespace)::write_utf8_code_point<char>(std::(anonymous namespace)::range<char, true>&, char32_t)
001801e8 00000104 t bool std::(anonymous namespace)::write_utf8_code_point<char8_t>(std::(anonymous namespace)::range<char8_t, true>&, char32_t) [clone .part.0]
001802ec 000000c8 t std::codecvt_base::result std::(anonymous namespace)::utf16_out<char16_t, char>(std::(anonymous namespace)::range<char16_t const, true>&, std::(anonymous namespace)::range<char, true>&, unsigned long, std::codecvt_mode, std::(anonymous namespace)::surrogates) [clone .part.0]
001803b4 00000060 T std::codecvt<char16_t, char, _mbstate_t>::do_out(_mbstate_t&, char16_t const*, char16_t const*, char16_t const*&, char*, char*, char*&) const
00180414 00000060 T std::codecvt<char32_t, char8_t, _mbstate_t>::do_length(_mbstate_t&, char8_t const*, char8_t const*, unsigned int) const
00180474 0000008c T std::codecvt<char32_t, char8_t, _mbstate_t>::do_in(_mbstate_t&, char8_t const*, char8_t const*, char8_t const*&, char32_t*, char32_t*, char32_t*&) const
00180500 0000009c T std::codecvt<char16_t, char8_t, _mbstate_t>::do_length(_mbstate_t&, char8_t const*, char8_t const*, unsigned int) const
0018059c 000000e4 T std::codecvt<char16_t, char8_t, _mbstate_t>::do_out(_mbstate_t&, char16_t const*, char16_t const*, char16_t const*&, char8_t*, char8_t*, char8_t*&) const
00180680 00000104 t std::codecvt_base::result std::(anonymous namespace)::utf16_in<char, char16_t>(std::(anonymous namespace)::range<char const, true>&, std::(anonymous namespace)::range<char16_t, true>&, unsigned long, std::codecvt_mode)
00180784 00000060 T std::codecvt<char16_t, char, _mbstate_t>::do_in(_mbstate_t&, char const*, char const*, char const*&, char16_t*, char16_t*, char16_t*&) const
001807e4 000000b4 T std::codecvt<char32_t, char8_t, _mbstate_t>::do_out(_mbstate_t&, char32_t const*, char32_t const*, char32_t const*&, char8_t*, char8_t*, char8_t*&) const
00180898 00000098 T std::codecvt<char32_t, char, _mbstate_t>::do_out(_mbstate_t&, char32_t const*, char32_t const*, char32_t const*&, char*, char*, char*&) const
00180930 000000e0 T std::codecvt<char16_t, char8_t, _mbstate_t>::do_in(_mbstate_t&, char8_t const*, char8_t const*, char8_t const*&, char16_t*, char16_t*, char16_t*&) const
00180a10 00000060 T std::codecvt<char32_t, char, _mbstate_t>::do_length(_mbstate_t&, char const*, char const*, unsigned int) const
00180a70 0000008c T std::codecvt<char32_t, char, _mbstate_t>::do_in(_mbstate_t&, char const*, char const*, char const*&, char32_t*, char32_t*, char32_t*&) const
00180afc 0000009c T std::codecvt<char16_t, char, _mbstate_t>::do_length(_mbstate_t&, char const*, char const*, unsigned int) const
00180b98 000006a4 T std::locale::_Impl::_M_init_extra(std::locale::facet**)
0018123c 000000dc T std::logic_error::logic_error(char const*)
0018123c 000000dc T std::logic_error::logic_error(char const*)
00181318 00000020 T std::length_error::length_error(char const*)
00181318 00000020 T std::length_error::length_error(char const*)
00181338 00000020 T std::out_of_range::out_of_range(char const*)
00181338 00000020 T std::out_of_range::out_of_range(char const*)
00181358 000000dc T std::runtime_error::runtime_error(char const*)
00181358 000000dc T std::runtime_error::runtime_error(char const*)
00181434 000000c4 T std::__cow_string::__cow_string(char const*, unsigned int)
00181434 000000c4 T std::__cow_string::__cow_string(char const*, unsigned int)
001814f8 00000044 T std::ctype<char>::~ctype()
001814f8 00000044 T std::ctype<char>::~ctype()
0018153c 00000034 T std::ctype<wchar_t>::~ctype()
0018153c 00000034 T std::ctype<wchar_t>::~ctype()
00181570 0000003c W std::ctype<char>::do_narrow(char const*, char const*, char, char*) const
001815ac 0000003c T std::ctype<wchar_t>::~ctype()
001815e8 0000004c T std::ctype<char>::~ctype()
00181634 00000094 T std::ctype<char>::_M_widen_init() const
001816c8 00000058 T std::ctype<wchar_t>::ctype(unsigned int)
001816c8 00000058 T std::ctype<wchar_t>::ctype(unsigned int)
00181720 0000001c T std::ctype<char>::do_toupper(char) const
0018173c 00000018 T std::ctype<char>::do_tolower(char) const
00181754 00000080 T std::ctype<char>::ctype(char const*, bool, unsigned int)
00181754 00000080 T std::ctype<char>::ctype(char const*, bool, unsigned int)
001817d4 0000007c T std::ctype<char>::do_toupper(char*, char const*) const
00181850 00000078 T std::ctype<char>::do_tolower(char*, char const*) const
001818c8 00000060 T std::ctype<wchar_t>::do_is(char, wchar_t) const
00181928 000000d4 T std::ctype<wchar_t>::_M_convert_to_wmask(char) const
001819fc 00000008 T std::ctype<wchar_t>::do_toupper(wchar_t) const
00181a04 00000044 T std::ctype<wchar_t>::do_toupper(wchar_t*, wchar_t const*) const
00181a48 00000008 T std::ctype<wchar_t>::do_tolower(wchar_t) const
00181a50 00000044 T std::ctype<wchar_t>::do_tolower(wchar_t*, wchar_t const*) const
00181a94 00000088 T std::ctype<wchar_t>::do_is(wchar_t const*, wchar_t const*, char*) const
00181b1c 000000d8 T std::ctype<wchar_t>::do_scan_is(char, wchar_t const*, wchar_t const*) const
00181bf4 000000d0 T std::ctype<wchar_t>::do_scan_not(char, wchar_t const*, wchar_t const*) const
00181cc4 0000000c T std::ctype<wchar_t>::do_widen(char) const
00181cd0 0000003c T std::ctype<wchar_t>::do_widen(char const*, char const*, wchar_t*) const
00181d0c 00000040 T std::ctype<wchar_t>::do_narrow(wchar_t, char) const
00181d4c 000000b4 T std::ctype<wchar_t>::do_narrow(wchar_t const*, wchar_t const*, char, char*) const
00181e00 000000b0 T std::ctype<wchar_t>::_M_initialize_ctype()
00181eb0 00000004 T std::ios_base::failure[abi:cxx11]::what() const
00181eb4 00000020 T std::ios_base::failure[abi:cxx11]::~failure()
00181eb4 00000020 T std::ios_base::failure[abi:cxx11]::~failure()
00181ed4 00000028 T std::ios_base::failure[abi:cxx11]::~failure()
00181efc 00000020 T std::__iosfail_type_info::~__iosfail_type_info()
00181efc 00000020 T std::__iosfail_type_info::~__iosfail_type_info()
00181f1c 00000028 T std::__iosfail_type_info::~__iosfail_type_info()
00181f44 0000004c T std::__iosfail_type_info::__do_upcast(__cxxabiv1::__class_type_info const*, void**) const
00181f90 00000034 W std::__ios_failure::~__ios_failure()
00181f90 00000034 W std::__ios_failure::~__ios_failure()
00181fc4 0000003c W std::__ios_failure::~__ios_failure()
00182000 00000094 T std::__throw_ios_failure(char const*)
00182094 000000b0 T std::__throw_ios_failure(char const*, int)
00182144 0000000c W std::__cxx11::moneypunct<char, false>::do_decimal_point() const
00182150 0000000c W std::__cxx11::moneypunct<char, false>::do_thousands_sep() const
0018215c 0000000c W std::__cxx11::moneypunct<char, false>::do_frac_digits() const
00182168 00000014 W std::__cxx11::moneypunct<char, false>::do_pos_format() const
0018217c 00000014 W std::__cxx11::moneypunct<char, false>::do_neg_format() const
00182190 0000000c W std::__cxx11::moneypunct<char, true>::do_decimal_point() const
0018219c 0000000c W std::__cxx11::moneypunct<char, true>::do_thousands_sep() const
001821a8 0000000c W std::__cxx11::moneypunct<char, true>::do_frac_digits() const
001821b4 00000014 W std::__cxx11::moneypunct<char, true>::do_pos_format() const
001821c8 00000014 W std::__cxx11::moneypunct<char, true>::do_neg_format() const
001821dc 0000000c W std::__cxx11::numpunct<char>::do_decimal_point() const
001821e8 0000000c W std::__cxx11::numpunct<char>::do_thousands_sep() const
001821f4 00000008 W std::__cxx11::time_get<char, std::istreambuf_iterator<char, std::char_traits<char> > >::do_date_order() const
001821fc 00000008 W std::__cxx11::messages<char>::do_open(std::__cxx11::basic_string<char, std::char_traits<char>, std::allocator<char> > const&, std::locale const&) const
00182204 00000004 W std::__cxx11::messages<char>::do_close(int) const
00182208 00000020 W std::__cxx11::collate<char>::do_hash(char const*, char const*) const
00182228 00000020 W std::__cxx11::money_get<char, std::istreambuf_iterator<char, std::char_traits<char> > >::~money_get()
00182228 00000020 W std::__cxx11::money_get<char, std::istreambuf_iterator<char, std::char_traits<char> > >::~money_get()
00182248 00000028 W std::__cxx11::money_get<char, std::istreambuf_iterator<char, std::char_traits<char> > >::~money_get()
00182270 00000020 W std::__cxx11::money_put<char, std::ostreambuf_iterator<char, std::char_traits<char> > >::~money_put()
00182270 00000020 W std::__cxx11::money_put<char, std::ostreambuf_iterator<char, std::char_traits<char> > >::~money_put()
00182290 00000028 W std::__cxx11::money_put<char, std::ostreambuf_iterator<char, std::char_traits<char> > >::~money_put()
001822b8 00000020 W std::__cxx11::time_get<char, std::istreambuf_iterator<char, std::char_traits<char> > >::~time_get()
001822b8 00000020 W std::__cxx11::time_get<char, std::istreambuf_iterator<char, std::char_traits<char> > >::~time_get()
001822d8 00000028 W std::__cxx11::time_get<char, std::istreambuf_iterator<char, std::char_traits<char> > >::~time_get()
00182300 00000028 W std::__cxx11::messages<char>::~messages()
00182300 00000028 W std::__cxx11::messages<char>::~messages()
00182328 0000001c W std::__cxx11::messages<char>::~messages()
00182344 00000028 W std::__cxx11::collate<char>::~collate()
00182344 00000028 W std::__cxx11::collate<char>::~collate()
0018236c 00000094 t void std::__cxx11::basic_string<char, std::char_traits<char>, std::allocator<char> >::_M_construct<char const*>(char const*, char const*, std::forward_iterator_tag) [clone .isra.0]
00182400 00000030 W std::__cxx11::collate<char>::~collate()
00182430 00000058 W std::__cxx11::moneypunct<char, false>::do_grouping() const
00182488 00000058 W std::__cxx11::moneypunct<char, false>::do_curr_symbol() const
001824e0 00000058 W std::__cxx11::moneypunct<char, false>::do_positive_sign() const
00182538 00000058 W std::__cxx11::moneypunct<char, false>::do_negative_sign() const
00182590 00000058 W std::__cxx11::moneypunct<char, true>::do_grouping() const
001825e8 00000058 W std::__cxx11::moneypunct<char, true>::do_curr_symbol() const
00182640 00000058 W std::__cxx11::moneypunct<char, true>::do_positive_sign() const
00182698 00000058 W std::__cxx11::moneypunct<char, true>::do_negative_sign() const
001826f0 00000058 W std::__cxx11::numpunct<char>::do_grouping() const
00182748 00000058 W std::__cxx11::numpunct<char>::do_truename() const
001827a0 00000058 W std::__cxx11::numpunct<char>::do_falsename() const
001827f8 000000f8 W std::__cxx11::collate<char>::do_compare(char const*, char const*, char const*, char const*) const
001828f0 000002c4 W std::__cxx11::collate<char>::do_transform(char const*, char const*) const
00182bb4 00001414 W std::istreambuf_iterator<char, std::char_traits<char> > std::__cxx11::money_get<char, std::istreambuf_iterator<char, std::char_traits<char> > >::_M_extract<true>(std::istreambuf_iterator<char, std::char_traits<char> >, std::istreambuf_iterator<char, std::char_traits<char> >, std::ios_base&, std::_Ios_Iostate&, std::__cxx11::basic_string<char, std::char_traits<char>, std::allocator<char> >&) const
00183fc8 00001414 W std::istreambuf_iterator<char, std::char_traits<char> > std::__cxx11::money_get<char, std::istreambuf_iterator<char, std::char_traits<char> > >::_M_extract<false>(std::istreambuf_iterator<char, std::char_traits<char> >, std::istreambuf_iterator<char, std::char_traits<char> >, std::ios_base&, std::_Ios_Iostate&, std::__cxx11::basic_string<char, std::char_traits<char>, std::allocator<char> >&) const
001853dc 000000cc W std::__cxx11::money_get<char, std::istreambuf_iterator<char, std::char_traits<char> > >::do_get(std::istreambuf_iterator<char, std::char_traits<char> >, std::istreambuf_iterator<char, std::char_traits<char> >, bool, std::ios_base&, std::_Ios_Iostate&, long double&) const
001854a8 0000018c W std::__cxx11::money_get<char, std::istreambuf_iterator<char, std::char_traits<char> > >::do_get(std::istreambuf_iterator<char, std::char_traits<char> >, std::istreambuf_iterator<char, std::char_traits<char> >, bool, std::ios_base&, std::_Ios_Iostate&, std::__cxx11::basic_string<char, std::char_traits<char>, std::allocator<char> >&) const
00185634 0000074c W std::ostreambuf_iterator<char, std::char_traits<char> > std::__cxx11::money_put<char, std::ostreambuf_iterator<char, std::char_traits<char> > >::_M_insert<true>(std::ostreambuf_iterator<char, std::char_traits<char> >, std::ios_base&, char, std::__cxx11::basic_string<char, std::char_traits<char>, std::allocator<char> > const&) const
00185d80 0000074c W std::ostreambuf_iterator<char, std::char_traits<char> > std::__cxx11::money_put<char, std::ostreambuf_iterator<char, std::char_traits<char> > >::_M_insert<false>(std::ostreambuf_iterator<char, std::char_traits<char> >, std::ios_base&, char, std::__cxx11::basic_string<char, std::char_traits<char>, std::allocator<char> > const&) const
001864cc 000001f0 W std::__cxx11::money_put<char, std::ostreambuf_iterator<char, std::char_traits<char> > >::do_put(std::ostreambuf_iterator<char, std::char_traits<char> >, bool, std::ios_base&, char, long double) const
001866bc 00000054 W std::__cxx11::money_put<char, std::ostreambuf_iterator<char, std::char_traits<char> > >::do_put(std::ostreambuf_iterator<char, std::char_traits<char> >, bool, std::ios_base&, char, std::__cxx11::basic_string<char, std::char_traits<char>, std::allocator<char> > const&) const
00186710 000002b4 W std::__cxx11::time_get<char, std::istreambuf_iterator<char, std::char_traits<char> > >::_M_extract_num(std::istreambuf_iterator<char, std::char_traits<char> >, std::istreambuf_iterator<char, std::char_traits<char> >, int&, int, int, unsigned int, std::ios_base&, std::_Ios_Iostate&) const
001869c4 00000918 W std::__cxx11::time_get<char, std::istreambuf_iterator<char, std::char_traits<char> > >::do_get_year(std::istreambuf_iterator<char, std::char_traits<char> >, std::istreambuf_iterator<char, std::char_traits<char> >, std::ios_base&, std::_Ios_Iostate&, tm*) const
001872dc 00000d90 W std::__cxx11::time_get<char, std::istreambuf_iterator<char, std::char_traits<char> > >::_M_extract_name(std::istreambuf_iterator<char, std::char_traits<char> >, std::istreambuf_iterator<char, std::char_traits<char> >, int&, char const**, unsigned int, std::ios_base&, std::_Ios_Iostate&) const
0018806c 000006bc W std::__cxx11::time_get<char, std::istreambuf_iterator<char, std::char_traits<char> > >::_M_extract_wday_or_month(std::istreambuf_iterator<char, std::char_traits<char> >, std::istreambuf_iterator<char, std::char_traits<char> >, int&, char const**, unsigned int, std::ios_base&, std::_Ios_Iostate&) const
00188728 00000244 W std::__cxx11::time_get<char, std::istreambuf_iterator<char, std::char_traits<char> > >::do_get_weekday(std::istreambuf_iterator<char, std::char_traits<char> >, std::istreambuf_iterator<char, std::char_traits<char> >, std::ios_base&, std::_Ios_Iostate&, tm*) const
0018896c 000002b4 W std::__cxx11::time_get<char, std::istreambuf_iterator<char, std::char_traits<char> > >::do_get_monthname(std::istreambuf_iterator<char, std::char_traits<char> >, std::istreambuf_iterator<char, std::char_traits<char> >, std::ios_base&, std::_Ios_Iostate&, tm*) const
00188c20 0000241c W std::__cxx11::time_get<char, std::istreambuf_iterator<char, std::char_traits<char> > >::_M_extract_via_format(std::istreambuf_iterator<char, std::char_traits<char> >, std::istreambuf_iterator<char, std::char_traits<char> >, std::ios_base&, std::_Ios_Iostate&, tm*, char const*, std::__time_get_state&) const
00188c20 0000241c t std::__cxx11::time_get<char, std::istreambuf_iterator<char, std::char_traits<char> > >::_M_extract_via_format(std::istreambuf_iterator<char, std::char_traits<char> >, std::istreambuf_iterator<char, std::char_traits<char> >, std::ios_base&, std::_Ios_Iostate&, tm*, char const*, std::__time_get_state&) const [clone .localalias]
0018b03c 000001b8 W std::__cxx11::time_get<char, std::istreambuf_iterator<char, std::char_traits<char> > >::do_get_time(std::istreambuf_iterator<char, std::char_traits<char> >, std::istreambuf_iterator<char, std::char_traits<char> >, std::ios_base&, std::_Ios_Iostate&, tm*) const
0018b1f4 000001b8 W std::__cxx11::time_get<char, std::istreambuf_iterator<char, std::char_traits<char> > >::do_get_date(std::istreambuf_iterator<char, std::char_traits<char> >, std::istreambuf_iterator<char, std::char_traits<char> >, std::ios_base&, std::_Ios_Iostate&, tm*) const
0018b3ac 000001f0 W std::__cxx11::time_get<char, std::istreambuf_iterator<char, std::char_traits<char> > >::do_get(std::istreambuf_iterator<char, std::char_traits<char> >, std::istreambuf_iterator<char, std::char_traits<char> >, std::ios_base&, std::_Ios_Iostate&, tm*, char, char) const
0018b59c 0000003c W std::__cxx11::messages<char>::messages(unsigned int)
0018b59c 0000003c W std::__cxx11::messages<char>::messages(unsigned int)
0018b5d8 000000a4 t _GLOBAL__sub_I__ZNSt12ctype_bynameIcEC2ERKNSt7__cxx1112basic_stringIcSt11char_traitsIcESaIcEEEj
0018b67c 00000030 T std::runtime_error::runtime_error(std::__cxx11::basic_string<char, std::char_traits<char>, std::allocator<char> > const&)
0018b67c 00000030 T std::runtime_error::runtime_error(std::__cxx11::basic_string<char, std::char_traits<char>, std::allocator<char> > const&)
0018b6ac 0000000c t (anonymous namespace)::io_error_category::name() const
0018b6b8 00000020 t (anonymous namespace)::io_error_category::~io_error_category()
0018b6b8 00000020 t (anonymous namespace)::io_error_category::~io_error_category()
0018b6d8 00000028 t (anonymous namespace)::io_error_category::~io_error_category()
0018b700 00000084 t (anonymous namespace)::io_error_category::message[abi:cxx11](int) const
0018b784 0000000c T std::iostream_category()
0018b790 00000008 T std::ios_base::failure::what() const
0018b798 00000078 T std::ios_base::failure::~failure()
0018b798 00000078 T std::ios_base::failure::~failure()
0018b810 00000080 T std::ios_base::failure::~failure()
0018b890 000000b4 T std::ios_base::failure::failure(std::string const&)
0018b890 000000b4 T std::ios_base::failure::failure(std::string const&)
0018b944 00000114 T std::__construct_ios_failure(void*, char const*)
0018ba58 000000a0 T std::__destroy_ios_failure(void*)
0018baf8 0000000c T std::__is_ios_failure_handler(__cxxabiv1::__class_type_info const*)
0018bb08 00000264 T sinf
0018bd70 00000258 T log
0018bfc8 000000b0 T sin
0018c078 00000024 t with_errno
0018c09c 00000028 t xflow
0018c0c8 00000010 T __math_uflow
0018c0d8 00000010 T __math_oflow
0018c0e8 00000048 T __math_divzero
0018c130 0000001c T __math_invalid
0018c14c 00000014 T __math_check_uflow
0018c160 00000028 T __math_check_oflow
0018c188 00000310 T __ieee754_rem_pio2
0018c498 00000740 T pow
0018cbd8 000008b8 T __kernel_rem_pio2
0018d490 00000140 T scalbn
0018d5d0 000000c0 T __kernel_sin
0018d690 000000a8 T cos
0018d738 00000024 t with_errnof
0018d75c 0000001c T __math_invalidf
0018d778 00000144 T floor
0018d8c0 0000025c T cosf
0018db20 00000150 T __kernel_cos
0018dc70 00000014 T fabs
0018dc84 0000002c T __aeabi_d2lz
0018dc84 0000002c T __fixdfdi
0018dcb0 00000040 T __aeabi_d2ulz
0018dcb0 00000040 T __fixunsdfdi
0018dcf0 00000130 T __udivmoddi4
0018de20 00000018 t selfrel_offset31
0018de38 00000090 t search_EIT_table
0018dec8 00000040 t __gnu_unwind_get_pr_addr
0018df08 00000110 t get_eit_entry
0018e018 00000088 t restore_non_core_regs
0018e0a0 00000014 t _Unwind_decode_typeinfo_ptr.constprop.0
0018e0b4 00000004 t _Unwind_DebugHook
0018e0b8 00000064 t unwind_phase2
0018e11c 0000013c t unwind_phase2_forced
0018e258 000000a4 T __gnu_Unwind_RaiseException
0018e2fc 00000020 T __gnu_Unwind_ForcedUnwind
0018e31c 00000074 T __gnu_Unwind_Resume
0018e390 00000020 T __gnu_Unwind_Resume_or_Rethrow
0018e3b0 00000004 T _Unwind_Complete
0018e3b4 00000018 T _Unwind_DeleteException
0018e3cc 0000007c T _Unwind_VRS_Get
0018e448 0000002c t _Unwind_GetGR
0018e474 0000007c T _Unwind_VRS_Set
0018e4f0 0000002c t _Unwind_SetGR
0018e51c 000000c0 T __gnu_Unwind_Backtrace
0018e5dc 00000404 t __gnu_unwind_pr_common
0018e9e0 00000008 T __aeabi_unwind_cpp_pr0
0018e9e8 00000008 W __aeabi_unwind_cpp_pr1
0018e9f0 00000008 W __aeabi_unwind_cpp_pr2
0018e9f8 00000454 T _Unwind_VRS_Pop
0018ee4c 00000064 t next_unwind_byte
0018eeb0 0000002c t _Unwind_GetGR.constprop.0
0018eedc 00000004 t unwind_UCB_from_context
0018eee0 0000046c T __gnu_unwind_execute
0018f34c 00000048 T __gnu_unwind_frame
0018f351 N 
0018f351 N 
0018f351 N 
0018f351 N 
0018f351 N 
0018f351 N 
0018f351 N 
0018f351 N 
0018f351 N 
0018f351 N 
0018f351 N 
0018f351 N 
0018f351 N 
0018f351 N 
0018f351 N 
0018f351 N 
0018f351 N 
0018f351 N 
0018f351 N 
0018f351 N 
0018f351 N 
0018f351 N 
0018f351 N 
0018f351 N 
0018f351 N 
0018f351 N 
0018f351 N 
0018f351 N 
0018f351 N 
0018f351 N 
0018f351 N 
0018f351 W KoreanFFFFHiComMemoryRule.cpp.0706ea29
0018f394 00000010 T _Unwind_GetRegionStart
0018f3a4 0000001c T _Unwind_GetLanguageSpecificData
0018f3c0 00000008 T _Unwind_GetDataRelBase
0018f3c8 00000008 T _Unwind_GetTextRelBase
0018f3d0 000000e4 T strncat
0018f4b4 00000028 T fstat
0018f4dc 00000024 T getenv
0018f500 00000078 T sscanf
0018f578 00000128 T memcpy
0018f6a0 00000008 T wmemcpy
0018f6a8 00000008 T towupper
0018f6b0 0000008c T strlen
0018f73c 00000078 T bsearch
0018f7b4 00000140 t iso_year_adjust
0018f8f4 000011d0 t __strftime.isra.0
00190ac4 00000038 T wcsftime
00190afc 00000050 t get_arg
00190b4c 00002b88 T __ssvfscanf_r
001936d4 00000134 T _fopen_r
00193808 00000028 T fopen
00193830 00000060 t sulp
00193890 00001428 T _strtod_l
00194cb8 00000044 T _strtod_r
00194cfc 00000048 T strtod
00194d48 00000110 T strtof
00194e58 0000002c T wcslen
00194e84 00000028 T memalign
00194eac 00000264 t _strtoull_l.isra.0
00195110 00000038 T _strtoull_r
00195148 000000a0 T _wcrtomb_r
001951e8 000000a8 T wcrtomb
00195290 000000f4 t rshift
00195384 000008b4 T __gethex
00195c38 00000044 T towctrans
00195c7c 000000c0 T fileno
00195d3c 000001ec t _strtoul_l.isra.0
00195f28 00000038 T _strtoul_r
00195f60 0000003c T strtoul
00195f9c 000000c4 T _mbrtowc_r
00196060 000000b8 T mbrtowc
00196118 00000140 T strchr
00196258 0000000c T __tz_lock
00196264 0000000c T __tz_unlock
00196270 000000d8 T memcmp
00196348 00000198 T _fgets_r
001964e0 00000030 T fgets
00196510 00000028 T calloc
00196538 00000034 T wcscpy
0019656c 000000f8 T __sccl
00196664 00000334 t validate_structure
00196998 000004d8 T mktime
00196e70 0000016c T _memalign_r
00196fdc 0000007c T btowc
00197058 0000000c T __errno
00197064 0000000c T labs
00197070 00000014 T abort
00197084 00000164 T __smakebuf_r
001971e8 00000090 T __swhatbuf_r
00197278 00000030 T lseek
001972a8 0000047c t _strtoll_l.isra.0
00197724 00000038 T _strtoll_r
0019775c 00000078 T __currentlocale
001977d4 000007c8 T __loadlocale
00197f9c 0000008c T __get_locale_env
00198028 00000358 T _setlocale_r
00198380 00000024 T __locale_mb_cur_max
001983a4 00000028 T setlocale
001983cc 000000e4 T memset
001984b0 00000030 T wmemchr
001984e0 000000d8 T _calloc_r
001985b8 0000022c T __sflush_r
001987e4 000000c4 T _fflush_r
001988a8 00000044 T fflush
001988ec 00000088 T _vsnprintf_r
00198974 00000038 T vsnprintf
001989ac 00000028 T realloc
001989d4 00000258 T __tzcalc_limits
00198c2c 0000082c T _malloc_r
00199458 00000114 T _malloc_trim_r
0019956c 00000314 T _free_r
00199880 00000294 T setvbuf
00199b14 00000050 t get_arg
00199b64 000000e4 T _sungetc_r
00199c48 0000006c T __ssrefill_r
00199cb4 000000b4 T _sfread_r
00199d68 000022c4 T __ssvfiscanf_r
0019c02c 0000001c t stdio_exit_handler
0019c048 0000005c t cleanup_stdio
0019c0a4 00000154 t global_stdio_init.part.0
0019c1f8 00000138 T __sfp
0019c330 0000005c T __sinit
0019c38c 0000000c T __sfp_lock_acquire
0019c398 0000000c T __sfp_lock_release
0019c3a4 00000384 t _strtol_l.part.0
0019c728 0000006c T _strtol_r
0019c794 00000074 T strtol
0019c808 00000084 T __libc_init_array
0019c88c 000000d4 T strncpy
0019c960 0000001c T _fseek_r
0019c97c 000001c8 T _wctype_r
0019cb44 00000020 T wctype
0019cb64 00000010 T _tzset_unlocked
0019cb74 000000c4 T swprintf
0019cc38 00000040 T malloc
0019cc78 00000020 T free
0019cc98 000000e8 T memchr
0019cd80 00000024 T wmemset
0019cda4 00000004 T wcscoll
0019cda8 00000030 T write
0019cdd8 00000058 T iswctype
0019ce30 00000080 T wctob
0019ceb0 0000000c T __gettzinfo
0019cebc 00000040 T mbstowcs
0019cefc 000000dc T _findenv_r
0019cfd8 00000018 T _getenv_r
0019cff0 00000024 T _localeconv_r
0019d014 00000044 T __sread
0019d058 00000008 T __seofread
0019d060 00000068 T __swrite
0019d0c8 00000040 T __sseek
0019d108 00000008 T __sclose
0019d110 00000078 T strxfrm
0019d188 000001a8 T memmove
0019d330 000004f0 T _realloc_r
0019d820 0000000c T __malloc_lock
0019d82c 0000000c T __malloc_unlock
0019d838 00000588 T _fseeko_r
0019ddc0 00000148 T _fclose_r
0019df08 00000020 T fclose
0019df28 00000048 T time
0019df70 00000030 T read
0019dfa0 00000004 W __call_exitprocs
0019dfa4 00000030 T exit
0019dfd4 00000008 T towlower
0019dfdc 000005e0 t get_arg
0019e5c0 0000345c T _svfprintf_r
0019fa37 N 
0019fa37 N 
0019fa37 N 
0019fa37 N 
0019fa37 N 
0019fa37 N 
0019fa37 N 
0019fa37 N 
0019fa37 N 
0019fa37 N 
0019fa37 N 
0019fa37 N 
0019fa37 N 
0019fa37 N 
0019fa37 N 
0019fa37 N 
0019fa37 N 
0019fa37 N 
0019fa37 N 
0019fa37 N 
0019fa37 N 
0019fa37 N 
0019fa37 N 
0019fa37 N 
0019fa37 N 
0019fa37 N 
0019fa37 N 
0019fa37 N 
0019fa37 N 
0019fa37 N 
0019fa37 N 
0019fa37 W KoreanMDFFF0MemoryRule.cpp.6d6bdf39
001a1a1c 000000b8 T __sflags
001a1ad4 00000004 T wcsxfrm
001a1ad8 00000028 T stat
001a1b00 0000002c T __ascii_wctomb
001a1b2c 000000f8 T __utf8_wctomb
001a1c24 00000088 T __sjis_wctomb
001a1cac 000000b4 T __eucjp_wctomb
001a1d60 000000c8 T __jis_wctomb
001a1e28 00000048 T wcslcpy
001a1e70 00000008 T iswlower
001a1e78 0000003c T __libc_fini_array
001a1eb4 0000003c T strnlen
001a1ef0 00000008 T iswblank
001a1ef8 000000d8 T strncmp
001a1fd0 00000004 T strcoll
001a1fd4 000000a0 T __xpg_strerror_r
001a2074 00000648 T _tzset_unlocked_r
001a26bc 00000020 T iswxdigit
001a26dc 00000008 T wmemmove
001a26e4 0000002c T wcscmp
001a2710 00000008 T iswalnum
001a2718 00000070 T __match
001a2788 000002a8 T __hexnan
001a2a30 00000238 T towctrans_l
001a2c68 00000068 T sprintf
001a2cd0 00000010 T __set_ctype
001a2ce0 00000140 t iso_year_adjust
001a2e20 00001118 t __strftime.isra.0
001a3f38 00000038 T strftime
001a3f70 00000038 t lflush
001a3fa8 000001a8 T __srefill_r
001a4150 00000010 T nan
001a4160 0000000c T nanf
001a4170 00000088 T frexp
001a41f8 000000bc T strcat
001a42b4 000001f0 T _wcstoul_l
001a44a4 00000054 T wcstoul
001a44f8 000000dc T stpncpy
001a45d4 0000000c T __env_lock
001a45e0 0000000c T __env_unlock
001a45ec 0000005c T __assert_func
001a4648 00000008 T iswspace
001a4650 00000088 T _Balloc
001a46d8 0000001c T _Bfree
001a46f4 000000f4 T __multadd
001a47e8 0000010c T __s2b
001a48f4 00000080 T __hi0bits
001a4974 000000f0 T __lo0bits
001a4a64 000000a4 T __i2b
001a4b08 00000230 T __multiply
001a4d38 00000130 T __pow5mult
001a4e68 00000138 T __lshift
001a4fa0 00000058 T __mcmp
001a4ff8 00000218 T __mdiff
001a5210 00000068 T __ulp
001a5278 000000d4 T __b2d
001a534c 00000120 T __d2b
001a546c 00000078 T __ratio
001a54e4 0000008c T __copybits
001a5570 0000005c T __any_on
001a55cc 00000014 T iswdigit
001a55e0 0000000c T abs
001a55ec 00000070 T _fwalk_sglue
001a565c 00000044 T strlcpy
001a56a0 00000068 T strcasecmp
001a5708 00000024 T div
001a572c 000005e0 t get_arg
001a5d0c 0000226c T _svfiprintf_r
001a7f78 00000038 T iswalnum_l
001a7fb0 000000b8 T __submore
001a8068 000000a4 T __ssprint_r
001a810c 00000044 T __ascii_mbtowc
001a8150 00000340 T __utf8_mbtowc
001a8490 000000dc T __sjis_mbtowc
001a856c 00000150 T __eucjp_mbtowc
001a86bc 000001d8 T __jis_mbtowc
001a8894 0000003c T fiprintf
001a88d0 00000008 T iswprint
001a88d8 00000008 T iswcntrl
001a88e0 00000094 T strncasecmp
001a8974 00000008 T iswupper
001a897c 0000009c T _raise_r
001a8a18 00000020 T raise
001a8a38 00000410 T _strerror_r
001a8e48 000000b8 T _mbstowcs_r
001a8f00 000000f0 T strcpy
001a8ff0 00000008 T iswalpha
001a8ff8 00000008 T iswgraph
001a9000 00000090 T category
001a9090 000001c0 t quorem
001a9250 00001420 T _dtoa_r
001aa670 00000044 T iswlower_l
001aa6b4 00000020 T iswblank_l
001aa6d8 00000288 t wcvt
001aa960 0000057c t get_arg.isra.0
001aaee0 00003134 T _svfwprintf_r
001ae014 00000044 T iswupper_l
001ae058 00000028 T _wcsrtombs_r
001ae080 00000078 T siscanf
001ae0f8 00000008 T iswpunct
001ae100 00000038 T iswspace_l
001ae138 00000008 T _user_strerror
001ae140 0000012c T __ssputs_r
001ae26c 000000fc T _mbsnrtowcs_r
001ae368 000005e0 t get_arg
001ae948 000022f8 T _vfiprintf_r
001b0177 N 
001b0177 N 
001b0177 N 
001b0177 N 
001b0177 N 
001b0177 N 
001b0177 N 
001b0177 N 
001b0177 N 
001b0177 N 
001b0177 N 
001b0177 N 
001b0177 N 
001b0177 N 
001b0177 N 
001b0177 N 
001b0177 N 
001b0177 N 
001b0177 N 
001b0177 N 
001b0177 N 
001b0177 N 
001b0177 N 
001b0177 N 
001b0177 N 
001b0177 N 
001b0177 N 
001b0177 N 
001b0177 N 
001b0177 N 
001b0177 N 
001b0177 W KoreanMDFFF5MemoryRule.cpp.b8ee2e50
001b0c40 000000b4 t __sbprintf
001b0cf4 0000015c T _wcsnrtombs_l
001b0e50 00000064 T _wcsnrtombs_r
001b0eb4 000000a0 T sniprintf
001b0f54 00000040 T mbrlen
001b0f94 00000018 T iswprint_l
001b0fac 00000024 T iswcntrl_l
001b0fd0 00000024 T iswalpha_l
001b0ff4 00000024 T iswgraph_l
001b1018 00000020 T iswpunct_l
001b1038 00000030 T __sprint_r
001b1068 000000a4 T __sswprint_r
001b110c 00000140 T __swsetup_r
001b124c 000004a4 T __sfvwrite_r
001b16f0 000000a0 T snprintf
001b1790 00000034 T printf
001b17c4 000000e0 T _puts_r
001b18a4 00000020 T puts
001b18c4 0000001c T tolower
001b18e0 000005e0 t get_arg
001b1ec0 00003554 T _vfprintf_r
001b5414 000000b4 t __sbprintf
001b54c8 00000020 T _exit
001b54e8 00000140 T chdir
001b5628 000001c8 T _concatenate_path
001b57f0 00000070 t __dirnext
001b5860 00000114 T opendir
001b5974 00000098 T closedir
001b5a0c 000000f8 T readdir_r
001b5b04 00000048 T readdir
001b5b4c 0000009c T _fstat_r
001b5be8 00000014 T _getpid_r
001b5bfc 0000002c T __getreent
001b5c28 00000030 T _gettimeofday_r
001b5c58 000000a0 T __release_handle
001b5cf8 000000b0 T __alloc_handle
001b5da8 00000058 T __get_handle
001b5e00 00000110 T _close_r
001b5f10 00000008 t null_write
001b5f18 00000018 T setDefaultDevice
001b5f30 00000098 T FindDevice
001b5fc8 00000024 T RemoveDevice
001b5fec 00000088 T AddDevice
001b6074 00000020 T GetDeviceOpTab
001b6094 00000008 T _isatty_r
001b609c 00000014 T _kill_r
001b60b0 00000094 T _lseek_r
001b6144 00000060 T pthread_mutex_lock
001b61a4 00000060 T pthread_mutex_unlock
001b6204 00000018 T pthread_cond_broadcast
001b621c 00000060 T pthread_cond_wait
001b627c 0000009c T pthread_once
001b6318 00000034 T pthread_key_create
001b634c 00000024 T pthread_setspecific
001b6370 00000024 T pthread_getspecific
001b6394 00000024 T pthread_key_delete
001b63b8 000000c0 T _open_r
001b6478 00000094 T _read_r
001b650c 00000078 W _sbrk_r
001b6584 00000080 T _stat_r
001b6604 0000001c T __libc_lock_acquire
001b6620 0000001c T __libc_lock_release
001b663c 0000001c T __libc_lock_acquire_recursive
001b6658 0000001c T __libc_lock_release_recursive
001b6674 00000024 T __libc_cond_broadcast
001b6698 00000024 T __libc_cond_wait
001b66bc 00000024 T __libc_cond_wait_recursive
001b66e0 00000094 T _write_r
001b6774 00000048 T strrchr
001b67bc T _fini
001b7114 00000040 r updateTexture(C3D_Tex&)::swizzle
001b7154 0000004c R vtable for SG1000MemoryRule
001b71a0 0000004c r vtable for CodemastersMemoryRule
001b71ec 0000004c R vtable for SegaMemoryRule
001b7238 0000004c R vtable for RomOnlyMemoryRule
001b7284 0000004c R vtable for KoreanMemoryRule
001b72d0 0000004c R vtable for KoreanMSXSMS8000MemoryRule
001b731c 0000004c R vtable for KoreanSMS32KB2000MemoryRule
001b7368 0000004c R vtable for KoreanMSX32KB2000MemoryRule
001b73b4 0000004c R vtable for Korean2000XOR1FMemoryRule
001b7400 0000004c R vtable for KoreanMSX8KB0300MemoryRule
001b744c 0000004c R vtable for Korean0000XORFFMemoryRule
001b7498 0000004c R vtable for KoreanFFFFHiComMemoryRule
001b74e4 0000004c R vtable for KoreanFFFEMemoryRule
001b7530 0000004c R vtable for KoreanBFFCMemoryRule
001b757c 0000004c R vtable for KoreanFFF3FFFCMemoryRule
001b75c8 0000004c R vtable for KoreanMDFFF5MemoryRule
001b7614 0000004c R vtable for KoreanMDFFF0MemoryRule
001b7660 0000004c R vtable for MSXMemoryRule
001b76ac 0000004c R vtable for JanggunMemoryRule
001b76f8 0000004c R vtable for Multi4PAKAllActionMemoryRule
001b7744 0000004c R vtable for JumboDahjeeMemoryRule
001b7790 0000004c r vtable for Eeprom93C46MemoryRule
001b77dc 0000004c r vtable for BootromMemoryRule
001b7828 0000004c R vtable for IratahackMemoryRule
001b7874 0000000c R _ZL13noise_periods.lto_priv.0
001b7880 000000e4 R _ZL12kVdpHCounter.lto_priv.0
001b7964 00000010 R _ZL7volumes.lto_priv.0
001b7974 00000400 r kCRC32_tab
001b7d74 00000006 r s_min_table_sizes.5
001b7d7c 00000013 r s_length_dezigzag.4
001b7d90 0000001f r s_length_extra.3
001b7db0 0000003e r s_length_base.2
001b7df0 00000020 r s_dist_extra.1
001b7e10 00000040 r s_dist_base.0
001b7e50 00000004 r k2bitTo6bit
001b7e54 00000004 r k2bitTo5bit
001b7e58 00000010 r k4bitTo6bit
001b7e68 00000010 r k4bitTo5bit
001b7e78 00000024 r vtable for SmsIOPorts
001b7e9c 00000024 r vtable for GameGearIOPorts
001b7ec0 00000030 r kSG1000_palette_888_normal
001b7ef0 00000030 r kSG1000_palette_888_sg1000ii
001b7f20 00000030 r kSG1000_palette_888_sms
001b7f50 000015c0 r kGameDatabase
001b9a34 00000084 r IratahackMemoryRule::kFlashSeqs
001b9ab8 00000100 r kOPCodeXYCBTStates
001b9bb8 00000100 r kOPCodeCBTStates
001b9cb8 00000100 r kOPCodeEDTStates
001b9db8 00000100 r kOPCodeXYTStates
001b9eb8 00000100 r kOPCodeTStates
001b9fb8 00000100 r kOPCodeTStatesBranched
001ba0b8 00000100 R _ZL15kZ80ParityTable.lto_priv.0
001ba0b8 00000100 R _ZL15kZ80ParityTable.lto_priv.1
001ba0b8 00000100 R _ZL15kZ80ParityTable.lto_priv.2
001ba1b8 00001000 r kOPCodeDAATable
001bb1cc 000000d2 r lfo_am_table
001bb2a0 000000e0 r eg_inc
001bb380 00000110 r eg_mul
001bb490 00000040 r lfo_pm_table
001bb4d0 00000200 R ksl_tab.lto_priv.0
001bb6d0 00000060 R eg_rate_select.lto_priv.0
001bb730 00000060 R eg_rate_shift.lto_priv.0
001bb7bc 00000010 r mul_tab
001bb7cc 00000040 r sl_tab
001bb80c 00000098 r table
001bb8a4 00000400 r s_crc_table.9
001bbca4 00000008 r s_defaultTint.0
001bbcfc r .LC1
001bbfe8 r .LC11
001bbfe8 r .LC11
001bbfe8 r .LC16
001bbfe8 r .LC16
001bbff4 r .LC12
001bbff4 r .LC12
001bbff4 r .LC17
001bbff4 r .LC17
001bbffc r .LC13
001bbffc r .LC13
001bbffc r .LC18
001bbffc r .LC18
001bcfac r .LC2
001bf924 R render2d_shbin
001bfab0 00000004 r depthFmtSizes
001bfab0 R render2d_shbin_end
001bfab4 00000005 r colorFmtSizes
001bfabc 00000010 r CSWTCH.11
001bfacc 00000038 r CSWTCH.19
001bfd48 00000080 r dotab_stdout
001bfdc8 00000018 r grayScale
001bfde0 00000006 r colorCube
001bfde8 00000030 r colorTable
001bfe18 00000080 r romFS_devoptab
001bfea4 00000011 r dsp_filename.0
001bfed4 00000008 r morton_y.2
001bfedc 00000008 r morton_x.3
001bfee4 00000008 r s_sleepWakeEvents.4
001bfeec 0000000c r serviceNameTable.5
001bfef8 R default_font_bin
001c06f8 R default_font_bin_end
001c06f8 00000030 r error_table
001c0728 00000080 r archive_devoptab
001c07a8 00000012 R typeinfo name for std::locale::facet
001c07bc 00000008 R typeinfo for std::locale::facet
001c07c4 00000027 V typeinfo name for __gnu_cxx::__concurrence_lock_error
001c07ec 0000000c V typeinfo for __gnu_cxx::__concurrence_lock_error
001c07f8 00000029 V typeinfo name for __gnu_cxx::__concurrence_unlock_error
001c0824 0000000c V typeinfo for __gnu_cxx::__concurrence_unlock_error
001c0830 00000014 V vtable for __gnu_cxx::__concurrence_lock_error
001c0844 00000014 V vtable for __gnu_cxx::__concurrence_unlock_error
001c0858 00000002 R std::locale::facet::_S_c_name
001c085c 000001f0 r CSWTCH.14
001c08b3 N 
001c08b3 N 
001c08b3 N 
001c08b3 N 
001c08b3 N 
001c08b3 N 
001c08b3 N 
001c08b3 N 
001c08b3 N 
001c08b3 N 
001c08b3 N 
001c08b3 N 
001c08b3 N 
001c08b3 N 
001c08b3 N 
001c08b3 N 
001c08b3 N 
001c08b3 N 
001c08b3 N 
001c08b3 N 
001c08b3 N 
001c08b3 N 
001c08b3 N 
001c08b3 N 
001c08b3 N 
001c08b3 N 
001c08b3 N 
001c08b3 N 
001c08b3 N 
001c08b3 N 
001c08b3 N 
001c08b3 N 
001c08b3 W KoreanMSX32KB2000MemoryRule.cpp.6aaf7fa1
001c0a78 00000020 r typeinfo for std::__facet_shims::(anonymous namespace)::numpunct_shim<char>
001c0a98 00000035 r typeinfo name for std::__facet_shims::(anonymous namespace)::numpunct_shim<char>
001c0ad0 00000020 r typeinfo for std::__facet_shims::(anonymous namespace)::collate_shim<char>
001c0af0 00000034 r typeinfo name for std::__facet_shims::(anonymous namespace)::collate_shim<char>
001c0b24 00000020 r typeinfo for std::__facet_shims::(anonymous namespace)::moneypunct_shim<char, true>
001c0b44 0000003b r typeinfo name for std::__facet_shims::(anonymous namespace)::moneypunct_shim<char, true>
001c0b80 00000020 r typeinfo for std::__facet_shims::(anonymous namespace)::moneypunct_shim<char, false>
001c0ba0 0000003b r typeinfo name for std::__facet_shims::(anonymous namespace)::moneypunct_shim<char, false>
001c0bdc 00000020 r typeinfo for std::__facet_shims::(anonymous namespace)::money_get_shim<char>
001c0bfc 00000036 r typeinfo name for std::__facet_shims::(anonymous namespace)::money_get_shim<char>
001c0c34 00000020 r typeinfo for std::__facet_shims::(anonymous namespace)::money_put_shim<char>
001c0c54 00000036 r typeinfo name for std::__facet_shims::(anonymous namespace)::money_put_shim<char>
001c0c8c 00000020 r typeinfo for std::__facet_shims::(anonymous namespace)::messages_shim<char>
001c0cac 00000035 r typeinfo name for std::__facet_shims::(anonymous namespace)::messages_shim<char>
001c0ce4 00000020 r typeinfo for std::__facet_shims::(anonymous namespace)::numpunct_shim<wchar_t>
001c0d04 00000035 r typeinfo name for std::__facet_shims::(anonymous namespace)::numpunct_shim<wchar_t>
001c0d3c 00000020 r typeinfo for std::__facet_shims::(anonymous namespace)::collate_shim<wchar_t>
001c0d5c 00000034 r typeinfo name for std::__facet_shims::(anonymous namespace)::collate_shim<wchar_t>
001c0d90 00000020 r typeinfo for std::__facet_shims::(anonymous namespace)::moneypunct_shim<wchar_t, true>
001c0db0 0000003b r typeinfo name for std::__facet_shims::(anonymous namespace)::moneypunct_shim<wchar_t, true>
001c0dec 00000020 r typeinfo for std::__facet_shims::(anonymous namespace)::moneypunct_shim<wchar_t, false>
001c0e0c 0000003b r typeinfo name for std::__facet_shims::(anonymous namespace)::moneypunct_shim<wchar_t, false>
001c0e48 00000020 r typeinfo for std::__facet_shims::(anonymous namespace)::money_get_shim<wchar_t>
001c0e68 00000036 r typeinfo name for std::__facet_shims::(anonymous namespace)::money_get_shim<wchar_t>
001c0ea0 00000020 r typeinfo for std::__facet_shims::(anonymous namespace)::money_put_shim<wchar_t>
001c0ec0 00000036 r typeinfo name for std::__facet_shims::(anonymous namespace)::money_put_shim<wchar_t>
001c0ef8 00000020 r typeinfo for std::__facet_shims::(anonymous namespace)::messages_shim<wchar_t>
001c0f18 00000035 r typeinfo name for std::__facet_shims::(anonymous namespace)::messages_shim<wchar_t>
001c0f50 00000019 V typeinfo name for std::locale::facet::__shim
001c0f6c 00000008 V typeinfo for std::locale::facet::__shim
001c0f74 00000020 r typeinfo for std::__facet_shims::(anonymous namespace)::time_get_shim<char>
001c0f94 00000035 r typeinfo name for std::__facet_shims::(anonymous namespace)::time_get_shim<char>
001c0fcc 00000020 r typeinfo for std::__facet_shims::(anonymous namespace)::time_get_shim<wchar_t>
001c0fec 00000035 r typeinfo name for std::__facet_shims::(anonymous namespace)::time_get_shim<wchar_t>
001c1024 00000024 r vtable for std::__facet_shims::(anonymous namespace)::numpunct_shim<char>
001c1048 0000001c r vtable for std::__facet_shims::(anonymous namespace)::collate_shim<char>
001c1064 00000034 r vtable for std::__facet_shims::(anonymous namespace)::moneypunct_shim<char, true>
001c1098 00000034 r vtable for std::__facet_shims::(anonymous namespace)::moneypunct_shim<char, false>
001c10cc 00000018 r vtable for std::__facet_shims::(anonymous namespace)::money_get_shim<char>
001c10e4 00000018 r vtable for std::__facet_shims::(anonymous namespace)::money_put_shim<char>
001c10fc 0000001c r vtable for std::__facet_shims::(anonymous namespace)::messages_shim<char>
001c1118 00000024 r vtable for std::__facet_shims::(anonymous namespace)::numpunct_shim<wchar_t>
001c113c 0000001c r vtable for std::__facet_shims::(anonymous namespace)::collate_shim<wchar_t>
001c1158 00000034 r vtable for std::__facet_shims::(anonymous namespace)::moneypunct_shim<wchar_t, true>
001c118c 00000034 r vtable for std::__facet_shims::(anonymous namespace)::moneypunct_shim<wchar_t, false>
001c11c0 00000018 r vtable for std::__facet_shims::(anonymous namespace)::money_get_shim<wchar_t>
001c11d8 00000018 r vtable for std::__facet_shims::(anonymous namespace)::money_put_shim<wchar_t>
001c11f0 0000001c r vtable for std::__facet_shims::(anonymous namespace)::messages_shim<wchar_t>
001c120c 00000028 r vtable for std::__facet_shims::(anonymous namespace)::time_get_shim<char>
001c1234 00000028 r vtable for std::__facet_shims::(anonymous namespace)::time_get_shim<wchar_t>
001c1288 00000020 r typeinfo for std::__facet_shims::(anonymous namespace)::numpunct_shim<char>
001c12a8 00000035 r typeinfo name for std::__facet_shims::(anonymous namespace)::numpunct_shim<char>
001c12e0 00000020 r typeinfo for std::__facet_shims::(anonymous namespace)::collate_shim<char>
001c1300 00000034 r typeinfo name for std::__facet_shims::(anonymous namespace)::collate_shim<char>
001c1334 00000020 r typeinfo for std::__facet_shims::(anonymous namespace)::moneypunct_shim<char, true>
001c1354 0000003b r typeinfo name for std::__facet_shims::(anonymous namespace)::moneypunct_shim<char, true>
001c1390 00000020 r typeinfo for std::__facet_shims::(anonymous namespace)::moneypunct_shim<char, false>
001c13b0 0000003b r typeinfo name for std::__facet_shims::(anonymous namespace)::moneypunct_shim<char, false>
001c13ec 00000020 r typeinfo for std::__facet_shims::(anonymous namespace)::money_get_shim<char>
001c140c 00000036 r typeinfo name for std::__facet_shims::(anonymous namespace)::money_get_shim<char>
001c1444 00000020 r typeinfo for std::__facet_shims::(anonymous namespace)::money_put_shim<char>
001c1464 00000036 r typeinfo name for std::__facet_shims::(anonymous namespace)::money_put_shim<char>
001c149c 00000020 r typeinfo for std::__facet_shims::(anonymous namespace)::messages_shim<char>
001c14bc 00000035 r typeinfo name for std::__facet_shims::(anonymous namespace)::messages_shim<char>
001c14f4 00000020 r typeinfo for std::__facet_shims::(anonymous namespace)::numpunct_shim<wchar_t>
001c1514 00000035 r typeinfo name for std::__facet_shims::(anonymous namespace)::numpunct_shim<wchar_t>
001c154c 00000020 r typeinfo for std::__facet_shims::(anonymous namespace)::collate_shim<wchar_t>
001c156c 00000034 r typeinfo name for std::__facet_shims::(anonymous namespace)::collate_shim<wchar_t>
001c15a0 00000020 r typeinfo for std::__facet_shims::(anonymous namespace)::moneypunct_shim<wchar_t, true>
001c15c0 0000003b r typeinfo name for std::__facet_shims::(anonymous namespace)::moneypunct_shim<wchar_t, true>
001c15fc 00000020 r typeinfo for std::__facet_shims::(anonymous namespace)::moneypunct_shim<wchar_t, false>
001c161c 0000003b r typeinfo name for std::__facet_shims::(anonymous namespace)::moneypunct_shim<wchar_t, false>
001c1658 00000020 r typeinfo for std::__facet_shims::(anonymous namespace)::money_get_shim<wchar_t>
001c1678 00000036 r typeinfo name for std::__facet_shims::(anonymous namespace)::money_get_shim<wchar_t>
001c16b0 00000020 r typeinfo for std::__facet_shims::(anonymous namespace)::money_put_shim<wchar_t>
001c16d0 00000036 r typeinfo name for std::__facet_shims::(anonymous namespace)::money_put_shim<wchar_t>
001c1708 00000020 r typeinfo for std::__facet_shims::(anonymous namespace)::messages_shim<wchar_t>
001c1728 00000035 r typeinfo name for std::__facet_shims::(anonymous namespace)::messages_shim<wchar_t>
001c1760 00000020 r typeinfo for std::__facet_shims::(anonymous namespace)::time_get_shim<char>
001c1780 00000035 r typeinfo name for std::__facet_shims::(anonymous namespace)::time_get_shim<char>
001c17b8 00000020 r typeinfo for std::__facet_shims::(anonymous namespace)::time_get_shim<wchar_t>
001c17d8 00000035 r typeinfo name for std::__facet_shims::(anonymous namespace)::time_get_shim<wchar_t>
001c1810 00000024 r vtable for std::__facet_shims::(anonymous namespace)::numpunct_shim<char>
001c1834 0000001c r vtable for std::__facet_shims::(anonymous namespace)::collate_shim<char>
001c1850 00000034 r vtable for std::__facet_shims::(anonymous namespace)::moneypunct_shim<char, true>
001c1884 00000034 r vtable for std::__facet_shims::(anonymous namespace)::moneypunct_shim<char, false>
001c18b8 00000018 r vtable for std::__facet_shims::(anonymous namespace)::money_get_shim<char>
001c18d0 00000018 r vtable for std::__facet_shims::(anonymous namespace)::money_put_shim<char>
001c18e8 0000001c r vtable for std::__facet_shims::(anonymous namespace)::messages_shim<char>
001c1904 00000024 r vtable for std::__facet_shims::(anonymous namespace)::numpunct_shim<wchar_t>
001c1928 0000001c r vtable for std::__facet_shims::(anonymous namespace)::collate_shim<wchar_t>
001c1944 00000034 r vtable for std::__facet_shims::(anonymous namespace)::moneypunct_shim<wchar_t, true>
001c1978 00000034 r vtable for std::__facet_shims::(anonymous namespace)::moneypunct_shim<wchar_t, false>
001c19ac 00000018 r vtable for std::__facet_shims::(anonymous namespace)::money_get_shim<wchar_t>
001c19c4 00000018 r vtable for std::__facet_shims::(anonymous namespace)::money_put_shim<wchar_t>
001c19dc 0000001c r vtable for std::__facet_shims::(anonymous namespace)::messages_shim<wchar_t>
001c19f8 0000002c r vtable for std::__facet_shims::(anonymous namespace)::time_get_shim<char>
001c1a24 0000002c r vtable for std::__facet_shims::(anonymous namespace)::time_get_shim<wchar_t>
001c1b18 0000000d V typeinfo name for std::time_base
001c1b28 00000008 V typeinfo for std::time_base
001c1b30 0000000f V typeinfo name for std::money_base
001c1b40 00000008 V typeinfo for std::money_base
001c1b48 00000012 V typeinfo name for std::messages_base
001c1b5c 00000008 V typeinfo for std::messages_base
001c1b64 00000018 V typeinfo name for std::__cxx11::collate<wchar_t>
001c1b7c 0000000c V typeinfo for std::__cxx11::collate<wchar_t>
001c1b88 00000019 V typeinfo name for std::__cxx11::numpunct<wchar_t>
001c1ba4 0000000c V typeinfo for std::__cxx11::numpunct<wchar_t>
001c1bb0 00000020 V typeinfo name for std::__cxx11::moneypunct<wchar_t, true>
001c1bd0 00000020 V typeinfo for std::__cxx11::moneypunct<wchar_t, true>
001c1bf0 00000020 V typeinfo name for std::__cxx11::moneypunct<wchar_t, false>
001c1c10 00000020 V typeinfo for std::__cxx11::moneypunct<wchar_t, false>
001c1c30 00000019 V typeinfo name for std::__cxx11::messages<wchar_t>
001c1c4c 00000020 V typeinfo for std::__cxx11::messages<wchar_t>
001c1c6c 00000046 V typeinfo name for std::__cxx11::money_get<wchar_t, std::istreambuf_iterator<wchar_t, std::char_traits<wchar_t> > >
001c1cb4 0000000c V typeinfo for std::__cxx11::money_get<wchar_t, std::istreambuf_iterator<wchar_t, std::char_traits<wchar_t> > >
001c1cc0 00000046 V typeinfo name for std::__cxx11::money_put<wchar_t, std::ostreambuf_iterator<wchar_t, std::char_traits<wchar_t> > >
001c1d08 0000000c V typeinfo for std::__cxx11::money_put<wchar_t, std::ostreambuf_iterator<wchar_t, std::char_traits<wchar_t> > >
001c1d14 00000045 V typeinfo name for std::__cxx11::time_get<wchar_t, std::istreambuf_iterator<wchar_t, std::char_traits<wchar_t> > >
001c1d5c 00000020 V typeinfo for std::__cxx11::time_get<wchar_t, std::istreambuf_iterator<wchar_t, std::char_traits<wchar_t> > >
001c1d7c 0000001c V vtable for std::__cxx11::collate<wchar_t>
001c1d98 00000024 V vtable for std::__cxx11::numpunct<wchar_t>
001c1dbc 00000034 V vtable for std::__cxx11::moneypunct<wchar_t, true>
001c1df0 00000034 V vtable for std::__cxx11::moneypunct<wchar_t, false>
001c1e24 0000001c V vtable for std::__cxx11::messages<wchar_t>
001c1e40 00000018 V vtable for std::__cxx11::money_get<wchar_t, std::istreambuf_iterator<wchar_t, std::char_traits<wchar_t> > >
001c1e58 00000018 V vtable for std::__cxx11::money_put<wchar_t, std::ostreambuf_iterator<wchar_t, std::char_traits<wchar_t> > >
001c1e70 0000002c V vtable for std::__cxx11::time_get<wchar_t, std::istreambuf_iterator<wchar_t, std::char_traits<wchar_t> > >
001c1e9c 00000027 V typeinfo name for std::basic_filebuf<char, std::char_traits<char> >
001c1ec4 0000000c V typeinfo for std::basic_filebuf<char, std::char_traits<char> >
001c1ed0 00000028 V typeinfo name for std::basic_ifstream<char, std::char_traits<char> >
001c1ef8 0000000c V typeinfo for std::basic_ifstream<char, std::char_traits<char> >
001c1f04 00000028 V typeinfo name for std::basic_ofstream<char, std::char_traits<char> >
001c1f2c 0000000c V typeinfo for std::basic_ofstream<char, std::char_traits<char> >
001c1f38 00000040 V vtable for std::basic_filebuf<char, std::char_traits<char> >
001c1f78 00000028 V construction vtable for std::istream-in-std::basic_ifstream<char, std::char_traits<char> >
001c1fa0 00000010 V VTT for std::basic_ifstream<char, std::char_traits<char> >
001c1fb0 00000028 V vtable for std::basic_ifstream<char, std::char_traits<char> >
001c1fd8 00000028 V construction vtable for std::ostream-in-std::basic_ofstream<char, std::char_traits<char> >
001c2000 00000010 V VTT for std::basic_ofstream<char, std::char_traits<char> >
001c2010 00000028 V vtable for std::basic_ofstream<char, std::char_traits<char> >
001c2038 00000022 V typeinfo name for std::basic_ios<char, std::char_traits<char> >
001c205c 0000000c V typeinfo for std::basic_ios<char, std::char_traits<char> >
001c2068 00000010 V vtable for std::basic_ios<char, std::char_traits<char> >
001c2078 0000000c R typeinfo name for std::ios_base
001c2084 00000008 R typeinfo for std::ios_base
001c208c 00000010 R vtable for std::ios_base
001c209c 00000003 V typeinfo name for std::istream
001c20a0 00000018 V typeinfo for std::istream
001c2180 00000011 V typeinfo name for std::codecvt_base
001c2194 00000008 V typeinfo for std::codecvt_base
001c219c 0000000f V typeinfo name for std::ctype_base
001c21ac 00000008 V typeinfo for std::ctype_base
001c21b4 0000000e V typeinfo name for std::collate<char>
001c21c4 0000000c V typeinfo for std::collate<char>
001c21d0 0000000f V typeinfo name for std::numpunct<char>
001c21e0 0000000c V typeinfo for std::numpunct<char>
001c21ec 0000003a V typeinfo name for std::num_get<char, std::istreambuf_iterator<char, std::char_traits<char> > >
001c2228 0000000c V typeinfo for std::num_get<char, std::istreambuf_iterator<char, std::char_traits<char> > >
001c2234 0000003a V typeinfo name for std::num_put<char, std::ostreambuf_iterator<char, std::char_traits<char> > >
001c2270 0000000c V typeinfo for std::num_put<char, std::ostreambuf_iterator<char, std::char_traits<char> > >
001c227c 00000019 V typeinfo name for std::__timepunct_cache<char>
001c2298 0000000c V typeinfo for std::__timepunct_cache<char>
001c22a4 00000013 V typeinfo name for std::__timepunct<char>
001c22b8 0000000c V typeinfo for std::__timepunct<char>
001c22c4 00000016 V typeinfo name for std::moneypunct<char, true>
001c22dc 00000020 V typeinfo for std::moneypunct<char, true>
001c22fc 00000016 V typeinfo name for std::moneypunct<char, false>
001c2314 00000020 V typeinfo for std::moneypunct<char, false>
001c2334 0000000f V typeinfo name for std::messages<char>
001c2344 00000020 V typeinfo for std::messages<char>
001c2364 0000002c V typeinfo name for std::__codecvt_abstract_base<char, char, _mbstate_t>
001c2390 00000020 V typeinfo for std::__codecvt_abstract_base<char, char, _mbstate_t>
001c23b0 0000003c V typeinfo name for std::money_get<char, std::istreambuf_iterator<char, std::char_traits<char> > >
001c23ec 0000000c V typeinfo for std::money_get<char, std::istreambuf_iterator<char, std::char_traits<char> > >
001c23f8 0000003c V typeinfo name for std::money_put<char, std::ostreambuf_iterator<char, std::char_traits<char> > >
001c2434 0000000c V typeinfo for std::money_put<char, std::ostreambuf_iterator<char, std::char_traits<char> > >
001c2440 0000003b V typeinfo name for std::time_put<char, std::ostreambuf_iterator<char, std::char_traits<char> > >
001c247c 0000000c V typeinfo for std::time_put<char, std::ostreambuf_iterator<char, std::char_traits<char> > >
001c2488 0000003b V typeinfo name for std::time_get<char, std::istreambuf_iterator<char, std::char_traits<char> > >
001c24c4 00000020 V typeinfo for std::time_get<char, std::istreambuf_iterator<char, std::char_traits<char> > >
001c24e4 0000001e V typeinfo name for std::__moneypunct_cache<char, false>
001c2504 0000000c V typeinfo for std::__moneypunct_cache<char, false>
001c2510 0000001e V typeinfo name for std::__moneypunct_cache<char, true>
001c2530 0000000c V typeinfo for std::__moneypunct_cache<char, true>
001c253c 00000018 V typeinfo name for std::__numpunct_cache<char>
001c2554 0000000c V typeinfo for std::__numpunct_cache<char>
001c2560 0000001c V vtable for std::collate<char>
001c257c 00000024 V vtable for std::numpunct<char>
001c25a0 0000003c V vtable for std::num_get<char, std::istreambuf_iterator<char, std::char_traits<char> > >
001c25dc 00000030 V vtable for std::num_put<char, std::ostreambuf_iterator<char, std::char_traits<char> > >
001c260c 00000010 V vtable for std::__timepunct_cache<char>
001c261c 00000010 V vtable for std::__timepunct<char>
001c262c 00000034 V vtable for std::moneypunct<char, true>
001c2660 00000034 V vtable for std::moneypunct<char, false>
001c2694 0000001c V vtable for std::messages<char>
001c26b0 0000002c V vtable for std::__codecvt_abstract_base<char, char, _mbstate_t>
001c26dc 00000018 V vtable for std::money_get<char, std::istreambuf_iterator<char, std::char_traits<char> > >
001c26f4 00000018 V vtable for std::money_put<char, std::ostreambuf_iterator<char, std::char_traits<char> > >
001c270c 00000014 V vtable for std::time_put<char, std::ostreambuf_iterator<char, std::char_traits<char> > >
001c2720 00000028 V vtable for std::time_get<char, std::istreambuf_iterator<char, std::char_traits<char> > >
001c2748 00000010 V vtable for std::__moneypunct_cache<char, false>
001c2758 00000010 V vtable for std::__moneypunct_cache<char, true>
001c2768 00000010 V vtable for std::__numpunct_cache<char>
001c2778 00000088 R std::locale::_S_twinned_facets
001c2800 00000003 V typeinfo name for std::ostream
001c2804 00000018 V typeinfo for std::ostream
001c281c 00000029 V typeinfo name for std::basic_streambuf<char, std::char_traits<char> >
001c2848 00000008 V typeinfo for std::basic_streambuf<char, std::char_traits<char> >
001c2850 00000040 V vtable for std::basic_streambuf<char, std::char_traits<char> >
001c2890 00000019 R typeinfo name for std::_V2::error_category
001c28ac 00000008 R typeinfo for std::_V2::error_category
001c28b4 00000011 R typeinfo name for std::system_error
001c28c8 0000000c R typeinfo for std::system_error
001c28d4 0000000c r typeinfo for (anonymous namespace)::generic_error_category
001c28e0 0000002a r typeinfo name for (anonymous namespace)::generic_error_category
001c290c 00000014 R vtable for std::system_error
001c2920 00000028 r vtable for (anonymous namespace)::generic_error_category
001c2a10 0000000e V typeinfo name for std::collate<wchar_t>
001c2a20 0000000c V typeinfo for std::collate<wchar_t>
001c2a2c 0000001d V typeinfo name for std::__ctype_abstract_base<wchar_t>
001c2a4c 00000020 V typeinfo for std::__ctype_abstract_base<wchar_t>
001c2a6c 0000000f V typeinfo name for std::numpunct<wchar_t>
001c2a7c 0000000c V typeinfo for std::numpunct<wchar_t>
001c2a88 0000003a V typeinfo name for std::num_get<wchar_t, std::istreambuf_iterator<wchar_t, std::char_traits<wchar_t> > >
001c2ac4 0000000c V typeinfo for std::num_get<wchar_t, std::istreambuf_iterator<wchar_t, std::char_traits<wchar_t> > >
001c2ad0 0000003a V typeinfo name for std::num_put<wchar_t, std::ostreambuf_iterator<wchar_t, std::char_traits<wchar_t> > >
001c2b0c 0000000c V typeinfo for std::num_put<wchar_t, std::ostreambuf_iterator<wchar_t, std::char_traits<wchar_t> > >
001c2b18 00000019 V typeinfo name for std::__timepunct_cache<wchar_t>
001c2b34 0000000c V typeinfo for std::__timepunct_cache<wchar_t>
001c2b40 00000013 V typeinfo name for std::__timepunct<wchar_t>
001c2b54 0000000c V typeinfo for std::__timepunct<wchar_t>
001c2b60 00000016 V typeinfo name for std::moneypunct<wchar_t, true>
001c2b78 00000020 V typeinfo for std::moneypunct<wchar_t, true>
001c2b98 00000016 V typeinfo name for std::moneypunct<wchar_t, false>
001c2bb0 00000020 V typeinfo for std::moneypunct<wchar_t, false>
001c2bd0 0000000f V typeinfo name for std::messages<wchar_t>
001c2be0 00000020 V typeinfo for std::messages<wchar_t>
001c2c00 0000002c V typeinfo name for std::__codecvt_abstract_base<wchar_t, char, _mbstate_t>
001c2c2c 00000020 V typeinfo for std::__codecvt_abstract_base<wchar_t, char, _mbstate_t>
001c2c4c 0000003c V typeinfo name for std::money_get<wchar_t, std::istreambuf_iterator<wchar_t, std::char_traits<wchar_t> > >
001c2c88 0000000c V typeinfo for std::money_get<wchar_t, std::istreambuf_iterator<wchar_t, std::char_traits<wchar_t> > >
001c2c94 0000003c V typeinfo name for std::money_put<wchar_t, std::ostreambuf_iterator<wchar_t, std::char_traits<wchar_t> > >
001c2cd0 0000000c V typeinfo for std::money_put<wchar_t, std::ostreambuf_iterator<wchar_t, std::char_traits<wchar_t> > >
001c2cdc 0000003b V typeinfo name for std::time_put<wchar_t, std::ostreambuf_iterator<wchar_t, std::char_traits<wchar_t> > >
001c2d18 0000000c V typeinfo for std::time_put<wchar_t, std::ostreambuf_iterator<wchar_t, std::char_traits<wchar_t> > >
001c2d24 0000003b V typeinfo name for std::time_get<wchar_t, std::istreambuf_iterator<wchar_t, std::char_traits<wchar_t> > >
001c2d60 00000020 V typeinfo for std::time_get<wchar_t, std::istreambuf_iterator<wchar_t, std::char_traits<wchar_t> > >
001c2d80 0000001e V typeinfo name for std::__moneypunct_cache<wchar_t, false>
001c2da0 0000000c V typeinfo for std::__moneypunct_cache<wchar_t, false>
001c2dac 0000001e V typeinfo name for std::__moneypunct_cache<wchar_t, true>
001c2dcc 0000000c V typeinfo for std::__moneypunct_cache<wchar_t, true>
001c2dd8 00000018 V typeinfo name for std::__numpunct_cache<wchar_t>
001c2df0 0000000c V typeinfo for std::__numpunct_cache<wchar_t>
001c2dfc 0000001c V vtable for std::collate<wchar_t>
001c2e18 00000040 V vtable for std::__ctype_abstract_base<wchar_t>
001c2e58 00000024 V vtable for std::numpunct<wchar_t>
001c2e7c 0000003c V vtable for std::num_get<wchar_t, std::istreambuf_iterator<wchar_t, std::char_traits<wchar_t> > >
001c2eb8 00000030 V vtable for std::num_put<wchar_t, std::ostreambuf_iterator<wchar_t, std::char_traits<wchar_t> > >
001c2ee8 00000010 V vtable for std::__timepunct_cache<wchar_t>
001c2ef8 00000010 V vtable for std::__timepunct<wchar_t>
001c2f08 00000034 V vtable for std::moneypunct<wchar_t, true>
001c2f3c 00000034 V vtable for std::moneypunct<wchar_t, false>
001c2f70 0000001c V vtable for std::messages<wchar_t>
001c2f8c 0000002c V vtable for std::__codecvt_abstract_base<wchar_t, char, _mbstate_t>
001c2fb8 00000018 V vtable for std::money_get<wchar_t, std::istreambuf_iterator<wchar_t, std::char_traits<wchar_t> > >
001c2fd0 00000018 V vtable for std::money_put<wchar_t, std::ostreambuf_iterator<wchar_t, std::char_traits<wchar_t> > >
001c2fe8 00000014 V vtable for std::time_put<wchar_t, std::ostreambuf_iterator<wchar_t, std::char_traits<wchar_t> > >
001c2ffc 00000028 V vtable for std::time_get<wchar_t, std::istreambuf_iterator<wchar_t, std::char_traits<wchar_t> > >
001c3024 00000010 V vtable for std::__moneypunct_cache<wchar_t, false>
001c3034 00000010 V vtable for std::__moneypunct_cache<wchar_t, true>
001c3044 00000010 V vtable for std::__numpunct_cache<wchar_t>
001c3054 0000000d R typeinfo name for std::bad_alloc
001c3064 0000000c R typeinfo for std::bad_alloc
001c3070 00000014 R vtable for std::bad_alloc
001c3084 00000019 R typeinfo name for std::bad_array_new_length
001c30a0 0000000c R typeinfo for std::bad_array_new_length
001c30ac 00000014 R vtable for std::bad_array_new_length
001c30c0 0000000c R typeinfo name for std::bad_cast
001c30cc 0000000c R typeinfo for std::bad_cast
001c30d8 00000014 R vtable for std::bad_cast
001c30ec 00000022 R typeinfo name for __cxxabiv1::__class_type_info
001c3110 0000000c R typeinfo for __cxxabiv1::__class_type_info
001c311c 0000002c R vtable for __cxxabiv1::__class_type_info
001c3148 0000000d R typeinfo name for std::exception
001c3158 00000008 R typeinfo for std::exception
001c3160 00000012 R typeinfo name for std::bad_exception
001c3174 0000000c R typeinfo for std::bad_exception
001c3180 00000020 R typeinfo name for __cxxabiv1::__forced_unwind
001c31a0 00000008 R typeinfo for __cxxabiv1::__forced_unwind
001c31a8 00000024 R typeinfo name for __cxxabiv1::__foreign_exception
001c31cc 00000008 R typeinfo for __cxxabiv1::__foreign_exception
001c31d4 00000014 R vtable for std::bad_exception
001c31fc 0000002c V typeinfo name for __gnu_cxx::__concurrence_broadcast_error
001c3228 0000000c V typeinfo for __gnu_cxx::__concurrence_broadcast_error
001c3234 00000027 V typeinfo name for __gnu_cxx::__concurrence_wait_error
001c325c 0000000c V typeinfo for __gnu_cxx::__concurrence_wait_error
001c3268 00000014 V vtable for __gnu_cxx::__concurrence_broadcast_error
001c327c 00000014 V vtable for __gnu_cxx::__concurrence_wait_error
001c3290 00000001 R std::nothrow
001c3294 00000025 R typeinfo name for __cxxabiv1::__si_class_type_info
001c32bc 0000000c R typeinfo for __cxxabiv1::__si_class_type_info
001c32c8 0000002c R vtable for __cxxabiv1::__si_class_type_info
001c32f4 0000000d R typeinfo name for std::type_info
001c3304 00000008 R typeinfo for std::type_info
001c330c 00000026 R typeinfo name for __cxxabiv1::__vmi_class_type_info
001c3334 0000000c R typeinfo for __cxxabiv1::__vmi_class_type_info
001c3340 0000002c R vtable for __cxxabiv1::__vmi_class_type_info
001c336c 0000001b V typeinfo name for std::codecvt<char, char, _mbstate_t>
001c3388 0000000c V typeinfo for std::codecvt<char, char, _mbstate_t>
001c3394 0000001b V typeinfo name for std::codecvt<wchar_t, char, _mbstate_t>
001c33b0 0000000c V typeinfo for std::codecvt<wchar_t, char, _mbstate_t>
001c33bc 0000002c V vtable for std::codecvt<char, char, _mbstate_t>
001c33e8 0000002c V vtable for std::codecvt<wchar_t, char, _mbstate_t>
001c3414 00000034 r std::(anonymous namespace)::mon_yday
001c3448 00000004 R std::money_base::_S_default_pattern
001c3bd4 00000010 R typeinfo name for std::logic_error
001c3be4 0000000c R typeinfo for std::logic_error
001c3bf0 00000011 R typeinfo name for std::length_error
001c3c04 0000000c R typeinfo for std::length_error
001c3c10 00000011 R typeinfo name for std::out_of_range
001c3c24 0000000c R typeinfo for std::out_of_range
001c3c30 00000012 R typeinfo name for std::runtime_error
001c3c44 0000000c R typeinfo for std::runtime_error
001c3c50 00000014 R vtable for std::logic_error
001c3c64 00000014 R vtable for std::length_error
001c3c78 00000014 R vtable for std::out_of_range
001c3c8c 00000014 R vtable for std::runtime_error
001c3ca0 0000002d V typeinfo name for std::__codecvt_abstract_base<char16_t, char, _mbstate_t>
001c3cd0 00000020 V typeinfo for std::__codecvt_abstract_base<char16_t, char, _mbstate_t>
001c3cf0 0000001c V typeinfo name for std::codecvt<char16_t, char, _mbstate_t>
001c3d0c 0000000c V typeinfo for std::codecvt<char16_t, char, _mbstate_t>
001c3d18 0000002d V typeinfo name for std::__codecvt_abstract_base<char32_t, char, _mbstate_t>
001c3d48 00000020 V typeinfo for std::__codecvt_abstract_base<char32_t, char, _mbstate_t>
001c3d68 0000001c V typeinfo name for std::codecvt<char32_t, char, _mbstate_t>
001c3d84 0000000c V typeinfo for std::codecvt<char32_t, char, _mbstate_t>
001c3d90 0000002e V typeinfo name for std::__codecvt_abstract_base<char16_t, char8_t, _mbstate_t>
001c3dc0 00000020 V typeinfo for std::__codecvt_abstract_base<char16_t, char8_t, _mbstate_t>
001c3de0 0000001d V typeinfo name for std::codecvt<char16_t, char8_t, _mbstate_t>
001c3e00 0000000c V typeinfo for std::codecvt<char16_t, char8_t, _mbstate_t>
001c3e0c 0000002e V typeinfo name for std::__codecvt_abstract_base<char32_t, char8_t, _mbstate_t>
001c3e3c 00000020 V typeinfo for std::__codecvt_abstract_base<char32_t, char8_t, _mbstate_t>
001c3e5c 0000001d V typeinfo name for std::codecvt<char32_t, char8_t, _mbstate_t>
001c3e7c 0000000c V typeinfo for std::codecvt<char32_t, char8_t, _mbstate_t>
001c3e88 0000002c V vtable for std::__codecvt_abstract_base<char16_t, char, _mbstate_t>
001c3eb4 0000002c V vtable for std::codecvt<char16_t, char, _mbstate_t>
001c3ee0 0000002c V vtable for std::__codecvt_abstract_base<char32_t, char, _mbstate_t>
001c3f0c 0000002c V vtable for std::codecvt<char32_t, char, _mbstate_t>
001c3f38 0000002c V vtable for std::__codecvt_abstract_base<char16_t, char8_t, _mbstate_t>
001c3f64 0000002c V vtable for std::codecvt<char16_t, char8_t, _mbstate_t>
001c3f90 0000002c V vtable for std::__codecvt_abstract_base<char32_t, char8_t, _mbstate_t>
001c3fbc 0000002c V vtable for std::codecvt<char32_t, char8_t, _mbstate_t>
001c3fe8 0000000c V typeinfo name for std::ctype<char>
001c3ff4 00000020 V typeinfo for std::ctype<char>
001c4014 0000000c V typeinfo name for std::ctype<wchar_t>
001c4020 0000000c V typeinfo for std::ctype<wchar_t>
001c402c 00000030 V vtable for std::ctype<char>
001c405c 00000040 V vtable for std::ctype<wchar_t>
001c40e0 0000001d R typeinfo name for std::ios_base::failure[abi:cxx11]
001c4100 0000000c R typeinfo for std::ios_base::failure[abi:cxx11]
001c410c 00000012 V typeinfo name for std::__ios_failure
001c4120 0000000c V typeinfo for std::__ios_failure
001c412c 00000018 R typeinfo name for std::__iosfail_type_info
001c4144 00000018 R typeinfo for std::__iosfail_type_info
001c415c 00000014 R vtable for std::ios_base::failure[abi:cxx11]
001c4170 00000014 V vtable for std::__ios_failure
001c4184 0000002c R vtable for std::__iosfail_type_info
001c4278 00000018 V typeinfo name for std::__cxx11::collate<char>
001c4290 0000000c V typeinfo for std::__cxx11::collate<char>
001c429c 00000019 V typeinfo name for std::__cxx11::numpunct<char>
001c42b8 0000000c V typeinfo for std::__cxx11::numpunct<char>
001c42c4 00000020 V typeinfo name for std::__cxx11::moneypunct<char, true>
001c42e4 00000020 V typeinfo for std::__cxx11::moneypunct<char, true>
001c4304 00000020 V typeinfo name for std::__cxx11::moneypunct<char, false>
001c4324 00000020 V typeinfo for std::__cxx11::moneypunct<char, false>
001c4344 00000019 V typeinfo name for std::__cxx11::messages<char>
001c4360 00000020 V typeinfo for std::__cxx11::messages<char>
001c4380 00000046 V typeinfo name for std::__cxx11::money_get<char, std::istreambuf_iterator<char, std::char_traits<char> > >
001c43c8 0000000c V typeinfo for std::__cxx11::money_get<char, std::istreambuf_iterator<char, std::char_traits<char> > >
001c43d4 00000046 V typeinfo name for std::__cxx11::money_put<char, std::ostreambuf_iterator<char, std::char_traits<char> > >
001c441c 0000000c V typeinfo for std::__cxx11::money_put<char, std::ostreambuf_iterator<char, std::char_traits<char> > >
001c4428 00000045 V typeinfo name for std::__cxx11::time_get<char, std::istreambuf_iterator<char, std::char_traits<char> > >
001c4470 00000020 V typeinfo for std::__cxx11::time_get<char, std::istreambuf_iterator<char, std::char_traits<char> > >
001c4490 0000001c V vtable for std::__cxx11::collate<char>
001c44ac 00000024 V vtable for std::__cxx11::numpunct<char>
001c44d0 00000034 V vtable for std::__cxx11::moneypunct<char, true>
001c4504 00000034 V vtable for std::__cxx11::moneypunct<char, false>
001c4538 0000001c V vtable for std::__cxx11::messages<char>
001c4554 00000018 V vtable for std::__cxx11::money_get<char, std::istreambuf_iterator<char, std::char_traits<char> > >
001c456c 00000018 V vtable for std::__cxx11::money_put<char, std::ostreambuf_iterator<char, std::char_traits<char> > >
001c4584 0000002c V vtable for std::__cxx11::time_get<char, std::istreambuf_iterator<char, std::char_traits<char> > >
001c45b0 0000000c r typeinfo for (anonymous namespace)::io_error_category
001c45bc 00000025 r typeinfo name for (anonymous namespace)::io_error_category
001c45e4 00000028 r vtable for (anonymous namespace)::io_error_category
001c460c 00000016 R typeinfo name for std::ios_base::failure
001c4624 0000000c R typeinfo for std::ios_base::failure
001c4630 00000014 R vtable for std::ios_base::failure
001c4644 00000080 r npio2_hw
001c46c4 00000108 r two_over_pi
001c47d0 00000040 r PIo2
001c4810 00000010 r init_jk
001c4820 00000060 R __inv_pio4
001c4880 000000e0 R __sincosf_table
001c4960 00000870 R __exp_data
001c51d0 00001048 R __pow_log_data
001c6218 00001090 R __log_data
001c74c0 00000022 r basefix.0
001c7544 00000014 r fpinan.0
001c7558 00000014 r fpi.1
001c7570 00000028 r tinytens
001c7598 00000100 R __hexdig
001c7698 00000030 r _DAYS_BEFORE_MONTH
001c76c8 00000030 r DAYS_IN_MONTH
001c7730 0000001c r categories
001c77cc 00000022 r basefix.0
001c7808 000000fc R _C_time_locale
001c79fc 00000010 r zeroes.0
001c7a0c 00000010 r blanks.1
001c7a1c 00000101 R _ctype_
001c7bcc 00000060 R __month_lengths
001c7c2c 0000000c r p05.0
001c7c38 00000028 R __mprec_bigtens
001c7c60 000000c8 R __mprec_tens
001c7e14 00000010 r zeroes.0
001c7e24 00000010 r blanks.1
001c7e34 0000006c R __action_table
001c7ea0 0000006c R __state_table
001c7f0c 00000100 R __chclass
001c8044 00000048 r JIS_action_table
001c808c 00000048 r JIS_state_table
001c8164 000037f8 r categories
001cba30 00000040 r zeroes.0
001cba70 00000040 r blanks.1
001cbb9c 00000010 r zeroes.0
001cbbac 00000010 r blanks.1
001cbca8 00000010 r zeroes.0
001cbcb8 00000010 r blanks.1
001cbcc8 00000080 R dotab_stdnull
001cbd48 R __tdata_align
001cbd4c r __EH_FRAME_BEGIN__
001ce3d0 R __exidx_start
001cf690 R __exidx_end
001d0000 00000004 d previousGlassesEye
001d0004 00000008 d framerateCounter
001d000c 00000004 d framerate
001d0010 00000001 d firstConsoleInit.0
001d0014 00000004 D currentConsole
001d0018 00000048 D defaultConsole
001d0060 00000004 d queueLock
001d0064 00000004 d aptChainloadDeliverArgSize
001d0068 00000004 d kCount
001d006c 00000004 d kInterval
001d0070 00000004 d kDelay
001d0074 W __stacksize__
001d0078 00000004 d (anonymous namespace)::generic_category_instance
001d007c 00000004 D __cxxabiv1::__unexpected_handler
001d0080 00000004 D std::__num_base::_S_atoms_out
001d0084 00000004 D std::__num_base::_S_atoms_in
001d0088 00000004 D std::money_base::_S_atoms
001d008c 00000038 D std::__timepunct_cache<wchar_t>::_S_timezones
001d00c4 00000038 D std::__timepunct_cache<char>::_S_timezones
001d00fc 00000004 d (anonymous namespace)::io_category_instance
001d0100 00000004 D __cxxabiv1::__terminate_handler
001d0104 00000004 D _impure_ptr
001d0108 00000200 D _impure_data
001d0308 00000008 D _tzname
001d0310 00000254 D __global_locale
001d0564 00000020 D __default_locale
001d0584 00000004 D __malloc_sbrk_base
001d0588 00000004 D __malloc_trim_threshold
001d0590 00000408 D __malloc_av_
001d0998 0000000c D __sglue
001d09a8 00000058 d tzinfo
001d0a00 000007e0 d caseconv_table
001d0f7f N 
001d0f7f N 
001d0f7f N 
001d0f7f N 
001d0f7f N 
001d0f7f N 
001d0f7f N 
001d0f7f N 
001d0f7f N 
001d0f7f N 
001d0f7f N 
001d0f7f N 
001d0f7f N 
001d0f7f N 
001d0f7f N 
001d0f7f N 
001d0f7f N 
001d0f7f N 
001d0f7f N 
001d0f7f N 
001d0f7f N 
001d0f7f N 
001d0f7f N 
001d0f7f N 
001d0f7f N 
001d0f7f N 
001d0f7f N 
001d0f7f N 
001d0f7f N 
001d0f7f N 
001d0f7f N 
001d0f7f W KoreanMSX8KB0300MemoryRule.cpp.dd2c2573
001d11e0 00000004 D environ
001d11e4 00000400 d _current_working_directory
001d15e8 00001000 d handles
001d25e8 0000000c d __stderr_handle
001d25f4 0000000c d __stdout_handle
001d2600 0000000c d __stdin_handle
001d260c 0000008c D devoptab_list
001d2698 00000004 d defaultDevice
001d26a4 d _GLOBAL_OFFSET_TABLE_
001d26b0 d __frame_dummy_init_array_entry
001d26b0 D __init_array_start
001d26b0 B __preinit_array_end
001d26b0 B __preinit_array_start
001d26b0 D __tdata_lma
001d26b0 D __tdata_lma_end
001d26cc d __do_global_dtors_aux_fini_array_entry
001d26cc D __fini_array_start
001d26cc D __init_array_end
001d26d8 00000004 b frameBuffer
001d26d8 D __bss_start__
001d26d8 D __fini_array_end
001d26dc 00000004 b uploadBuffer
001d26e0 00000090 b gameTex
001d2770 00000001 b textureInitialized
001d2774 00000078 b gameSubTex
001d27ec 00000030 b gameImage
001d281c 00000001 b audioInitialized
001d2820 00000010 b audioBuffers
001d2830 00000060 b audioWave
001d2890 00000001 b stereoActive
001d2891 00000001 b display3DEnabled
001d2894 00000004 b audioIndex
001d2898 00000004 b videoTextureSlot
001d289c 00002000 B sin_tab.lto_priv.0
001d489c 00005800 B tl_tab.lto_priv.0
001da0a0 00001760 B ym2413.lto_priv.0
001db800 00000008 b output
001db808 00000004 b LFO_PM
001db80c 00000004 b LFO_AM
001db810 000005a8 B __C2Di_Context
001dbdb8 00000040 b s_projTop
001dbdf8 00000040 b s_projBot
001dbe38 00000004 b uLoc_mdlvMtx
001dbe3c 00000004 b uLoc_projMtx
001dbe40 b completed.1
001dbe44 b object.0
001dbe5c 0000000c b hookCookie
001dbe68 000002d0 B __C3D_Context
001dc138 00000004 b frameEndCbData
001dc13c 00000004 b frameEndCb
001dc140 00000008 b frameCounter
001dc148 00000001 b isTopStereo
001dc149 00000001 b needSwapBot
001dc14a 00000001 b needSwapTop
001dc14b 00000001 b measureGpuTime
001dc14c 00000001 b inSafeTransfer
001dc14d 00000001 b inFrame
001dc150 00000010 b cpuTime
001dc160 00000010 b gpuTime
001dc170 0000000c b linkedTarget
001dc17c 00000004 b lastTarget
001dc180 00000004 b firstTarget
001dc184 00000008 b C3Di_IVUnifEverDirty
001dc18c 000000c0 b C3Di_FVUnifEverDirty
001dc24c 00000018 b C3Di_ShaderFVecData
001dc264 00000002 B C3D_BoolUnifsDirty
001dc268 00000008 B C3D_IVUnifDirty
001dc270 000000c0 B C3D_FVUnifDirty
001dc330 00000004 B C3D_BoolUnifs
001dc334 00000020 B C3D_IVUnif
001dc354 00000c00 B C3D_FVUnif
001dcf58 00000008 b sLinearPool
001dcf60 0000000c b sAddrMap
001dcf70 00000008 b sVramPoolB
001dcf78 00000008 b sVramPoolA
001dcf80 0000000c b sAddrMap
001dcf8c 00000064 b escapeSeq
001dcff0 00000048 B currentCopy
001dd038 00000004 b screenAlloc
001dd03c 00000004 b screenFree
001dd040 00000002 b gfxIsDoubleBuf
001dd044 00000002 b gfxCurBuf
001dd046 00000001 b gfxIsVram
001dd047 00000001 b gfxTopMode
001dd048 00000002 b gfxFramebufferFormats
001dd04c 00000004 b gfxBottomFramebufferMaxSize
001dd050 00000004 b gfxTopFramebufferMaxSize
001dd058 00000008 b gfxBottomFramebuffers
001dd060 00000008 b gfxTopFramebuffers
001dd068 00000001 V __ctru_speedup
001dd06c 00000004 b romfs_mount_list
001dd070 00000004 V __romfs_path
001dd074 00000004 B gpuCmdBufOffset
001dd078 00000004 B gpuCmdBufSize
001dd07c 00000004 B gpuCmdBuf
001dd080 00000004 b boundQueue
001dd084 00000001 b shouldStop
001dd085 00000001 b isRunning
001dd086 00000001 b isActive
001dd088 00000004 b curQueue
001dd08c 00000004 b ndspRefCount
001dd090 00000048 b ndspMaster
001dd0d8 00000004 b ndspThread
001dd0dc 00000001 b ndspThreadRun
001dd0e0 00001080 b dspVar5Backup
001de160 00000004 b ndspMutex
001de164 00000008 b sleepEvent
001de16c 00000004 b dspSem
001de170 00000004 b irqEvent
001de174 00000008 b ndspHookCookie
001de17c 00000001 b componentFree
001de17e 00000002 b componentDataMask
001de180 00000002 b componentProgMask
001de184 00000004 b componentSize
001de188 00000004 b componentBin
001de18c 00000004 b frameCount
001de190 00000004 b droppedFrames
001de194 00000001 b bCancelReceived
001de195 00000001 b bSleeping
001de196 00000001 b bEnteringSleep
001de197 00000001 b bDspReady
001de198 00000080 B ndspVars
001de218 00000002 B ndspBufferId
001de21a 00000002 B ndspBufferCurId
001de21c 00000002 B ndspFrameId
001de220 00000c60 b ndspChn
001dee80 00000001 b flagValue.0
001dee81 00000001 b flagInit.1
001dee84 00000004 b serviceName.6
001dee88 00000001 b aptChainloadFlags
001dee89 00000001 b aptChainloadMediatype
001dee8c 00000020 b aptChainloadHmac
001deeac 00000300 b aptChainloadDeliverArg
001df1b0 00000008 b aptChainloadTid
001df1b8 00001000 b aptParameters
001e01b8 00000004 b aptFlags
001e01bc 00000001 b aptHomeButtonState
001e01c0 00000004 b aptMessageFuncData
001e01c4 00000004 b aptMessageFunc
001e01c8 0000000c b aptFirstHook
001e01d4 00000001 b aptEventHandlerThreadQuit
001e01d8 00000004 b aptEventHandlerThread
001e01dc 00000008 b aptSleepEvent
001e01e4 00000008 b aptReceiveEvent
001e01ec 00000008 b aptEvents
001e01f4 00000004 b aptLockHandle
001e01f8 00000004 b aptRefCount
001e01fc 00000004 b cfguRefCount
001e0200 00000004 b cfguHandle
001e0204 00000002 b dspSavedCompDataMask
001e0206 00000002 b dspSavedCompProgMask
001e0208 00000004 b dspSavedCompSize
001e020c 00000004 b dspSavedCompBin
001e0210 00000001 b dspSleeping
001e0211 00000001 b dspComponentLoaded
001e0214 00000008 b dspFirstHook
001e021c 00000004 b dspRefCount
001e0220 00000004 b dspHandle
001e0228 00000080 b fsExemptArchives
001e02a8 00000004 b fsuRefCount
001e02ac 00000004 b fsuHandle
001e02b0 00000007 b gspEventCbOneShot
001e02b8 0000001c b gspEventCbData
001e02d4 0000001c b gspEventCb
001e02f0 00000038 b gspEvents
001e0328 00000004 b gspLastEvent
001e032c 00000001 b gspRunEvents
001e0330 00000004 b gspEventThread
001e0334 00000004 b gspEvent
001e0338 00000001 b gspGpuRight
001e0339 00000001 b gspThreadId
001e033c 00000004 b gspSharedMem
001e0340 00000004 b gspSharedMemHandle
001e0344 00000004 b gspRefCount
001e0348 00000004 b gspGpuHandle
001e034c 00000001 b usingIrrst
001e0350 00000004 b hidRefCount
001e0354 00000006 b gRate
001e035c 00000006 b aVec
001e0364 00000004 b cPos
001e0368 00000004 b tPos
001e036c 00000004 b kRepeat
001e0370 00000004 b kUp
001e0374 00000004 b kDown
001e0378 00000004 b kHeld
001e037c 00000004 b kOld
001e0380 00000004 B hidSharedMem
001e0384 00000014 B hidEvents
001e0398 00000004 B hidMemHandle
001e039c 00000004 B hidHandle
001e03a0 00000004 b irrstRefCount
001e03a4 00000004 b csPos
001e03a8 00000004 b kHeld
001e03ac 00000004 B irrstSharedMem
001e03b0 00000004 B irrstEvent
001e03b4 00000004 B irrstMemHandle
001e03b8 00000004 B irrstHandle
001e03bc 00000004 b ptmSysmRefCount
001e03c0 00000004 b ptmSysmHandle
001e03c4 00000004 V __ctru_linear_heap_size
001e03c8 00000004 V __ctru_heap_size
001e03cc 00000004 B __ctru_linear_heap
001e03d0 00000004 B __ctru_heap
001e03d4 00000004 B __system_retAddr
001e03d8 00000004 B __system_argv
001e03dc 00000004 B __system_argc
001e03e0 b saved_stack
001e03e8 00000004 B __3dslink_host
001e03ec 00000004 b srvRefCount
001e03f0 00000004 b srvHandle
001e03f4 00000004 b arbiter
001e03f8 00000004 b currentAddr
001e03fc 00000004 b maxAddr
001e0400 00000004 b minAddr
001e0404 00000004 b srvPmHandle
001e0408 000005c0 b archive_devices
001e09c8 00000004 b archive_device_cwd
001e09cc 00000001 b archive_initialized
001e09d0 00000004 B std::locale::id::_S_refcount
001e09d4 00000004 B std::locale::facet::_S_once
001e09d8 00000004 B std::locale::facet::_S_c_locale
001e09dc 00000004 B std::locale::_S_once
001e09e0 00000004 B std::locale::_S_global
001e09e4 00000004 B std::locale::_S_classic
001e09e8 00000004 b guard variable for (anonymous namespace)::get_locale_cache_mutex()::locale_cache_mutex
001e09f0 00000010 b (anonymous namespace)::get_locale_cache_mutex()::locale_cache_mutex
001e0a00 00000010 V std::string::_Rep::_S_empty_rep_storage
001e0a10 00000010 V std::basic_string<wchar_t, std::char_traits<wchar_t>, std::allocator<wchar_t> >::_Rep::_S_empty_rep_storage
001e0a20 00000004 V guard variable for std::__cxx11::collate<wchar_t>::id
001e0a24 00000004 V guard variable for std::__cxx11::messages<wchar_t>::id
001e0a28 00000004 V guard variable for std::__cxx11::time_get<wchar_t, std::istreambuf_iterator<wchar_t, std::char_traits<wchar_t> > >::id
001e0a2c 00000004 V guard variable for std::__cxx11::numpunct<wchar_t>::id
001e0a30 00000004 V guard variable for std::__cxx11::moneypunct<wchar_t, true>::id
001e0a34 00000004 V guard variable for std::__cxx11::moneypunct<wchar_t, false>::id
001e0a38 00000004 V guard variable for std::__cxx11::money_put<wchar_t, std::ostreambuf_iterator<wchar_t, std::char_traits<wchar_t> > >::id
001e0a3c 00000004 V guard variable for std::__cxx11::money_get<wchar_t, std::istreambuf_iterator<wchar_t, std::char_traits<wchar_t> > >::id
001e0a40 00000004 V std::__cxx11::collate<wchar_t>::id
001e0a44 00000004 V std::__cxx11::messages<wchar_t>::id
001e0a48 00000004 V std::__cxx11::time_get<wchar_t, std::istreambuf_iterator<wchar_t, std::char_traits<wchar_t> > >::id
001e0a4c 00000004 V std::__cxx11::numpunct<wchar_t>::id
001e0a50 00000004 V std::__cxx11::moneypunct<wchar_t, true>::id
001e0a54 00000004 V std::__cxx11::moneypunct<wchar_t, false>::id
001e0a58 00000004 V std::__cxx11::money_put<wchar_t, std::ostreambuf_iterator<wchar_t, std::char_traits<wchar_t> > >::id
001e0a5c 00000004 V std::__cxx11::money_get<wchar_t, std::istreambuf_iterator<wchar_t, std::char_traits<wchar_t> > >::id
001e0a60 00000004 V guard variable for std::collate<char>::id
001e0a64 00000004 V guard variable for std::messages<char>::id
001e0a68 00000004 V guard variable for std::time_get<char, std::istreambuf_iterator<char, std::char_traits<char> > >::id
001e0a6c 00000004 V guard variable for std::time_put<char, std::ostreambuf_iterator<char, std::char_traits<char> > >::id
001e0a70 00000004 V guard variable for std::__timepunct<char>::id
001e0a74 00000004 V guard variable for std::numpunct<char>::id
001e0a78 00000004 V guard variable for std::moneypunct<char, true>::id
001e0a7c 00000004 V guard variable for std::moneypunct<char, false>::id
001e0a80 00000004 V guard variable for std::money_put<char, std::ostreambuf_iterator<char, std::char_traits<char> > >::id
001e0a84 00000004 V guard variable for std::money_get<char, std::istreambuf_iterator<char, std::char_traits<char> > >::id
001e0a88 00000004 V guard variable for std::num_put<char, std::ostreambuf_iterator<char, std::char_traits<char> > >::id
001e0a8c 00000004 V guard variable for std::num_get<char, std::istreambuf_iterator<char, std::char_traits<char> > >::id
001e0a90 00000004 V std::collate<char>::id
001e0a94 00000004 V std::messages<char>::id
001e0a98 00000004 V std::time_get<char, std::istreambuf_iterator<char, std::char_traits<char> > >::id
001e0a9c 00000004 V std::time_put<char, std::ostreambuf_iterator<char, std::char_traits<char> > >::id
001e0aa0 00000004 V std::__timepunct<char>::id
001e0aa4 00000004 V std::numpunct<char>::id
001e0aa8 00000004 V std::moneypunct<char, true>::id
001e0aac 00000004 V std::moneypunct<char, false>::id
001e0ab0 00000004 V std::money_put<char, std::ostreambuf_iterator<char, std::char_traits<char> > >::id
001e0ab4 00000004 V std::money_get<char, std::istreambuf_iterator<char, std::char_traits<char> > >::id
001e0ab8 00000004 V std::num_put<char, std::ostreambuf_iterator<char, std::char_traits<char> > >::id
001e0abc 00000004 V std::num_get<char, std::istreambuf_iterator<char, std::char_traits<char> > >::id
001e0ac0 000000c8 b (anonymous namespace)::timepunct_cache_w
001e0b88 00000070 b (anonymous namespace)::moneypunct_cache_wf
001e0bf8 00000070 b (anonymous namespace)::moneypunct_cache_wt
001e0c68 00000128 b (anonymous namespace)::numpunct_cache_w
001e0d90 000000c8 b (anonymous namespace)::timepunct_cache_c
001e0e58 00000044 b (anonymous namespace)::moneypunct_cache_cf
001e0e9c 00000044 b (anonymous namespace)::moneypunct_cache_ct
001e0ee0 00000068 b (anonymous namespace)::numpunct_cache_c
001e0f48 00000008 b (anonymous namespace)::codecvt_c32_c8
001e0f50 00000008 b (anonymous namespace)::codecvt_c16_c8
001e0f58 00000008 b (anonymous namespace)::codecvt_c32
001e0f60 00000008 b (anonymous namespace)::codecvt_c16
001e0f68 00000010 b (anonymous namespace)::messages_w
001e0f78 00000008 b (anonymous namespace)::time_put_w
001e0f80 00000008 b (anonymous namespace)::time_get_w
001e0f88 00000014 b (anonymous namespace)::timepunct_w
001e0f9c 00000008 b (anonymous namespace)::money_put_w
001e0fa4 00000008 b (anonymous namespace)::money_get_w
001e0fac 0000000c b (anonymous namespace)::moneypunct_wf
001e0fb8 0000000c b (anonymous namespace)::moneypunct_wt
001e0fc4 0000000c b (anonymous namespace)::codecvt_w
001e0fd0 00000008 b (anonymous namespace)::num_put_w
001e0fd8 00000008 b (anonymous namespace)::num_get_w
001e0fe0 0000000c b (anonymous namespace)::numpunct_w
001e0fec 0000000c b (anonymous namespace)::collate_w
001e0ff8 000004e0 b (anonymous namespace)::ctype_w
001e14d8 00000010 b (anonymous namespace)::messages_c
001e14e8 00000008 b (anonymous namespace)::time_put_c
001e14f0 00000008 b (anonymous namespace)::time_get_c
001e14f8 00000014 b (anonymous namespace)::timepunct_c
001e150c 00000008 b (anonymous namespace)::money_put_c
001e1514 00000008 b (anonymous namespace)::money_get_c
001e151c 0000000c b (anonymous namespace)::moneypunct_cf
001e1528 0000000c b (anonymous namespace)::moneypunct_ct
001e1534 0000000c b (anonymous namespace)::codecvt_c
001e1540 00000008 b (anonymous namespace)::num_put_c
001e1548 00000008 b (anonymous namespace)::num_get_c
001e1550 0000000c b (anonymous namespace)::numpunct_c
001e155c 0000000c b (anonymous namespace)::collate_c
001e1568 00000220 b (anonymous namespace)::ctype_c
001e1689 N 
001e1689 N 
001e1689 N 
001e1689 N 
001e1689 N 
001e1689 N 
001e1689 N 
001e1689 N 
001e1689 N 
001e1689 N 
001e1689 N 
001e1689 N 
001e1689 N 
001e1689 N 
001e1689 N 
001e1689 N 
001e1689 N 
001e1689 N 
001e1689 N 
001e1689 N 
001e1689 N 
001e1689 N 
001e1689 N 
001e1689 N 
001e1689 N 
001e1689 N 
001e1689 N 
001e1689 N 
001e1689 N 
001e1689 N 
001e1689 N 
001e1689 N 
001e1689 W KoreanMSXSMS8000MemoryRule.cpp.69d9d836
001e1788 000000c0 b (anonymous namespace)::cache_vec
001e1848 000000c0 b (anonymous namespace)::facet_vec
001e1908 0000000c b (anonymous namespace)::name_c
001e1914 00000018 b (anonymous namespace)::name_vec
001e192c 00000004 b (anonymous namespace)::c_locale
001e1930 00000014 b (anonymous namespace)::c_locale_impl
001e1944 00000004 b guard variable for (anonymous namespace)::get_locale_mutex()::locale_mutex
001e1948 00000010 b (anonymous namespace)::get_locale_mutex()::locale_mutex
001e1958 00000004 V guard variable for std::collate<wchar_t>::id
001e195c 00000004 V guard variable for std::messages<wchar_t>::id
001e1960 00000004 V guard variable for std::time_get<wchar_t, std::istreambuf_iterator<wchar_t, std::char_traits<wchar_t> > >::id
001e1964 00000004 V guard variable for std::time_put<wchar_t, std::ostreambuf_iterator<wchar_t, std::char_traits<wchar_t> > >::id
001e1968 00000004 V guard variable for std::__timepunct<wchar_t>::id
001e196c 00000004 V guard variable for std::numpunct<wchar_t>::id
001e1970 00000004 V guard variable for std::moneypunct<wchar_t, true>::id
001e1974 00000004 V guard variable for std::moneypunct<wchar_t, false>::id
001e1978 00000004 V guard variable for std::money_put<wchar_t, std::ostreambuf_iterator<wchar_t, std::char_traits<wchar_t> > >::id
001e197c 00000004 V guard variable for std::money_get<wchar_t, std::istreambuf_iterator<wchar_t, std::char_traits<wchar_t> > >::id
001e1980 00000004 V guard variable for std::num_put<wchar_t, std::ostreambuf_iterator<wchar_t, std::char_traits<wchar_t> > >::id
001e1984 00000004 V guard variable for std::num_get<wchar_t, std::istreambuf_iterator<wchar_t, std::char_traits<wchar_t> > >::id
001e1988 00000004 V std::collate<wchar_t>::id
001e198c 00000004 V std::messages<wchar_t>::id
001e1990 00000004 V std::time_get<wchar_t, std::istreambuf_iterator<wchar_t, std::char_traits<wchar_t> > >::id
001e1994 00000004 V std::time_put<wchar_t, std::ostreambuf_iterator<wchar_t, std::char_traits<wchar_t> > >::id
001e1998 00000004 V std::__timepunct<wchar_t>::id
001e199c 00000004 V std::numpunct<wchar_t>::id
001e19a0 00000004 V std::moneypunct<wchar_t, true>::id
001e19a4 00000004 V std::moneypunct<wchar_t, false>::id
001e19a8 00000004 V std::money_put<wchar_t, std::ostreambuf_iterator<wchar_t, std::char_traits<wchar_t> > >::id
001e19ac 00000004 V std::money_get<wchar_t, std::istreambuf_iterator<wchar_t, std::char_traits<wchar_t> > >::id
001e19b0 00000004 V std::num_put<wchar_t, std::ostreambuf_iterator<wchar_t, std::char_traits<wchar_t> > >::id
001e19b4 00000004 V std::num_get<wchar_t, std::istreambuf_iterator<wchar_t, std::char_traits<wchar_t> > >::id
001e19b8 0000001c b (anonymous namespace)::emergency_pool
001e19d4 00000004 b init
001e19d8 00000001 B __eh_globals_init::_S_init
001e19dc 0000000c b (anonymous namespace)::eh_globals
001e19e8 00000004 b (anonymous namespace)::get_static_cond()::once
001e19f0 00000008 b (anonymous namespace)::fake_cond
001e19f8 00000004 b (anonymous namespace)::static_cond
001e19fc 00000004 b (anonymous namespace)::get_static_mutex()::once
001e1a00 00000010 b (anonymous namespace)::fake_mutex
001e1a10 00000004 b (anonymous namespace)::static_mutex
001e1a14 00000004 b (anonymous namespace)::__new_handler
001e1a18 00000004 B std::codecvt<wchar_t, char, _mbstate_t>::id
001e1a1c 00000004 B std::codecvt<char, char, _mbstate_t>::id
001e1a20 00000004 B std::codecvt<char32_t, char8_t, _mbstate_t>::id
001e1a24 00000004 B std::codecvt<char16_t, char8_t, _mbstate_t>::id
001e1a28 00000004 B std::codecvt<char32_t, char, _mbstate_t>::id
001e1a2c 00000004 B std::codecvt<char16_t, char, _mbstate_t>::id
001e1a30 00000010 b std::(anonymous namespace)::messages_w
001e1a40 00000008 b std::(anonymous namespace)::time_get_w
001e1a48 00000008 b std::(anonymous namespace)::money_put_w
001e1a50 00000008 b std::(anonymous namespace)::money_get_w
001e1a58 0000000c b std::(anonymous namespace)::moneypunct_wf
001e1a64 0000000c b std::(anonymous namespace)::moneypunct_wt
001e1a70 0000000c b std::(anonymous namespace)::numpunct_w
001e1a7c 0000000c b std::(anonymous namespace)::collate_w
001e1a88 00000010 b std::(anonymous namespace)::messages_c
001e1a98 00000008 b std::(anonymous namespace)::time_get_c
001e1aa0 00000008 b std::(anonymous namespace)::money_put_c
001e1aa8 00000008 b std::(anonymous namespace)::money_get_c
001e1ab0 0000000c b std::(anonymous namespace)::moneypunct_cf
001e1abc 0000000c b std::(anonymous namespace)::moneypunct_ct
001e1ac8 0000000c b std::(anonymous namespace)::numpunct_c
001e1ad4 0000000c b std::(anonymous namespace)::collate_c
001e1ae0 00000004 B std::ctype<wchar_t>::id
001e1ae4 00000004 B std::ctype<char>::id
001e1ae8 00000004 V guard variable for std::__cxx11::collate<char>::id
001e1aec 00000004 V guard variable for std::__cxx11::messages<char>::id
001e1af0 00000004 V guard variable for std::__cxx11::time_get<char, std::istreambuf_iterator<char, std::char_traits<char> > >::id
001e1af4 00000004 V guard variable for std::__cxx11::numpunct<char>::id
001e1af8 00000004 V guard variable for std::__cxx11::moneypunct<char, true>::id
001e1afc 00000004 V guard variable for std::__cxx11::moneypunct<char, false>::id
001e1b00 00000004 V guard variable for std::__cxx11::money_put<char, std::ostreambuf_iterator<char, std::char_traits<char> > >::id
001e1b04 00000004 V guard variable for std::__cxx11::money_get<char, std::istreambuf_iterator<char, std::char_traits<char> > >::id
001e1b08 00000004 V std::__cxx11::collate<char>::id
001e1b0c 00000004 V std::__cxx11::messages<char>::id
001e1b10 00000004 V std::__cxx11::time_get<char, std::istreambuf_iterator<char, std::char_traits<char> > >::id
001e1b14 00000004 V std::__cxx11::numpunct<char>::id
001e1b18 00000004 V std::__cxx11::moneypunct<char, true>::id
001e1b1c 00000004 V std::__cxx11::moneypunct<char, false>::id
001e1b20 00000004 V std::__cxx11::money_put<char, std::ostreambuf_iterator<char, std::char_traits<char> > >::id
001e1b24 00000004 V std::__cxx11::money_get<char, std::istreambuf_iterator<char, std::char_traits<char> > >::id
001e1b28 00000004 B _timezone
001e1b2c 00000004 B _daylight
001e1b30 00000004 b __tz_mutex
001e1b34 000000e0 b saved_categories.0
001e1c14 000000e0 b new_categories.1
001e1cf4 00000028 B __malloc_current_mallinfo
001e1d1c 00000004 B __malloc_max_total_mem
001e1d20 00000004 B __malloc_max_sbrked_mem
001e1d24 00000004 B __malloc_top_pad
001e1d28 0000000c b __sfp_recursive_mutex
001e1d38 00000168 B __sf
001e1ea0 00000004 B __stdio_exit_handler
001e1ea4 0000000c b __malloc_recursive_mutex
001e1eb0 00000004 b prev_tzenv
001e1eb4 0000000c b __tzname_dst
001e1ec0 0000000c b __tzname_std
001e1ecc 0000000c b __env_recursive_mutex
001e1ed8 00000004 b initial_env
001e1edc 00000400 b temp_cwd
001e22dc 00000004 b __hndl_lock
001e22e0 00000004 B fake_heap_start
001e22e4 00000004 B fake_heap_end
001e22e8 00000004 b __pthread_once_cv
001e22ec 00000004 b __pthread_once_lock
001e22f0 00000004 b heap_start.0
001e22f4 B __tls_start
001e2efc B __bss_end__
001e2efc A __end__
001e2efc B __tls_end
001f1d84 N 
001f1d84 N 
001f1d84 N 
001f1d84 N 
001f1d84 N 
001f1d84 N 
001f1d84 N 
001f1d84 N 
001f1d84 N 
001f1d84 N 
001f1d84 N 
001f1d84 N 
001f1d84 N 
001f1d84 N 
001f1d84 N 
001f1d84 N 
001f1d84 N 
001f1d84 N 
001f1d84 N 
001f1d84 N 
001f1d84 N 
001f1d84 N 
001f1d84 N 
001f1d84 N 
001f1d84 N 
001f1d84 N 
001f1d84 N 
001f1d84 N 
001f1d84 N 
001f1d84 N 
001f1d84 N 
001f1d84 N 
001f1d84 W KoreanMemoryRule.cpp.e3fcab64
0020243f N 
0020243f N 
0020243f N 
0020243f N 
0020243f N 
0020243f N 
0020243f N 
0020243f N 
0020243f N 
0020243f N 
0020243f N 
0020243f N 
0020243f N 
0020243f N 
0020243f N 
0020243f N 
0020243f N 
0020243f N 
0020243f N 
0020243f N 
0020243f N 
0020243f N 
0020243f N 
0020243f N 
0020243f N 
0020243f N 
0020243f N 
0020243f N 
0020243f N 
0020243f N 
0020243f N 
0020243f N 
0020243f W KoreanSMS32KB2000MemoryRule.cpp.cd3af6c6
00212b09 N 
00212b09 N 
00212b09 N 
00212b09 N 
00212b09 N 
00212b09 N 
00212b09 N 
00212b09 N 
00212b09 N 
00212b09 N 
00212b09 N 
00212b09 N 
00212b09 N 
00212b09 N 
00212b09 N 
00212b09 N 
00212b09 N 
00212b09 N 
00212b09 N 
00212b09 N 
00212b09 N 
00212b09 N 
00212b09 N 
00212b09 N 
00212b09 N 
00212b09 N 
00212b09 N 
00212b09 N 
00212b09 N 
00212b09 N 
00212b09 N 
00212b09 N 
00212b09 W MSXMemoryRule.cpp.73d4a1fc
00223228 N 
00223228 N 
00223228 N 
00223228 N 
00223228 N 
00223228 N 
00223228 N 
00223228 N 
00223228 N 
00223228 N 
00223228 N 
00223228 N 
00223228 N 
00223228 N 
00223228 N 
00223228 N 
00223228 N 
00223228 N 
00223228 N 
00223228 N 
00223228 N 
00223228 N 
00223228 N 
00223228 N 
00223228 N 
00223228 N 
00223228 N 
00223228 N 
00223228 N 
00223228 N 
00223228 N 
00223228 N 
00223228 N 
00223228 N 
00223228 N 
00223228 N 
00223228 N 
00223228 N 
00223228 N 
00223228 N 
00223228 N 
00223228 N 
00223228 N 
00223228 N 
00223228 N 
00223228 N 
00223228 N 
00223228 N 
00223228 N 
00223228 N 
00223228 N 
00223228 N 
00223228 N 
00223228 N 
00223228 N 
00223228 N 
00223228 N 
00223228 N 
00223228 N 
00223228 N 
00223228 N 
00223228 N 
00223228 N 
00223228 N 
00223228 N 
00223228 N 
00223228 N 
00223228 N 
00223228 N 
00223228 N 
00223228 N 
00223228 N 
00223228 N 
00223228 N 
00223228 N 
00223228 N 
00223228 N 
00223228 N 
00223228 N 
00223228 N 
00223228 N 
00223228 N 
00223228 N 
00223228 N 
00223228 W Memory.cpp.1b7d333c
002384b2 N 
002384b2 N 
002384b2 N 
002384b2 N 
002384b2 N 
002384b2 N 
002384b2 N 
002384b2 N 
002384b2 N 
002384b2 N 
002384b2 N 
002384b2 N 
002384b2 N 
002384b2 N 
002384b2 N 
002384b2 N 
002384b2 N 
002384b2 N 
002384b2 N 
002384b2 N 
002384b2 N 
002384b2 N 
002384b2 N 
002384b2 N 
002384b2 N 
002384b2 N 
002384b2 N 
002384b2 N 
002384b2 N 
002384b2 N 
002384b2 N 
002384b2 N 
002384b2 N 
002384b2 N 
002384b2 N 
002384b2 W MemoryRule.cpp.8b3d8f66
0023b2a3 N 
0023b2a3 N 
0023b2a3 N 
0023b2a3 N 
0023b2a3 N 
0023b2a3 N 
0023b2a3 N 
0023b2a3 N 
0023b2a3 N 
0023b2a3 N 
0023b2a3 N 
0023b2a3 N 
0023b2a3 N 
0023b2a3 N 
0023b2a3 N 
0023b2a3 N 
0023b2a3 N 
0023b2a3 N 
0023b2a3 N 
0023b2a3 N 
0023b2a3 N 
0023b2a3 N 
0023b2a3 N 
0023b2a3 N 
0023b2a3 N 
0023b2a3 N 
0023b2a3 N 
0023b2a3 N 
0023b2a3 N 
0023b2a3 N 
0023b2a3 N 
0023b2a3 N 
0023b2a3 W Multi4PAKAllActionMemoryRule.cpp.147969bf
0024b96d N 
0024b96d N 
0024b96d N 
0024b96d N 
0024b96d N 
0024b96d N 
0024b96d N 
0024b96d N 
0024b96d N 
0024b96d N 
0024b96d N 
0024b96d N 
0024b96d N 
0024b96d N 
0024b96d N 
0024b96d N 
0024b96d N 
0024b96d N 
0024b96d N 
0024b96d N 
0024b96d N 
0024b96d N 
0024b96d N 
0024b96d N 
0024b96d N 
0024b96d N 
0024b96d N 
0024b96d N 
0024b96d N 
0024b96d N 
0024b96d N 
0024b96d N 
0024b96d N 
0024b96d N 
0024b96d N 
0024b96d N 
0024b96d N 
0024b96d N 
0024b96d N 
0024b96d N 
0024b96d N 
0024b96d N 
0024b96d N 
0024b96d N 
0024b96d N 
0024b96d N 
0024b96d N 
0024b96d N 
0024b96d N 
0024b96d N 
0024b96d N 
0024b96d N 
0024b96d N 
0024b96d N 
0024b96d N 
0024b96d N 
0024b96d N 
0024b96d N 
0024b96d N 
0024b96d N 
0024b96d N 
0024b96d N 
0024b96d N 
0024b96d N 
0024b96d N 
0024b96d N 
0024b96d N 
0024b96d N 
0024b96d N 
0024b96d N 
0024b96d N 
0024b96d N 
0024b96d N 
0024b96d N 
0024b96d N 
0024b96d N 
0024b96d N 
0024b96d N 
0024b96d N 
0024b96d N 
0024b96d N 
0024b96d N 
0024b96d N 
0024b96d N 
0024b96d N 
0024b96d N 
0024b96d N 
0024b96d N 
0024b96d N 
0024b96d N 
0024b96d N 
0024b96d N 
0024b96d N 
0024b96d N 
0024b96d N 
0024b96d N 
0024b96d N 
0024b96d W Processor.cpp.026df796
00262eab N 
00262eab N 
00262eab N 
00262eab N 
00262eab N 
00262eab N 
00262eab N 
00262eab N 
00262eab N 
00262eab N 
00262eab N 
00262eab N 
00262eab N 
00262eab N 
00262eab N 
00262eab N 
00262eab N 
00262eab N 
00262eab N 
00262eab N 
00262eab N 
00262eab N 
00262eab N 
00262eab N 
00262eab N 
00262eab N 
00262eab N 
00262eab N 
00262eab W RomOnlyMemoryRule.cpp.e9c8c1d3
002733eb N 
002733eb N 
002733eb N 
002733eb N 
002733eb N 
002733eb N 
002733eb N 
002733eb N 
002733eb N 
002733eb N 
002733eb N 
002733eb N 
002733eb N 
002733eb N 
002733eb N 
002733eb N 
002733eb N 
002733eb N 
002733eb N 
002733eb N 
002733eb N 
002733eb N 
002733eb N 
002733eb N 
002733eb N 
002733eb N 
002733eb N 
002733eb N 
002733eb N 
002733eb W SG1000MemoryRule.cpp.fc964886
0028393a N 
0028393a N 
0028393a N 
0028393a N 
0028393a N 
0028393a N 
0028393a N 
0028393a N 
0028393a N 
0028393a N 
0028393a N 
0028393a N 
0028393a N 
0028393a N 
0028393a N 
0028393a N 
0028393a N 
0028393a N 
0028393a N 
0028393a N 
0028393a N 
0028393a N 
0028393a N 
0028393a N 
0028393a N 
0028393a N 
0028393a N 
0028393a N 
0028393a N 
0028393a N 
0028393a N 
0028393a N 
0028393a N 
0028393a N 
0028393a N 
0028393a N 
0028393a N 
0028393a N 
0028393a N 
0028393a W SegaMemoryRule.cpp.280cd215
0029544f N 
0029544f N 
0029544f N 
0029544f N 
0029544f N 
0029544f N 
0029544f N 
0029544f N 
0029544f N 
0029544f N 
0029544f N 
0029544f N 
0029544f N 
0029544f N 
0029544f N 
0029544f N 
0029544f N 
0029544f N 
0029544f N 
0029544f N 
0029544f N 
0029544f N 
0029544f N 
0029544f N 
0029544f N 
0029544f N 
0029544f N 
0029544f N 
0029544f N 
0029544f N 
0029544f N 
0029544f N 
0029544f N 
0029544f N 
0029544f N 
0029544f W SmsIOPorts.cpp.e1587330
002ac3fe N 
002ac3fe N 
002ac3fe N 
002ac3fe N 
002ac3fe N 
002ac3fe N 
002ac3fe N 
002ac3fe N 
002ac3fe N 
002ac3fe N 
002ac3fe N 
002ac3fe N 
002ac3fe N 
002ac3fe N 
002ac3fe N 
002ac3fe N 
002ac3fe N 
002ac3fe N 
002ac3fe N 
002ac3fe N 
002ac3fe N 
002ac3fe N 
002ac3fe N 
002ac3fe N 
002ac3fe N 
002ac3fe N 
002ac3fe N 
002ac3fe N 
002ac3fe W TraceLogger.cpp.00d12b87
002aeb24 N 
002aeb24 N 
002aeb24 N 
002aeb24 N 
002aeb24 N 
002aeb24 N 
002aeb24 N 
002aeb24 N 
002aeb24 N 
002aeb24 N 
002aeb24 N 
002aeb24 N 
002aeb24 N 
002aeb24 N 
002aeb24 N 
002aeb24 N 
002aeb24 N 
002aeb24 N 
002aeb24 N 
002aeb24 N 
002aeb24 N 
002aeb24 N 
002aeb24 N 
002aeb24 N 
002aeb24 N 
002aeb24 N 
002aeb24 N 
002aeb24 N 
002aeb24 N 
002aeb24 N 
002aeb24 N 
002aeb24 N 
002aeb24 N 
002aeb24 N 
002aeb24 N 
002aeb24 N 
002aeb24 N 
002aeb24 N 
002aeb24 N 
002aeb24 N 
002aeb24 N 
002aeb24 N 
002aeb24 N 
002aeb24 N 
002aeb24 N 
002aeb24 N 
002aeb24 N 
002aeb24 N 
002aeb24 N 
002aeb24 N 
002aeb24 N 
002aeb24 N 
002aeb24 N 
002aeb24 N 
002aeb24 N 
002aeb24 W VgmRecorder.cpp.3da4773c
002b7b0e N 
002b7b0e N 
002b7b0e N 
002b7b0e N 
002b7b0e N 
002b7b0e N 
002b7b0e N 
002b7b0e N 
002b7b0e N 
002b7b0e N 
002b7b0e N 
002b7b0e N 
002b7b0e N 
002b7b0e N 
002b7b0e N 
002b7b0e N 
002b7b0e N 
002b7b0e N 
002b7b0e N 
002b7b0e N 
002b7b0e N 
002b7b0e N 
002b7b0e N 
002b7b0e N 
002b7b0e N 
002b7b0e N 
002b7b0e N 
002b7b0e N 
002b7b0e N 
002b7b0e N 
002b7b0e N 
002b7b0e N 
002b7b0e N 
002b7b0e N 
002b7b0e N 
002b7b0e N 
002b7b0e N 
002b7b0e N 
002b7b0e N 
002b7b0e N 
002b7b0e N 
002b7b0e N 
002b7b0e N 
002b7b0e N 
002b7b0e N 
002b7b0e N 
002b7b0e N 
002b7b0e N 
002b7b0e N 
002b7b0e N 
002b7b0e N 
002b7b0e N 
002b7b0e N 
002b7b0e N 
002b7b0e N 
002b7b0e N 
002b7b0e N 
002b7b0e N 
002b7b0e N 
002b7b0e N 
002b7b0e N 
002b7b0e N 
002b7b0e N 
002b7b0e N 
002b7b0e N 
002b7b0e N 
002b7b0e N 
002b7b0e N 
002b7b0e N 
002b7b0e W Video.cpp.9445b58f
002c9ef7 N 
002c9ef7 N 
002c9ef7 N 
002c9ef7 N 
002c9ef7 N 
002c9ef7 N 
002c9ef7 N 
002c9ef7 N 
002c9ef7 N 
002c9ef7 N 
002c9ef7 N 
002c9ef7 N 
002c9ef7 N 
002c9ef7 N 
002c9ef7 N 
002c9ef7 N 
002c9ef7 N 
002c9ef7 N 
002c9ef7 N 
002c9ef7 N 
002c9ef7 N 
002c9ef7 N 
002c9ef7 N 
002c9ef7 N 
002c9ef7 N 
002c9ef7 N 
002c9ef7 N 
002c9ef7 N 
002c9ef7 N 
002c9ef7 N 
002c9ef7 N 
002c9ef7 N 
002c9ef7 W YM2413.cpp.01fd5c60
002cc99c N 
002cc99c N 
002cc99c N 
002cc99c N 
002cc99c N 
002cc99c N 
002cc99c N 
002cc99c N 
002cc99c N 
002cc99c N 
002cc99c N 
002cc99c N 
002cc99c N 
002cc99c N 
002cc99c N 
002cc99c N 
002cc99c N 
002cc99c N 
002cc99c N 
002cc99c N 
002cc99c N 
002cc99c N 
002cc99c N 
002cc99c N 
002cc99c N 
002cc99c N 
002cc99c N 
002cc99c N 
002cc99c N 
002cc99c N 
002cc99c N 
002cc99c N 
002cc99c N 
002cc99c N 
002cc99c N 
002cc99c N 
002cc99c N 
002cc99c N 
002cc99c N 
002cc99c N 
002cc99c N 
002cc99c N 
002cc99c N 
002cc99c N 
002cc99c N 
002cc99c N 
002cc99c N 
002cc99c N 
002cc99c N 
002cc99c N 
002cc99c N 
002cc99c N 
002cc99c N 
002cc99c N 
002cc99c N 
002cc99c N 
002cc99c N 
002cc99c N 
002cc99c N 
002cc99c N 
002cc99c N 
002cc99c N 
002cc99c N 
002cc99c N 
002cc99c N 
002cc99c N 
002cc99c N 
002cc99c N 
002cc99c N 
002cc99c N 
002cc99c N 
002cc99c N 
002cc99c N 
002cc99c N 
002cc99c N 
002cc99c N 
002cc99c N 
002cc99c N 
002cc99c N 
002cc99c N 
002cc99c N 
002cc99c N 
002cc99c N 
002cc99c N 
002cc99c N 
002cc99c N 
002cc99c N 
002cc99c N 
002cc99c N 
002cc99c N 
002cc99c N 
002cc99c N 
002cc99c N 
002cc99c N 
002cc99c N 
002cc99c N 
002cc99c N 
002cc99c N 
002cc99c N 
002cc99c N 
002cc99c N 
002cc99c N 
002cc99c N 
002cc99c N 
002cc99c N 
002cc99c N 
002cc99c N 
002cc99c N 
002cc99c N 
002cc99c N 
002cc99c N 
002cc99c N 
002cc99c N 
002cc99c N 
002cc99c N 
002cc99c N 
002cc99c N 
002cc99c N 
002cc99c N 
002cc99c N 
002cc99c N 
002cc99c N 
002cc99c N 
002cc99c N 
002cc99c N 
002cc99c N 
002cc99c N 
002cc99c N 
002cc99c N 
002cc99c N 
002cc99c N 
002cc99c N 
002cc99c N 
002cc99c N 
002cc99c N 
002cc99c N 
002cc99c N 
002cc99c N 
002cc99c N 
002cc99c N 
002cc99c N 
002cc99c N 
002cc99c N 
002cc99c N 
002cc99c N 
002cc99c N 
002cc99c N 
002cc99c N 
002cc99c N 
002cc99c N 
002cc99c N 
002cc99c N 
002cc99c N 
002cc99c N 
002cc99c N 
002cc99c N 
002cc99c N 
002cc99c N 
002cc99c N 
002cc99c N 
002cc99c N 
002cc99c N 
002cc99c N 
002cc99c N 
002cc99c N 
002cc99c N 
002cc99c N 
002cc99c N 
002cc99c N 
002cc99c N 
002cc99c N 
002cc99c N 
002cc99c N 
002cc99c N 
002cc99c N 
002cc99c N 
002cc99c N 
002cc99c N 
002cc99c N 
002cc99c N 
002cc99c N 
002cc99c N 
002cc99c N 
002cc99c N 
002cc99c N 
002cc99c N 
002cc99c N 
002cc99c N 
002cc99c N 
002cc99c N 
002cc99c N 
002cc99c N 
002cc99c N 
002cc99c N 
002cc99c N 
002cc99c N 
002cc99c N 
002cc99c N 
002cc99c N 
002cc99c N 
002cc99c N 
002cc99c N 
002cc99c N 
002cc99c N 
002cc99c N 
002cc99c N 
002cc99c N 
002cc99c N 
002cc99c N 
002cc99c N 
002cc99c N 
002cc99c N 
002cc99c N 
002cc99c N 
002cc99c N 
002cc99c N 
002cc99c N 
002cc99c N 
002cc99c N 
002cc99c N 
002cc99c N 
002cc99c N 
002cc99c N 
002cc99c N 
002cc99c N 
002cc99c N 
002cc99c N 
002cc99c N 
002cc99c N 
002cc99c N 
002cc99c N 
002cc99c N 
002cc99c N 
002cc99c N 
002cc99c N 
002cc99c N 
002cc99c N 
002cc99c N 
002cc99c N 
002cc99c N 
002cc99c N 
002cc99c N 
002cc99c N 
002cc99c N 
002cc99c N 
002cc99c N 
002cc99c N 
002cc99c N 
002cc99c N 
002cc99c N 
002cc99c N 
002cc99c N 
002cc99c N 
002cc99c N 
002cc99c N 
002cc99c N 
002cc99c N 
002cc99c N 
002cc99c N 
002cc99c N 
002cc99c N 
002cc99c N 
002cc99c N 
002cc99c N 
002cc99c N 
002cc99c N 
002cc99c N 
002cc99c N 
002cc99c N 
002cc99c N 
002cc99c N 
002cc99c N 
002cc99c N 
002cc99c N 
002cc99c N 
002cc99c N 
002cc99c N 
002cc99c N 
002cc99c N 
002cc99c N 
002cc99c N 
002cc99c N 
002cc99c N 
002cc99c N 
002cc99c N 
002cc99c N 
002cc99c N 
002cc99c N 
002cc99c N 
002cc99c N 
002cc99c N 
002cc99c N 
002cc99c N 
002cc99c N 
002cc99c N 
002cc99c N 
002cc99c N 
002cc99c N 
002cc99c N 
002cc99c N 
002cc99c N 
002cc99c N 
002cc99c N 
002cc99c N 
002cc99c N 
002cc99c N 
002cc99c N 
002cc99c N 
002cc99c N 
002cc99c N 
002cc99c N 
002cc99c N 
002cc99c N 
002cc99c N 
002cc99c N 
002cc99c N 
002cc99c N 
002cc99c N 
002cc99c N 
002cc99c N 
002cc99c W opcodes.cpp.e915d977
002df6c3 N 
002df6c3 N 
002df6c3 N 
002df6c3 N 
002df6c3 N 
002df6c3 N 
002df6c3 N 
002df6c3 N 
002df6c3 N 
002df6c3 N 
002df6c3 N 
002df6c3 N 
002df6c3 N 
002df6c3 N 
002df6c3 N 
002df6c3 N 
002df6c3 N 
002df6c3 N 
002df6c3 N 
002df6c3 N 
002df6c3 N 
002df6c3 N 
002df6c3 N 
002df6c3 N 
002df6c3 N 
002df6c3 N 
002df6c3 N 
002df6c3 N 
002df6c3 N 
002df6c3 N 
002df6c3 N 
002df6c3 N 
002df6c3 N 
002df6c3 N 
002df6c3 N 
002df6c3 N 
002df6c3 N 
002df6c3 N 
002df6c3 N 
002df6c3 N 
002df6c3 N 
002df6c3 N 
002df6c3 N 
002df6c3 N 
002df6c3 N 
002df6c3 N 
002df6c3 N 
002df6c3 N 
002df6c3 N 
002df6c3 N 
002df6c3 N 
002df6c3 N 
002df6c3 N 
002df6c3 N 
002df6c3 N 
002df6c3 N 
002df6c3 N 
002df6c3 N 
002df6c3 N 
002df6c3 N 
002df6c3 N 
002df6c3 N 
002df6c3 N 
002df6c3 N 
002df6c3 N 
002df6c3 N 
002df6c3 N 
002df6c3 N 
002df6c3 N 
002df6c3 N 
002df6c3 N 
002df6c3 N 
002df6c3 N 
002df6c3 N 
002df6c3 N 
002df6c3 N 
002df6c3 N 
002df6c3 N 
002df6c3 N 
002df6c3 N 
002df6c3 N 
002df6c3 N 
002df6c3 N 
002df6c3 N 
002df6c3 N 
002df6c3 N 
002df6c3 N 
002df6c3 N 
002df6c3 N 
002df6c3 N 
002df6c3 N 
002df6c3 N 
002df6c3 N 
002df6c3 N 
002df6c3 N 
002df6c3 N 
002df6c3 N 
002df6c3 N 
002df6c3 N 
002df6c3 N 
002df6c3 N 
002df6c3 N 
002df6c3 N 
002df6c3 N 
002df6c3 N 
002df6c3 N 
002df6c3 N 
002df6c3 N 
002df6c3 N 
002df6c3 N 
002df6c3 N 
002df6c3 N 
002df6c3 N 
002df6c3 N 
002df6c3 N 
002df6c3 N 
002df6c3 N 
002df6c3 N 
002df6c3 N 
002df6c3 N 
002df6c3 N 
002df6c3 N 
002df6c3 N 
002df6c3 N 
002df6c3 N 
002df6c3 N 
002df6c3 N 
002df6c3 N 
002df6c3 N 
002df6c3 N 
002df6c3 N 
002df6c3 N 
002df6c3 N 
002df6c3 N 
002df6c3 N 
002df6c3 N 
002df6c3 N 
002df6c3 N 
002df6c3 N 
002df6c3 N 
002df6c3 N 
002df6c3 N 
002df6c3 N 
002df6c3 N 
002df6c3 N 
002df6c3 N 
002df6c3 N 
002df6c3 N 
002df6c3 N 
002df6c3 N 
002df6c3 N 
002df6c3 N 
002df6c3 N 
002df6c3 N 
002df6c3 N 
002df6c3 N 
002df6c3 N 
002df6c3 N 
002df6c3 N 
002df6c3 N 
002df6c3 N 
002df6c3 N 
002df6c3 N 
002df6c3 N 
002df6c3 N 
002df6c3 N 
002df6c3 N 
002df6c3 N 
002df6c3 N 
002df6c3 N 
002df6c3 N 
002df6c3 N 
002df6c3 N 
002df6c3 N 
002df6c3 N 
002df6c3 N 
002df6c3 N 
002df6c3 N 
002df6c3 N 
002df6c3 N 
002df6c3 N 
002df6c3 N 
002df6c3 N 
002df6c3 N 
002df6c3 N 
002df6c3 N 
002df6c3 N 
002df6c3 N 
002df6c3 N 
002df6c3 N 
002df6c3 N 
002df6c3 N 
002df6c3 N 
002df6c3 N 
002df6c3 N 
002df6c3 N 
002df6c3 N 
002df6c3 N 
002df6c3 N 
002df6c3 N 
002df6c3 N 
002df6c3 N 
002df6c3 N 
002df6c3 N 
002df6c3 N 
002df6c3 N 
002df6c3 N 
002df6c3 N 
002df6c3 N 
002df6c3 N 
002df6c3 N 
002df6c3 N 
002df6c3 N 
002df6c3 N 
002df6c3 N 
002df6c3 N 
002df6c3 N 
002df6c3 N 
002df6c3 N 
002df6c3 N 
002df6c3 N 
002df6c3 N 
002df6c3 N 
002df6c3 N 
002df6c3 N 
002df6c3 N 
002df6c3 N 
002df6c3 N 
002df6c3 N 
002df6c3 N 
002df6c3 N 
002df6c3 N 
002df6c3 N 
002df6c3 N 
002df6c3 N 
002df6c3 N 
002df6c3 N 
002df6c3 N 
002df6c3 N 
002df6c3 N 
002df6c3 N 
002df6c3 N 
002df6c3 N 
002df6c3 N 
002df6c3 N 
002df6c3 N 
002df6c3 N 
002df6c3 N 
002df6c3 N 
002df6c3 N 
002df6c3 N 
002df6c3 N 
002df6c3 N 
002df6c3 N 
002df6c3 N 
002df6c3 N 
002df6c3 N 
002df6c3 N 
002df6c3 N 
002df6c3 N 
002df6c3 N 
002df6c3 N 
002df6c3 N 
002df6c3 N 
002df6c3 N 
002df6c3 N 
002df6c3 N 
002df6c3 N 
002df6c3 N 
002df6c3 N 
002df6c3 N 
002df6c3 N 
002df6c3 N 
002df6c3 N 
002df6c3 N 
002df6c3 N 
002df6c3 N 
002df6c3 N 
002df6c3 N 
002df6c3 N 
002df6c3 N 
002df6c3 N 
002df6c3 N 
002df6c3 N 
002df6c3 N 
002df6c3 N 
002df6c3 N 
002df6c3 N 
002df6c3 N 
002df6c3 N 
002df6c3 N 
002df6c3 N 
002df6c3 N 
002df6c3 N 
002df6c3 N 
002df6c3 N 
002df6c3 N 
002df6c3 N 
002df6c3 N 
002df6c3 N 
002df6c3 N 
002df6c3 N 
002df6c3 N 
002df6c3 W opcodes_cb.cpp.82546b14
002f19d4 N 
002f19d4 N 
002f19d4 N 
002f19d4 N 
002f19d4 N 
002f19d4 N 
002f19d4 N 
002f19d4 N 
002f19d4 N 
002f19d4 N 
002f19d4 N 
002f19d4 N 
002f19d4 N 
002f19d4 N 
002f19d4 N 
002f19d4 N 
002f19d4 N 
002f19d4 N 
002f19d4 N 
002f19d4 N 
002f19d4 N 
002f19d4 N 
002f19d4 N 
002f19d4 N 
002f19d4 N 
002f19d4 N 
002f19d4 N 
002f19d4 N 
002f19d4 N 
002f19d4 N 
002f19d4 N 
002f19d4 N 
002f19d4 N 
002f19d4 N 
002f19d4 N 
002f19d4 N 
002f19d4 N 
002f19d4 N 
002f19d4 N 
002f19d4 N 
002f19d4 N 
002f19d4 N 
002f19d4 N 
002f19d4 N 
002f19d4 N 
002f19d4 N 
002f19d4 N 
002f19d4 N 
002f19d4 N 
002f19d4 N 
002f19d4 N 
002f19d4 N 
002f19d4 N 
002f19d4 N 
002f19d4 N 
002f19d4 N 
002f19d4 N 
002f19d4 N 
002f19d4 N 
002f19d4 N 
002f19d4 N 
002f19d4 N 
002f19d4 N 
002f19d4 N 
002f19d4 N 
002f19d4 N 
002f19d4 N 
002f19d4 N 
002f19d4 N 
002f19d4 N 
002f19d4 N 
002f19d4 N 
002f19d4 N 
002f19d4 N 
002f19d4 N 
002f19d4 N 
002f19d4 N 
002f19d4 N 
002f19d4 N 
002f19d4 N 
002f19d4 N 
002f19d4 N 
002f19d4 N 
002f19d4 N 
002f19d4 N 
002f19d4 N 
002f19d4 N 
002f19d4 N 
002f19d4 N 
002f19d4 N 
002f19d4 N 
002f19d4 N 
002f19d4 N 
002f19d4 N 
002f19d4 N 
002f19d4 N 
002f19d4 N 
002f19d4 N 
002f19d4 N 
002f19d4 N 
002f19d4 N 
002f19d4 N 
002f19d4 N 
002f19d4 N 
002f19d4 N 
002f19d4 N 
002f19d4 N 
002f19d4 N 
002f19d4 N 
002f19d4 N 
002f19d4 N 
002f19d4 N 
002f19d4 N 
002f19d4 N 
002f19d4 N 
002f19d4 N 
002f19d4 N 
002f19d4 N 
002f19d4 N 
002f19d4 N 
002f19d4 N 
002f19d4 N 
002f19d4 N 
002f19d4 W opcodes_ed.cpp.59c1ccd6
0030299d N 
0030299d N 
0030299d N 
0030299d N 
0030299d N 
0030299d N 
0030299d N 
0030299d N 
0030299d N 
0030299d N 
0030299d N 
0030299d N 
0030299d N 
0030299d N 
0030299d N 
0030299d N 
0030299d N 
0030299d N 
0030299d N 
0030299d N 
0030299d N 
0030299d N 
0030299d N 
0030299d N 
0030299d N 
0030299d N 
0030299d N 
0030299d N 
0030299d N 
0030299d N 
0030299d N 
0030299d N 
0030299d N 
0030299d N 
0030299d N 
0030299d N 
0030299d N 
0030299d N 
0030299d N 
0030299d N 
0030299d N 
0030299d N 
0030299d N 
0030299d W Blip_Buffer.cpp.5ae9871a
0030573a N 
0030573a N 
0030573a N 
0030573a N 
0030573a N 
0030573a N 
0030573a N 
0030573a N 
0030573a N 
0030573a N 
0030573a N 
0030573a N 
0030573a N 
0030573a N 
0030573a N 
0030573a N 
0030573a N 
0030573a N 
0030573a N 
0030573a N 
0030573a N 
0030573a N 
0030573a N 
0030573a N 
0030573a N 
0030573a N 
0030573a N 
0030573a N 
0030573a N 
0030573a N 
0030573a N 
0030573a N 
0030573a N 
0030573a N 
0030573a N 
0030573a N 
0030573a N 
0030573a N 
0030573a N 
0030573a N 
0030573a N 
0030573a N 
0030573a N 
0030573a N 
0030573a N 
0030573a N 
0030573a N 
0030573a N 
0030573a W Sms_Apu.cpp.fcc42812
00309a4e N 
00309a4e N 
00309a4e N 
00309a4e N 
00309a4e N 
00309a4e N 
00309a4e N 
00309a4e N 
00309a4e N 
00309a4e N 
00309a4e N 
00309a4e N 
00309a4e N 
00309a4e N 
00309a4e N 
00309a4e N 
00309a4e N 
00309a4e N 
00309a4e N 
00309a4e N 
00309a4e N 
00309a4e N 
00309a4e N 
00309a4e N 
00309a4e N 
00309a4e N 
00309a4e N 
00309a4e N 
00309a4e N 
00309a4e N 
00309a4e W Stereo_Buffer.cpp.b447c456
0030ca3a N 
0030ca3a N 
0030ca3a N 
0030ca3a N 
0030ca3a N 
0030ca3a N 
0030ca3a N 
0030ca3a N 
0030ca3a N 
0030ca3a N 
0030ca3a N 
0030ca3a N 
0030ca3a N 
0030ca3a N 
0030ca3a N 
0030ca3a N 
0030ca3a N 
0030ca3a N 
0030ca3a N 
0030ca3a N 
0030ca3a N 
0030ca3a N 
0030ca3a N 
0030ca3a N 
0030ca3a N 
0030ca3a N 
0030ca3a N 
0030ca3a N 
0030ca3a N 
0030ca3a N 
0030ca3a N 
0030ca3a N 
0030ca3a N 
0030ca3a N 
0030ca3a N 
0030ca3a N 
0030ca3a N 
0030ca3a N 
0030ca3a N 
0030ca3a N 
0030ca3a N 
0030ca3a N 
0030ca3a N 
0030ca3a N 
0030ca3a N 
0030ca3a N 
0030ca3a N 
0030ca3a N 
0030ca3a W emu2413.c.462d6bf5
0030d6f2 N 
0030d6f2 N 
0030d6f2 N 
0030d6f2 N 
0030d6f2 N 
0030d6f2 N 
0030d6f2 N 
0030d6f2 N 
0030d6f2 N 
0030d6f2 N 
0030d6f2 N 
0030d6f2 N 
0030d6f2 N 
0030d6f2 N 
0030d6f2 N 
0030d6f2 N 
0030d6f2 N 
0030d6f2 N 
0030d6f2 N 
0030d6f2 N 
0030d6f2 N 
0030d6f2 N 
0030d6f2 N 
0030d6f2 N 
0030d6f2 N 
0030d6f2 N 
0030d6f2 N 
0030d6f2 N 
0030d6f2 N 
0030d6f2 N 
0030d6f2 N 
0030d6f2 N 
0030d6f2 N 
0030d6f2 N 
0030d6f2 N 
0030d6f2 N 
0030d6f2 N 
0030d6f2 N 
0030d6f2 N 
0030d6f2 N 
0030d6f2 N 
0030d6f2 N 
0030d6f2 N 
0030d6f2 N 
0030d6f2 N 
0030d6f2 N 
0030d6f2 N 
0030d6f2 N 
0030d6f2 N 
0030d6f2 N 
0030d6f2 N 
0030d6f2 N 
0030d6f2 N 
0030d6f2 N 
0030d6f2 N 
0030d6f2 N 
0030d6f2 N 
0030d6f2 N 
0030d6f2 N 
0030d6f2 N 
0030d6f2 N 
0030d6f2 N 
0030d6f2 N 
0030d6f2 N 
0030d6f2 N 
0030d6f2 N 
0030d6f2 N 
0030d6f2 N 
0030d6f2 N 
0030d6f2 N 
0030d6f2 N 
0030d6f2 N 
0030d6f2 N 
0030d6f2 N 
0030d6f2 N 
0030d6f2 N 
0030d6f2 N 
0030d6f2 N 
0030d6f2 N 
0030d6f2 N 
0030d6f2 N 
0030d6f2 N 
0030d6f2 N 
0030d6f2 N 
0030d6f2 N 
0030d6f2 N 
0030d6f2 N 
0030d6f2 N 
0030d6f2 N 
0030d6f2 N 
0030d6f2 N 
0030d6f2 N 
0030d6f2 N 
0030d6f2 N 
0030d6f2 N 
0030d6f2 N 
0030d6f2 N 
0030d6f2 N 
0030d6f2 N 
0030d6f2 N 
0030d6f2 N 
0030d6f2 N 
0030d6f2 N 
0030d6f2 N 
0030d6f2 N 
0030d6f2 N 
0030d6f2 N 
0030d6f2 N 
0030d6f2 N 
0030d6f2 N 
0030d6f2 N 
0030d6f2 N 
0030d6f2 N 
0030d6f2 N 
0030d6f2 N 
0030d6f2 N 
0030d6f2 N 
0030d6f2 N 
0030d6f2 N 
0030d6f2 N 
0030d6f2 N 
0030d6f2 N 
0030d6f2 N 
0030d6f2 N 
0030d6f2 N 
0030d6f2 N 
0030d6f2 N 
0030d6f2 N 
0030d6f2 N 
0030d6f2 N 
0030d6f2 N 
0030d6f2 N 
0030d6f2 N 
0030d6f2 N 
0030d6f2 N 
0030d6f2 N 
0030d6f2 N 
0030d6f2 N 
0030d6f2 N 
0030d6f2 N 
0030d6f2 N 
0030d6f2 N 
0030d6f2 N 
0030d6f2 N 
0030d6f2 N 
0030d6f2 N 
0030d6f2 N 
0030d6f2 N 
0030d6f2 N 
0030d6f2 N 
0030d6f2 N 
0030d6f2 N 
0030d6f2 N 
0030d6f2 N 
0030d6f2 N 
0030d6f2 N 
0030d6f2 N 
0030d6f2 N 
0030d6f2 N 
0030d6f2 N 
0030d6f2 N 
0030d6f2 N 
0030d6f2 N 
0030d6f2 N 
0030d6f2 N 
0030d6f2 N 
0030d6f2 N 
0030d6f2 N 
0030d6f2 N 
0030d6f2 N 
0030d6f2 N 
0030d6f2 N 
0030d6f2 N 
0030d6f2 N 
0030d6f2 N 
0030d6f2 N 
0030d6f2 N 
0030d6f2 N 
0030d6f2 N 
0030d6f2 N 
0030d6f2 N 
0030d6f2 N 
0030d6f2 N 
0030d6f2 N 
0030d6f2 N 
0030d6f2 N 
0030d6f2 N 
0030d6f2 N 
0030d6f2 N 
0030d6f2 N 
0030d6f2 N 
0030d6f2 N 
0030d6f2 N 
0030d6f2 N 
0030d6f2 N 
0030d6f2 N 
0030d6f2 N 
0030d6f2 N 
0030d6f2 N 
0030d6f2 N 
0030d6f2 N 
0030d6f2 N 
0030d6f2 N 
0030d6f2 N 
0030d6f2 N 
0030d6f2 N 
0030d6f2 N 
0030d6f2 N 
0030d6f2 N 
0030d6f2 N 
0030d6f2 N 
0030d6f2 N 
0030d6f2 N 
0030d6f2 N 
0030d6f2 W miniz.c.bda732b5
