         w __cxa_pure_virtual
         w __deregister_frame_info
         w __gnu_Unwind_Find_exidx
         w __register_frame_info
         w __syscall_tls_create
         w __syscall_tls_delete
         w __syscall_tls_get
         w __syscall_tls_set
         w userAppExit
         w userAppInit
00000000 b _TLS_MODULE_BASE_
00000000 00000802 B __ctru_dev_utf16_buf
00000000 A __sync_synchronize
00000000 a shift
00000000 a shift
00000804 00000401 B __ctru_dev_path_buf
0005e3e7 N 
0005e3e7 N 
0005e3e7 N 
0005e3e7 N 
0005e3e7 N 
0005e3e7 N 
0005e3e7 N 
0005e3e7 N 
0005e3e7 N 
0005e3e7 N 
0005e3e7 N 
0005e3e7 N 
0005e3e7 N 
0005e3e7 N 
0005e3e7 N 
0005e3e7 N 
0005e3e7 N 
0005e3e7 N 
0005e3e7 N 
0005e3e7 N 
0005e3e7 N 
0005e3e7 N 
0005e3e7 N 
0005e3e7 N 
0005e3e7 N 
0005e3e7 N 
0005e3e7 N 
0005e3e7 N 
0005e3e7 N 
0005e3e7 N 
0005e3e7 N 
0005e3e7 N 
0005e3e7 N 
0005e3e7 N 
0005e3e7 N 
0005e3e7 N 
0005e3e7 N 
0005e3e7 N 
0005e3e7 N 
0005e3e7 N 
0005e3e7 N 
0005e3e7 N 
0005e3e7 N 
0005e3e7 N 
0005e3e7 N 
0005e3e7 N 
0005e3e7 N 
0005e3e7 N 
0005e3e7 N 
0005e3e7 N 
0005e3e7 N 
0005e3e7 N 
0005e3e7 N 
0005e3e7 N 
0005e3e7 N 
0005e3e7 N 
0005e3e7 N 
0005e3e7 N 
0005e3e7 N 
0005e3e7 N 
0005e3e7 N 
0005e3e7 N 
0005e3e7 N 
0005e3e7 N 
0005e3e7 N 
0005e3e7 N 
0005e3e7 N 
0005e3e7 N 
0005e3e7 N 
0005e3e7 N 
0005e3e7 N 
0005e3e7 N 
0005e3e7 N 
0005e3e7 N 
0005e3e7 N 
0005e3e7 N 
0005e3e7 N 
0005e3e7 N 
0005e3e7 W main.cpp.1c740d99
0007acb8 N 
0007acb8 N 
0007acb8 N 
0007acb8 N 
0007acb8 N 
0007acb8 N 
0007acb8 N 
0007acb8 N 
0007acb8 N 
0007acb8 N 
0007acb8 N 
0007acb8 N 
0007acb8 N 
0007acb8 N 
0007acb8 N 
0007acb8 N 
0007acb8 N 
0007acb8 N 
0007acb8 N 
0007acb8 N 
0007acb8 N 
0007acb8 N 
0007acb8 N 
0007acb8 N 
0007acb8 N 
0007acb8 N 
0007acb8 N 
0007acb8 N 
0007acb8 N 
0007acb8 N 
0007acb8 N 
0007acb8 N 
0007acb8 N 
0007acb8 N 
0007acb8 N 
0007acb8 N 
0007acb8 W Audio.cpp.b1b78cbc
00085862 N 
00085862 N 
00085862 N 
00085862 N 
00085862 N 
00085862 N 
00085862 N 
00085862 N 
00085862 N 
00085862 N 
00085862 N 
00085862 N 
00085862 N 
00085862 N 
00085862 N 
00085862 N 
00085862 N 
00085862 N 
00085862 N 
00085862 N 
00085862 N 
00085862 N 
00085862 N 
00085862 N 
00085862 N 
00085862 N 
00085862 N 
00085862 N 
00085862 N 
00085862 N 
00085862 N 
00085862 W BootromMemoryRule.cpp.5b16ea08
00095f32 N 
00095f32 N 
00095f32 N 
00095f32 N 
00095f32 N 
00095f32 N 
00095f32 N 
00095f32 N 
00095f32 N 
00095f32 N 
00095f32 N 
00095f32 N 
00095f32 N 
00095f32 N 
00095f32 N 
00095f32 N 
00095f32 N 
00095f32 N 
00095f32 N 
00095f32 N 
00095f32 N 
00095f32 N 
00095f32 N 
00095f32 N 
00095f32 N 
00095f32 N 
00095f32 N 
00095f32 N 
00095f32 N 
00095f32 N 
00095f32 N 
00095f32 N 
00095f32 N 
00095f32 N 
00095f32 N 
00095f32 N 
00095f32 N 
00095f32 N 
00095f32 N 
00095f32 N 
00095f32 N 
00095f32 N 
00095f32 N 
00095f32 N 
00095f32 N 
00095f32 N 
00095f32 N 
00095f32 N 
00095f32 N 
00095f32 N 
00095f32 N 
00095f32 N 
00095f32 N 
00095f32 N 
00095f32 N 
00095f32 N 
00095f32 N 
00095f32 N 
00095f32 N 
00095f32 N 
00095f32 N 
00095f32 N 
00095f32 N 
00095f32 N 
00095f32 N 
00095f32 N 
00095f32 N 
00095f32 N 
00095f32 N 
00095f32 N 
00095f32 N 
00095f32 N 
00095f32 N 
00095f32 N 
00095f32 N 
00095f32 N 
00095f32 N 
00095f32 N 
00095f32 N 
00095f32 N 
00095f32 N 
00095f32 N 
00095f32 W Cartridge.cpp.fdfa24f2
000a1ecb N 
000a1ecb N 
000a1ecb N 
000a1ecb N 
000a1ecb N 
000a1ecb N 
000a1ecb N 
000a1ecb N 
000a1ecb N 
000a1ecb N 
000a1ecb N 
000a1ecb N 
000a1ecb N 
000a1ecb N 
000a1ecb N 
000a1ecb N 
000a1ecb N 
000a1ecb N 
000a1ecb N 
000a1ecb N 
000a1ecb N 
000a1ecb N 
000a1ecb N 
000a1ecb N 
000a1ecb N 
000a1ecb N 
000a1ecb N 
000a1ecb N 
000a1ecb N 
000a1ecb N 
000a1ecb N 
000a1ecb N 
000a1ecb N 
000a1ecb W CodemastersMemoryRule.cpp.9cee6662
000b2645 N 
000b2645 N 
000b2645 N 
000b2645 N 
000b2645 N 
000b2645 N 
000b2645 N 
000b2645 N 
000b2645 N 
000b2645 N 
000b2645 N 
000b2645 N 
000b2645 N 
000b2645 N 
000b2645 N 
000b2645 N 
000b2645 N 
000b2645 N 
000b2645 N 
000b2645 N 
000b2645 N 
000b2645 N 
000b2645 N 
000b2645 N 
000b2645 N 
000b2645 N 
000b2645 N 
000b2645 N 
000b2645 N 
000b2645 N 
000b2645 N 
000b2645 N 
000b2645 N 
000b2645 N 
000b2645 N 
000b2645 N 
000b2645 N 
000b2645 N 
000b2645 N 
000b2645 N 
000b2645 N 
000b2645 N 
000b2645 N 
000b2645 N 
000b2645 N 
000b2645 N 
000b2645 N 
000b2645 N 
000b2645 N 
000b2645 W Eeprom93C46MemoryRule.cpp.ef5b2045
000c32b4 N 
000c32b4 N 
000c32b4 N 
000c32b4 N 
000c32b4 N 
000c32b4 N 
000c32b4 N 
000c32b4 N 
000c32b4 N 
000c32b4 N 
000c32b4 N 
000c32b4 N 
000c32b4 N 
000c32b4 N 
000c32b4 N 
000c32b4 N 
000c32b4 N 
000c32b4 N 
000c32b4 N 
000c32b4 N 
000c32b4 N 
000c32b4 N 
000c32b4 N 
000c32b4 N 
000c32b4 N 
000c32b4 N 
000c32b4 N 
000c32b4 N 
000c32b4 N 
000c32b4 N 
000c32b4 N 
000c32b4 N 
000c32b4 N 
000c32b4 N 
000c32b4 N 
000c32b4 W GameGearIOPorts.cpp.1208c575
000da230 N 
000da230 N 
000da230 N 
000da230 N 
000da230 N 
000da230 N 
000da230 N 
000da230 N 
000da230 N 
000da230 N 
000da230 N 
000da230 N 
000da230 N 
000da230 N 
000da230 N 
000da230 N 
000da230 N 
000da230 N 
000da230 N 
000da230 N 
000da230 N 
000da230 N 
000da230 N 
000da230 N 
000da230 N 
000da230 N 
000da230 N 
000da230 N 
000da230 N 
000da230 N 
000da230 N 
000da230 N 
000da230 N 
000da230 N 
000da230 N 
000da230 N 
000da230 N 
000da230 N 
000da230 N 
000da230 N 
000da230 N 
000da230 N 
000da230 N 
000da230 N 
000da230 N 
000da230 N 
000da230 N 
000da230 N 
000da230 N 
000da230 N 
000da230 N 
000da230 N 
000da230 N 
000da230 N 
000da230 N 
000da230 N 
000da230 N 
000da230 N 
000da230 N 
000da230 N 
000da230 N 
000da230 N 
000da230 N 
000da230 N 
000da230 N 
000da230 N 
000da230 N 
000da230 N 
000da230 N 
000da230 N 
000da230 N 
000da230 N 
000da230 N 
000da230 N 
000da230 N 
000da230 N 
000da230 N 
000da230 N 
000da230 N 
000da230 N 
000da230 N 
000da230 N 
000da230 N 
000da230 N 
000da230 N 
000da230 N 
000da230 N 
000da230 N 
000da230 N 
000da230 N 
000da230 N 
000da230 N 
000da230 N 
000da230 N 
000da230 N 
000da230 N 
000da230 N 
000da230 N 
000da230 N 
000da230 N 
000da230 N 
000da230 N 
000da230 N 
000da230 N 
000da230 N 
000da230 N 
000da230 N 
000da230 N 
000da230 N 
000da230 N 
000da230 N 
000da230 N 
000da230 N 
000da230 N 
000da230 N 
000da230 N 
000da230 N 
000da230 N 
000da230 N 
000da230 N 
000da230 N 
000da230 N 
000da230 N 
000da230 N 
000da230 N 
000da230 N 
000da230 N 
000da230 N 
000da230 N 
000da230 N 
000da230 N 
000da230 N 
000da230 N 
000da230 N 
000da230 N 
000da230 N 
000da230 N 
000da230 N 
000da230 N 
000da230 N 
000da230 N 
000da230 N 
000da230 N 
000da230 N 
000da230 N 
000da230 N 
000da230 N 
000da230 N 
000da230 N 
000da230 N 
000da230 N 
000da230 N 
000da230 N 
000da230 N 
000da230 N 
000da230 N 
000da230 N 
000da230 N 
000da230 N 
000da230 N 
000da230 N 
000da230 N 
000da230 N 
000da230 N 
000da230 N 
000da230 N 
000da230 N 
000da230 N 
000da230 N 
000da230 N 
000da230 N 
000da230 W GearsystemCore.cpp.f0463d87
000f7ee4 N 
000f7ee4 N 
000f7ee4 N 
000f7ee4 N 
000f7ee4 N 
000f7ee4 N 
000f7ee4 N 
000f7ee4 N 
000f7ee4 N 
000f7ee4 N 
000f7ee4 N 
000f7ee4 N 
000f7ee4 N 
000f7ee4 N 
000f7ee4 N 
000f7ee4 N 
000f7ee4 N 
000f7ee4 N 
000f7ee4 N 
000f7ee4 N 
000f7ee4 N 
000f7ee4 N 
000f7ee4 N 
000f7ee4 N 
000f7ee4 N 
000f7ee4 N 
000f7ee4 N 
000f7ee4 N 
000f7ee4 N 
000f7ee4 N 
000f7ee4 N 
000f7ee4 N 
000f7ee4 N 
000f7ee4 N 
000f7ee4 N 
000f7ee4 N 
000f7ee4 N 
000f7ee4 N 
000f7ee4 W Input.cpp.80fbae43
00100000 A __start__
00100000 T _start
00100008 T __service_ptr
0010000c T __apt_appid
00100010 T __heap_size
00100014 T __linear_heap_size
00100018 T __system_arglist
0010001c T __system_runflags
00100020 t startup
00100058 t ClearMem
0010006c t ClrLoop
00100094 T _init
001000b0 00000098 t BootromMemoryRule::Reset()
00100148 00000004 t BootromMemoryRule::~BootromMemoryRule()
00100148 00000004 t BootromMemoryRule::~BootromMemoryRule()
0010014c 00000090 t BootromMemoryRule::PerformRead(unsigned short)
001001dc 000000cc t BootromMemoryRule::PerformWrite(unsigned short, unsigned char)
001002a8 0000001c t BootromMemoryRule::GetPage(int)
001002c4 00000014 t BootromMemoryRule::GetBank(int)
001002d8 000000a0 t CodemastersMemoryRule::PerformRead(unsigned short)
00100378 000000ec t CodemastersMemoryRule::PerformWrite(unsigned short, unsigned char)
00100464 00000014 t CodemastersMemoryRule::GetRamBanks()
00100478 00000058 t CodemastersMemoryRule::GetPage(int)
001004d0 00000014 t CodemastersMemoryRule::GetBank(int)
001004e4 00000004 t Eeprom93C46MemoryRule::~Eeprom93C46MemoryRule()
001004e4 00000004 t Eeprom93C46MemoryRule::~Eeprom93C46MemoryRule()
001004e8 000000f8 t Eeprom93C46MemoryRule::PerformRead(unsigned short)
001005e0 00000008 t MSXMemoryRule::Has8kBanks()
001005e0 00000008 t JanggunMemoryRule::Has8kBanks()
001005e0 00000008 t IratahackMemoryRule::PersistedRAM()
001005e0 00000008 t KoreanBFFCMemoryRule::Has8kBanks()
001005e0 00000008 t KoreanFFFEMemoryRule::Has8kBanks()
001005e0 00000008 t Eeprom93C46MemoryRule::PersistedRAM()
001005e0 00000008 t KoreanMDFFF0MemoryRule::Has8kBanks()
001005e0 00000008 t KoreanMDFFF5MemoryRule::Has8kBanks()
001005e0 00000008 t KoreanFFF3FFFCMemoryRule::Has8kBanks()
001005e0 00000008 t Korean0000XORFFMemoryRule::Has8kBanks()
001005e0 00000008 t Korean2000XOR1FMemoryRule::Has8kBanks()
001005e0 00000008 t KoreanMSX8KB0300MemoryRule::Has8kBanks()
001005e0 00000008 t KoreanMSXSMS8000MemoryRule::Has8kBanks()
001005e8 00000008 t Eeprom93C46MemoryRule::GetRamSize()
001005f0 00000008 t Eeprom93C46MemoryRule::GetRamBanks()
001005f8 00000020 t Eeprom93C46MemoryRule::GetPage(int)
00100618 00000014 t Eeprom93C46MemoryRule::GetBank(int)
0010062c 0000028c T GameGearIOPorts::DoInput(unsigned char)
001008b8 00000004 t GameGearIOPorts::~GameGearIOPorts()
001008b8 00000004 t GameGearIOPorts::~GameGearIOPorts()
001008bc 00000020 t GameGearIOPorts::Reset()
001008dc 0000001c t BootromMemoryRule::~BootromMemoryRule()
001008f8 0000001c t Eeprom93C46MemoryRule::~Eeprom93C46MemoryRule()
00100914 0000001c t GameGearIOPorts::~GameGearIOPorts()
00100930 0000022c t parentPath(std::__cxx11::basic_string<char, std::char_traits<char>, std::allocator<char> > const&)
00100b5c 00000258 t joinPath(std::__cxx11::basic_string<char, std::char_traits<char>, std::allocator<char> > const&, std::__cxx11::basic_string<char, std::char_traits<char>, std::allocator<char> > const&) [clone .isra.0]
00100db4 000004ac t void std::__insertion_sort<__gnu_cxx::__normal_iterator<std::__cxx11::basic_string<char, std::char_traits<char>, std::allocator<char> >*, std::vector<std::__cxx11::basic_string<char, std::char_traits<char>, std::allocator<char> >, std::allocator<std::__cxx11::basic_string<char, std::char_traits<char>, std::allocator<char> > > > >, listEntries(std::__cxx11::basic_string<char, std::char_traits<char>, std::allocator<char> > const&)::{lambda(std::__cxx11::basic_string<char, std::char_traits<char>, std::allocator<char> > const&, std::__cxx11::basic_string<char, std::char_traits<char>, std::allocator<char> > const&)#1}>(__gnu_cxx::__normal_iterator<std::__cxx11::basic_string<char, std::char_traits<char>, std::allocator<char> >*, std::vector<std::__cxx11::basic_string<char, std::char_traits<char>, std::allocator<char> >, std::allocator<std::__cxx11::basic_string<char, std::char_traits<char>, std::allocator<char> > > > >, __gnu_cxx::__normal_iterator<std::__cxx11::basic_string<char, std::char_traits<char>, std::allocator<char> >*, std::vector<std::__cxx11::basic_string<char, std::char_traits<char>, std::allocator<char> >, std::allocator<std::__cxx11::basic_string<char, std::char_traits<char>, std::allocator<char> > > > >, listEntries(std::__cxx11::basic_string<char, std::char_traits<char>, std::allocator<char> > const&)::{lambda(std::__cxx11::basic_string<char, std::char_traits<char>, std::allocator<char> > const&, std::__cxx11::basic_string<char, std::char_traits<char>, std::allocator<char> > const&)#1}) [clone .isra.0]
00101260 00000580 t void std::__adjust_heap<__gnu_cxx::__normal_iterator<std::__cxx11::basic_string<char, std::char_traits<char>, std::allocator<char> >*, std::vector<std::__cxx11::basic_string<char, std::char_traits<char>, std::allocator<char> >, std::allocator<std::__cxx11::basic_string<char, std::char_traits<char>, std::allocator<char> > > > >, int, std::__cxx11::basic_string<char, std::char_traits<char>, std::allocator<char> >, listEntries(std::__cxx11::basic_string<char, std::char_traits<char>, std::allocator<char> > const&)::{lambda(std::__cxx11::basic_string<char, std::char_traits<char>, std::allocator<char> > const&, std::__cxx11::basic_string<char, std::char_traits<char>, std::allocator<char> > const&)#1}>(__gnu_cxx::__normal_iterator<std::__cxx11::basic_string<char, std::char_traits<char>, std::allocator<char> >*, std::vector<std::__cxx11::basic_string<char, std::char_traits<char>, std::allocator<char> >, std::allocator<std::__cxx11::basic_string<char, std::char_traits<char>, std::allocator<char> > > > >, int, int, std::__cxx11::basic_string<char, std::char_traits<char>, std::allocator<char> >, listEntries(std::__cxx11::basic_string<char, std::char_traits<char>, std::allocator<char> > const&)::{lambda(std::__cxx11::basic_string<char, std::char_traits<char>, std::allocator<char> > const&, std::__cxx11::basic_string<char, std::char_traits<char>, std::allocator<char> > const&)#1})
001017e0 00000108 t updateTexture(C3D_Tex&)
001018e8 00000070 t Eeprom93C46MemoryRule::Reset()
00101958 00000058 t CodemastersMemoryRule::Reset()
001019b0 0000046c t Eeprom93C46MemoryRule::PerformWrite(unsigned short, unsigned char)
00101e1c 00000174 t void std::vector<std::__cxx11::basic_string<char, std::char_traits<char>, std::allocator<char> >, std::allocator<std::__cxx11::basic_string<char, std::char_traits<char>, std::allocator<char> > > >::_M_realloc_append<std::__cxx11::basic_string<char, std::char_traits<char>, std::allocator<char> > >(std::__cxx11::basic_string<char, std::char_traits<char>, std::allocator<char> >&&)
00101f90 00000034 t CodemastersMemoryRule::~CodemastersMemoryRule()
00101f90 00000034 t CodemastersMemoryRule::~CodemastersMemoryRule()
00101fc4 00000028 t CodemastersMemoryRule::~CodemastersMemoryRule()
00101fec 0000044c t void std::__introsort_loop<__gnu_cxx::__normal_iterator<std::__cxx11::basic_string<char, std::char_traits<char>, std::allocator<char> >*, std::vector<std::__cxx11::basic_string<char, std::char_traits<char>, std::allocator<char> >, std::allocator<std::__cxx11::basic_string<char, std::char_traits<char>, std::allocator<char> > > > >, int, listEntries(std::__cxx11::basic_string<char, std::char_traits<char>, std::allocator<char> > const&)::{lambda(std::__cxx11::basic_string<char, std::char_traits<char>, std::allocator<char> > const&, std::__cxx11::basic_string<char, std::char_traits<char>, std::allocator<char> > const&)#1}>(__gnu_cxx::__normal_iterator<std::__cxx11::basic_string<char, std::char_traits<char>, std::allocator<char> >*, std::vector<std::__cxx11::basic_string<char, std::char_traits<char>, std::allocator<char> >, std::allocator<std::__cxx11::basic_string<char, std::char_traits<char>, std::allocator<char> > > > >, __gnu_cxx::__normal_iterator<std::__cxx11::basic_string<char, std::char_traits<char>, std::allocator<char> >*, std::vector<std::__cxx11::basic_string<char, std::char_traits<char>, std::allocator<char> >, std::allocator<std::__cxx11::basic_string<char, std::char_traits<char>, std::allocator<char> > > > >, int, listEntries(std::__cxx11::basic_string<char, std::char_traits<char>, std::allocator<char> > const&)::{lambda(std::__cxx11::basic_string<char, std::char_traits<char>, std::allocator<char> > const&, std::__cxx11::basic_string<char, std::char_traits<char>, std::allocator<char> > const&)#1}) [clone .isra.0]
00102438 00000668 t listEntries(std::__cxx11::basic_string<char, std::char_traits<char>, std::allocator<char> > const&)
00102aa0 000009a8 t chooseRom(std::__cxx11::basic_string<char, std::char_traits<char>, std::allocator<char> >&)
00103448 00000904 t Audio::Init()
00103d4c 00000030 t BootromMemoryRule::SaveState(std::ostream&)
00103d7c 00000050 t CodemastersMemoryRule::SaveState(std::ostream&)
00103dcc 00000070 t Eeprom93C46MemoryRule::SaveRam(std::ostream&)
00103e3c 00000040 t Eeprom93C46MemoryRule::SaveState(std::ostream&)
00103e7c 00000030 t GameGearIOPorts::SaveState(std::ostream&)
00103eac 00000030 t BootromMemoryRule::LoadState(std::istream&, int)
00103edc 00000050 t CodemastersMemoryRule::LoadState(std::istream&, int)
00103f2c 00000040 t Eeprom93C46MemoryRule::LoadState(std::istream&, int)
00103f6c 00000030 t GameGearIOPorts::LoadState(std::istream&)
00103f9c 000004d4 t GameGearIOPorts::DoOutput(unsigned char, unsigned char)
00104470 00000a78 t GearsystemCore::~GearsystemCore() [clone .isra.0]
00104ee8 00001030 t GearsystemCore::Reset()
00105f18 00000094 T void std::__cxx11::basic_string<char, std::char_traits<char>, std::allocator<char> >::_M_construct<char const*>(char const*, char const*, std::forward_iterator_tag)
00105fac 000000a8 T void std::__cxx11::basic_string<char, std::char_traits<char>, std::allocator<char> >::_M_construct<true>(char const*, unsigned int)
00106054 00000048 T Log_func(char const*, ...)
0010609c 00000c88 t Cartridge::LoadFromBuffer(unsigned char const*, int, char const*) [clone .part.0] [clone .constprop.0]
00106d24 00002f20 t Cartridge::LoadFromZipFile(unsigned char const*, int)
00109c44 00000a1c t Cartridge::LoadFromFile(char const*)
0010a660 000000a0 t Eeprom93C46MemoryRule::LoadRam(std::istream&, long)
0010a700 000001f0 t GearsystemCore::AddMemoryRules()
0010a8f0 0000004c T Memory::Write(unsigned short, unsigned char)
0010a93c 000000d4 T Processor::StackPush(SixteenBitRegister*)
0010a9db N 
0010a9db N 
0010a9db N 
0010a9db N 
0010a9db N 
0010a9db N 
0010a9db N 
0010a9db N 
0010a9db N 
0010a9db N 
0010a9db N 
0010a9db N 
0010a9db N 
0010a9db N 
0010a9db N 
0010a9db N 
0010a9db N 
0010a9db N 
0010a9db N 
0010a9db N 
0010a9db N 
0010a9db N 
0010a9db N 
0010a9db N 
0010a9db N 
0010a9db N 
0010a9db N 
0010a9db N 
0010a9db N 
0010a9db N 
0010a9db N 
0010a9db N 
0010a9db N 
0010a9db N 
0010a9db N 
0010a9db N 
0010a9db N 
0010a9db N 
0010a9db N 
0010a9db N 
0010a9db N 
0010a9db N 
0010a9db W IratahackMemoryRule.cpp.fc29fb2d
0010aa10 00000098 T IratahackMemoryRule::PerformRead(unsigned short)
0010aaa8 00000008 T IratahackMemoryRule::GetRamSize()
0010aab0 00000008 T IratahackMemoryRule::GetRamBanks()
0010aab8 0000001c T IratahackMemoryRule::GetPage(int)
0010aad4 00000030 T IratahackMemoryRule::GetBank(int)
0010ab04 000000f4 T JanggunMemoryRule::PerformRead(unsigned short)
0010abf8 0000018c T JanggunMemoryRule::PerformWrite(unsigned short, unsigned char)
0010ad84 00000060 T JanggunMemoryRule::Reset()
0010ade4 0000005c T JanggunMemoryRule::GetPage(int)
0010ae40 00000050 T JanggunMemoryRule::GetBank(int)
0010ae90 00000048 T JumboDahjeeMemoryRule::PerformRead(unsigned short)
0010aed8 0000004c T JumboDahjeeMemoryRule::PerformWrite(unsigned short, unsigned char)
0010af24 00000020 T JumboDahjeeMemoryRule::Reset()
0010af44 00000018 T JumboDahjeeMemoryRule::GetPage(int)
0010af5c 00000010 T SG1000MemoryRule::GetBank(int)
0010af5c 00000010 T RomOnlyMemoryRule::GetBank(int)
0010af5c 00000010 T JumboDahjeeMemoryRule::GetBank(int)
0010af6c 0000003c T Korean0000XORFFMemoryRule::PerformRead(unsigned short)
0010afa8 000000c8 T Korean0000XORFFMemoryRule::PerformWrite(unsigned short, unsigned char)
0010b070 00000064 T Korean0000XORFFMemoryRule::Reset()
0010b0d4 00000018 T Korean0000XORFFMemoryRule::GetPage(int)
0010b0ec 0000000c T Korean0000XORFFMemoryRule::GetBank(int)
0010b0f8 0000003c T Korean2000XOR1FMemoryRule::PerformRead(unsigned short)
0010b134 000000a0 T Korean2000XOR1FMemoryRule::PerformWrite(unsigned short, unsigned char)
0010b1d4 0000006c T Korean2000XOR1FMemoryRule::Reset()
0010b240 00000018 T Korean2000XOR1FMemoryRule::GetPage(int)
0010b258 0000000c T Korean2000XOR1FMemoryRule::GetBank(int)
0010b264 0000003c T KoreanBFFCMemoryRule::PerformRead(unsigned short)
0010b2a0 00000138 T KoreanBFFCMemoryRule::PerformWrite(unsigned short, unsigned char)
0010b3d8 0000007c T KoreanBFFCMemoryRule::Reset()
0010b454 00000018 T KoreanBFFCMemoryRule::GetPage(int)
0010b46c 0000000c T KoreanBFFCMemoryRule::GetBank(int)
0010b478 0000003c T KoreanFFF3FFFCMemoryRule::PerformRead(unsigned short)
0010b4b4 00000234 T KoreanFFF3FFFCMemoryRule::PerformWrite(unsigned short, unsigned char)
0010b6e8 00000060 T KoreanFFF3FFFCMemoryRule::Reset()
0010b748 00000018 T KoreanFFF3FFFCMemoryRule::GetPage(int)
0010b760 0000000c T KoreanFFF3FFFCMemoryRule::GetBank(int)
0010b76c 0000003c T KoreanFFFEMemoryRule::PerformRead(unsigned short)
0010b7a8 00000128 T KoreanFFFEMemoryRule::PerformWrite(unsigned short, unsigned char)
0010b8d0 0000006c T KoreanFFFEMemoryRule::Reset()
0010b93c 00000018 T KoreanFFFEMemoryRule::GetPage(int)
0010b954 0000000c T KoreanFFFEMemoryRule::GetBank(int)
0010b960 0000003c T KoreanFFFFHiComMemoryRule::PerformRead(unsigned short)
0010b99c 00000090 T KoreanFFFFHiComMemoryRule::PerformWrite(unsigned short, unsigned char)
0010ba2c 00000040 T KoreanFFFFHiComMemoryRule::Reset()
0010ba6c 00000018 T KoreanFFFFHiComMemoryRule::GetPage(int)
0010ba84 0000000c T KoreanFFFFHiComMemoryRule::GetBank(int)
0010ba90 0000003c T KoreanMDFFF0MemoryRule::PerformRead(unsigned short)
0010bacc 000001d0 T KoreanMDFFF0MemoryRule::PerformWrite(unsigned short, unsigned char)
0010bc9c 00000074 T KoreanMDFFF0MemoryRule::Reset()
0010bd10 00000018 T KoreanMDFFF0MemoryRule::GetPage(int)
0010bd28 0000000c T KoreanMDFFF0MemoryRule::GetBank(int)
0010bd34 0000003c T KoreanMDFFF5MemoryRule::PerformRead(unsigned short)
0010bd70 000001cc T KoreanMDFFF5MemoryRule::PerformWrite(unsigned short, unsigned char)
0010bf3c 00000068 T KoreanMDFFF5MemoryRule::Reset()
0010bfa4 00000018 T KoreanMDFFF5MemoryRule::GetPage(int)
0010bfbc 0000000c T KoreanMDFFF5MemoryRule::GetBank(int)
0010bfc8 0000003c T KoreanMSX32KB2000MemoryRule::PerformRead(unsigned short)
0010c004 00000080 T KoreanMSX32KB2000MemoryRule::PerformWrite(unsigned short, unsigned char)
0010c084 00000040 T KoreanMSX32KB2000MemoryRule::Reset()
0010c0c4 00000020 T KoreanMSX32KB2000MemoryRule::GetPage(int)
0010c0e4 00000014 T KoreanMSX32KB2000MemoryRule::GetBank(int)
0010c0f8 0000003c T KoreanMSX8KB0300MemoryRule::PerformRead(unsigned short)
0010c134 000000bc T KoreanMSX8KB0300MemoryRule::PerformWrite(unsigned short, unsigned char)
0010c1f0 00000078 T KoreanMSX8KB0300MemoryRule::Reset()
0010c268 00000018 T KoreanMSX8KB0300MemoryRule::GetPage(int)
0010c280 0000000c T KoreanMSX8KB0300MemoryRule::GetBank(int)
0010c28c 0000003c T KoreanMSXSMS8000MemoryRule::PerformRead(unsigned short)
0010c2c8 00000138 T KoreanMSXSMS8000MemoryRule::PerformWrite(unsigned short, unsigned char)
0010c400 00000070 T KoreanMSXSMS8000MemoryRule::Reset()
0010c470 00000018 T KoreanMSXSMS8000MemoryRule::GetPage(int)
0010c488 0000000c T KoreanMSXSMS8000MemoryRule::GetBank(int)
0010c494 0000005c T KoreanMemoryRule::PerformRead(unsigned short)
0010c4f0 00000054 T KoreanMemoryRule::PerformWrite(unsigned short, unsigned char)
0010c544 0000002c T KoreanMemoryRule::Reset()
0010c570 00000050 T KoreanMemoryRule::GetPage(int)
0010c5c0 00000034 T KoreanMemoryRule::GetBank(int)
0010c5f4 0000003c T KoreanSMS32KB2000MemoryRule::PerformRead(unsigned short)
0010c630 000000a0 T KoreanSMS32KB2000MemoryRule::PerformWrite(unsigned short, unsigned char)
0010c6d0 0000003c T KoreanSMS32KB2000MemoryRule::Reset()
0010c70c 00000020 T KoreanSMS32KB2000MemoryRule::GetPage(int)
0010c72c 00000014 T KoreanSMS32KB2000MemoryRule::GetBank(int)
0010c740 00000108 T MSXMemoryRule::PerformRead(unsigned short)
0010c848 00000060 T MSXMemoryRule::PerformWrite(unsigned short, unsigned char)
0010c8a8 00000028 T MSXMemoryRule::Reset()
0010c8d0 00000090 T MSXMemoryRule::GetPage(int)
0010c960 00000050 T MSXMemoryRule::GetBank(int)
0010c9b0 00000004 T SG1000MemoryRule::Reset()
0010c9b0 00000004 T RomOnlyMemoryRule::Reset()
0010c9b0 00000004 T Memory::ResetDisassemblerRecords()
0010c9b4 00000004 T MemoryRule::SaveRam(std::ostream&)
0010c9b4 00000004 T MemoryRule::SaveState(std::ostream&)
0010c9b8 00000008 T MemoryRule::LoadRam(std::istream&, long)
0010c9c0 00000008 T MemoryRule::SetRamChangedCallback(void (*)())
0010c9c8 00000008 T MemoryRule::Has8kBanks()
0010c9c8 00000008 T MemoryRule::PersistedRAM()
0010c9d0 00000008 T MemoryRule::GetRamSize()
0010c9d8 00000008 T MemoryRule::GetRamBanks()
0010c9e0 00000008 T MemoryRule::GetRamBank()
0010c9e8 00000008 T MemoryRule::GetPage(int)
0010c9f0 00000008 T MemoryRule::GetBank(int)
0010c9f8 00000004 T MemoryRule::LoadState(std::istream&, int)
0010c9fc 0000003c T Multi4PAKAllActionMemoryRule::PerformRead(unsigned short)
0010ca38 000000ec T Multi4PAKAllActionMemoryRule::PerformWrite(unsigned short, unsigned char)
0010cb24 00000040 T Multi4PAKAllActionMemoryRule::Reset()
0010cb64 00000020 T Multi4PAKAllActionMemoryRule::GetPage(int)
0010cb84 00000030 T Multi4PAKAllActionMemoryRule::GetBank(int)
0010cbb4 000002d4 T IratahackMemoryRule::PerformWrite(unsigned short, unsigned char)
0010ce88 00000028 T IratahackMemoryRule::~IratahackMemoryRule()
0010ceb0 0000001c T JanggunMemoryRule::~JanggunMemoryRule()
0010cecc 00000028 T JumboDahjeeMemoryRule::~JumboDahjeeMemoryRule()
0010cef4 0000001c T Korean0000XORFFMemoryRule::~Korean0000XORFFMemoryRule()
0010cf10 0000001c T Korean2000XOR1FMemoryRule::~Korean2000XOR1FMemoryRule()
0010cf2c 0000001c T KoreanBFFCMemoryRule::~KoreanBFFCMemoryRule()
0010cf48 0000001c T KoreanFFF3FFFCMemoryRule::~KoreanFFF3FFFCMemoryRule()
0010cf64 0000001c T KoreanFFFEMemoryRule::~KoreanFFFEMemoryRule()
0010cf80 0000001c T KoreanFFFFHiComMemoryRule::~KoreanFFFFHiComMemoryRule()
0010cf9c 0000001c T KoreanMDFFF0MemoryRule::~KoreanMDFFF0MemoryRule()
0010cfb8 0000001c T KoreanMDFFF5MemoryRule::~KoreanMDFFF5MemoryRule()
0010cfd4 0000001c T KoreanMSX32KB2000MemoryRule::~KoreanMSX32KB2000MemoryRule()
0010cff0 0000001c T KoreanMSX8KB0300MemoryRule::~KoreanMSX8KB0300MemoryRule()
0010d00c 0000001c T KoreanMSXSMS8000MemoryRule::~KoreanMSXSMS8000MemoryRule()
0010d028 0000001c T KoreanMemoryRule::~KoreanMemoryRule()
0010d044 0000001c T KoreanSMS32KB2000MemoryRule::~KoreanSMS32KB2000MemoryRule()
0010d060 0000001c T MSXMemoryRule::~MSXMemoryRule()
0010d07c 0000001c T Multi4PAKAllActionMemoryRule::~Multi4PAKAllActionMemoryRule()
0010d098 00000084 T IratahackMemoryRule::Reset()
0010d11c 00000044 T IratahackMemoryRule::SaveRam(std::ostream&)
0010d160 00000070 T IratahackMemoryRule::SaveState(std::ostream&)
0010d1d0 00000078 T JanggunMemoryRule::SaveState(std::ostream&)
0010d248 00000014 T JumboDahjeeMemoryRule::SaveState(std::ostream&)
0010d25c 00000030 T Korean0000XORFFMemoryRule::SaveState(std::ostream&)
0010d28c 00000030 T KoreanBFFCMemoryRule::SaveState(std::ostream&)
0010d28c 00000030 T KoreanFFFEMemoryRule::SaveState(std::ostream&)
0010d28c 00000030 T Korean2000XOR1FMemoryRule::SaveState(std::ostream&)
0010d2bc 00000040 T KoreanFFF3FFFCMemoryRule::SaveState(std::ostream&)
0010d2fc 00000030 T KoreanFFFFHiComMemoryRule::SaveState(std::ostream&)
0010d32c 00000040 T KoreanMDFFF0MemoryRule::SaveState(std::ostream&)
0010d36c 00000040 T KoreanMDFFF5MemoryRule::SaveState(std::ostream&)
0010d3ac 00000030 T KoreanMSX32KB2000MemoryRule::SaveState(std::ostream&)
0010d3ac 00000030 T KoreanSMS32KB2000MemoryRule::SaveState(std::ostream&)
0010d3ac 00000030 T Multi4PAKAllActionMemoryRule::SaveState(std::ostream&)
0010d3dc 00000030 T KoreanMSX8KB0300MemoryRule::SaveState(std::ostream&)
0010d40c 00000040 T KoreanMSXSMS8000MemoryRule::SaveState(std::ostream&)
0010d44c 00000030 T KoreanMemoryRule::SaveState(std::ostream&)
0010d47c 00000030 T MSXMemoryRule::SaveState(std::ostream&)
0010d4ac 00000070 T IratahackMemoryRule::LoadState(std::istream&, int)
0010d51c 0000008c T JanggunMemoryRule::LoadState(std::istream&, int)
0010d5a8 0000001c T JumboDahjeeMemoryRule::LoadState(std::istream&, int)
0010d5c4 00000030 T Korean0000XORFFMemoryRule::LoadState(std::istream&, int)
0010d5f4 00000030 T KoreanBFFCMemoryRule::LoadState(std::istream&, int)
0010d5f4 00000030 T KoreanFFFEMemoryRule::LoadState(std::istream&, int)
0010d5f4 00000030 T Korean2000XOR1FMemoryRule::LoadState(std::istream&, int)
0010d624 00000040 T KoreanFFF3FFFCMemoryRule::LoadState(std::istream&, int)
0010d664 00000030 T KoreanFFFFHiComMemoryRule::LoadState(std::istream&, int)
0010d694 00000040 T KoreanMDFFF0MemoryRule::LoadState(std::istream&, int)
0010d6d4 00000040 T KoreanMDFFF5MemoryRule::LoadState(std::istream&, int)
0010d714 00000030 T KoreanMSX32KB2000MemoryRule::LoadState(std::istream&, int)
0010d714 00000030 T KoreanSMS32KB2000MemoryRule::LoadState(std::istream&, int)
0010d714 00000030 T Multi4PAKAllActionMemoryRule::LoadState(std::istream&, int)
0010d744 00000030 T KoreanMSX8KB0300MemoryRule::LoadState(std::istream&, int)
0010d774 00000040 T KoreanMSXSMS8000MemoryRule::LoadState(std::istream&, int)
0010d7b4 00000030 T KoreanMemoryRule::LoadState(std::istream&, int)
0010d7e4 00000030 T MSXMemoryRule::LoadState(std::istream&, int)
0010d814 0000007c T IratahackMemoryRule::LoadRam(std::istream&, long)
0010d890 000000e4 T Memory::Read(unsigned short)
0010d974 00002964 t Processor::DispatchOpcode(unsigned char)
001102d8 00001788 t Processor::DispatchOpcodeCB(unsigned char)
00111a60 00000af0 t Processor::DispatchOpcodeED(unsigned char)
00112550 00003a50 T GearsystemCore::RunToVBlank(unsigned char*, short*, int*, GearsystemCore::GS_Debug_Run*) [clone .part.0] [clone .constprop.0]
00115fa0 00000034 T IratahackMemoryRule::~IratahackMemoryRule()
00115fa0 00000034 T IratahackMemoryRule::~IratahackMemoryRule()
00115fd4 00000004 T JanggunMemoryRule::~JanggunMemoryRule()
00115fd4 00000004 T JanggunMemoryRule::~JanggunMemoryRule()
00115fd8 00000034 T JumboDahjeeMemoryRule::~JumboDahjeeMemoryRule()
00115fd8 00000034 T JumboDahjeeMemoryRule::~JumboDahjeeMemoryRule()
0011600c 00000004 T Korean0000XORFFMemoryRule::~Korean0000XORFFMemoryRule()
0011600c 00000004 T Korean0000XORFFMemoryRule::~Korean0000XORFFMemoryRule()
00116010 00000004 T Korean2000XOR1FMemoryRule::~Korean2000XOR1FMemoryRule()
00116010 00000004 T Korean2000XOR1FMemoryRule::~Korean2000XOR1FMemoryRule()
00116014 00000004 T KoreanBFFCMemoryRule::~KoreanBFFCMemoryRule()
00116014 00000004 T KoreanBFFCMemoryRule::~KoreanBFFCMemoryRule()
00116018 00000004 T KoreanFFF3FFFCMemoryRule::~KoreanFFF3FFFCMemoryRule()
00116018 00000004 T KoreanFFF3FFFCMemoryRule::~KoreanFFF3FFFCMemoryRule()
0011601c 00000004 T KoreanFFFEMemoryRule::~KoreanFFFEMemoryRule()
0011601c 00000004 T KoreanFFFEMemoryRule::~KoreanFFFEMemoryRule()
00116020 00000004 T KoreanFFFFHiComMemoryRule::~KoreanFFFFHiComMemoryRule()
00116020 00000004 T KoreanFFFFHiComMemoryRule::~KoreanFFFFHiComMemoryRule()
00116024 00000004 T KoreanMDFFF0MemoryRule::~KoreanMDFFF0MemoryRule()
00116024 00000004 T KoreanMDFFF0MemoryRule::~KoreanMDFFF0MemoryRule()
00116028 00000004 T KoreanMDFFF5MemoryRule::~KoreanMDFFF5MemoryRule()
00116028 00000004 T KoreanMDFFF5MemoryRule::~KoreanMDFFF5MemoryRule()
0011602c 00000004 T KoreanMSX32KB2000MemoryRule::~KoreanMSX32KB2000MemoryRule()
0011602c 00000004 T KoreanMSX32KB2000MemoryRule::~KoreanMSX32KB2000MemoryRule()
00116030 00000004 T KoreanMSX8KB0300MemoryRule::~KoreanMSX8KB0300MemoryRule()
00116030 00000004 T KoreanMSX8KB0300MemoryRule::~KoreanMSX8KB0300MemoryRule()
00116034 00000004 T KoreanMSXSMS8000MemoryRule::~KoreanMSXSMS8000MemoryRule()
00116034 00000004 T KoreanMSXSMS8000MemoryRule::~KoreanMSXSMS8000MemoryRule()
00116038 00000004 T KoreanMemoryRule::~KoreanMemoryRule()
00116038 00000004 T KoreanMemoryRule::~KoreanMemoryRule()
0011603c 00000004 T KoreanSMS32KB2000MemoryRule::~KoreanSMS32KB2000MemoryRule()
0011603c 00000004 T KoreanSMS32KB2000MemoryRule::~KoreanSMS32KB2000MemoryRule()
00116040 00000004 T MSXMemoryRule::~MSXMemoryRule()
00116040 00000004 T MSXMemoryRule::~MSXMemoryRule()
00116044 000002a0 T Memory::Reset(bool)
001162e4 00000004 T Multi4PAKAllActionMemoryRule::~Multi4PAKAllActionMemoryRule()
001162e4 00000004 T Multi4PAKAllActionMemoryRule::~Multi4PAKAllActionMemoryRule()
001162e8 00000120 T Processor::Reset(bool)
00116408 00000010 T RomOnlyMemoryRule::PerformRead(unsigned short)
00116418 00000034 T RomOnlyMemoryRule::PerformWrite(unsigned short, unsigned char)
0011644c 00000018 T RomOnlyMemoryRule::GetPage(int)
00116464 000000c0 T SG1000MemoryRule::PerformRead(unsigned short)
00116524 0000005c T SG1000MemoryRule::PerformWrite(unsigned short, unsigned char)
00116580 00000018 T SG1000MemoryRule::GetPage(int)
00116598 00000094 T SegaMemoryRule::PerformRead(unsigned short)
0011662c 00000154 T SegaMemoryRule::PerformWrite(unsigned short, unsigned char)
00116780 00000014 T SegaMemoryRule::PersistedRAM()
00116794 00000014 T SegaMemoryRule::GetRamSize()
001167a8 00000014 T SegaMemoryRule::GetRamBanks()
001167bc 00000014 T SegaMemoryRule::GetRamBank()
001167d0 0000005c T SegaMemoryRule::GetPage(int)
0011682c 00000014 T SegaMemoryRule::GetBank(int)
00116840 000002cc T SmsIOPorts::DoInput(unsigned char)
00116b0c 0000000c T SmsIOPorts::Reset()
00116b18 0000001c T RomOnlyMemoryRule::~RomOnlyMemoryRule()
00116b34 0000001c T SG1000MemoryRule::~SG1000MemoryRule()
00116b50 0000001c T SmsIOPorts::~SmsIOPorts()
00116b6c 00000028 T SegaMemoryRule::~SegaMemoryRule()
00116b94 00000074 T SegaMemoryRule::Reset()
00116c08 00000044 T SegaMemoryRule::SaveRam(std::ostream&)
00116c4c 00000070 T SegaMemoryRule::SaveState(std::ostream&)
00116cbc 00000014 T SmsIOPorts::SaveState(std::ostream&)
00116cd0 00000070 T SegaMemoryRule::LoadState(std::istream&, int)
00116d40 00000014 T SmsIOPorts::LoadState(std::istream&)
00116d54 0000007c T SegaMemoryRule::LoadRam(std::istream&, long)
00116dd0 00000004 T RomOnlyMemoryRule::~RomOnlyMemoryRule()
00116dd0 00000004 T RomOnlyMemoryRule::~RomOnlyMemoryRule()
00116dd4 00000004 T SG1000MemoryRule::~SG1000MemoryRule()
00116dd4 00000004 T SG1000MemoryRule::~SG1000MemoryRule()
00116dd8 00000034 T SegaMemoryRule::~SegaMemoryRule()
00116dd8 00000034 T SegaMemoryRule::~SegaMemoryRule()
00116e0c 00000004 T SmsIOPorts::~SmsIOPorts()
00116e0c 00000004 T SmsIOPorts::~SmsIOPorts()
00116e10 000000a4 T void std::vector<unsigned char, std::allocator<unsigned char> >::_M_realloc_append<unsigned char const&>(unsigned char const&) [clone .isra.0]
00116eb4 00000414 T VgmRecorder::WriteWait(int) [clone .part.0]
001172c8 00000274 T VgmRecorder::Stop() [clone .part.0]
0011753c 00000224 T Video::Reset(bool, bool, int, bool)
00117760 000000b4 T Video::InitPalettes(unsigned char const*, unsigned short*, unsigned short*, unsigned short*, unsigned short*) [clone .isra.0]
00117814 00000264 T Video::WriteControl(unsigned char) [clone .part.0]
00117a78 00001384 T YM2413::Sync()
00118dfc 00000fdc T SmsIOPorts::DoOutput(unsigned char, unsigned char)
00119dd8 00000114 T YM2413::EndFrame(short*) [clone .part.0]
00119eec 00000240 T Processor::FetchArg16()
0011a12c 00000208 T Processor::StackPop(SixteenBitRegister*)
0011a334 000001c8 T Processor::GetEffectiveAddress()
0011a4fc 000004bc T Processor::OPCodes_LD_dd_nn(SixteenBitRegister*)
0011a9b8 0000031c T Processor::OPCodes_LD_nn_dd(SixteenBitRegister*)
0011acd4 000002a4 T Processor::OPCodes_JP_nn_Conditional(bool)
0011af78 00000038 T Processor::OPCodes_OR(unsigned char)
0011afb0 0000005c T Processor::OPCodes_XOR(unsigned char)
0011b00c 00000060 T Processor::OPCodes_AND(unsigned char)
0011b06c 00000088 T Processor::OPCodes_CP(unsigned char)
0011b0f4 000000a0 T Processor::OPCodes_INC(unsigned char*)
0011b194 000000a4 T Processor::OPCodes_DEC(unsigned char*)
0011b238 00000058 T Processor::OPCodes_ADD(unsigned char)
0011b290 00000064 T Processor::OPCodes_ADC(unsigned char)
0011b2f4 00000080 T Processor::OPCodes_SUB(unsigned char)
0011b374 0000008c T Processor::OPCodes_SBC(unsigned char)
0011b400 0000008c T Processor::OPCodes_ADD_HL(unsigned short)
0011b48c 000002d8 T Processor::OPCodes_RLC(unsigned char*, bool) [clone .constprop.0]
0011b4b6 N 
0011b4b6 N 
0011b4b6 N 
0011b4b6 N 
0011b4b6 N 
0011b4b6 N 
0011b4b6 N 
0011b4b6 N 
0011b4b6 N 
0011b4b6 N 
0011b4b6 N 
0011b4b6 N 
0011b4b6 N 
0011b4b6 N 
0011b4b6 N 
0011b4b6 N 
0011b4b6 N 
0011b4b6 N 
0011b4b6 N 
0011b4b6 N 
0011b4b6 N 
0011b4b6 N 
0011b4b6 N 
0011b4b6 N 
0011b4b6 N 
0011b4b6 N 
0011b4b6 N 
0011b4b6 N 
0011b4b6 N 
0011b4b6 N 
0011b4b6 N 
0011b4b6 N 
0011b4b6 W JanggunMemoryRule.cpp.01d65246
0011b764 000002cc T Processor::OPCodes_RL(unsigned char*, bool) [clone .constprop.0]
0011ba30 000002c4 T Processor::OPCodes_RRC(unsigned char*, bool) [clone .constprop.0]
0011bcf4 000002cc T Processor::OPCodes_RR(unsigned char*, bool) [clone .constprop.0]
0011bfc0 0000009c T Processor::OPCode0x29()
0011c05c 000004a0 T Processor::OPCode0x36()
0011c4fc 00000324 T Processor::OPCode0xC4()
0011c820 00000324 T Processor::OPCode0xCC()
0011cb44 00000328 T Processor::OPCode0xD4()
0011ce6c 00000324 T Processor::OPCode0xE4()
0011d190 00000324 T Processor::OPCode0xEC()
0011d4b4 00000320 T Processor::OPCode0xF4()
0011d7d4 00000320 T Processor::OPCode0xFC()
0011daf4 0000025c T Processor::OPCodes_SLL(unsigned char*)
0011dd50 00000284 T Processor::OPCodes_SLA(unsigned char*)
0011dfd4 000002ec T Processor::OPCodes_SRA(unsigned char*)
0011e2c0 0000000c T miniz_def_realloc_func
0011e2cc 00000008 T miniz_def_alloc_func
0011e2d4 00000008 T miniz_def_free_func
0011e2dc 0000005c T mz_zip_mem_read_func.lto_priv.0
0011e338 00000290 T Processor::OPCodes_SRL(unsigned char*)
0011e5c8 00000250 T Processor::OPCodes_BIT(unsigned char*, int)
0011e818 00000240 T Processor::OPCodes_BIT(unsigned char*, int) [clone .constprop.6]
0011ea58 00000240 T Processor::OPCodes_BIT(unsigned char*, int) [clone .constprop.5]
0011ec98 00000240 T Processor::OPCodes_BIT(unsigned char*, int) [clone .constprop.4]
0011eed8 00000240 T Processor::OPCodes_BIT(unsigned char*, int) [clone .constprop.3]
0011f118 00000240 T Processor::OPCodes_BIT(unsigned char*, int) [clone .constprop.2]
0011f358 00000240 T Processor::OPCodes_BIT(unsigned char*, int) [clone .constprop.1]
0011f598 00000240 T Processor::OPCodes_BIT(unsigned char*, int) [clone .constprop.0]
0011f7d8 000001e4 T Processor::OPCodes_BIT_HL(int)
0011f9bc 000001f8 T Processor::OPCodes_SET(unsigned char*, int) [clone .constprop.7]
0011fbb4 000001f4 T Processor::OPCodes_SET(unsigned char*, int) [clone .constprop.6]
0011fda8 000001f4 T Processor::OPCodes_SET(unsigned char*, int) [clone .constprop.5]
0011ff9c 000001f4 T Processor::OPCodes_SET(unsigned char*, int) [clone .constprop.4]
00120190 000001f4 T Processor::OPCodes_SET(unsigned char*, int) [clone .constprop.3]
00120384 000001f4 T Processor::OPCodes_SET(unsigned char*, int) [clone .constprop.2]
00120578 000001f4 T Processor::OPCodes_SET(unsigned char*, int) [clone .constprop.1]
0012076c 000001f4 T Processor::OPCodes_SET(unsigned char*, int) [clone .constprop.0]
00120960 000001f0 T Processor::OPCodes_RES(unsigned char*, int) [clone .constprop.7]
00120b50 000001f0 T Processor::OPCodes_RES(unsigned char*, int) [clone .constprop.6]
00120d40 000001f0 T Processor::OPCodes_RES(unsigned char*, int) [clone .constprop.5]
00120f30 000001f0 T Processor::OPCodes_RES(unsigned char*, int) [clone .constprop.4]
00121120 000001f0 T Processor::OPCodes_RES(unsigned char*, int) [clone .constprop.3]
00121310 000001f0 T Processor::OPCodes_RES(unsigned char*, int) [clone .constprop.2]
00121500 000001f0 T Processor::OPCodes_RES(unsigned char*, int) [clone .constprop.1]
001216f0 000001f0 T Processor::OPCodes_RES(unsigned char*, int) [clone .constprop.0]
001218e0 00000434 T Processor::OPCodes_IN_C(unsigned char*)
00121d14 00000164 T Processor::OPCodes_INI()
00121e78 00000164 T Processor::OPCodes_IND()
00121fdc 00000218 T Processor::OPCodes_OUTI()
001221f4 00000218 T Processor::OPCodes_OUTD()
0012240c 000000b4 T Processor::OPCodes_BlockIORepeat(unsigned char)
001224c0 000001d8 T Processor::OPCodes_CPI()
00122698 000001d8 T Processor::OPCodes_CPD()
00122870 00000080 T Processor::OPCodes_ADC_HL(unsigned short)
001228f0 000000a0 T Processor::OPCodes_SBC_HL(unsigned short)
00122990 0000007c T Processor::OPCodeED0x4C()
00122990 0000007c T Processor::OPCodeED0x54()
00122990 0000007c T Processor::OPCodeED0x5C()
00122990 0000007c T Processor::OPCodeED0x64()
00122990 0000007c T Processor::OPCodeED0x6C()
00122990 0000007c T Processor::OPCodeED0x74()
00122990 0000007c T Processor::OPCodeED0x7C()
00122a0c 00000260 T Processor::OPCodeED0x55()
00122a0c 00000260 T Processor::OPCodeED0x5D()
00122a0c 00000260 T Processor::OPCodeED0x65()
00122a0c 00000260 T Processor::OPCodeED0x6D()
00122a0c 00000260 T Processor::OPCodeED0x75()
00122a0c 00000260 T Processor::OPCodeED0x7D()
00122c6c 000001fc T Blip_Buffer::set_sample_rate(long, int) [clone .constprop.0]
00122e68 00000048 T Blip_Buffer::clock_rate_factor(long) const [clone .isra.0]
00122eb0 000001d8 T Blip_Synth_::volume_unit(double) [clone .part.0]
00123088 000004c8 t Blip_Synth_::treble_eq(blip_eq_t const&) [clone .constprop.0]
00123550 00000020 T Blip_Synth_::volume_unit(double) [clone .constprop.0]
00123570 00000130 T Blip_Synth<12, 1>::offset_resampled(unsigned long, int, Blip_Buffer*) const [clone .isra.0]
001236a0 00000da0 T Sms_Apu::run_until(long) [clone .part.0]
00124440 000005a0 T load_instrument.lto_priv.0
001249e0 00002a30 T update_instrument_zero.lto_priv.0
00127410 0000051c T YM2413ResetChip
0012792c 00000118 T mz_crc32.constprop.0
00127a44 000001b0 T mz_zip_reader_end_internal.isra.0
00127bf4 000003e0 T mz_zip_file_stat_internal.part.0.constprop.0
00127fd4 t .udivsi3_skip_div0_test
00127fd4 T __aeabi_uidiv
00127fd4 000001ec T __udivsi3
001281c0 00000020 T __aeabi_uidivmod
001281e0 T __aeabi_idiv
001281e0 00000220 T __divsi3
001281e8 t .divsi3_skip_div0_test
00128400 00000020 T __aeabi_idivmod
00128420 00000004 W __aeabi_idiv0
00128420 00000004 W __aeabi_ldiv0
00128424 T __aeabi_drsub
0012842c 000002b0 T __aeabi_dsub
0012842c 000002b0 T __subdf3
00128430 000002ac T __adddf3
00128430 000002ac T __aeabi_dadd
001286dc 00000024 T __aeabi_ui2d
001286dc 00000024 T __floatunsidf
00128700 00000028 T __aeabi_i2d
00128700 00000028 T __floatsidf
00128728 00000048 T __aeabi_f2d
00128728 00000048 T __extendsfdf2
00128770 00000074 T __aeabi_ul2d
00128770 00000074 T __floatundidf
00128784 00000060 T __aeabi_l2d
00128784 00000060 T __floatdidf
001287e4 T __aeabi_ldivmod
001288b8 T __aeabi_uldivmod
001288f4 00000014 T __restore_core_regs
001288f4 00000014 T restore_core_regs
00128908 T __gnu_Unwind_Restore_VFP
00128910 T __gnu_Unwind_Save_VFP
00128918 T __gnu_Unwind_Restore_VFP_D
00128920 T __gnu_Unwind_Save_VFP_D
00128928 T __gnu_Unwind_Restore_VFP_D_16_to_31
00128930 T __gnu_Unwind_Save_VFP_D_16_to_31
00128938 T __gnu_Unwind_Restore_WMMXD
0012897c T __gnu_Unwind_Save_WMMXD
001289c0 T __gnu_Unwind_Restore_WMMXC
001289d4 T __gnu_Unwind_Save_WMMXC
001289e8 00000024 T _Unwind_RaiseException
001289e8 00000024 T ___Unwind_RaiseException
00128a0c 00000024 T _Unwind_Resume
00128a0c 00000024 T ___Unwind_Resume
00128a30 00000024 T _Unwind_Resume_or_Rethrow
00128a30 00000024 T ___Unwind_Resume_or_Rethrow
00128a54 00000024 T _Unwind_ForcedUnwind
00128a54 00000024 T ___Unwind_ForcedUnwind
00128a78 00000024 T _Unwind_Backtrace
00128a78 00000024 T ___Unwind_Backtrace
00128aa8 00000390 T strcmp
00128e30 t __do_global_dtors_aux
00128e80 t frame_dummy
00128eb0 00002c24 T main
0012bad4 00000044 t C2Di_FrameEndHook
0012bb18 00000368 T C2D_Init
0012be80 0000004c T C2D_Fini
0012becc 000000bc T C2D_Prepare
0012bf88 00000048 T C2D_Flush
0012bfd0 000000fc T C2D_SceneSize
0012c0cc 00000060 T C2D_CreateScreenTarget
0012c12c 00000060 T C2D_TargetClear
0012c18c 0000014c T C2Di_CalcQuad
0012c2d8 00000054 T C2Di_AppendQuad
0012c32c 00000738 T C2Di_Update
0012ca64 000002e8 T C2D_DrawImage
0012cd4c 00000028 T AttrInfo_Init
0012cd74 00000094 T AttrInfo_AddLoader
0012ce08 00000054 T C3D_SetAttrInfo
0012ce5c 00000080 T C3Di_AttrInfoBind
0012ce64 N 
0012ce64 N 
0012ce64 N 
0012ce64 N 
0012ce64 N 
0012ce64 N 
0012ce64 N 
0012ce64 N 
0012ce64 N 
0012ce64 N 
0012ce64 N 
0012ce64 N 
0012ce64 N 
0012ce64 N 
0012ce64 N 
0012ce64 N 
0012ce64 N 
0012ce64 N 
0012ce64 N 
0012ce64 N 
0012ce64 N 
0012ce64 N 
0012ce64 N 
0012ce64 N 
0012ce64 N 
0012ce64 N 
0012ce64 N 
0012ce64 N 
0012ce64 N 
0012ce64 N 
0012ce64 N 
0012ce64 N 
0012ce64 W JumboDahjeeMemoryRule.cpp.777b719d
0012cedc 00000004 W C3Di_LightEnvUpdate
0012cee0 00000004 W C3Di_LightEnvDirty
0012cee4 000000b4 t C3Di_AptEventHook
0012cf98 00000004 W C3Di_GasUpdate
0012cf9c 000001d0 T C3D_Init
0012d16c 00000098 T C3D_SetViewport
0012d204 000004e8 T C3Di_UpdateContext
0012d6ec 000000e0 T C3Di_SplitFrame
0012d7cc 00000044 T C3D_Fini
0012d810 00000194 T C3D_BindProgram
0012d9a4 00000024 T BufInfo_Init
0012d9c8 00000080 T BufInfo_Add
0012da48 0000003c T C3D_SetBufInfo
0012da84 00000048 T C3Di_BufInfoBind
0012dacc 0000021c T C3D_DrawElements
0012dce8 00000040 T C3D_DepthMap
0012dd28 0000001c T C3D_CullFace
0012dd44 00000040 T C3D_StencilTest
0012dd84 00000024 T C3D_StencilOp
0012dda8 0000001c T C3D_BlendingColor
0012ddc4 00000024 T C3D_EarlyDepthTest
0012dde8 0000002c T C3D_DepthTest
0012de14 0000002c T C3D_AlphaTest
0012de40 00000050 T C3D_AlphaBlend
0012de90 00000030 T C3D_FragOpMode
0012dec0 00000044 T C3D_FragOpShadow
0012df04 000001ac T C3Di_EffectBind
0012e0b0 0000001c T C3D_CalcColorBufSize
0012e0cc 0000001c T C3D_CalcDepthBufSize
0012e0e8 00000044 T C3D_SetFrameBuf
0012e12c 0000016c T C3Di_FrameBufBind
0012e298 000000c8 T C3D_FrameBufClear
0012e360 00000044 T C3D_FrameBufTransfer
0012e3a4 000000a8 T C3D_ImmSendAttrib
0012e44c 00000070 T C3D_ProcTexInit
0012e4bc 00000054 T C3D_ProcTexBind
0012e510 0000005c T C3D_ProcTexLutBind
0012e56c 000000a4 T ProcTexLut_FromArray
0012e610 00000178 T C3Di_ProcTexUpdate
0012e788 00000068 T C3Di_ProcTexDirty
0012e7f0 0000004c t onVBlank0
0012e83c 0000004c t onVBlank1
0012e888 00000080 t C3Di_RenderTargetDestroy
0012e908 000000f4 t onQueueFinish
0012e9fc 00000038 T C3Di_RenderQueueEnableVBlank
0012ea34 00000030 T C3Di_RenderQueueDisableVBlank
0012ea64 00000060 T C3Di_RenderQueueInit
0012eac4 000000b4 T C3Di_RenderQueueExit
0012eb78 00000034 T C3Di_RenderQueueWaitDone
0012ebac 000000e8 T C3D_FrameBegin
0012ec94 00000048 T C3D_FrameDrawOn
0012ecdc 00000058 T C3D_FrameSplit
0012ed34 000001d0 T C3D_FrameEnd
0012ef04 0000001c T C3D_FrameEndHook
0012ef20 00000170 T C3D_RenderTargetCreate
0012f090 000000a8 T C3D_RenderTargetSetOutput
0012f138 000000fc T C3D_SyncTextureCopy
0012f234 00000034 T C3D_GetTexEnv
0012f268 00000024 T C3Di_TexEnvBind
0012f28c 00000290 T C3D_TexInitWithParams
0012f51c 000000c8 T C3D_TexLoadImage
0012f5e4 00000044 T C3D_TexBind
0012f628 00000044 T C3D_TexFlush
0012f66c 00000074 T C3D_TexDelete
0012f6e0 0000014c T C3Di_SetTex
0012f82c 00000290 T C3D_UpdateUniforms
0012fabc 000000c0 T C3Di_DirtyUniforms
0012fb7c 000000d8 T C3Di_LoadShaderUniforms
0012fc54 00000028 T C3Di_ClearShaderUniforms
0012fc7c 000000cc T Mtx_Ortho
0012fd48 000000cc T Mtx_OrthoTilt
0012fe14 00000024 t addrMapNodeComparator(rbtree_node const*, rbtree_node const*)
0012fe38 00000004 t addrMapNodeDestructor(rbtree_node*)
0012fe3c 0000012c T linearMemAlign
0012ff68 00000008 T linearAlloc
0012ff70 0000005c T linearFree
0012ffcc 00000088 T MemPool::CoalesceRight(MemBlock*)
00130054 00000178 T MemPool::Allocate(MemChunk&, unsigned long, int)
001301cc 00000118 T MemPool::Deallocate(MemChunk const&)
001302e4 00000030 T MemPool::GetFreeSpace()
00130314 00000024 t addrMapNodeComparator(rbtree_node const*, rbtree_node const*)
00130338 00000004 t addrMapNodeDestructor(rbtree_node*)
0013033c 00000248 T vramMemAlignAt
00130584 0000000c T vramAlloc
00130590 0000000c T vramAllocAt
0013059c 00000094 T vramFree
00130630 000001c8 T consoleDrawChar
001307f8 00000170 T consolePrintChar
00130968 00000cc8 T con_write
00131630 000000fc t newRow
0013172c 00000180 T consoleInit
001318ac 000000b8 T consoleClear
00131964 000000cc t gfxPresentFramebuffer
00131a30 00000010 T gfxSet3D
00131a40 0000001c T gfxIsWide
00131a5c 000000f8 T gfxSetScreenFormat
00131b54 00000010 T gfxSetDoubleBuffering
00131b64 000000d8 T gfxInit
00131c3c 00000010 T gfxInitDefault
00131c4c 000000b8 T gfxExit
00131d04 000000a0 T gfxGetFramebuffer
00131da4 00000100 T gfxFlushBuffers
00131ea4 00000028 T gfxScreenSwapBuffers
00131ecc 00000050 T gfxSwapBuffersGpu
00131f1c 00000074 T osConvertVirtToPhys
00131f90 00000054 T osGetTimeRef
00131fe4 000000ec T osGetTime
001320d0 00000034 T __ctru_speedup_config
00132104 00000038 T osSetSpeedupEnable
0013213c 00000008 t romfs_close
00132144 000000ac t romfs_seek
001321f0 00000024 t romfs_dirreset
00132214 000000c0 t fill_dir
001322d4 000002ac t romfs_dirnext
00132580 00000074 t romfs_free
001325f4 000000d0 t searchForFile.constprop.0
001326c4 000000d4 t searchForDir.constprop.0
00132798 000001c0 t navigateToDir.constprop.0
00132958 00000114 t romfs_open
00132a6c 0000004c t romfs_chdir
00132ab8 00000068 t romfs_diropen
00132b20 00000178 t romfs_stat
00132c98 00000008 t romfs_dirclose
00132ca0 0000007c t romfs_fstat
00132d1c 000000d0 t romfs_read
00132dec 00000294 T romfsMountFromFile
00133080 00000098 T romfsMountFromCurrentProcess
00133118 00000258 T romfsMountSelf
00133370 000000a0 T romfsUnmount
00133410 0000013c T GPUCMD_Add
0013354c 000000b0 T GPUCMD_Split
001335fc 00000034 T f32tof16
00133630 00000034 T f32tof24
00133664 00000038 T f32tof31
0013369c 00000010 T GX_BindQueue
001336ac 0000007c T GX_ProcessCommandList
00133728 00000074 T GX_MemoryFill
0013379c 00000074 T GX_DisplayTransfer
00133810 00000078 T GX_TextureCopy
00133888 00000064 t gxCmdQueueDoCommands.part.0
001338ec 000000e4 T gxCmdQueueInterrupt
001339d0 00000068 T gxCmdQueueClear
00133a38 00000108 T gxCmdQueueAdd
00133b40 00000080 T gxCmdQueueRun
00133bc0 00000064 T gxCmdQueueStop
00133c24 000000ac T gxCmdQueueWait
00133cd0 000001e0 T shaderInstanceInit
00133eb0 00000018 T shaderInstanceGetUniformLocation
00133ec8 0000001c T shaderProgramInit
00133ee4 00000074 T shaderProgramFree
00133f58 00000094 T shaderProgramSetVsh
00133fec 000008d0 T shaderProgramConfigure
001348bc 000001dc t DVLE_GenerateOutmap.part.0
00134a98 000001ac T DVLB_ParseFile
00134c44 00000050 T DVLB_Free
00134c94 00000074 T DVLE_GetUniformRegister
00134d08 00000158 t ndspUpdateMaster
00134e60 00000108 t ndspFinalize
00134f68 0000025c t ndspInitialize.part.0
001351c4 00000108 t ndspHookCallback
001352d0 00000318 t ndspThreadMain
001355e8 000003f0 T ndspInit
001359d8 000000d8 T ndspExit
00135ab0 000000e0 T ndspChnReset
00135b90 00000018 T ndspChnSetFormat
00135ba8 00000050 T ndspChnSetInterp
00135bf8 00000060 T ndspChnSetRate
00135c58 00000080 T ndspChnSetMix
00135cd8 000000c8 T ndspChnWaveBufAdd
00135da0 00000040 T ndspiInitChn
00135de0 0000002c T ndspiDirtyChn
00135e0c 0000043c T ndspiUpdateChn
00136248 00000180 T ndspiReadChnState
001363c8 00000180 t aptConvertScreenForCapture
00136548 00000138 T aptSendCommand
00136680 00000044 t aptExitProcess
001366c4 00000394 T aptExit
00136a58 000000d8 T aptHandleSleep
00136b30 00000034 T aptHook
00136b64 00000030 T aptUnhook
00136b94 00000084 T APT_SleepIfShellClosed
00136c18 00000078 T aptSetSleepAllowed
00136c90 00000084 T APT_UnlockTransition
00136d18 00000470 t aptEventHandler
00137188 000000bc T APT_ReceiveParameter
00137244 000000b0 t aptReceiveParameter.constprop.0
001372f8 00000294 t aptScreenTransfer
0013758c 000002d0 t aptWaitForWakeUp.isra.0
0013785c 000000f4 T aptJumpToHomeMenu
00137950 00000058 T aptMainLoop
001379a8 00000240 T aptInit
00137be8 0000002c T APT_SetAppCpuTimeLimit
00137c14 00000090 T APT_CheckNew3DS
00137ca4 000000a8 T cfguInit
00137d4c 0000003c T cfguExit
00137d88 0000004c T CFGU_GetConfigInfoBlk2
00137dd4 000000a4 t DSP_LoadComponent.part.0
00137e78 000000fc T dspInit
00137f74 0000008c T dspExit
00138000 00000024 T dspHook
00138024 00000030 T dspUnhook
00138054 000000b4 T aptDspSleep
00138108 000000b4 T aptDspWakeup
001381bc 00000044 T aptDspCancel
00138200 00000050 T DSP_FlushDataCache
00138250 00000034 T DSP_SetSemaphore
00138284 00000034 T DSP_SetSemaphoreMask
001382b8 00000038 T DSP_GetSemaphoreHandle
001382f0 0000003c T DSP_LoadComponent
0013832c 00000044 T DSP_RegisterInterruptEvents
00138370 00000078 T DSP_ReadPipeIfPossible
001383e8 0000004c T DSP_WriteProcessPipe
00138434 00000044 T DSP_ConvertProcessAddressFromDspDram
00138478 00000044 T DSP_RecvData
001384bc 00000050 T DSP_RecvDataIsReady
0013850c 00000104 T fsInit
00138610 0000003c T fsExit
0013864c 00000068 T fsExemptFromSession
001386b4 00000050 T fsUnexemptFromSession
00138704 000000cc T FSUSER_OpenFile
001387d0 000000cc T FSUSER_OpenFileDirectly
0013889c 000000b8 T FSUSER_DeleteFile
00138954 000000f4 T FSUSER_RenameFile
00138a48 000000b8 T FSUSER_DeleteDirectory
00138b00 000000d0 T FSUSER_CreateFile
00138bd0 000000c0 T FSUSER_CreateDirectory
00138c90 000000f4 T FSUSER_RenameDirectory
00138d84 000000b4 T FSUSER_OpenDirectory
00138e38 00000090 T FSUSER_OpenArchive
00138ec8 0000008c T FSUSER_CloseArchive
00138f54 00000074 T FSUSER_GetSdmcArchiveResource
00138fc8 00000064 T FSUSER_IsSdmcWritable
0013902c 00000064 T FSFILE_Read
00139090 0000006c T FSFILE_Write
001390fc 00000044 T FSFILE_GetSize
00139140 00000028 T FSFILE_SetSize
00139168 0000003c T FSFILE_Close
001391a4 00000024 T FSFILE_Flush
001391c8 00000060 T FSDIR_Read
00139228 0000003c T FSDIR_Close
00139264 00000c70 t gspHardwareInit
00139ed4 00000288 T gspInit
0013a15c 00000104 T gspExit
0013a260 00000010 T gspHasGpuRight
0013a270 000000a4 T gspPresentBuffer
0013a314 00000030 T gspSetEventCallback
0013a344 00000050 T gspWaitForEvent
0013a394 0000004c T gspWaitForAnyEvent
0013a3e0 00000154 t gspEventThreadMain
0013a534 0000012c T gspSubmitGxCommand
0013a660 00000050 T GSPGPU_FlushDataCache
0013a6b0 00000034 T GSPGPU_SetLcdForceBlack
0013a6e4 00000084 T GSPGPU_AcquireRight
0013a768 00000064 T GSPGPU_ReleaseRight
0013a7cc 0000007c T GSPGPU_ImportDisplayCaptureInfo
0013a848 0000002c T GSPGPU_SaveVramSysArea
0013a874 0000002c T GSPGPU_RestoreVramSysArea
0013a8a0 00000024 W hidShouldUseIrrst
0013a8c4 000001cc T hidInit
0013aa90 000000e8 T hidExit
0013ab78 000002a0 T hidScanInput
0013ae18 00000010 T hidKeysHeld
0013ae28 00000010 T hidKeysDown
0013ae38 000001a4 T irrstInit
0013afdc 000000dc T irrstExit
0013b0b8 000000b4 T irrstScanInput
0013b16c 00000024 T irrstKeysHeld
0013b190 00000078 T ptmSysmInit
0013b208 0000003c T ptmSysmExit
0013b244 00000034 T PTMSYSM_ConfigureNew3DSCPU
0013b278 00000074 T rbtree_find
0013b2ec 00000010 T rbtree_init
0013b2fc 00000198 t do_insert
0013b494 00000008 T rbtree_insert
0013b49c 00000310 T rbtree_remove
0013b7ac 00000090 T rbtree_rotate
0013b83c 000000e8 T utf16_to_utf8
0013b924 000000c0 T utf8_to_utf16
0013b9e8 000001e8 W __system_allocateHeaps
0013bbd0 00000038 W __libctru_init
0013bc08 0000016c W __system_initArgv
0013bd74 00000030 T __syscall_getreent
0013bda4 00000064 T __syscall_gettod_r
0013be08 00000004 T __syscall_lock_acquire
0013be0c 00000004 T __syscall_lock_release
0013be10 00000004 T __syscall_lock_acquire_recursive
0013be14 00000004 T __syscall_lock_release_recursive
0013be18 00000004 T __syscall_exit
0013be1c 00000014 T __syscall_cond_broadcast
0013be30 00000014 T __syscall_cond_wait
0013be44 00000044 T __syscall_cond_wait_recursive
0013be88 00000054 T initThreadVars
0013bedc 00000080 T __system_initSyscalls
0013bf5c T svcControlMemory
0013bf7c T svcQueryMemory
0013bfac T svcExitProcess
0013bfb4 T svcCreateThread
0013bfd4 T svcExitThread
0013bfdc T svcSleepThread
0013bfe4 T svcReleaseMutex
0013bfec T svcCreateEvent
0013c000 T svcSignalEvent
0013c008 T svcClearEvent
0013c010 T svcMapMemoryBlock
0013c018 T svcUnmapMemoryBlock
0013c020 T svcCreateAddressArbiter
0013c034 T svcArbitrateAddress
0013c04c T svcArbitrateAddressNoTimeout
0013c054 T svcCloseHandle
0013c05c T svcWaitSynchronization
0013c064 T svcWaitSynchronizationN
0013c08c T svcDuplicateHandle
0013c0a0 T svcGetSystemTick
0013c0a8 T svcConnectToPort
0013c0bc T svcSendSyncRequest
0013c0c4 T svcGetResourceLimit
0013c0d8 T svcGetResourceLimitLimitValues
0013c0e0 T svcGetResourceLimitCurrentValues
0013c0e8 T svcBreak
0013c0f0 T __aeabi_read_tp
0013c0fc W initSystem
0013c14c W __ctru_exit
0013c160 0000008c W envGetHandle
0013c1ec 00000050 W envDestroyHandles
0013c23c 00000164 T srvInit
0013c3a0 00000064 T srvExit
0013c404 00000060 T srvEnableNotification
0013c464 000000a0 T srvGetServiceHandleDirect
0013c504 00000048 T srvGetServiceHandle
0013c54c 00000034 T srvSubscribe
0013c580 00000060 T srvReceiveNotification
0013c5e0 00000038 T srvPublishToSubscriber
0013c618 0000000c T __sync_init
0013c624 00000018 T __sync_fini
0013c63c 00000028 T syncArbitrateAddress
0013c664 0000001c T LightLock_Init
0013c680 000000ac T LightLock_Lock
0013c72c 00000040 T LightLock_Unlock
0013c76c 00000054 T RecursiveLock_Lock
0013c7c0 00000054 T RecursiveLock_Unlock
0013c814 000000ec T CondVar_WaitTimeout
0013c900 00000124 T CondVar_WakeUp
0013ca24 00000044 T LightEvent_Init
0013ca68 000000b8 T LightEvent_Clear
0013cb20 000000dc T LightEvent_Signal
0013cbfc 00000050 T LightEvent_TryWait
0013cc4c 000000ac T LightEvent_Wait
0013ccf8 000001fc T threadCreate
0013cef4 00000038 T threadFree
0013cf2c 00000024 T threadJoin
0013cf50 00000030 T threadGetCurrent
0013cf80 00000040 T threadExit
0013cfc0 00000020 t _thread_begin
0013cfe0 00000090 t mappableFindAddressWithin
0013d070 00000028 T mappableInit
0013d098 0000007c T mappableAlloc
0013d114 00000004 T mappableFree
0013d118 0000000c T srvPmGetSessionHandle
0013d124 00000060 T rbtree_node_next
0013d184 00000054 T decode_utf16
0013d1d8 00000140 T decode_utf8
0013d318 00000054 T encode_utf16
0013d36c 000000e0 T encode_utf8
0013d44c 00000030 W __appExit
0013d47c 00000030 W __appInit
0013d4ac 00000090 W __libctru_exit
0013d4d8 N 
0013d4d8 N 
0013d4d8 N 
0013d4d8 N 
0013d4d8 N 
0013d4d8 N 
0013d4d8 N 
0013d4d8 N 
0013d4d8 N 
0013d4d8 N 
0013d4d8 N 
0013d4d8 N 
0013d4d8 N 
0013d4d8 N 
0013d4d8 N 
0013d4d8 N 
0013d4d8 N 
0013d4d8 N 
0013d4d8 N 
0013d4d8 N 
0013d4d8 N 
0013d4d8 N 
0013d4d8 N 
0013d4d8 N 
0013d4d8 N 
0013d4d8 N 
0013d4d8 N 
0013d4d8 N 
0013d4d8 N 
0013d4d8 N 
0013d4d8 N 
0013d4d8 N 
0013d4d8 W Korean0000XORFFMemoryRule.cpp.5f77658f
0013d53c 00000024 t error_cmp
0013d560 00000050 t archive_translate_error
0013d5b0 000000c0 t archive_seek
0013d670 00000078 t _archiveInit.part.0
0013d6e8 00000110 t archiveFindDevice.part.0
0013d7f8 00000298 t archive_utf16path
0013da90 00000098 t _archiveUnmountDeviceStruct.part.0
0013db28 00000178 t _archiveMountDevice
0013dca0 000000f8 t archive_diropen
0013dd98 000000ac t archive_fstat
0013de44 00000074 t archive_fsync
0013deb8 00000074 t archive_close
0013df2c 00000078 t archive_dirclose
0013dfa4 000000ec t sdmc_statvfs
0013e090 000000f8 t archive_chdir
0013e188 0000008c t archive_ftruncate
0013e214 000000bc t archive_read
0013e2d0 000000a8 t archive_unlink
0013e378 000000c0 t archive_rmdir
0013e438 000000d8 t archive_mkdir
0013e510 000001a0 t archive_stat
0013e6b0 00000164 t archive_dirnext
0013e814 0000013c t archive_write
0013e950 00000254 t archive_open
0013eba4 00000270 t archive_rename
0013ee14 000001c8 T archiveMountSdmc
0013efdc 00000054 T archiveUnmountAll
0013f030 00000004 T operator delete(void*)
0013f034 00000004 T operator delete[](void*)
0013f038 0000005c T operator new(unsigned int)
0013f094 00000004 T operator new[](unsigned int)
0013f098 0000000c W __gnu_cxx::__concurrence_lock_error::what() const
0013f0a4 0000000c W __gnu_cxx::__concurrence_unlock_error::what() const
0013f0b0 00000004 T std::locale::facet::~facet()
0013f0b0 00000004 T std::locale::facet::~facet()
0013f0b4 0000001c T std::locale::facet::~facet()
0013f0d0 00000020 W __gnu_cxx::__concurrence_lock_error::~__concurrence_lock_error()
0013f0d0 00000020 W __gnu_cxx::__concurrence_lock_error::~__concurrence_lock_error()
0013f0f0 00000028 W __gnu_cxx::__concurrence_lock_error::~__concurrence_lock_error()
0013f118 00000020 W __gnu_cxx::__concurrence_unlock_error::~__concurrence_unlock_error()
0013f118 00000020 W __gnu_cxx::__concurrence_unlock_error::~__concurrence_unlock_error()
0013f138 00000028 W __gnu_cxx::__concurrence_unlock_error::~__concurrence_unlock_error()
0013f160 00000020 T std::locale::facet::_S_initialize_once()
0013f180 0000002c W __gnu_cxx::__throw_concurrence_unlock_error()
0013f1ac 0000003c T std::locale::locale(std::locale const&)
0013f1ac 0000003c T std::locale::locale(std::locale const&)
0013f1e8 00000008 T std::locale::locale(std::locale::_Impl*)
0013f1e8 00000008 T std::locale::locale(std::locale::_Impl*)
0013f1f0 0000004c T std::locale::facet::_S_get_c_locale()
0013f23c 0000000c T std::locale::facet::_S_get_c_name()
0013f248 000001dc T std::locale::_Impl::~_Impl()
0013f248 000001dc T std::locale::_Impl::~_Impl()
0013f424 000000b0 T std::locale::operator=(std::locale const&)
0013f4d4 00000078 T std::locale::~locale()
0013f4d4 00000078 T std::locale::~locale()
0013f54c 000005ac T std::locale::_Impl::_M_install_facet(std::locale::id const*, std::locale::facet const*)
0013faf8 00000388 T std::locale::_Impl::_M_install_cache(std::locale::facet const*, unsigned int)
0013fe80 00000064 T std::locale::id::_M_id() const
0013fee4 00000010 T std::__basic_file<char>::__basic_file(pthread_mutex_t*)
0013fee4 00000010 T std::__basic_file<char>::__basic_file(pthread_mutex_t*)
0013fef4 00000044 T std::__basic_file<char>::~__basic_file()
0013fef4 00000044 T std::__basic_file<char>::~__basic_file()
0013ff38 00000078 T std::__basic_file<char>::open(char const*, std::_Ios_Openmode, int)
0013ffb0 00000010 T std::__basic_file<char>::is_open() const
0013ffc0 00000058 T std::__basic_file<char>::close()
00140018 00000060 T std::__basic_file<char>::xsgetn(char*, int)
00140078 00000074 T std::__basic_file<char>::xsputn(char const*, int)
001400ec 000000d8 T std::__basic_file<char>::xsputn_2(char const*, int, char const*, int)
001401c4 00000048 T std::__basic_file<char>::seekoff(long long, std::_Ios_Seekdir)
0014020c 00000094 T std::__basic_file<char>::showmanyc()
001402a0 00000034 t std::__facet_shims::(anonymous namespace)::collate_shim<char>::do_compare(char const*, char const*, char const*, char const*) const
001402d4 00000060 t std::__facet_shims::(anonymous namespace)::time_get_shim<char>::do_get_year(std::istreambuf_iterator<char, std::char_traits<char> >, std::istreambuf_iterator<char, std::char_traits<char> >, std::ios_base&, std::_Ios_Iostate&, tm*) const
00140334 00000060 t std::__facet_shims::(anonymous namespace)::time_get_shim<char>::do_get_monthname(std::istreambuf_iterator<char, std::char_traits<char> >, std::istreambuf_iterator<char, std::char_traits<char> >, std::ios_base&, std::_Ios_Iostate&, tm*) const
00140394 00000060 t std::__facet_shims::(anonymous namespace)::time_get_shim<char>::do_get_weekday(std::istreambuf_iterator<char, std::char_traits<char> >, std::istreambuf_iterator<char, std::char_traits<char> >, std::ios_base&, std::_Ios_Iostate&, tm*) const
001403f4 00000060 t std::__facet_shims::(anonymous namespace)::time_get_shim<char>::do_get_date(std::istreambuf_iterator<char, std::char_traits<char> >, std::istreambuf_iterator<char, std::char_traits<char> >, std::ios_base&, std::_Ios_Iostate&, tm*) const
00140454 00000060 t std::__facet_shims::(anonymous namespace)::time_get_shim<char>::do_get_time(std::istreambuf_iterator<char, std::char_traits<char> >, std::istreambuf_iterator<char, std::char_traits<char> >, std::ios_base&, std::_Ios_Iostate&, tm*) const
001404b4 0000000c t std::__facet_shims::(anonymous namespace)::time_get_shim<char>::do_date_order() const
001404c0 00000098 t std::__facet_shims::(anonymous namespace)::money_get_shim<char>::do_get(std::istreambuf_iterator<char, std::char_traits<char> >, std::istreambuf_iterator<char, std::char_traits<char> >, bool, std::ios_base&, std::_Ios_Iostate&, long double&) const
00140558 00000054 t std::__facet_shims::(anonymous namespace)::money_put_shim<char>::do_put(std::ostreambuf_iterator<char, std::char_traits<char> >, bool, std::ios_base&, char, long double) const
001405ac 00000010 t std::__facet_shims::(anonymous namespace)::messages_shim<char>::do_close(int) const
001405bc 00000030 t std::__facet_shims::(anonymous namespace)::messages_shim<char>::do_open(std::string const&, std::locale const&) const
001405ec 00000034 t std::__facet_shims::(anonymous namespace)::collate_shim<wchar_t>::do_compare(wchar_t const*, wchar_t const*, wchar_t const*, wchar_t const*) const
00140620 00000060 t std::__facet_shims::(anonymous namespace)::time_get_shim<wchar_t>::do_get_year(std::istreambuf_iterator<wchar_t, std::char_traits<wchar_t> >, std::istreambuf_iterator<wchar_t, std::char_traits<wchar_t> >, std::ios_base&, std::_Ios_Iostate&, tm*) const
00140680 00000060 t std::__facet_shims::(anonymous namespace)::time_get_shim<wchar_t>::do_get_monthname(std::istreambuf_iterator<wchar_t, std::char_traits<wchar_t> >, std::istreambuf_iterator<wchar_t, std::char_traits<wchar_t> >, std::ios_base&, std::_Ios_Iostate&, tm*) const
001406e0 00000060 t std::__facet_shims::(anonymous namespace)::time_get_shim<wchar_t>::do_get_weekday(std::istreambuf_iterator<wchar_t, std::char_traits<wchar_t> >, std::istreambuf_iterator<wchar_t, std::char_traits<wchar_t> >, std::ios_base&, std::_Ios_Iostate&, tm*) const
00140740 00000060 t std::__facet_shims::(anonymous namespace)::time_get_shim<wchar_t>::do_get_date(std::istreambuf_iterator<wchar_t, std::char_traits<wchar_t> >, std::istreambuf_iterator<wchar_t, std::char_traits<wchar_t> >, std::ios_base&, std::_Ios_Iostate&, tm*) const
001407a0 00000060 t std::__facet_shims::(anonymous namespace)::time_get_shim<wchar_t>::do_get_time(std::istreambuf_iterator<wchar_t, std::char_traits<wchar_t> >, std::istreambuf_iterator<wchar_t, std::char_traits<wchar_t> >, std::ios_base&, std::_Ios_Iostate&, tm*) const
00140800 0000000c t std::__facet_shims::(anonymous namespace)::time_get_shim<wchar_t>::do_date_order() const
0014080c 00000098 t std::__facet_shims::(anonymous namespace)::money_get_shim<wchar_t>::do_get(std::istreambuf_iterator<wchar_t, std::char_traits<wchar_t> >, std::istreambuf_iterator<wchar_t, std::char_traits<wchar_t> >, bool, std::ios_base&, std::_Ios_Iostate&, long double&) const
001408a4 00000054 t std::__facet_shims::(anonymous namespace)::money_put_shim<wchar_t>::do_put(std::ostreambuf_iterator<wchar_t, std::char_traits<wchar_t> >, bool, std::ios_base&, wchar_t, long double) const
001408f8 00000010 t std::__facet_shims::(anonymous namespace)::messages_shim<wchar_t>::do_close(int) const
00140908 00000030 t std::__facet_shims::(anonymous namespace)::messages_shim<wchar_t>::do_open(std::string const&, std::locale const&) const
00140938 000000c0 t wchar_t* std::basic_string<wchar_t, std::char_traits<wchar_t>, std::allocator<wchar_t> >::_S_construct<wchar_t const*>(wchar_t const*, wchar_t const*, std::allocator<wchar_t> const&, std::forward_iterator_tag) [clone .isra.0]
001409f8 000000b8 t char* std::string::_S_construct<char const*>(char const*, char const*, std::allocator<char> const&, std::forward_iterator_tag) [clone .isra.0]
00140ab0 00000058 t std::basic_string<wchar_t, std::char_traits<wchar_t>, std::allocator<wchar_t> >::~basic_string() [clone .isra.0]
00140b08 00000058 t std::basic_string<char, std::char_traits<char>, std::allocator<char> >::~basic_string() [clone .isra.0]
00140b60 00000090 t std::__facet_shims::(anonymous namespace)::collate_shim<wchar_t>::do_transform(wchar_t const*, wchar_t const*) const
00140bf0 000000ac t std::__facet_shims::(anonymous namespace)::messages_shim<wchar_t>::do_get(int, int, int, std::basic_string<wchar_t, std::char_traits<wchar_t>, std::allocator<wchar_t> > const&) const
00140ca0 00000118 t std::__facet_shims::(anonymous namespace)::money_put_shim<wchar_t>::do_put(std::ostreambuf_iterator<wchar_t, std::char_traits<wchar_t> >, bool, std::ios_base&, wchar_t, std::basic_string<wchar_t, std::char_traits<wchar_t>, std::allocator<wchar_t> > const&) const
00140db8 00000118 t std::__facet_shims::(anonymous namespace)::money_put_shim<char>::do_put(std::ostreambuf_iterator<char, std::char_traits<char> >, bool, std::ios_base&, char, std::string const&) const
00140ed0 00000090 t std::__facet_shims::(anonymous namespace)::collate_shim<char>::do_transform(char const*, char const*) const
00140f60 000000ac t std::__facet_shims::(anonymous namespace)::messages_shim<char>::do_get(int, int, int, std::string const&) const
0014100c 00000058 t void std::__facet_shims::(anonymous namespace)::__destroy_string<wchar_t>(void*)
00141064 00000058 t void std::__facet_shims::(anonymous namespace)::__destroy_string<char>(void*)
001410bc 0000005c t std::__facet_shims::(anonymous namespace)::messages_shim<char>::~messages_shim()
001410bc 0000005c t std::__facet_shims::(anonymous namespace)::messages_shim<char>::~messages_shim()
00141118 0000005c t std::__facet_shims::(anonymous namespace)::messages_shim<wchar_t>::~messages_shim()
00141118 0000005c t std::__facet_shims::(anonymous namespace)::messages_shim<wchar_t>::~messages_shim()
00141174 00000068 t std::__facet_shims::(anonymous namespace)::money_get_shim<char>::~money_get_shim()
00141174 00000068 t std::__facet_shims::(anonymous namespace)::money_get_shim<char>::~money_get_shim()
001411dc 00000068 t std::__facet_shims::(anonymous namespace)::money_put_shim<char>::~money_put_shim()
001411dc 00000068 t std::__facet_shims::(anonymous namespace)::money_put_shim<char>::~money_put_shim()
00141244 00000068 t std::__facet_shims::(anonymous namespace)::money_get_shim<wchar_t>::~money_get_shim()
00141244 00000068 t std::__facet_shims::(anonymous namespace)::money_get_shim<wchar_t>::~money_get_shim()
001412ac 00000068 t std::__facet_shims::(anonymous namespace)::money_put_shim<wchar_t>::~money_put_shim()
001412ac 00000068 t std::__facet_shims::(anonymous namespace)::money_put_shim<wchar_t>::~money_put_shim()
00141314 00000068 t std::__facet_shims::(anonymous namespace)::time_get_shim<char>::~time_get_shim()
00141314 00000068 t std::__facet_shims::(anonymous namespace)::time_get_shim<char>::~time_get_shim()
0014137c 00000068 t std::__facet_shims::(anonymous namespace)::time_get_shim<wchar_t>::~time_get_shim()
0014137c 00000068 t std::__facet_shims::(anonymous namespace)::time_get_shim<wchar_t>::~time_get_shim()
001413e4 00000064 t std::__facet_shims::(anonymous namespace)::messages_shim<char>::~messages_shim()
00141448 00000064 t std::__facet_shims::(anonymous namespace)::messages_shim<wchar_t>::~messages_shim()
001414ac 00000068 t std::__facet_shims::(anonymous namespace)::numpunct_shim<char>::~numpunct_shim()
001414ac 00000068 t std::__facet_shims::(anonymous namespace)::numpunct_shim<char>::~numpunct_shim()
00141514 00000068 t std::__facet_shims::(anonymous namespace)::numpunct_shim<wchar_t>::~numpunct_shim()
00141514 00000068 t std::__facet_shims::(anonymous namespace)::numpunct_shim<wchar_t>::~numpunct_shim()
0014157c 00000070 t std::__facet_shims::(anonymous namespace)::money_get_shim<char>::~money_get_shim()
001415ec 00000070 t std::__facet_shims::(anonymous namespace)::money_put_shim<char>::~money_put_shim()
0014165c 00000070 t std::__facet_shims::(anonymous namespace)::money_get_shim<wchar_t>::~money_get_shim()
001416cc 00000070 t std::__facet_shims::(anonymous namespace)::money_put_shim<wchar_t>::~money_put_shim()
0014173c 00000070 t std::__facet_shims::(anonymous namespace)::time_get_shim<char>::~time_get_shim()
001417ac 00000070 t std::__facet_shims::(anonymous namespace)::time_get_shim<wchar_t>::~time_get_shim()
0014181c 00000070 t std::__facet_shims::(anonymous namespace)::collate_shim<char>::~collate_shim()
0014181c 00000070 t std::__facet_shims::(anonymous namespace)::collate_shim<char>::~collate_shim()
0014188c 00000070 t std::__facet_shims::(anonymous namespace)::collate_shim<wchar_t>::~collate_shim()
0014188c 00000070 t std::__facet_shims::(anonymous namespace)::collate_shim<wchar_t>::~collate_shim()
001418fc 00000070 t std::__facet_shims::(anonymous namespace)::numpunct_shim<char>::~numpunct_shim()
0014196c 00000070 t std::__facet_shims::(anonymous namespace)::numpunct_shim<wchar_t>::~numpunct_shim()
001419dc 00000078 t std::__facet_shims::(anonymous namespace)::collate_shim<char>::~collate_shim()
00141a54 00000078 t std::__facet_shims::(anonymous namespace)::collate_shim<wchar_t>::~collate_shim()
00141acc 00000074 t std::__facet_shims::(anonymous namespace)::moneypunct_shim<char, true>::~moneypunct_shim()
00141acc 00000074 t std::__facet_shims::(anonymous namespace)::moneypunct_shim<char, true>::~moneypunct_shim()
00141b40 00000074 t std::__facet_shims::(anonymous namespace)::moneypunct_shim<char, false>::~moneypunct_shim()
00141b40 00000074 t std::__facet_shims::(anonymous namespace)::moneypunct_shim<char, false>::~moneypunct_shim()
00141bb4 00000074 t std::__facet_shims::(anonymous namespace)::moneypunct_shim<wchar_t, true>::~moneypunct_shim()
00141bb4 00000074 t std::__facet_shims::(anonymous namespace)::moneypunct_shim<wchar_t, true>::~moneypunct_shim()
00141c28 00000074 t std::__facet_shims::(anonymous namespace)::moneypunct_shim<wchar_t, false>::~moneypunct_shim()
00141c28 00000074 t std::__facet_shims::(anonymous namespace)::moneypunct_shim<wchar_t, false>::~moneypunct_shim()
00141c9c 0000007c t std::__facet_shims::(anonymous namespace)::moneypunct_shim<char, true>::~moneypunct_shim()
00141d18 0000007c t std::__facet_shims::(anonymous namespace)::moneypunct_shim<char, false>::~moneypunct_shim()
00141d94 0000007c t std::__facet_shims::(anonymous namespace)::moneypunct_shim<wchar_t, true>::~moneypunct_shim()
00141e10 0000007c t std::__facet_shims::(anonymous namespace)::moneypunct_shim<wchar_t, false>::~moneypunct_shim()
00141e8c 00000148 t std::__facet_shims::(anonymous namespace)::money_get_shim<wchar_t>::do_get(std::istreambuf_iterator<wchar_t, std::char_traits<wchar_t> >, std::istreambuf_iterator<wchar_t, std::char_traits<wchar_t> >, bool, std::ios_base&, std::_Ios_Iostate&, std::basic_string<wchar_t, std::char_traits<wchar_t>, std::allocator<wchar_t> >&) const
00141fd4 00000148 t std::__facet_shims::(anonymous namespace)::money_get_shim<char>::do_get(std::istreambuf_iterator<char, std::char_traits<char> >, std::istreambuf_iterator<char, std::char_traits<char> >, bool, std::ios_base&, std::_Ios_Iostate&, std::string&) const
0014211c 00000034 W std::locale::facet::_M_remove_reference() const
00142150 0000022c W void std::__facet_shims::__numpunct_fill_cache<char>(std::integral_constant<bool, false>, std::locale::facet const*, std::__numpunct_cache<char>*)
0014237c 00000258 W void std::__facet_shims::__numpunct_fill_cache<wchar_t>(std::integral_constant<bool, false>, std::locale::facet const*, std::__numpunct_cache<wchar_t>*)
001425d4 00000060 W int std::__facet_shims::__collate_compare<char>(std::integral_constant<bool, false>, std::locale::facet const*, char const*, char const*, char const*, char const*)
00142634 00000060 W int std::__facet_shims::__collate_compare<wchar_t>(std::integral_constant<bool, false>, std::locale::facet const*, wchar_t const*, wchar_t const*, wchar_t const*, wchar_t const*)
00142694 00000194 W void std::__facet_shims::__collate_transform<char>(std::integral_constant<bool, false>, std::locale::facet const*, std::__facet_shims::__any_string&, char const*, char const*)
00142828 00000194 W void std::__facet_shims::__collate_transform<wchar_t>(std::integral_constant<bool, false>, std::locale::facet const*, std::__facet_shims::__any_string&, wchar_t const*, wchar_t const*)
001429bc 00000314 W void std::__facet_shims::__moneypunct_fill_cache<char, true>(std::integral_constant<bool, false>, std::locale::facet const*, std::__moneypunct_cache<char, true>*)
00142cd0 00000314 W void std::__facet_shims::__moneypunct_fill_cache<char, false>(std::integral_constant<bool, false>, std::locale::facet const*, std::__moneypunct_cache<char, false>*)
00142fe4 00000350 W void std::__facet_shims::__moneypunct_fill_cache<wchar_t, true>(std::integral_constant<bool, false>, std::locale::facet const*, std::__moneypunct_cache<wchar_t, true>*)
00143334 00000350 W void std::__facet_shims::__moneypunct_fill_cache<wchar_t, false>(std::integral_constant<bool, false>, std::locale::facet const*, std::__moneypunct_cache<wchar_t, false>*)
00143684 000000d0 W int std::__facet_shims::__messages_open<char>(std::integral_constant<bool, false>, std::locale::facet const*, char const*, unsigned int, std::locale const&)
00143754 000000d0 W int std::__facet_shims::__messages_open<wchar_t>(std::integral_constant<bool, false>, std::locale::facet const*, char const*, unsigned int, std::locale const&)
00143824 00000230 W void std::__facet_shims::__messages_get<char>(std::integral_constant<bool, false>, std::locale::facet const*, std::__facet_shims::__any_string&, int, int, int, char const*, unsigned int)
00143a54 00000230 W void std::__facet_shims::__messages_get<wchar_t>(std::integral_constant<bool, false>, std::locale::facet const*, std::__facet_shims::__any_string&, int, int, int, wchar_t const*, unsigned int)
00143c84 00000044 W void std::__facet_shims::__messages_close<char>(std::integral_constant<bool, false>, std::locale::facet const*, int)
00143cc8 00000044 W void std::__facet_shims::__messages_close<wchar_t>(std::integral_constant<bool, false>, std::locale::facet const*, int)
00143d0c 0000002c W std::time_base::dateorder std::__facet_shims::__time_get_dateorder<char>(std::integral_constant<bool, false>, std::locale::facet const*)
00143d38 0000002c W std::time_base::dateorder std::__facet_shims::__time_get_dateorder<wchar_t>(std::integral_constant<bool, false>, std::locale::facet const*)
00143d64 0000023c W std::istreambuf_iterator<char, std::char_traits<char> > std::__facet_shims::__time_get<char>(std::integral_constant<bool, false>, std::locale::facet const*, std::istreambuf_iterator<char, std::char_traits<char> >, std::istreambuf_iterator<char, std::char_traits<char> >, std::ios_base&, std::_Ios_Iostate&, tm*, char)
00143fa0 0000023c W std::istreambuf_iterator<wchar_t, std::char_traits<wchar_t> > std::__facet_shims::__time_get<wchar_t>(std::integral_constant<bool, false>, std::locale::facet const*, std::istreambuf_iterator<wchar_t, std::char_traits<wchar_t> >, std::istreambuf_iterator<wchar_t, std::char_traits<wchar_t> >, std::ios_base&, std::_Ios_Iostate&, tm*, char)
001441dc 000003c4 W std::istreambuf_iterator<char, std::char_traits<char> > std::__facet_shims::__money_get<char>(std::integral_constant<bool, false>, std::locale::facet const*, std::istreambuf_iterator<char, std::char_traits<char> >, std::istreambuf_iterator<char, std::char_traits<char> >, bool, std::ios_base&, std::_Ios_Iostate&, long double*, std::__facet_shims::__any_string*)
001445a0 000003c4 W std::istreambuf_iterator<wchar_t, std::char_traits<wchar_t> > std::__facet_shims::__money_get<wchar_t>(std::integral_constant<bool, false>, std::locale::facet const*, std::istreambuf_iterator<wchar_t, std::char_traits<wchar_t> >, std::istreambuf_iterator<wchar_t, std::char_traits<wchar_t> >, bool, std::ios_base&, std::_Ios_Iostate&, long double*, std::__facet_shims::__any_string*)
00144968 00000264 W std::ostreambuf_iterator<char, std::char_traits<char> > std::__facet_shims::__money_put<char>(std::integral_constant<bool, false>, std::locale::facet const*, std::ostreambuf_iterator<char, std::char_traits<char> >, bool, std::ios_base&, char, long double, std::__facet_shims::__any_string const*)
00144bd0 00000274 W std::ostreambuf_iterator<wchar_t, std::char_traits<wchar_t> > std::__facet_shims::__money_put<wchar_t>(std::integral_constant<bool, false>, std::locale::facet const*, std::ostreambuf_iterator<wchar_t, std::char_traits<wchar_t> >, bool, std::ios_base&, wchar_t, long double, std::__facet_shims::__any_string const*)
00144e44 00000a0c T std::locale::facet::_M_cow_shim(std::locale::id const*) const
00145850 00000088 W std::string::copy(char*, unsigned int, unsigned int) const
001458d8 00000034 W std::string::swap(std::string&)
0014590c 0000005c W std::string::find_first_not_of(char, unsigned int) const
00145968 00000088 W std::string::_Rep::_S_create(unsigned int, unsigned int, std::allocator<char> const&)
001459f0 00000084 W std::string::_S_construct(unsigned int, char, std::allocator<char> const&)
00145a74 00000004 W std::string::_Rep::_M_destroy(std::allocator<char> const&)
00145a78 000001a8 W std::string::_M_mutate(unsigned int, unsigned int, unsigned int)
00145c20 00000048 W std::string::_M_leak_hard()
00145c68 0000001c W std::string::_M_leak()
00145c84 0000006c W std::string::_M_replace_aux(unsigned int, unsigned int, unsigned int, char)
00145cf0 0000005c W std::string::_M_replace_safe(unsigned int, unsigned int, char const*, unsigned int)
00145d4c 000000f4 W std::string::assign(char const*, unsigned int)
00145e40 00000090 W std::string::_Rep::_M_clone(std::allocator<char> const&, unsigned int)
00145ed0 000000b4 W std::string::reserve(unsigned int)
00145f84 000000c8 W std::string::append(std::string const&)
0014604c 0000012c W std::string::append(char const*, unsigned int)
00146178 000000d4 W std::string::append(unsigned int, char)
0014624c 00000048 W std::string::resize(unsigned int, char)
00146294 00000080 W std::string::push_back(char)
00146314 00000088 W std::basic_string<wchar_t, std::char_traits<wchar_t>, std::allocator<wchar_t> >::copy(wchar_t*, unsigned int, unsigned int) const
0014639c 00000034 W std::basic_string<wchar_t, std::char_traits<wchar_t>, std::allocator<wchar_t> >::swap(std::basic_string<wchar_t, std::char_traits<wchar_t>, std::allocator<wchar_t> >&)
001463d0 000000a0 W std::basic_string<wchar_t, std::char_traits<wchar_t>, std::allocator<wchar_t> >::_Rep::_S_create(unsigned int, unsigned int, std::allocator<wchar_t> const&)
00146470 00000090 W std::basic_string<wchar_t, std::char_traits<wchar_t>, std::allocator<wchar_t> >::_S_construct(unsigned int, wchar_t, std::allocator<wchar_t> const&)
00146500 00000004 W std::basic_string<wchar_t, std::char_traits<wchar_t>, std::allocator<wchar_t> >::_Rep::_M_destroy(std::allocator<wchar_t> const&)
00146504 000001b8 W std::basic_string<wchar_t, std::char_traits<wchar_t>, std::allocator<wchar_t> >::_M_mutate(unsigned int, unsigned int, unsigned int)
001466bc 00000048 W std::basic_string<wchar_t, std::char_traits<wchar_t>, std::allocator<wchar_t> >::_M_leak_hard()
00146704 00000074 W std::basic_string<wchar_t, std::char_traits<wchar_t>, std::allocator<wchar_t> >::_M_replace_aux(unsigned int, unsigned int, unsigned int, wchar_t)
00146778 0000005c W std::basic_string<wchar_t, std::char_traits<wchar_t>, std::allocator<wchar_t> >::_M_replace_safe(unsigned int, unsigned int, wchar_t const*, unsigned int)
001467d4 000000f4 W std::basic_string<wchar_t, std::char_traits<wchar_t>, std::allocator<wchar_t> >::assign(wchar_t const*, unsigned int)
001468c8 00000090 W std::basic_string<wchar_t, std::char_traits<wchar_t>, std::allocator<wchar_t> >::_Rep::_M_clone(std::allocator<wchar_t> const&, unsigned int)
00146958 000000b4 W std::basic_string<wchar_t, std::char_traits<wchar_t>, std::allocator<wchar_t> >::reserve(unsigned int)
00146a0c 000000c8 W std::basic_string<wchar_t, std::char_traits<wchar_t>, std::allocator<wchar_t> >::append(std::basic_string<wchar_t, std::char_traits<wchar_t>, std::allocator<wchar_t> > const&)
00146ad4 0000011c W std::basic_string<wchar_t, std::char_traits<wchar_t>, std::allocator<wchar_t> >::append(wchar_t const*, unsigned int)
00146bf0 000000d4 W std::basic_string<wchar_t, std::char_traits<wchar_t>, std::allocator<wchar_t> >::append(unsigned int, wchar_t)
00146cc4 00000048 W std::basic_string<wchar_t, std::char_traits<wchar_t>, std::allocator<wchar_t> >::resize(unsigned int, wchar_t)
00146d0c 00000074 W std::basic_string<wchar_t, std::char_traits<wchar_t>, std::allocator<wchar_t> >::push_back(wchar_t)
00146d80 00000034 t std::__facet_shims::(anonymous namespace)::collate_shim<char>::do_compare(char const*, char const*, char const*, char const*) const
00146db4 00000060 t std::__facet_shims::(anonymous namespace)::time_get_shim<char>::do_get_year(std::istreambuf_iterator<char, std::char_traits<char> >, std::istreambuf_iterator<char, std::char_traits<char> >, std::ios_base&, std::_Ios_Iostate&, tm*) const
00146e14 00000060 t std::__facet_shims::(anonymous namespace)::time_get_shim<char>::do_get_monthname(std::istreambuf_iterator<char, std::char_traits<char> >, std::istreambuf_iterator<char, std::char_traits<char> >, std::ios_base&, std::_Ios_Iostate&, tm*) const
00146e74 00000060 t std::__facet_shims::(anonymous namespace)::time_get_shim<char>::do_get_weekday(std::istreambuf_iterator<char, std::char_traits<char> >, std::istreambuf_iterator<char, std::char_traits<char> >, std::ios_base&, std::_Ios_Iostate&, tm*) const
00146ed4 00000060 t std::__facet_shims::(anonymous namespace)::time_get_shim<char>::do_get_date(std::istreambuf_iterator<char, std::char_traits<char> >, std::istreambuf_iterator<char, std::char_traits<char> >, std::ios_base&, std::_Ios_Iostate&, tm*) const
00146f34 00000060 t std::__facet_shims::(anonymous namespace)::time_get_shim<char>::do_get_time(std::istreambuf_iterator<char, std::char_traits<char> >, std::istreambuf_iterator<char, std::char_traits<char> >, std::ios_base&, std::_Ios_Iostate&, tm*) const
00146f94 0000000c t std::__facet_shims::(anonymous namespace)::time_get_shim<char>::do_date_order() const
00146fa0 00000098 t std::__facet_shims::(anonymous namespace)::money_get_shim<char>::do_get(std::istreambuf_iterator<char, std::char_traits<char> >, std::istreambuf_iterator<char, std::char_traits<char> >, bool, std::ios_base&, std::_Ios_Iostate&, long double&) const
00147038 00000054 t std::__facet_shims::(anonymous namespace)::money_put_shim<char>::do_put(std::ostreambuf_iterator<char, std::char_traits<char> >, bool, std::ios_base&, char, long double) const
0014708c 00000010 t std::__facet_shims::(anonymous namespace)::messages_shim<char>::do_close(int) const
0014709c 0000002c t std::__facet_shims::(anonymous namespace)::messages_shim<char>::do_open(std::__cxx11::basic_string<char, std::char_traits<char>, std::allocator<char> > const&, std::locale const&) const
001470c8 00000034 t std::__facet_shims::(anonymous namespace)::collate_shim<wchar_t>::do_compare(wchar_t const*, wchar_t const*, wchar_t const*, wchar_t const*) const
001470fc 00000060 t std::__facet_shims::(anonymous namespace)::time_get_shim<wchar_t>::do_get_year(std::istreambuf_iterator<wchar_t, std::char_traits<wchar_t> >, std::istreambuf_iterator<wchar_t, std::char_traits<wchar_t> >, std::ios_base&, std::_Ios_Iostate&, tm*) const
0014715c 00000060 t std::__facet_shims::(anonymous namespace)::time_get_shim<wchar_t>::do_get_monthname(std::istreambuf_iterator<wchar_t, std::char_traits<wchar_t> >, std::istreambuf_iterator<wchar_t, std::char_traits<wchar_t> >, std::ios_base&, std::_Ios_Iostate&, tm*) const
001471bc 00000060 t std::__facet_shims::(anonymous namespace)::time_get_shim<wchar_t>::do_get_weekday(std::istreambuf_iterator<wchar_t, std::char_traits<wchar_t> >, std::istreambuf_iterator<wchar_t, std::char_traits<wchar_t> >, std::ios_base&, std::_Ios_Iostate&, tm*) const
0014721c 00000060 t std::__facet_shims::(anonymous namespace)::time_get_shim<wchar_t>::do_get_date(std::istreambuf_iterator<wchar_t, std::char_traits<wchar_t> >, std::istreambuf_iterator<wchar_t, std::char_traits<wchar_t> >, std::ios_base&, std::_Ios_Iostate&, tm*) const
0014727c 00000060 t std::__facet_shims::(anonymous namespace)::time_get_shim<wchar_t>::do_get_time(std::istreambuf_iterator<wchar_t, std::char_traits<wchar_t> >, std::istreambuf_iterator<wchar_t, std::char_traits<wchar_t> >, std::ios_base&, std::_Ios_Iostate&, tm*) const
001472dc 0000000c t std::__facet_shims::(anonymous namespace)::time_get_shim<wchar_t>::do_date_order() const
001472e8 00000098 t std::__facet_shims::(anonymous namespace)::money_get_shim<wchar_t>::do_get(std::istreambuf_iterator<wchar_t, std::char_traits<wchar_t> >, std::istreambuf_iterator<wchar_t, std::char_traits<wchar_t> >, bool, std::ios_base&, std::_Ios_Iostate&, long double&) const
00147380 00000054 t std::__facet_shims::(anonymous namespace)::money_put_shim<wchar_t>::do_put(std::ostreambuf_iterator<wchar_t, std::char_traits<wchar_t> >, bool, std::ios_base&, wchar_t, long double) const
001473d4 00000010 t std::__facet_shims::(anonymous namespace)::messages_shim<wchar_t>::do_close(int) const
001473e4 0000002c t std::__facet_shims::(anonymous namespace)::messages_shim<wchar_t>::do_open(std::__cxx11::basic_string<char, std::char_traits<char>, std::allocator<char> > const&, std::locale const&) const
00147410 00000094 t void std::__cxx11::basic_string<char, std::char_traits<char>, std::allocator<char> >::_M_construct<char const*>(char const*, char const*, std::forward_iterator_tag) [clone .isra.0]
001474a4 00000098 t void std::__cxx11::basic_string<wchar_t, std::char_traits<wchar_t>, std::allocator<wchar_t> >::_M_construct<wchar_t const*>(wchar_t const*, wchar_t const*, std::forward_iterator_tag) [clone .isra.0]
0014753c 000000bc t std::__facet_shims::(anonymous namespace)::collate_shim<wchar_t>::do_transform(wchar_t const*, wchar_t const*) const
001475f8 000000d4 t std::__facet_shims::(anonymous namespace)::messages_shim<wchar_t>::do_get(int, int, int, std::__cxx11::basic_string<wchar_t, std::char_traits<wchar_t>, std::allocator<wchar_t> > const&) const
001476d0 000000bc t std::__facet_shims::(anonymous namespace)::money_put_shim<char>::do_put(std::ostreambuf_iterator<char, std::char_traits<char> >, bool, std::ios_base&, char, std::__cxx11::basic_string<char, std::char_traits<char>, std::allocator<char> > const&) const
00147790 000000bc t std::__facet_shims::(anonymous namespace)::money_put_shim<wchar_t>::do_put(std::ostreambuf_iterator<wchar_t, std::char_traits<wchar_t> >, bool, std::ios_base&, wchar_t, std::__cxx11::basic_string<wchar_t, std::char_traits<wchar_t>, std::allocator<wchar_t> > const&) const
0014784c 000000bc t std::__facet_shims::(anonymous namespace)::collate_shim<char>::do_transform(char const*, char const*) const
00147908 000000d4 t std::__facet_shims::(anonymous namespace)::messages_shim<char>::do_get(int, int, int, std::__cxx11::basic_string<char, std::char_traits<char>, std::allocator<char> > const&) const
001479dc 00000014 t void std::__facet_shims::(anonymous namespace)::__destroy_string<wchar_t>(void*)
001479f0 00000014 t void std::__facet_shims::(anonymous namespace)::__destroy_string<char>(void*)
00147a04 0000005c t std::__facet_shims::(anonymous namespace)::messages_shim<char>::~messages_shim()
00147a04 0000005c t std::__facet_shims::(anonymous namespace)::messages_shim<char>::~messages_shim()
00147a60 0000005c t std::__facet_shims::(anonymous namespace)::messages_shim<wchar_t>::~messages_shim()
00147a60 0000005c t std::__facet_shims::(anonymous namespace)::messages_shim<wchar_t>::~messages_shim()
00147abc 00000068 t std::__facet_shims::(anonymous namespace)::money_get_shim<char>::~money_get_shim()
00147abc 00000068 t std::__facet_shims::(anonymous namespace)::money_get_shim<char>::~money_get_shim()
00147b24 00000068 t std::__facet_shims::(anonymous namespace)::money_put_shim<char>::~money_put_shim()
00147b24 00000068 t std::__facet_shims::(anonymous namespace)::money_put_shim<char>::~money_put_shim()
00147b8c 00000068 t std::__facet_shims::(anonymous namespace)::money_get_shim<wchar_t>::~money_get_shim()
00147b8c 00000068 t std::__facet_shims::(anonymous namespace)::money_get_shim<wchar_t>::~money_get_shim()
00147bf4 00000068 t std::__facet_shims::(anonymous namespace)::money_put_shim<wchar_t>::~money_put_shim()
00147bf4 00000068 t std::__facet_shims::(anonymous namespace)::money_put_shim<wchar_t>::~money_put_shim()
00147c5c 00000068 t std::__facet_shims::(anonymous namespace)::time_get_shim<char>::~time_get_shim()
00147c5c 00000068 t std::__facet_shims::(anonymous namespace)::time_get_shim<char>::~time_get_shim()
00147cc4 00000068 t std::__facet_shims::(anonymous namespace)::time_get_shim<wchar_t>::~time_get_shim()
00147cc4 00000068 t std::__facet_shims::(anonymous namespace)::time_get_shim<wchar_t>::~time_get_shim()
00147d2c 00000064 t std::__facet_shims::(anonymous namespace)::messages_shim<char>::~messages_shim()
00147d90 00000064 t std::__facet_shims::(anonymous namespace)::messages_shim<wchar_t>::~messages_shim()
00147df4 00000068 t std::__facet_shims::(anonymous namespace)::numpunct_shim<char>::~numpunct_shim()
00147df4 00000068 t std::__facet_shims::(anonymous namespace)::numpunct_shim<char>::~numpunct_shim()
00147e5c 00000068 t std::__facet_shims::(anonymous namespace)::numpunct_shim<wchar_t>::~numpunct_shim()
00147e5c 00000068 t std::__facet_shims::(anonymous namespace)::numpunct_shim<wchar_t>::~numpunct_shim()
00147ec4 00000070 t std::__facet_shims::(anonymous namespace)::money_get_shim<char>::~money_get_shim()
00147f34 00000070 t std::__facet_shims::(anonymous namespace)::money_put_shim<char>::~money_put_shim()
00147fa4 00000070 t std::__facet_shims::(anonymous namespace)::money_get_shim<wchar_t>::~money_get_shim()
00148014 00000070 t std::__facet_shims::(anonymous namespace)::money_put_shim<wchar_t>::~money_put_shim()
00148084 00000070 t std::__facet_shims::(anonymous namespace)::time_get_shim<char>::~time_get_shim()
001480f4 00000070 t std::__facet_shims::(anonymous namespace)::time_get_shim<wchar_t>::~time_get_shim()
00148164 00000070 t std::__facet_shims::(anonymous namespace)::collate_shim<char>::~collate_shim()
00148164 00000070 t std::__facet_shims::(anonymous namespace)::collate_shim<char>::~collate_shim()
001481d4 00000070 t std::__facet_shims::(anonymous namespace)::collate_shim<wchar_t>::~collate_shim()
001481d4 00000070 t std::__facet_shims::(anonymous namespace)::collate_shim<wchar_t>::~collate_shim()
00148244 00000070 t std::__facet_shims::(anonymous namespace)::numpunct_shim<char>::~numpunct_shim()
001482b4 00000070 t std::__facet_shims::(anonymous namespace)::numpunct_shim<wchar_t>::~numpunct_shim()
00148324 00000078 t std::__facet_shims::(anonymous namespace)::collate_shim<char>::~collate_shim()
0014839c 00000078 t std::__facet_shims::(anonymous namespace)::collate_shim<wchar_t>::~collate_shim()
00148414 00000074 t std::__facet_shims::(anonymous namespace)::moneypunct_shim<char, true>::~moneypunct_shim()
00148414 00000074 t std::__facet_shims::(anonymous namespace)::moneypunct_shim<char, true>::~moneypunct_shim()
00148488 00000074 t std::__facet_shims::(anonymous namespace)::moneypunct_shim<char, false>::~moneypunct_shim()
00148488 00000074 t std::__facet_shims::(anonymous namespace)::moneypunct_shim<char, false>::~moneypunct_shim()
001484fc 00000074 t std::__facet_shims::(anonymous namespace)::moneypunct_shim<wchar_t, true>::~moneypunct_shim()
001484fc 00000074 t std::__facet_shims::(anonymous namespace)::moneypunct_shim<wchar_t, true>::~moneypunct_shim()
00148570 00000074 t std::__facet_shims::(anonymous namespace)::moneypunct_shim<wchar_t, false>::~moneypunct_shim()
00148570 00000074 t std::__facet_shims::(anonymous namespace)::moneypunct_shim<wchar_t, false>::~moneypunct_shim()
001485e4 0000007c t std::__facet_shims::(anonymous namespace)::moneypunct_shim<char, true>::~moneypunct_shim()
00148660 0000007c t std::__facet_shims::(anonymous namespace)::moneypunct_shim<char, false>::~moneypunct_shim()
001486dc 0000007c t std::__facet_shims::(anonymous namespace)::moneypunct_shim<wchar_t, true>::~moneypunct_shim()
00148758 0000007c t std::__facet_shims::(anonymous namespace)::moneypunct_shim<wchar_t, false>::~moneypunct_shim()
001487d4 000001e0 t std::__facet_shims::(anonymous namespace)::money_get_shim<wchar_t>::do_get(std::istreambuf_iterator<wchar_t, std::char_traits<wchar_t> >, std::istreambuf_iterator<wchar_t, std::char_traits<wchar_t> >, bool, std::ios_base&, std::_Ios_Iostate&, std::__cxx11::basic_string<wchar_t, std::char_traits<wchar_t>, std::allocator<wchar_t> >&) const
001489b4 00000264 t std::__facet_shims::(anonymous namespace)::money_get_shim<char>::do_get(std::istreambuf_iterator<char, std::char_traits<char> >, std::istreambuf_iterator<char, std::char_traits<char> >, bool, std::ios_base&, std::_Ios_Iostate&, std::__cxx11::basic_string<char, std::char_traits<char>, std::allocator<char> >&) const
00148c18 00000180 W void std::__facet_shims::__numpunct_fill_cache<char>(std::integral_constant<bool, true>, std::locale::facet const*, std::__numpunct_cache<char>*)
00148d98 000001a8 W void std::__facet_shims::__numpunct_fill_cache<wchar_t>(std::integral_constant<bool, true>, std::locale::facet const*, std::__numpunct_cache<wchar_t>*)
00148f40 00000060 W int std::__facet_shims::__collate_compare<char>(std::integral_constant<bool, true>, std::locale::facet const*, char const*, char const*, char const*, char const*)
00148fa0 00000060 W int std::__facet_shims::__collate_compare<wchar_t>(std::integral_constant<bool, true>, std::locale::facet const*, wchar_t const*, wchar_t const*, wchar_t const*, wchar_t const*)
00149000 00000144 W void std::__facet_shims::__collate_transform<char>(std::integral_constant<bool, true>, std::locale::facet const*, std::__facet_shims::__any_string&, char const*, char const*)
00149144 00000144 W void std::__facet_shims::__collate_transform<wchar_t>(std::integral_constant<bool, true>, std::locale::facet const*, std::__facet_shims::__any_string&, wchar_t const*, wchar_t const*)
00149288 00000230 W void std::__facet_shims::__moneypunct_fill_cache<char, true>(std::integral_constant<bool, true>, std::locale::facet const*, std::__moneypunct_cache<char, true>*)
001494b8 00000230 W void std::__facet_shims::__moneypunct_fill_cache<char, false>(std::integral_constant<bool, true>, std::locale::facet const*, std::__moneypunct_cache<char, false>*)
001496e8 00000268 W void std::__facet_shims::__moneypunct_fill_cache<wchar_t, true>(std::integral_constant<bool, true>, std::locale::facet const*, std::__moneypunct_cache<wchar_t, true>*)
00149950 00000268 W void std::__facet_shims::__moneypunct_fill_cache<wchar_t, false>(std::integral_constant<bool, true>, std::locale::facet const*, std::__moneypunct_cache<wchar_t, false>*)
00149bb8 000000bc W int std::__facet_shims::__messages_open<char>(std::integral_constant<bool, true>, std::locale::facet const*, char const*, unsigned int, std::locale const&)
00149c74 000000bc W int std::__facet_shims::__messages_open<wchar_t>(std::integral_constant<bool, true>, std::locale::facet const*, char const*, unsigned int, std::locale const&)
00149d30 000001d0 W void std::__facet_shims::__messages_get<char>(std::integral_constant<bool, true>, std::locale::facet const*, std::__facet_shims::__any_string&, int, int, int, char const*, unsigned int)
00149f00 000001d0 W void std::__facet_shims::__messages_get<wchar_t>(std::integral_constant<bool, true>, std::locale::facet const*, std::__facet_shims::__any_string&, int, int, int, wchar_t const*, unsigned int)
0014a0d0 00000044 W void std::__facet_shims::__messages_close<char>(std::integral_constant<bool, true>, std::locale::facet const*, int)
0014a114 00000044 W void std::__facet_shims::__messages_close<wchar_t>(std::integral_constant<bool, true>, std::locale::facet const*, int)
0014a158 0000002c W std::time_base::dateorder std::__facet_shims::__time_get_dateorder<char>(std::integral_constant<bool, true>, std::locale::facet const*)
0014a184 0000002c W std::time_base::dateorder std::__facet_shims::__time_get_dateorder<wchar_t>(std::integral_constant<bool, true>, std::locale::facet const*)
0014a1b0 0000023c W std::istreambuf_iterator<char, std::char_traits<char> > std::__facet_shims::__time_get<char>(std::integral_constant<bool, true>, std::locale::facet const*, std::istreambuf_iterator<char, std::char_traits<char> >, std::istreambuf_iterator<char, std::char_traits<char> >, std::ios_base&, std::_Ios_Iostate&, tm*, char)
0014a3ec 0000023c W std::istreambuf_iterator<wchar_t, std::char_traits<wchar_t> > std::__facet_shims::__time_get<wchar_t>(std::integral_constant<bool, true>, std::locale::facet const*, std::istreambuf_iterator<wchar_t, std::char_traits<wchar_t> >, std::istreambuf_iterator<wchar_t, std::char_traits<wchar_t> >, std::ios_base&, std::_Ios_Iostate&, tm*, char)
0014a628 00000210 W std::istreambuf_iterator<char, std::char_traits<char> > std::__facet_shims::__money_get<char>(std::integral_constant<bool, true>, std::locale::facet const*, std::istreambuf_iterator<char, std::char_traits<char> >, std::istreambuf_iterator<char, std::char_traits<char> >, bool, std::ios_base&, std::_Ios_Iostate&, long double*, std::__facet_shims::__any_string*)
0014a838 0000020c W std::istreambuf_iterator<wchar_t, std::char_traits<wchar_t> > std::__facet_shims::__money_get<wchar_t>(std::integral_constant<bool, true>, std::locale::facet const*, std::istreambuf_iterator<wchar_t, std::char_traits<wchar_t> >, std::istreambuf_iterator<wchar_t, std::char_traits<wchar_t> >, bool, std::ios_base&, std::_Ios_Iostate&, long double*, std::__facet_shims::__any_string*)
0014aa48 0000026c W std::ostreambuf_iterator<char, std::char_traits<char> > std::__facet_shims::__money_put<char>(std::integral_constant<bool, true>, std::locale::facet const*, std::ostreambuf_iterator<char, std::char_traits<char> >, bool, std::ios_base&, char, long double, std::__facet_shims::__any_string const*)
0014acb8 00000214 W std::ostreambuf_iterator<wchar_t, std::char_traits<wchar_t> > std::__facet_shims::__money_put<wchar_t>(std::integral_constant<bool, true>, std::locale::facet const*, std::ostreambuf_iterator<wchar_t, std::char_traits<wchar_t> >, bool, std::ios_base&, wchar_t, long double, std::__facet_shims::__any_string const*)
0014aecc 00000a0c T std::locale::facet::_M_sso_shim(std::locale::id const*) const
0014b8d8 0000000c W std::__cxx11::moneypunct<wchar_t, false>::do_decimal_point() const
0014b8e4 0000000c W std::__cxx11::moneypunct<wchar_t, false>::do_thousands_sep() const
0014b8f0 0000000c W std::__cxx11::moneypunct<wchar_t, false>::do_frac_digits() const
0014b8fc 00000014 W std::__cxx11::moneypunct<wchar_t, false>::do_pos_format() const
0014b910 00000014 W std::__cxx11::moneypunct<wchar_t, false>::do_neg_format() const
0014b924 0000000c W std::__cxx11::moneypunct<wchar_t, true>::do_decimal_point() const
0014b930 0000000c W std::__cxx11::moneypunct<wchar_t, true>::do_thousands_sep() const
0014b93c 0000000c W std::__cxx11::moneypunct<wchar_t, true>::do_frac_digits() const
0014b948 00000014 W std::__cxx11::moneypunct<wchar_t, true>::do_pos_format() const
0014b95c 00000014 W std::__cxx11::moneypunct<wchar_t, true>::do_neg_format() const
0014b970 0000000c W std::__cxx11::numpunct<wchar_t>::do_decimal_point() const
0014b97c 0000000c W std::__cxx11::numpunct<wchar_t>::do_thousands_sep() const
0014b988 00000008 W std::__cxx11::time_get<wchar_t, std::istreambuf_iterator<wchar_t, std::char_traits<wchar_t> > >::do_date_order() const
0014b990 00000008 W std::__cxx11::messages<wchar_t>::do_open(std::__cxx11::basic_string<char, std::char_traits<char>, std::allocator<char> > const&, std::locale const&) const
0014b998 00000004 W std::__cxx11::messages<wchar_t>::do_close(int) const
0014b99c 00000020 W std::__cxx11::collate<wchar_t>::do_hash(wchar_t const*, wchar_t const*) const
0014b9bc 00000020 W std::__cxx11::money_get<wchar_t, std::istreambuf_iterator<wchar_t, std::char_traits<wchar_t> > >::~money_get()
0014b9bc 00000020 W std::__cxx11::money_get<wchar_t, std::istreambuf_iterator<wchar_t, std::char_traits<wchar_t> > >::~money_get()
0014b9dc 00000028 W std::__cxx11::money_get<wchar_t, std::istreambuf_iterator<wchar_t, std::char_traits<wchar_t> > >::~money_get()
0014ba04 00000020 W std::__cxx11::money_put<wchar_t, std::ostreambuf_iterator<wchar_t, std::char_traits<wchar_t> > >::~money_put()
0014ba04 00000020 W std::__cxx11::money_put<wchar_t, std::ostreambuf_iterator<wchar_t, std::char_traits<wchar_t> > >::~money_put()
0014ba24 00000028 W std::__cxx11::money_put<wchar_t, std::ostreambuf_iterator<wchar_t, std::char_traits<wchar_t> > >::~money_put()
0014ba4c 00000020 W std::__cxx11::time_get<wchar_t, std::istreambuf_iterator<wchar_t, std::char_traits<wchar_t> > >::~time_get()
0014ba4c 00000020 W std::__cxx11::time_get<wchar_t, std::istreambuf_iterator<wchar_t, std::char_traits<wchar_t> > >::~time_get()
0014ba6c 00000028 W std::__cxx11::time_get<wchar_t, std::istreambuf_iterator<wchar_t, std::char_traits<wchar_t> > >::~time_get()
0014ba94 00000028 W std::__cxx11::messages<wchar_t>::~messages()
0014ba94 00000028 W std::__cxx11::messages<wchar_t>::~messages()
0014babc 0000001c W std::__cxx11::messages<wchar_t>::~messages()
0014bad8 00000028 W std::__cxx11::collate<wchar_t>::~collate()
0014bad8 00000028 W std::__cxx11::collate<wchar_t>::~collate()
0014bb00 00000098 t void std::__cxx11::basic_string<wchar_t, std::char_traits<wchar_t>, std::allocator<wchar_t> >::_M_construct<wchar_t const*>(wchar_t const*, wchar_t const*, std::forward_iterator_tag) [clone .isra.0]
0014bb98 00000030 W std::__cxx11::collate<wchar_t>::~collate()
0014bbc8 000000c0 W std::__cxx11::moneypunct<wchar_t, false>::do_grouping() const
0014bc88 000000c0 W std::__cxx11::moneypunct<wchar_t, true>::do_grouping() const
0014bd48 000000c0 W std::__cxx11::numpunct<wchar_t>::do_grouping() const
0014be08 00000058 W std::__cxx11::moneypunct<wchar_t, false>::do_curr_symbol() const
0014be60 00000058 W std::__cxx11::moneypunct<wchar_t, false>::do_positive_sign() const
0014beb8 00000058 W std::__cxx11::moneypunct<wchar_t, false>::do_negative_sign() const
0014bf10 00000058 W std::__cxx11::moneypunct<wchar_t, true>::do_curr_symbol() const
0014bf68 00000058 W std::__cxx11::moneypunct<wchar_t, true>::do_positive_sign() const
0014bfc0 00000058 W std::__cxx11::moneypunct<wchar_t, true>::do_negative_sign() const
0014c018 00000058 W std::__cxx11::numpunct<wchar_t>::do_truename() const
0014c070 00000058 W std::__cxx11::numpunct<wchar_t>::do_falsename() const
0014c0c8 000000f8 W std::__cxx11::collate<wchar_t>::do_compare(wchar_t const*, wchar_t const*, wchar_t const*, wchar_t const*) const
0014c1c0 000002dc W std::__cxx11::collate<wchar_t>::do_transform(wchar_t const*, wchar_t const*) const
0014c49c 000000d4 W std::__convert_from_v(int* const&, char*, int, char const*, ...)
0014c570 000012e4 W std::istreambuf_iterator<wchar_t, std::char_traits<wchar_t> > std::__cxx11::money_get<wchar_t, std::istreambuf_iterator<wchar_t, std::char_traits<wchar_t> > >::_M_extract<true>(std::istreambuf_iterator<wchar_t, std::char_traits<wchar_t> >, std::istreambuf_iterator<wchar_t, std::char_traits<wchar_t> >, std::ios_base&, std::_Ios_Iostate&, std::__cxx11::basic_string<char, std::char_traits<char>, std::allocator<char> >&) const
0014d854 000012e4 W std::istreambuf_iterator<wchar_t, std::char_traits<wchar_t> > std::__cxx11::money_get<wchar_t, std::istreambuf_iterator<wchar_t, std::char_traits<wchar_t> > >::_M_extract<false>(std::istreambuf_iterator<wchar_t, std::char_traits<wchar_t> >, std::istreambuf_iterator<wchar_t, std::char_traits<wchar_t> >, std::ios_base&, std::_Ios_Iostate&, std::__cxx11::basic_string<char, std::char_traits<char>, std::allocator<char> >&) const
0014dbe4 N 
0014dbe4 N 
0014dbe4 N 
0014dbe4 N 
0014dbe4 N 
0014dbe4 N 
0014dbe4 N 
0014dbe4 N 
0014dbe4 N 
0014dbe4 N 
0014dbe4 N 
0014dbe4 N 
0014dbe4 N 
0014dbe4 N 
0014dbe4 N 
0014dbe4 N 
0014dbe4 N 
0014dbe4 N 
0014dbe4 N 
0014dbe4 N 
0014dbe4 N 
0014dbe4 N 
0014dbe4 N 
0014dbe4 N 
0014dbe4 N 
0014dbe4 N 
0014dbe4 N 
0014dbe4 N 
0014dbe4 N 
0014dbe4 N 
0014dbe4 N 
0014dbe4 N 
0014dbe4 W Korean2000XOR1FMemoryRule.cpp.359abe4d
0014eb38 000000cc W std::__cxx11::money_get<wchar_t, std::istreambuf_iterator<wchar_t, std::char_traits<wchar_t> > >::do_get(std::istreambuf_iterator<wchar_t, std::char_traits<wchar_t> >, std::istreambuf_iterator<wchar_t, std::char_traits<wchar_t> >, bool, std::ios_base&, std::_Ios_Iostate&, long double&) const
0014ec04 0000013c W std::__cxx11::money_get<wchar_t, std::istreambuf_iterator<wchar_t, std::char_traits<wchar_t> > >::do_get(std::istreambuf_iterator<wchar_t, std::char_traits<wchar_t> >, std::istreambuf_iterator<wchar_t, std::char_traits<wchar_t> >, bool, std::ios_base&, std::_Ios_Iostate&, std::__cxx11::basic_string<wchar_t, std::char_traits<wchar_t>, std::allocator<wchar_t> >&) const
0014ed40 00000740 W std::ostreambuf_iterator<wchar_t, std::char_traits<wchar_t> > std::__cxx11::money_put<wchar_t, std::ostreambuf_iterator<wchar_t, std::char_traits<wchar_t> > >::_M_insert<true>(std::ostreambuf_iterator<wchar_t, std::char_traits<wchar_t> >, std::ios_base&, wchar_t, std::__cxx11::basic_string<wchar_t, std::char_traits<wchar_t>, std::allocator<wchar_t> > const&) const
0014f480 00000740 W std::ostreambuf_iterator<wchar_t, std::char_traits<wchar_t> > std::__cxx11::money_put<wchar_t, std::ostreambuf_iterator<wchar_t, std::char_traits<wchar_t> > >::_M_insert<false>(std::ostreambuf_iterator<wchar_t, std::char_traits<wchar_t> >, std::ios_base&, wchar_t, std::__cxx11::basic_string<wchar_t, std::char_traits<wchar_t>, std::allocator<wchar_t> > const&) const
0014fbc0 00000188 W std::__cxx11::money_put<wchar_t, std::ostreambuf_iterator<wchar_t, std::char_traits<wchar_t> > >::do_put(std::ostreambuf_iterator<wchar_t, std::char_traits<wchar_t> >, bool, std::ios_base&, wchar_t, long double) const
0014fd48 00000054 W std::__cxx11::money_put<wchar_t, std::ostreambuf_iterator<wchar_t, std::char_traits<wchar_t> > >::do_put(std::ostreambuf_iterator<wchar_t, std::char_traits<wchar_t> >, bool, std::ios_base&, wchar_t, std::__cxx11::basic_string<wchar_t, std::char_traits<wchar_t>, std::allocator<wchar_t> > const&) const
0014fd9c 0000026c W std::__cxx11::time_get<wchar_t, std::istreambuf_iterator<wchar_t, std::char_traits<wchar_t> > >::_M_extract_num(std::istreambuf_iterator<wchar_t, std::char_traits<wchar_t> >, std::istreambuf_iterator<wchar_t, std::char_traits<wchar_t> >, int&, int, int, unsigned int, std::ios_base&, std::_Ios_Iostate&) const
00150008 00000680 W std::__cxx11::time_get<wchar_t, std::istreambuf_iterator<wchar_t, std::char_traits<wchar_t> > >::do_get_year(std::istreambuf_iterator<wchar_t, std::char_traits<wchar_t> >, std::istreambuf_iterator<wchar_t, std::char_traits<wchar_t> >, std::ios_base&, std::_Ios_Iostate&, tm*) const
00150688 00000dac W std::__cxx11::time_get<wchar_t, std::istreambuf_iterator<wchar_t, std::char_traits<wchar_t> > >::_M_extract_name(std::istreambuf_iterator<wchar_t, std::char_traits<wchar_t> >, std::istreambuf_iterator<wchar_t, std::char_traits<wchar_t> >, int&, wchar_t const**, unsigned int, std::ios_base&, std::_Ios_Iostate&) const
00151434 00000698 W std::__cxx11::time_get<wchar_t, std::istreambuf_iterator<wchar_t, std::char_traits<wchar_t> > >::_M_extract_wday_or_month(std::istreambuf_iterator<wchar_t, std::char_traits<wchar_t> >, std::istreambuf_iterator<wchar_t, std::char_traits<wchar_t> >, int&, wchar_t const**, unsigned int, std::ios_base&, std::_Ios_Iostate&) const
00151acc 00000258 W std::__cxx11::time_get<wchar_t, std::istreambuf_iterator<wchar_t, std::char_traits<wchar_t> > >::do_get_weekday(std::istreambuf_iterator<wchar_t, std::char_traits<wchar_t> >, std::istreambuf_iterator<wchar_t, std::char_traits<wchar_t> >, std::ios_base&, std::_Ios_Iostate&, tm*) const
00151d24 000002d0 W std::__cxx11::time_get<wchar_t, std::istreambuf_iterator<wchar_t, std::char_traits<wchar_t> > >::do_get_monthname(std::istreambuf_iterator<wchar_t, std::char_traits<wchar_t> >, std::istreambuf_iterator<wchar_t, std::char_traits<wchar_t> >, std::ios_base&, std::_Ios_Iostate&, tm*) const
00151ff4 00001f6c W std::__cxx11::time_get<wchar_t, std::istreambuf_iterator<wchar_t, std::char_traits<wchar_t> > >::_M_extract_via_format(std::istreambuf_iterator<wchar_t, std::char_traits<wchar_t> >, std::istreambuf_iterator<wchar_t, std::char_traits<wchar_t> >, std::ios_base&, std::_Ios_Iostate&, tm*, wchar_t const*, std::__time_get_state&) const
00151ff4 00001f6c t std::__cxx11::time_get<wchar_t, std::istreambuf_iterator<wchar_t, std::char_traits<wchar_t> > >::_M_extract_via_format(std::istreambuf_iterator<wchar_t, std::char_traits<wchar_t> >, std::istreambuf_iterator<wchar_t, std::char_traits<wchar_t> >, std::ios_base&, std::_Ios_Iostate&, tm*, wchar_t const*, std::__time_get_state&) const [clone .localalias]
00153f60 000001d0 W std::__cxx11::time_get<wchar_t, std::istreambuf_iterator<wchar_t, std::char_traits<wchar_t> > >::do_get_time(std::istreambuf_iterator<wchar_t, std::char_traits<wchar_t> >, std::istreambuf_iterator<wchar_t, std::char_traits<wchar_t> >, std::ios_base&, std::_Ios_Iostate&, tm*) const
00154130 000001d0 W std::__cxx11::time_get<wchar_t, std::istreambuf_iterator<wchar_t, std::char_traits<wchar_t> > >::do_get_date(std::istreambuf_iterator<wchar_t, std::char_traits<wchar_t> >, std::istreambuf_iterator<wchar_t, std::char_traits<wchar_t> >, std::ios_base&, std::_Ios_Iostate&, tm*) const
00154300 000001d0 W std::__cxx11::time_get<wchar_t, std::istreambuf_iterator<wchar_t, std::char_traits<wchar_t> > >::do_get(std::istreambuf_iterator<wchar_t, std::char_traits<wchar_t> >, std::istreambuf_iterator<wchar_t, std::char_traits<wchar_t> >, std::ios_base&, std::_Ios_Iostate&, tm*, char, char) const
001544d0 0000003c W std::__cxx11::messages<wchar_t>::messages(unsigned int)
001544d0 0000003c W std::__cxx11::messages<wchar_t>::messages(unsigned int)
0015450c 000000a4 t _GLOBAL__sub_I__ZNSt12ctype_bynameIwEC2ERKNSt7__cxx1112basic_stringIcSt11char_traitsIcESaIcEEEj
001545b0 00000040 W std::basic_filebuf<char, std::char_traits<char> >::sync()
001545f0 00000058 W std::basic_filebuf<char, std::char_traits<char> >::setbuf(char*, int)
00154648 00000094 W std::basic_filebuf<char, std::char_traits<char> >::showmanyc()
001546dc 00000158 W std::basic_filebuf<char, std::char_traits<char> >::pbackfail(int)
00154834 000004c0 W std::basic_filebuf<char, std::char_traits<char> >::underflow()
00154cf4 00000134 W std::basic_filebuf<char, std::char_traits<char> >::xsputn(char const*, int)
00154e28 00000210 W std::basic_filebuf<char, std::char_traits<char> >::xsgetn(char*, int)
00155038 000000d4 W std::basic_filebuf<char, std::char_traits<char> >::basic_filebuf()
00155038 000000d4 W std::basic_filebuf<char, std::char_traits<char> >::basic_filebuf()
0015510c 00000048 W std::basic_filebuf<char, std::char_traits<char> >::_M_allocate_internal_buffer()
00155154 00000070 W std::basic_filebuf<char, std::char_traits<char> >::_M_destroy_internal_buffer()
001551c4 0000016c W std::basic_filebuf<char, std::char_traits<char> >::_M_convert_to_external(char*, int)
00155330 00000080 W std::basic_filebuf<char, std::char_traits<char> >::_M_get_ext_pos(_mbstate_t&)
001553b0 00000110 W std::basic_filebuf<char, std::char_traits<char> >::_M_terminate_output()
001554c0 000000c0 W std::basic_filebuf<char, std::char_traits<char> >::_M_seek(long long, std::_Ios_Seekdir, _mbstate_t)
00155580 00000224 W std::basic_filebuf<char, std::char_traits<char> >::overflow(int)
001557a4 00000234 W std::basic_filebuf<char, std::char_traits<char> >::seekoff(long long, std::_Ios_Seekdir, std::_Ios_Openmode)
001559d8 000000b4 W std::basic_filebuf<char, std::char_traits<char> >::seekpos(std::fpos<_mbstate_t>, std::_Ios_Openmode)
00155a8c 00000210 W std::basic_filebuf<char, std::char_traits<char> >::imbue(std::locale const&)
00155c9c 00000064 W std::basic_filebuf<char, std::char_traits<char> >::close()::__close_sentry::~__close_sentry()
00155c9c 00000064 W std::basic_filebuf<char, std::char_traits<char> >::close()::__close_sentry::~__close_sentry()
00155d00 000000c0 W std::basic_filebuf<char, std::char_traits<char> >::close()
00155dc0 00000048 W std::basic_filebuf<char, std::char_traits<char> >::~basic_filebuf()
00155dc0 00000048 W std::basic_filebuf<char, std::char_traits<char> >::~basic_filebuf()
00155e08 000000e4 W std::basic_filebuf<char, std::char_traits<char> >::open(char const*, std::_Ios_Openmode)
00155eec 00000050 W std::basic_filebuf<char, std::char_traits<char> >::~basic_filebuf()
00155f3c 0000007c W std::basic_ofstream<char, std::char_traits<char> >::~basic_ofstream()
00155fb8 0000008c W virtual thunk to std::basic_ofstream<char, std::char_traits<char> >::~basic_ofstream()
00156044 00000084 W std::basic_ofstream<char, std::char_traits<char> >::~basic_ofstream()
001560c8 00000094 W virtual thunk to std::basic_ofstream<char, std::char_traits<char> >::~basic_ofstream()
0015615c 00000080 W std::basic_ifstream<char, std::char_traits<char> >::~basic_ifstream()
001561dc 00000094 W virtual thunk to std::basic_ifstream<char, std::char_traits<char> >::~basic_ifstream()
00156270 00000088 W std::basic_ifstream<char, std::char_traits<char> >::~basic_ifstream()
001562f8 0000009c W virtual thunk to std::basic_ifstream<char, std::char_traits<char> >::~basic_ifstream()
00156394 0000002c T std::__throw_bad_cast()
001563c0 00000040 T std::__throw_logic_error(char const*)
00156400 00000040 T std::__throw_length_error(char const*)
00156440 00000040 T std::__throw_out_of_range(char const*)
00156480 00000010 T std::__throw_out_of_range_fmt(char const*, ...)
00156490 00000040 T std::__throw_runtime_error(char const*)
001564d0 00000008 W std::ctype<char>::do_widen(char) const
001564d8 00000008 W std::ctype<char>::do_narrow(char, char) const
001564e0 00000020 W std::basic_ios<char, std::char_traits<char> >::~basic_ios()
001564e0 00000020 W std::basic_ios<char, std::char_traits<char> >::~basic_ios()
00156500 00000028 W std::basic_ios<char, std::char_traits<char> >::~basic_ios()
00156528 0000002c W std::basic_ios<char, std::char_traits<char> >::clear(std::_Ios_Iostate)
00156554 0000001c W std::basic_ios<char, std::char_traits<char> >::_M_setstate(std::_Ios_Iostate)
00156570 0000006c W std::basic_ios<char, std::char_traits<char> >::_M_cache_locale(std::locale const&)
001565dc 000000a0 W std::basic_ios<char, std::char_traits<char> >::init(std::basic_streambuf<char, std::char_traits<char> >*)
0015667c 0000006c T std::ios_base::ios_base()
0015667c 0000006c T std::ios_base::ios_base()
001566e8 00000058 T std::ios_base::_M_call_callbacks(std::ios_base::event)
00156740 000000a4 T std::ios_base::~ios_base()
00156740 000000a4 T std::ios_base::~ios_base()
001567e4 0000001c T std::ios_base::~ios_base()
00156800 00000204 W std::istream::sentry::sentry(std::istream&, bool)
00156800 00000204 W std::istream::sentry::sentry(std::istream&, bool)
00156a04 000000f0 W std::istream::read(char*, int)
00156af8 000000f8 W std::istream::tellg()
00156bf0 00000120 W std::istream::seekg(long long, std::_Ios_Seekdir)
00156d10 0000000c W std::moneypunct<char, false>::do_decimal_point() const
00156d1c 0000000c W std::moneypunct<char, false>::do_thousands_sep() const
00156d28 0000000c W std::moneypunct<char, false>::do_frac_digits() const
00156d34 00000014 W std::moneypunct<char, false>::do_pos_format() const
00156d48 00000014 W std::moneypunct<char, false>::do_neg_format() const
00156d5c 0000000c W std::moneypunct<char, true>::do_decimal_point() const
00156d68 0000000c W std::moneypunct<char, true>::do_thousands_sep() const
00156d74 0000000c W std::moneypunct<char, true>::do_frac_digits() const
00156d80 00000014 W std::moneypunct<char, true>::do_pos_format() const
00156d94 00000014 W std::moneypunct<char, true>::do_neg_format() const
00156da8 0000000c W std::numpunct<char>::do_decimal_point() const
00156db4 0000000c W std::numpunct<char>::do_thousands_sep() const
00156dc0 00000008 W std::time_get<char, std::istreambuf_iterator<char, std::char_traits<char> > >::do_date_order() const
00156dc8 00000008 W std::messages<char>::do_open(std::string const&, std::locale const&) const
00156dd0 00000004 W std::messages<char>::do_close(int) const
00156dd4 00000020 W std::collate<char>::do_hash(char const*, char const*) const
00156df4 00000020 W std::num_get<char, std::istreambuf_iterator<char, std::char_traits<char> > >::~num_get()
00156df4 00000020 W std::num_get<char, std::istreambuf_iterator<char, std::char_traits<char> > >::~num_get()
00156e14 00000020 W std::num_put<char, std::ostreambuf_iterator<char, std::char_traits<char> > >::~num_put()
00156e14 00000020 W std::num_put<char, std::ostreambuf_iterator<char, std::char_traits<char> > >::~num_put()
00156e34 00000020 W std::money_get<char, std::istreambuf_iterator<char, std::char_traits<char> > >::~money_get()
00156e34 00000020 W std::money_get<char, std::istreambuf_iterator<char, std::char_traits<char> > >::~money_get()
00156e54 00000020 W std::money_put<char, std::ostreambuf_iterator<char, std::char_traits<char> > >::~money_put()
00156e54 00000020 W std::money_put<char, std::ostreambuf_iterator<char, std::char_traits<char> > >::~money_put()
00156e74 00000020 W std::__timepunct_cache<char>::~__timepunct_cache()
00156e74 00000020 W std::__timepunct_cache<char>::~__timepunct_cache()
00156e94 00000020 W std::time_put<char, std::ostreambuf_iterator<char, std::char_traits<char> > >::~time_put()
00156e94 00000020 W std::time_put<char, std::ostreambuf_iterator<char, std::char_traits<char> > >::~time_put()
00156eb4 00000020 W std::time_get<char, std::istreambuf_iterator<char, std::char_traits<char> > >::~time_get()
00156eb4 00000020 W std::time_get<char, std::istreambuf_iterator<char, std::char_traits<char> > >::~time_get()
00156ed4 00000028 W std::num_get<char, std::istreambuf_iterator<char, std::char_traits<char> > >::~num_get()
00156efc 00000028 W std::num_put<char, std::ostreambuf_iterator<char, std::char_traits<char> > >::~num_put()
00156f24 00000028 W std::money_get<char, std::istreambuf_iterator<char, std::char_traits<char> > >::~money_get()
00156f4c 00000028 W std::money_put<char, std::ostreambuf_iterator<char, std::char_traits<char> > >::~money_put()
00156f74 0000001c W std::__timepunct_cache<char>::~__timepunct_cache()
00156f90 00000028 W std::time_put<char, std::ostreambuf_iterator<char, std::char_traits<char> > >::~time_put()
00156fb8 00000028 W std::time_get<char, std::istreambuf_iterator<char, std::char_traits<char> > >::~time_get()
00156fe0 00000024 W std::ctype<char>::do_widen(char const*, char const*, char*) const
00157004 00000070 W std::__moneypunct_cache<char, false>::~__moneypunct_cache()
00157004 00000070 W std::__moneypunct_cache<char, false>::~__moneypunct_cache()
00157074 0000001c W std::__moneypunct_cache<char, false>::~__moneypunct_cache()
00157090 00000070 W std::__moneypunct_cache<char, true>::~__moneypunct_cache()
00157090 00000070 W std::__moneypunct_cache<char, true>::~__moneypunct_cache()
00157100 0000001c W std::__moneypunct_cache<char, true>::~__moneypunct_cache()
0015711c 00000060 W std::__numpunct_cache<char>::~__numpunct_cache()
0015711c 00000060 W std::__numpunct_cache<char>::~__numpunct_cache()
0015717c 0000001c W std::__numpunct_cache<char>::~__numpunct_cache()
00157198 00000028 W std::messages<char>::~messages()
00157198 00000028 W std::messages<char>::~messages()
001571c0 0000001c W std::messages<char>::~messages()
001571dc 00000028 W std::collate<char>::~collate()
001571dc 00000028 W std::collate<char>::~collate()
00157204 00000060 W std::__timepunct<char>::~__timepunct()
00157204 00000060 W std::__timepunct<char>::~__timepunct()
00157264 0000001c W std::__timepunct<char>::~__timepunct()
00157280 00000028 t std::basic_streambuf<char, std::char_traits<char> >::sbumpc() [clone .isra.0]
001572a8 0000004c t std::ctype<char>::widen(char) const [clone .part.0]
001572f4 0000009c t std::ctype<char>::widen(char const*, char const*, char*) const [clone .isra.0]
00157390 000000b8 t char* std::string::_S_construct<char const*>(char const*, char const*, std::allocator<char> const&, std::forward_iterator_tag) [clone .isra.0]
00157448 00000058 t std::basic_string<char, std::char_traits<char>, std::allocator<char> >::~basic_string() [clone .isra.0]
001574a0 00000030 W std::collate<char>::~collate()
001574d0 00000160 W std::time_put<char, std::ostreambuf_iterator<char, std::char_traits<char> > >::do_put(std::ostreambuf_iterator<char, std::char_traits<char> >, std::ios_base&, char, tm const*, char, char) const
00157630 000000cc W std::moneypunct<char, false>::do_grouping() const
001576fc 000000cc W std::moneypunct<char, false>::do_curr_symbol() const
001577c8 000000cc W std::moneypunct<char, false>::do_positive_sign() const
00157894 000000cc W std::moneypunct<char, false>::do_negative_sign() const
00157960 000000cc W std::moneypunct<char, true>::do_grouping() const
00157a2c 000000cc W std::moneypunct<char, true>::do_curr_symbol() const
00157af8 000000cc W std::moneypunct<char, true>::do_positive_sign() const
00157bc4 000000cc W std::moneypunct<char, true>::do_negative_sign() const
00157c90 000000cc W std::numpunct<char>::do_grouping() const
00157d5c 000000cc W std::numpunct<char>::do_truename() const
00157e28 000000cc W std::numpunct<char>::do_falsename() const
00157ef4 00000168 W std::collate<char>::do_compare(char const*, char const*, char const*, char const*) const
0015805c 000002c4 W std::collate<char>::do_transform(char const*, char const*) const
00158320 00000068 W std::ctype<char>::narrow(char, char) const
00158388 00000738 W std::__moneypunct_cache<char, false>::_M_cache(std::locale const&)
00158ac0 00000738 W std::__moneypunct_cache<char, true>::_M_cache(std::locale const&)
001591f8 0000058c W std::__numpunct_cache<char>::_M_cache(std::locale const&)
00159784 000000b4 t std::__use_cache<std::__numpunct_cache<char> >::operator()(std::locale const&) const [clone .isra.0]
00159838 0000004c W std::__timepunct<char>::__timepunct(std::__timepunct_cache<char>*, unsigned int)
00159838 0000004c W std::__timepunct<char>::__timepunct(std::__timepunct_cache<char>*, unsigned int)
00159884 000002b4 W std::time_get<char, std::istreambuf_iterator<char, std::char_traits<char> > >::_M_extract_num(std::istreambuf_iterator<char, std::char_traits<char> >, std::istreambuf_iterator<char, std::char_traits<char> >, int&, int, int, unsigned int, std::ios_base&, std::_Ios_Iostate&) const
00159b38 0000003c W std::messages<char>::messages(unsigned int)
00159b38 0000003c W std::messages<char>::messages(unsigned int)
00159b74 00000178 W char* std::__add_grouping<char>(char*, char, char const*, unsigned int, char const*, char const*)
00159cec 000000ac W std::num_put<char, std::ostreambuf_iterator<char, std::char_traits<char> > >::_M_group_float(char const*, unsigned int, char, char const*, char*, char*, int&) const
00159d98 00000050 W std::num_put<char, std::ostreambuf_iterator<char, std::char_traits<char> > >::_M_group_int(char const*, unsigned int, char, std::ios_base&, char*, char*, int&) const
00159de8 0000055c W std::ostreambuf_iterator<char, std::char_traits<char> > std::money_put<char, std::ostreambuf_iterator<char, std::char_traits<char> > >::_M_insert<true>(std::ostreambuf_iterator<char, std::char_traits<char> >, std::ios_base&, char, std::string const&) const
0015a344 0000055c W std::ostreambuf_iterator<char, std::char_traits<char> > std::money_put<char, std::ostreambuf_iterator<char, std::char_traits<char> > >::_M_insert<false>(std::ostreambuf_iterator<char, std::char_traits<char> >, std::ios_base&, char, std::string const&) const
0015a8a0 0000023c W std::money_put<char, std::ostreambuf_iterator<char, std::char_traits<char> > >::do_put(std::ostreambuf_iterator<char, std::char_traits<char> >, bool, std::ios_base&, char, long double) const
0015aadc 00000054 W std::money_put<char, std::ostreambuf_iterator<char, std::char_traits<char> > >::do_put(std::ostreambuf_iterator<char, std::char_traits<char> >, bool, std::ios_base&, char, std::string const&) const
0015ab30 00000308 W std::__pad<char, std::char_traits<char> >::_S_pad(std::ios_base&, char, char*, char const*, int, int)
0015ae38 00000034 W std::num_put<char, std::ostreambuf_iterator<char, std::char_traits<char> > >::_M_pad(char, int, std::ios_base&, char*, char const*, int&) const
0015ae6c 000003ec W std::ostreambuf_iterator<char, std::char_traits<char> > std::num_put<char, std::ostreambuf_iterator<char, std::char_traits<char> > >::_M_insert_float<double>(std::ostreambuf_iterator<char, std::char_traits<char> >, std::ios_base&, char, char, double) const
0015b258 0000003c W std::num_put<char, std::ostreambuf_iterator<char, std::char_traits<char> > >::do_put(std::ostreambuf_iterator<char, std::char_traits<char> >, std::ios_base&, char, double) const
0015b294 000003ec W std::ostreambuf_iterator<char, std::char_traits<char> > std::num_put<char, std::ostreambuf_iterator<char, std::char_traits<char> > >::_M_insert_float<long double>(std::ostreambuf_iterator<char, std::char_traits<char> >, std::ios_base&, char, char, long double) const
0015b680 0000003c W std::num_put<char, std::ostreambuf_iterator<char, std::char_traits<char> > >::do_put(std::ostreambuf_iterator<char, std::char_traits<char> >, std::ios_base&, char, long double) const
0015b6bc 000000ac W int std::__int_to_char<char, unsigned long>(char*, unsigned long, char const*, std::_Ios_Fmtflags, bool)
0015b768 00000240 W std::ostreambuf_iterator<char, std::char_traits<char> > std::num_put<char, std::ostreambuf_iterator<char, std::char_traits<char> > >::_M_insert_int<long>(std::ostreambuf_iterator<char, std::char_traits<char> >, std::ios_base&, char, long) const
0015b9a8 0000003c W std::num_put<char, std::ostreambuf_iterator<char, std::char_traits<char> > >::do_put(std::ostreambuf_iterator<char, std::char_traits<char> >, std::ios_base&, char, long) const
0015b9e4 000001b0 W std::num_put<char, std::ostreambuf_iterator<char, std::char_traits<char> > >::do_put(std::ostreambuf_iterator<char, std::char_traits<char> >, std::ios_base&, char, bool) const
0015bb94 000001dc W std::ostreambuf_iterator<char, std::char_traits<char> > std::num_put<char, std::ostreambuf_iterator<char, std::char_traits<char> > >::_M_insert_int<unsigned long>(std::ostreambuf_iterator<char, std::char_traits<char> >, std::ios_base&, char, unsigned long) const
0015bd70 0000003c W std::num_put<char, std::ostreambuf_iterator<char, std::char_traits<char> > >::do_put(std::ostreambuf_iterator<char, std::char_traits<char> >, std::ios_base&, char, unsigned long) const
0015bdac 0000006c W std::num_put<char, std::ostreambuf_iterator<char, std::char_traits<char> > >::do_put(std::ostreambuf_iterator<char, std::char_traits<char> >, std::ios_base&, char, void const*) const
0015be18 00000114 W int std::__int_to_char<char, unsigned long long>(char*, unsigned long long, char const*, std::_Ios_Fmtflags, bool)
0015bf2c 00000260 W std::ostreambuf_iterator<char, std::char_traits<char> > std::num_put<char, std::ostreambuf_iterator<char, std::char_traits<char> > >::_M_insert_int<long long>(std::ostreambuf_iterator<char, std::char_traits<char> >, std::ios_base&, char, long long) const
0015c18c 0000003c W std::num_put<char, std::ostreambuf_iterator<char, std::char_traits<char> > >::do_put(std::ostreambuf_iterator<char, std::char_traits<char> >, std::ios_base&, char, long long) const
0015c1c8 000001fc W std::ostreambuf_iterator<char, std::char_traits<char> > std::num_put<char, std::ostreambuf_iterator<char, std::char_traits<char> > >::_M_insert_int<unsigned long long>(std::ostreambuf_iterator<char, std::char_traits<char> >, std::ios_base&, char, unsigned long long) const
0015c3c4 0000003c W std::num_put<char, std::ostreambuf_iterator<char, std::char_traits<char> > >::do_put(std::ostreambuf_iterator<char, std::char_traits<char> >, std::ios_base&, char, unsigned long long) const
0015c400 00000100 W std::istreambuf_iterator<char, std::char_traits<char> >::equal(std::istreambuf_iterator<char, std::char_traits<char> > const&) const
0015c500 00000068 W std::istreambuf_iterator<char, std::char_traits<char> >::_M_get() const
0015c568 00000c54 W std::num_get<char, std::istreambuf_iterator<char, std::char_traits<char> > >::_M_extract_float(std::istreambuf_iterator<char, std::char_traits<char> >, std::istreambuf_iterator<char, std::char_traits<char> >, std::ios_base&, std::_Ios_Iostate&, std::string&) const
0015d1bc 000001c8 W std::num_get<char, std::istreambuf_iterator<char, std::char_traits<char> > >::do_get(std::istreambuf_iterator<char, std::char_traits<char> >, std::istreambuf_iterator<char, std::char_traits<char> >, std::ios_base&, std::_Ios_Iostate&, float&) const
0015d384 000001c8 W std::num_get<char, std::istreambuf_iterator<char, std::char_traits<char> > >::do_get(std::istreambuf_iterator<char, std::char_traits<char> >, std::istreambuf_iterator<char, std::char_traits<char> >, std::ios_base&, std::_Ios_Iostate&, double&) const
0015d54c 000001c8 W std::num_get<char, std::istreambuf_iterator<char, std::char_traits<char> > >::do_get(std::istreambuf_iterator<char, std::char_traits<char> >, std::istreambuf_iterator<char, std::char_traits<char> >, std::ios_base&, std::_Ios_Iostate&, long double&) const
0015d714 00000968 W std::istreambuf_iterator<char, std::char_traits<char> > std::num_get<char, std::istreambuf_iterator<char, std::char_traits<char> > >::_M_extract_int<long>(std::istreambuf_iterator<char, std::char_traits<char> >, std::istreambuf_iterator<char, std::char_traits<char> >, std::ios_base&, std::_Ios_Iostate&, long&) const
0015e07c 00000510 W std::num_get<char, std::istreambuf_iterator<char, std::char_traits<char> > >::do_get(std::istreambuf_iterator<char, std::char_traits<char> >, std::istreambuf_iterator<char, std::char_traits<char> >, std::ios_base&, std::_Ios_Iostate&, bool&) const
0015e2d5 N 
0015e2d5 N 
0015e2d5 N 
0015e2d5 N 
0015e2d5 N 
0015e2d5 N 
0015e2d5 N 
0015e2d5 N 
0015e2d5 N 
0015e2d5 N 
0015e2d5 N 
0015e2d5 N 
0015e2d5 N 
0015e2d5 N 
0015e2d5 N 
0015e2d5 N 
0015e2d5 N 
0015e2d5 N 
0015e2d5 N 
0015e2d5 N 
0015e2d5 N 
0015e2d5 N 
0015e2d5 N 
0015e2d5 N 
0015e2d5 N 
0015e2d5 N 
0015e2d5 N 
0015e2d5 N 
0015e2d5 N 
0015e2d5 N 
0015e2d5 N 
0015e2d5 N 
0015e2d5 W KoreanBFFCMemoryRule.cpp.7ab82b82
0015e58c 00000048 W std::num_get<char, std::istreambuf_iterator<char, std::char_traits<char> > >::do_get(std::istreambuf_iterator<char, std::char_traits<char> >, std::istreambuf_iterator<char, std::char_traits<char> >, std::ios_base&, std::_Ios_Iostate&, long&) const
0015e5d4 00000a88 W std::istreambuf_iterator<char, std::char_traits<char> > std::num_get<char, std::istreambuf_iterator<char, std::char_traits<char> > >::_M_extract_int<unsigned short>(std::istreambuf_iterator<char, std::char_traits<char> >, std::istreambuf_iterator<char, std::char_traits<char> >, std::ios_base&, std::_Ios_Iostate&, unsigned short&) const
0015f05c 00000048 W std::num_get<char, std::istreambuf_iterator<char, std::char_traits<char> > >::do_get(std::istreambuf_iterator<char, std::char_traits<char> >, std::istreambuf_iterator<char, std::char_traits<char> >, std::ios_base&, std::_Ios_Iostate&, unsigned short&) const
0015f0a4 00000a80 W std::istreambuf_iterator<char, std::char_traits<char> > std::num_get<char, std::istreambuf_iterator<char, std::char_traits<char> > >::_M_extract_int<unsigned int>(std::istreambuf_iterator<char, std::char_traits<char> >, std::istreambuf_iterator<char, std::char_traits<char> >, std::ios_base&, std::_Ios_Iostate&, unsigned int&) const
0015fb24 00000048 W std::num_get<char, std::istreambuf_iterator<char, std::char_traits<char> > >::do_get(std::istreambuf_iterator<char, std::char_traits<char> >, std::istreambuf_iterator<char, std::char_traits<char> >, std::ios_base&, std::_Ios_Iostate&, unsigned int&) const
0015fb6c 00000a80 W std::istreambuf_iterator<char, std::char_traits<char> > std::num_get<char, std::istreambuf_iterator<char, std::char_traits<char> > >::_M_extract_int<unsigned long>(std::istreambuf_iterator<char, std::char_traits<char> >, std::istreambuf_iterator<char, std::char_traits<char> >, std::ios_base&, std::_Ios_Iostate&, unsigned long&) const
001605ec 00000048 W std::num_get<char, std::istreambuf_iterator<char, std::char_traits<char> > >::do_get(std::istreambuf_iterator<char, std::char_traits<char> >, std::istreambuf_iterator<char, std::char_traits<char> >, std::ios_base&, std::_Ios_Iostate&, unsigned long&) const
00160634 0000007c W std::num_get<char, std::istreambuf_iterator<char, std::char_traits<char> > >::do_get(std::istreambuf_iterator<char, std::char_traits<char> >, std::istreambuf_iterator<char, std::char_traits<char> >, std::ios_base&, std::_Ios_Iostate&, void*&) const
001606b0 000009f8 W std::istreambuf_iterator<char, std::char_traits<char> > std::num_get<char, std::istreambuf_iterator<char, std::char_traits<char> > >::_M_extract_int<long long>(std::istreambuf_iterator<char, std::char_traits<char> >, std::istreambuf_iterator<char, std::char_traits<char> >, std::ios_base&, std::_Ios_Iostate&, long long&) const
001610a8 00000048 W std::num_get<char, std::istreambuf_iterator<char, std::char_traits<char> > >::do_get(std::istreambuf_iterator<char, std::char_traits<char> >, std::istreambuf_iterator<char, std::char_traits<char> >, std::ios_base&, std::_Ios_Iostate&, long long&) const
001610f0 00000a54 W std::istreambuf_iterator<char, std::char_traits<char> > std::num_get<char, std::istreambuf_iterator<char, std::char_traits<char> > >::_M_extract_int<unsigned long long>(std::istreambuf_iterator<char, std::char_traits<char> >, std::istreambuf_iterator<char, std::char_traits<char> >, std::ios_base&, std::_Ios_Iostate&, unsigned long long&) const
00161b44 00000048 W std::num_get<char, std::istreambuf_iterator<char, std::char_traits<char> > >::do_get(std::istreambuf_iterator<char, std::char_traits<char> >, std::istreambuf_iterator<char, std::char_traits<char> >, std::ios_base&, std::_Ios_Iostate&, unsigned long long&) const
00161b8c 000002c8 W std::time_get<char, std::istreambuf_iterator<char, std::char_traits<char> > >::do_get_year(std::istreambuf_iterator<char, std::char_traits<char> >, std::istreambuf_iterator<char, std::char_traits<char> >, std::ios_base&, std::_Ios_Iostate&, tm*) const
00161e54 00000a5c W std::time_get<char, std::istreambuf_iterator<char, std::char_traits<char> > >::_M_extract_name(std::istreambuf_iterator<char, std::char_traits<char> >, std::istreambuf_iterator<char, std::char_traits<char> >, int&, char const**, unsigned int, std::ios_base&, std::_Ios_Iostate&) const
001628b0 0000043c W std::time_get<char, std::istreambuf_iterator<char, std::char_traits<char> > >::_M_extract_wday_or_month(std::istreambuf_iterator<char, std::char_traits<char> >, std::istreambuf_iterator<char, std::char_traits<char> >, int&, char const**, unsigned int, std::ios_base&, std::_Ios_Iostate&) const
00162cec 00000244 W std::time_get<char, std::istreambuf_iterator<char, std::char_traits<char> > >::do_get_weekday(std::istreambuf_iterator<char, std::char_traits<char> >, std::istreambuf_iterator<char, std::char_traits<char> >, std::ios_base&, std::_Ios_Iostate&, tm*) const
00162f30 000002b4 W std::time_get<char, std::istreambuf_iterator<char, std::char_traits<char> > >::do_get_monthname(std::istreambuf_iterator<char, std::char_traits<char> >, std::istreambuf_iterator<char, std::char_traits<char> >, std::ios_base&, std::_Ios_Iostate&, tm*) const
001631e4 000013ac W std::time_get<char, std::istreambuf_iterator<char, std::char_traits<char> > >::_M_extract_via_format(std::istreambuf_iterator<char, std::char_traits<char> >, std::istreambuf_iterator<char, std::char_traits<char> >, std::ios_base&, std::_Ios_Iostate&, tm*, char const*, std::__time_get_state&) const
001631e4 000013ac t std::time_get<char, std::istreambuf_iterator<char, std::char_traits<char> > >::_M_extract_via_format(std::istreambuf_iterator<char, std::char_traits<char> >, std::istreambuf_iterator<char, std::char_traits<char> >, std::ios_base&, std::_Ios_Iostate&, tm*, char const*, std::__time_get_state&) const [clone .localalias]
00164590 000001b8 W std::time_get<char, std::istreambuf_iterator<char, std::char_traits<char> > >::do_get_time(std::istreambuf_iterator<char, std::char_traits<char> >, std::istreambuf_iterator<char, std::char_traits<char> >, std::ios_base&, std::_Ios_Iostate&, tm*) const
00164748 000001b8 W std::time_get<char, std::istreambuf_iterator<char, std::char_traits<char> > >::do_get_date(std::istreambuf_iterator<char, std::char_traits<char> >, std::istreambuf_iterator<char, std::char_traits<char> >, std::ios_base&, std::_Ios_Iostate&, tm*) const
00164900 00000e94 W std::istreambuf_iterator<char, std::char_traits<char> > std::money_get<char, std::istreambuf_iterator<char, std::char_traits<char> > >::_M_extract<true>(std::istreambuf_iterator<char, std::char_traits<char> >, std::istreambuf_iterator<char, std::char_traits<char> >, std::ios_base&, std::_Ios_Iostate&, std::string&) const
00165794 00000e94 W std::istreambuf_iterator<char, std::char_traits<char> > std::money_get<char, std::istreambuf_iterator<char, std::char_traits<char> > >::_M_extract<false>(std::istreambuf_iterator<char, std::char_traits<char> >, std::istreambuf_iterator<char, std::char_traits<char> >, std::ios_base&, std::_Ios_Iostate&, std::string&) const
00166628 000000fc W std::money_get<char, std::istreambuf_iterator<char, std::char_traits<char> > >::do_get(std::istreambuf_iterator<char, std::char_traits<char> >, std::istreambuf_iterator<char, std::char_traits<char> >, bool, std::ios_base&, std::_Ios_Iostate&, long double&) const
00166724 000001f8 W std::money_get<char, std::istreambuf_iterator<char, std::char_traits<char> > >::do_get(std::istreambuf_iterator<char, std::char_traits<char> >, std::istreambuf_iterator<char, std::char_traits<char> >, bool, std::ios_base&, std::_Ios_Iostate&, std::string&) const
0016691c 000000f4 t _GLOBAL__sub_I__ZNSt12ctype_bynameIcEC2ERKSsj
00166a10 0000002c W __gnu_cxx::__throw_concurrence_lock_error()
00166a40 00000b80 T std::locale::_Impl::_Impl(unsigned int)
00166a40 00000b80 T std::locale::_Impl::_Impl(unsigned int)
001675c0 00000054 T std::locale::_S_initialize_once()
00167618 00000148 T std::locale::locale()
00167618 00000148 T std::locale::locale()
00167760 000000e4 W std::ostream::sentry::~sentry()
00167760 000000e4 W std::ostream::sentry::~sentry()
00167844 000001b8 W std::ostream::flush()
001679fc 000000b0 W std::ostream::sentry::sentry(std::ostream&)
001679fc 000000b0 W std::ostream::sentry::sentry(std::ostream&)
00167aac 000001b0 W std::ostream::write(char const*, int)
00167c5c 000001c0 W std::system_error::system_error(std::error_code, char const*)
00167c5c 000001c0 W std::system_error::system_error(std::error_code, char const*)
00167e1c 00000004 W std::basic_streambuf<char, std::char_traits<char> >::imbue(std::locale const&)
00167e20 00000004 W std::basic_streambuf<char, std::char_traits<char> >::setbuf(char*, int)
00167e28 00000020 W std::basic_streambuf<char, std::char_traits<char> >::seekoff(long long, std::_Ios_Seekdir, std::_Ios_Openmode)
00167e48 00000028 W std::basic_streambuf<char, std::char_traits<char> >::seekpos(std::fpos<_mbstate_t>, std::_Ios_Openmode)
00167e70 00000008 W std::basic_streambuf<char, std::char_traits<char> >::sync()
00167e78 00000008 W std::basic_streambuf<char, std::char_traits<char> >::showmanyc()
00167e80 00000008 W std::basic_streambuf<char, std::char_traits<char> >::underflow()
00167e88 00000008 W std::basic_streambuf<char, std::char_traits<char> >::pbackfail(int)
00167e90 00000008 W std::basic_streambuf<char, std::char_traits<char> >::overflow(int)
00167e98 00000020 W std::basic_streambuf<char, std::char_traits<char> >::~basic_streambuf()
00167e98 00000020 W std::basic_streambuf<char, std::char_traits<char> >::~basic_streambuf()
00167eb8 00000028 W std::basic_streambuf<char, std::char_traits<char> >::~basic_streambuf()
00167ee0 000000bc W std::basic_streambuf<char, std::char_traits<char> >::xsputn(char const*, int)
00167f9c 0000004c W std::basic_streambuf<char, std::char_traits<char> >::uflow()
00167fe8 000000f0 W std::basic_streambuf<char, std::char_traits<char> >::xsgetn(char*, int)
001680d8 00000054 W std::__cxx11::basic_string<char, std::char_traits<char>, std::allocator<char> >::_M_create(unsigned int&, unsigned int)
0016812c 00000014 W std::__cxx11::basic_string<char, std::char_traits<char>, std::allocator<char> >::_M_dispose()
00168140 00000094 W std::__cxx11::basic_string<char, std::char_traits<char>, std::allocator<char> >::_M_construct(unsigned int, char)
001681d4 000000c8 W std::__cxx11::basic_string<char, std::char_traits<char>, std::allocator<char> >::_M_assign(std::__cxx11::basic_string<char, std::char_traits<char>, std::allocator<char> > const&)
0016829c 00000104 W std::__cxx11::basic_string<char, std::char_traits<char>, std::allocator<char> >::_M_mutate(unsigned int, unsigned int, char const*, unsigned int)
001683a0 00000074 W std::__cxx11::basic_string<char, std::char_traits<char>, std::allocator<char> >::_M_erase(unsigned int, unsigned int)
00168414 00000098 W std::__cxx11::basic_string<char, std::char_traits<char>, std::allocator<char> >::reserve(unsigned int)
001684ac 00000110 W std::__cxx11::basic_string<char, std::char_traits<char>, std::allocator<char> >::_M_replace_aux(unsigned int, unsigned int, unsigned int, char)
001685bc 00000044 W std::__cxx11::basic_string<char, std::char_traits<char>, std::allocator<char> >::resize(unsigned int, char)
00168600 00000140 W std::__cxx11::basic_string<char, std::char_traits<char>, std::allocator<char> >::_M_replace_cold(char*, unsigned int, char const*, unsigned int, unsigned int)
00168740 00000130 W std::__cxx11::basic_string<char, std::char_traits<char>, std::allocator<char> >::_M_replace(unsigned int, unsigned int, char const*, unsigned int)
00168870 00000090 W std::__cxx11::basic_string<char, std::char_traits<char>, std::allocator<char> >::_M_append(char const*, unsigned int)
00168900 00000088 W std::__cxx11::basic_string<char, std::char_traits<char>, std::allocator<char> >::copy(char*, unsigned int, unsigned int) const
00168988 00000188 W std::__cxx11::basic_string<char, std::char_traits<char>, std::allocator<char> >::swap(std::__cxx11::basic_string<char, std::char_traits<char>, std::allocator<char> >&)
00168b10 00000048 W std::__cxx11::basic_string<char, std::char_traits<char>, std::allocator<char> >::rfind(char, unsigned int) const
00168b58 00000064 W std::__cxx11::basic_string<char, std::char_traits<char>, std::allocator<char> >::find_last_of(char const*, unsigned int, unsigned int) const
00168bbc 0000005c W std::__cxx11::basic_string<char, std::char_traits<char>, std::allocator<char> >::find_first_not_of(char, unsigned int) const
00168c18 0000000c t (anonymous namespace)::generic_error_category::name() const
00168c24 00000020 t (anonymous namespace)::generic_error_category::equivalent(int, std::error_condition const&) const
00168c44 00000004 t (anonymous namespace)::generic_error_category::~generic_error_category()
00168c44 00000004 t (anonymous namespace)::generic_error_category::~generic_error_category()
00168c48 000000cc t (anonymous namespace)::system_error_category::default_error_condition(int) const
00168d14 0000000c T std::_V2::error_category::default_error_condition(int) const
00168d20 00000020 T std::_V2::error_category::equivalent(std::error_code const&, int) const
00168d40 0000010c t (anonymous namespace)::strerror_string(int)
00168e4c 00000020 t (anonymous namespace)::system_error_category::message[abi:cxx11](int) const
00168e4c 00000020 t (anonymous namespace)::generic_error_category::message[abi:cxx11](int) const
00168e6c 0000001c t (anonymous namespace)::generic_error_category::~generic_error_category()
00168e88 00000020 T std::system_error::~system_error()
00168e88 00000020 T std::system_error::~system_error()
00168ea8 00000028 T std::system_error::~system_error()
00168ed0 00000078 T std::_V2::error_category::_M_message[abi:cxx11](int) const
00168f48 00000134 T std::_V2::error_category::equivalent(int, std::error_condition const&) const
0016907c 000000c0 T std::__throw_system_error(int)
0016913c 00000004 T std::_V2::error_category::~error_category()
0016913c 00000004 T std::_V2::error_category::~error_category()
00169140 0000000c T std::_V2::generic_category()
0016914c 0000000c W std::moneypunct<wchar_t, false>::do_decimal_point() const
00169158 0000000c W std::moneypunct<wchar_t, false>::do_thousands_sep() const
00169164 0000000c W std::moneypunct<wchar_t, false>::do_frac_digits() const
00169170 00000014 W std::moneypunct<wchar_t, false>::do_pos_format() const
00169184 00000014 W std::moneypunct<wchar_t, false>::do_neg_format() const
00169198 0000000c W std::moneypunct<wchar_t, true>::do_decimal_point() const
001691a4 0000000c W std::moneypunct<wchar_t, true>::do_thousands_sep() const
001691b0 0000000c W std::moneypunct<wchar_t, true>::do_frac_digits() const
001691bc 00000014 W std::moneypunct<wchar_t, true>::do_pos_format() const
001691d0 00000014 W std::moneypunct<wchar_t, true>::do_neg_format() const
001691e4 0000000c W std::numpunct<wchar_t>::do_decimal_point() const
001691f0 0000000c W std::numpunct<wchar_t>::do_thousands_sep() const
001691fc 00000008 W std::time_get<wchar_t, std::istreambuf_iterator<wchar_t, std::char_traits<wchar_t> > >::do_date_order() const
00169204 00000008 W std::messages<wchar_t>::do_open(std::string const&, std::locale const&) const
0016920c 00000004 W std::messages<wchar_t>::do_close(int) const
00169210 00000020 W std::collate<wchar_t>::do_hash(wchar_t const*, wchar_t const*) const
00169230 00000020 W std::num_get<wchar_t, std::istreambuf_iterator<wchar_t, std::char_traits<wchar_t> > >::~num_get()
00169230 00000020 W std::num_get<wchar_t, std::istreambuf_iterator<wchar_t, std::char_traits<wchar_t> > >::~num_get()
00169250 00000020 W std::num_put<wchar_t, std::ostreambuf_iterator<wchar_t, std::char_traits<wchar_t> > >::~num_put()
00169250 00000020 W std::num_put<wchar_t, std::ostreambuf_iterator<wchar_t, std::char_traits<wchar_t> > >::~num_put()
00169270 00000020 W std::money_get<wchar_t, std::istreambuf_iterator<wchar_t, std::char_traits<wchar_t> > >::~money_get()
00169270 00000020 W std::money_get<wchar_t, std::istreambuf_iterator<wchar_t, std::char_traits<wchar_t> > >::~money_get()
00169290 00000020 W std::money_put<wchar_t, std::ostreambuf_iterator<wchar_t, std::char_traits<wchar_t> > >::~money_put()
00169290 00000020 W std::money_put<wchar_t, std::ostreambuf_iterator<wchar_t, std::char_traits<wchar_t> > >::~money_put()
001692b0 00000020 W std::__timepunct_cache<wchar_t>::~__timepunct_cache()
001692b0 00000020 W std::__timepunct_cache<wchar_t>::~__timepunct_cache()
001692d0 00000020 W std::time_put<wchar_t, std::ostreambuf_iterator<wchar_t, std::char_traits<wchar_t> > >::~time_put()
001692d0 00000020 W std::time_put<wchar_t, std::ostreambuf_iterator<wchar_t, std::char_traits<wchar_t> > >::~time_put()
001692f0 00000020 W std::time_get<wchar_t, std::istreambuf_iterator<wchar_t, std::char_traits<wchar_t> > >::~time_get()
001692f0 00000020 W std::time_get<wchar_t, std::istreambuf_iterator<wchar_t, std::char_traits<wchar_t> > >::~time_get()
00169310 00000028 W std::num_get<wchar_t, std::istreambuf_iterator<wchar_t, std::char_traits<wchar_t> > >::~num_get()
00169338 00000028 W std::num_put<wchar_t, std::ostreambuf_iterator<wchar_t, std::char_traits<wchar_t> > >::~num_put()
00169360 00000028 W std::money_get<wchar_t, std::istreambuf_iterator<wchar_t, std::char_traits<wchar_t> > >::~money_get()
00169388 00000028 W std::money_put<wchar_t, std::ostreambuf_iterator<wchar_t, std::char_traits<wchar_t> > >::~money_put()
001693b0 0000001c W std::__timepunct_cache<wchar_t>::~__timepunct_cache()
001693cc 00000028 W std::time_put<wchar_t, std::ostreambuf_iterator<wchar_t, std::char_traits<wchar_t> > >::~time_put()
001693f4 00000028 W std::time_get<wchar_t, std::istreambuf_iterator<wchar_t, std::char_traits<wchar_t> > >::~time_get()
0016941c 00000070 W std::__moneypunct_cache<wchar_t, false>::~__moneypunct_cache()
0016941c 00000070 W std::__moneypunct_cache<wchar_t, false>::~__moneypunct_cache()
0016948c 0000001c W std::__moneypunct_cache<wchar_t, false>::~__moneypunct_cache()
001694a8 00000070 W std::__moneypunct_cache<wchar_t, true>::~__moneypunct_cache()
001694a8 00000070 W std::__moneypunct_cache<wchar_t, true>::~__moneypunct_cache()
00169518 0000001c W std::__moneypunct_cache<wchar_t, true>::~__moneypunct_cache()
00169534 00000060 W std::__numpunct_cache<wchar_t>::~__numpunct_cache()
00169534 00000060 W std::__numpunct_cache<wchar_t>::~__numpunct_cache()
00169594 0000001c W std::__numpunct_cache<wchar_t>::~__numpunct_cache()
001695b0 00000028 W std::messages<wchar_t>::~messages()
001695b0 00000028 W std::messages<wchar_t>::~messages()
001695d8 0000001c W std::messages<wchar_t>::~messages()
001695f4 00000028 W std::collate<wchar_t>::~collate()
001695f4 00000028 W std::collate<wchar_t>::~collate()
0016961c 00000060 W std::__timepunct<wchar_t>::~__timepunct()
0016961c 00000060 W std::__timepunct<wchar_t>::~__timepunct()
0016967c 0000001c W std::__timepunct<wchar_t>::~__timepunct()
00169698 00000028 t std::basic_streambuf<wchar_t, std::char_traits<wchar_t> >::sbumpc() [clone .isra.0]
001696c0 00000058 t std::basic_string<wchar_t, std::char_traits<wchar_t>, std::allocator<wchar_t> >::~basic_string() [clone .isra.0]
00169718 000000c0 t wchar_t* std::basic_string<wchar_t, std::char_traits<wchar_t>, std::allocator<wchar_t> >::_S_construct<wchar_t const*>(wchar_t const*, wchar_t const*, std::allocator<wchar_t> const&, std::forward_iterator_tag) [clone .isra.0]
001697d8 00000058 t std::basic_string<char, std::char_traits<char>, std::allocator<char> >::~basic_string() [clone .isra.0]
00169830 00000030 W std::collate<wchar_t>::~collate()
00169860 000000cc W std::moneypunct<wchar_t, false>::do_grouping() const
0016992c 000000cc W std::moneypunct<wchar_t, true>::do_grouping() const
001699f8 000000cc W std::numpunct<wchar_t>::do_grouping() const
00169ac4 00000168 W std::collate<wchar_t>::do_compare(wchar_t const*, wchar_t const*, wchar_t const*, wchar_t const*) const
00169c2c 00000130 W std::time_put<wchar_t, std::ostreambuf_iterator<wchar_t, std::char_traits<wchar_t> > >::do_put(std::ostreambuf_iterator<wchar_t, std::char_traits<wchar_t> >, std::ios_base&, wchar_t, tm const*, char, char) const
00169d5c 000000d4 W std::moneypunct<wchar_t, false>::do_curr_symbol() const
00169e30 000000d4 W std::moneypunct<wchar_t, false>::do_positive_sign() const
00169f04 000000d4 W std::moneypunct<wchar_t, false>::do_negative_sign() const
00169fd8 000000d4 W std::moneypunct<wchar_t, true>::do_curr_symbol() const
0016a0ac 000000d4 W std::moneypunct<wchar_t, true>::do_positive_sign() const
0016a180 000000d4 W std::moneypunct<wchar_t, true>::do_negative_sign() const
0016a254 000000d4 W std::numpunct<wchar_t>::do_truename() const
0016a328 000000d4 W std::numpunct<wchar_t>::do_falsename() const
0016a3fc 000002e0 W std::collate<wchar_t>::do_transform(wchar_t const*, wchar_t const*) const
0016a6dc 00000798 W std::__moneypunct_cache<wchar_t, false>::_M_cache(std::locale const&)
0016ae74 00000798 W std::__moneypunct_cache<wchar_t, true>::_M_cache(std::locale const&)
0016b60c 000004d8 W std::__numpunct_cache<wchar_t>::_M_cache(std::locale const&)
0016bae4 000000b8 t std::__use_cache<std::__numpunct_cache<wchar_t> >::operator()(std::locale const&) const [clone .isra.0]
0016bb9c 0000004c W std::__timepunct<wchar_t>::__timepunct(std::__timepunct_cache<wchar_t>*, unsigned int)
0016bb9c 0000004c W std::__timepunct<wchar_t>::__timepunct(std::__timepunct_cache<wchar_t>*, unsigned int)
0016bbe8 0000026c W std::time_get<wchar_t, std::istreambuf_iterator<wchar_t, std::char_traits<wchar_t> > >::_M_extract_num(std::istreambuf_iterator<wchar_t, std::char_traits<wchar_t> >, std::istreambuf_iterator<wchar_t, std::char_traits<wchar_t> >, int&, int, int, unsigned int, std::ios_base&, std::_Ios_Iostate&) const
0016be54 0000003c W std::messages<wchar_t>::messages(unsigned int)
0016be54 0000003c W std::messages<wchar_t>::messages(unsigned int)
0016be90 00000178 W wchar_t* std::__add_grouping<wchar_t>(wchar_t*, wchar_t, char const*, unsigned int, wchar_t const*, wchar_t const*)
0016c008 000000b0 W std::num_put<wchar_t, std::ostreambuf_iterator<wchar_t, std::char_traits<wchar_t> > >::_M_group_float(char const*, unsigned int, wchar_t, wchar_t const*, wchar_t*, wchar_t*, int&) const
0016c0b8 00000054 W std::num_put<wchar_t, std::ostreambuf_iterator<wchar_t, std::char_traits<wchar_t> > >::_M_group_int(char const*, unsigned int, wchar_t, std::ios_base&, wchar_t*, wchar_t*, int&) const
0016c10c 00000628 W std::ostreambuf_iterator<wchar_t, std::char_traits<wchar_t> > std::money_put<wchar_t, std::ostreambuf_iterator<wchar_t, std::char_traits<wchar_t> > >::_M_insert<true>(std::ostreambuf_iterator<wchar_t, std::char_traits<wchar_t> >, std::ios_base&, wchar_t, std::basic_string<wchar_t, std::char_traits<wchar_t>, std::allocator<wchar_t> > const&) const
0016c734 000005c4 W std::ostreambuf_iterator<wchar_t, std::char_traits<wchar_t> > std::money_put<wchar_t, std::ostreambuf_iterator<wchar_t, std::char_traits<wchar_t> > >::_M_insert<false>(std::ostreambuf_iterator<wchar_t, std::char_traits<wchar_t> >, std::ios_base&, wchar_t, std::basic_string<wchar_t, std::char_traits<wchar_t>, std::allocator<wchar_t> > const&) const
0016ccf8 000001d0 W std::money_put<wchar_t, std::ostreambuf_iterator<wchar_t, std::char_traits<wchar_t> > >::do_put(std::ostreambuf_iterator<wchar_t, std::char_traits<wchar_t> >, bool, std::ios_base&, wchar_t, long double) const
0016cec8 00000054 W std::money_put<wchar_t, std::ostreambuf_iterator<wchar_t, std::char_traits<wchar_t> > >::do_put(std::ostreambuf_iterator<wchar_t, std::char_traits<wchar_t> >, bool, std::ios_base&, wchar_t, std::basic_string<wchar_t, std::char_traits<wchar_t>, std::allocator<wchar_t> > const&) const
0016cf1c 00000220 W std::__pad<wchar_t, std::char_traits<wchar_t> >::_S_pad(std::ios_base&, wchar_t, wchar_t*, wchar_t const*, int, int)
0016d13c 00000034 W std::num_put<wchar_t, std::ostreambuf_iterator<wchar_t, std::char_traits<wchar_t> > >::_M_pad(wchar_t, int, std::ios_base&, wchar_t*, wchar_t const*, int&) const
0016d170 0000034c W std::ostreambuf_iterator<wchar_t, std::char_traits<wchar_t> > std::num_put<wchar_t, std::ostreambuf_iterator<wchar_t, std::char_traits<wchar_t> > >::_M_insert_float<double>(std::ostreambuf_iterator<wchar_t, std::char_traits<wchar_t> >, std::ios_base&, wchar_t, char, double) const
0016d4bc 0000003c W std::num_put<wchar_t, std::ostreambuf_iterator<wchar_t, std::char_traits<wchar_t> > >::do_put(std::ostreambuf_iterator<wchar_t, std::char_traits<wchar_t> >, std::ios_base&, wchar_t, double) const
0016d4f8 0000034c W std::ostreambuf_iterator<wchar_t, std::char_traits<wchar_t> > std::num_put<wchar_t, std::ostreambuf_iterator<wchar_t, std::char_traits<wchar_t> > >::_M_insert_float<long double>(std::ostreambuf_iterator<wchar_t, std::char_traits<wchar_t> >, std::ios_base&, wchar_t, char, long double) const
0016d844 0000003c W std::num_put<wchar_t, std::ostreambuf_iterator<wchar_t, std::char_traits<wchar_t> > >::do_put(std::ostreambuf_iterator<wchar_t, std::char_traits<wchar_t> >, std::ios_base&, wchar_t, long double) const
0016d880 000000b4 W int std::__int_to_char<wchar_t, unsigned long>(wchar_t*, unsigned long, wchar_t const*, std::_Ios_Fmtflags, bool)
0016d934 00000238 W std::ostreambuf_iterator<wchar_t, std::char_traits<wchar_t> > std::num_put<wchar_t, std::ostreambuf_iterator<wchar_t, std::char_traits<wchar_t> > >::_M_insert_int<long>(std::ostreambuf_iterator<wchar_t, std::char_traits<wchar_t> >, std::ios_base&, wchar_t, long) const
0016db6c 0000003c W std::num_put<wchar_t, std::ostreambuf_iterator<wchar_t, std::char_traits<wchar_t> > >::do_put(std::ostreambuf_iterator<wchar_t, std::char_traits<wchar_t> >, std::ios_base&, wchar_t, long) const
0016dba8 000001b8 W std::num_put<wchar_t, std::ostreambuf_iterator<wchar_t, std::char_traits<wchar_t> > >::do_put(std::ostreambuf_iterator<wchar_t, std::char_traits<wchar_t> >, std::ios_base&, wchar_t, bool) const
0016dd60 000001d4 W std::ostreambuf_iterator<wchar_t, std::char_traits<wchar_t> > std::num_put<wchar_t, std::ostreambuf_iterator<wchar_t, std::char_traits<wchar_t> > >::_M_insert_int<unsigned long>(std::ostreambuf_iterator<wchar_t, std::char_traits<wchar_t> >, std::ios_base&, wchar_t, unsigned long) const
0016df34 0000003c W std::num_put<wchar_t, std::ostreambuf_iterator<wchar_t, std::char_traits<wchar_t> > >::do_put(std::ostreambuf_iterator<wchar_t, std::char_traits<wchar_t> >, std::ios_base&, wchar_t, unsigned long) const
0016df70 0000006c W std::num_put<wchar_t, std::ostreambuf_iterator<wchar_t, std::char_traits<wchar_t> > >::do_put(std::ostreambuf_iterator<wchar_t, std::char_traits<wchar_t> >, std::ios_base&, wchar_t, void const*) const
0016dfdc 00000118 W int std::__int_to_char<wchar_t, unsigned long long>(wchar_t*, unsigned long long, wchar_t const*, std::_Ios_Fmtflags, bool)
0016e0f4 00000258 W std::ostreambuf_iterator<wchar_t, std::char_traits<wchar_t> > std::num_put<wchar_t, std::ostreambuf_iterator<wchar_t, std::char_traits<wchar_t> > >::_M_insert_int<long long>(std::ostreambuf_iterator<wchar_t, std::char_traits<wchar_t> >, std::ios_base&, wchar_t, long long) const
0016e34c 0000003c W std::num_put<wchar_t, std::ostreambuf_iterator<wchar_t, std::char_traits<wchar_t> > >::do_put(std::ostreambuf_iterator<wchar_t, std::char_traits<wchar_t> >, std::ios_base&, wchar_t, long long) const
0016e388 000001f8 W std::ostreambuf_iterator<wchar_t, std::char_traits<wchar_t> > std::num_put<wchar_t, std::ostreambuf_iterator<wchar_t, std::char_traits<wchar_t> > >::_M_insert_int<unsigned long long>(std::ostreambuf_iterator<wchar_t, std::char_traits<wchar_t> >, std::ios_base&, wchar_t, unsigned long long) const
0016e580 0000003c W std::num_put<wchar_t, std::ostreambuf_iterator<wchar_t, std::char_traits<wchar_t> > >::do_put(std::ostreambuf_iterator<wchar_t, std::char_traits<wchar_t> >, std::ios_base&, wchar_t, unsigned long long) const
0016e5bc 000000fc W std::istreambuf_iterator<wchar_t, std::char_traits<wchar_t> >::equal(std::istreambuf_iterator<wchar_t, std::char_traits<wchar_t> > const&) const
0016e6b8 0000007c W std::istreambuf_iterator<wchar_t, std::char_traits<wchar_t> >::_M_get() const
0016e734 00000d40 W std::num_get<wchar_t, std::istreambuf_iterator<wchar_t, std::char_traits<wchar_t> > >::_M_extract_float(std::istreambuf_iterator<wchar_t, std::char_traits<wchar_t> >, std::istreambuf_iterator<wchar_t, std::char_traits<wchar_t> >, std::ios_base&, std::_Ios_Iostate&, std::string&) const
0016e9e0 N 
0016e9e0 N 
0016e9e0 N 
0016e9e0 N 
0016e9e0 N 
0016e9e0 N 
0016e9e0 N 
0016e9e0 N 
0016e9e0 N 
0016e9e0 N 
0016e9e0 N 
0016e9e0 N 
0016e9e0 N 
0016e9e0 N 
0016e9e0 N 
0016e9e0 N 
0016e9e0 N 
0016e9e0 N 
0016e9e0 N 
0016e9e0 N 
0016e9e0 N 
0016e9e0 N 
0016e9e0 N 
0016e9e0 N 
0016e9e0 N 
0016e9e0 N 
0016e9e0 N 
0016e9e0 N 
0016e9e0 N 
0016e9e0 N 
0016e9e0 N 
0016e9e0 W KoreanFFF3FFFCMemoryRule.cpp.b0f55d60
0016f474 000001dc W std::num_get<wchar_t, std::istreambuf_iterator<wchar_t, std::char_traits<wchar_t> > >::do_get(std::istreambuf_iterator<wchar_t, std::char_traits<wchar_t> >, std::istreambuf_iterator<wchar_t, std::char_traits<wchar_t> >, std::ios_base&, std::_Ios_Iostate&, float&) const
0016f650 000001dc W std::num_get<wchar_t, std::istreambuf_iterator<wchar_t, std::char_traits<wchar_t> > >::do_get(std::istreambuf_iterator<wchar_t, std::char_traits<wchar_t> >, std::istreambuf_iterator<wchar_t, std::char_traits<wchar_t> >, std::ios_base&, std::_Ios_Iostate&, double&) const
0016f82c 000001dc W std::num_get<wchar_t, std::istreambuf_iterator<wchar_t, std::char_traits<wchar_t> > >::do_get(std::istreambuf_iterator<wchar_t, std::char_traits<wchar_t> >, std::istreambuf_iterator<wchar_t, std::char_traits<wchar_t> >, std::ios_base&, std::_Ios_Iostate&, long double&) const
0016fa08 0000099c W std::istreambuf_iterator<wchar_t, std::char_traits<wchar_t> > std::num_get<wchar_t, std::istreambuf_iterator<wchar_t, std::char_traits<wchar_t> > >::_M_extract_int<long>(std::istreambuf_iterator<wchar_t, std::char_traits<wchar_t> >, std::istreambuf_iterator<wchar_t, std::char_traits<wchar_t> >, std::ios_base&, std::_Ios_Iostate&, long&) const
001703a4 00000514 W std::num_get<wchar_t, std::istreambuf_iterator<wchar_t, std::char_traits<wchar_t> > >::do_get(std::istreambuf_iterator<wchar_t, std::char_traits<wchar_t> >, std::istreambuf_iterator<wchar_t, std::char_traits<wchar_t> >, std::ios_base&, std::_Ios_Iostate&, bool&) const
001708b8 00000048 W std::num_get<wchar_t, std::istreambuf_iterator<wchar_t, std::char_traits<wchar_t> > >::do_get(std::istreambuf_iterator<wchar_t, std::char_traits<wchar_t> >, std::istreambuf_iterator<wchar_t, std::char_traits<wchar_t> >, std::ios_base&, std::_Ios_Iostate&, long&) const
00170900 00000a64 W std::istreambuf_iterator<wchar_t, std::char_traits<wchar_t> > std::num_get<wchar_t, std::istreambuf_iterator<wchar_t, std::char_traits<wchar_t> > >::_M_extract_int<unsigned short>(std::istreambuf_iterator<wchar_t, std::char_traits<wchar_t> >, std::istreambuf_iterator<wchar_t, std::char_traits<wchar_t> >, std::ios_base&, std::_Ios_Iostate&, unsigned short&) const
00171364 00000048 W std::num_get<wchar_t, std::istreambuf_iterator<wchar_t, std::char_traits<wchar_t> > >::do_get(std::istreambuf_iterator<wchar_t, std::char_traits<wchar_t> >, std::istreambuf_iterator<wchar_t, std::char_traits<wchar_t> >, std::ios_base&, std::_Ios_Iostate&, unsigned short&) const
001713ac 00000a08 W std::istreambuf_iterator<wchar_t, std::char_traits<wchar_t> > std::num_get<wchar_t, std::istreambuf_iterator<wchar_t, std::char_traits<wchar_t> > >::_M_extract_int<unsigned int>(std::istreambuf_iterator<wchar_t, std::char_traits<wchar_t> >, std::istreambuf_iterator<wchar_t, std::char_traits<wchar_t> >, std::ios_base&, std::_Ios_Iostate&, unsigned int&) const
00171db4 00000048 W std::num_get<wchar_t, std::istreambuf_iterator<wchar_t, std::char_traits<wchar_t> > >::do_get(std::istreambuf_iterator<wchar_t, std::char_traits<wchar_t> >, std::istreambuf_iterator<wchar_t, std::char_traits<wchar_t> >, std::ios_base&, std::_Ios_Iostate&, unsigned int&) const
00171dfc 00000a08 W std::istreambuf_iterator<wchar_t, std::char_traits<wchar_t> > std::num_get<wchar_t, std::istreambuf_iterator<wchar_t, std::char_traits<wchar_t> > >::_M_extract_int<unsigned long>(std::istreambuf_iterator<wchar_t, std::char_traits<wchar_t> >, std::istreambuf_iterator<wchar_t, std::char_traits<wchar_t> >, std::ios_base&, std::_Ios_Iostate&, unsigned long&) const
00172804 00000048 W std::num_get<wchar_t, std::istreambuf_iterator<wchar_t, std::char_traits<wchar_t> > >::do_get(std::istreambuf_iterator<wchar_t, std::char_traits<wchar_t> >, std::istreambuf_iterator<wchar_t, std::char_traits<wchar_t> >, std::ios_base&, std::_Ios_Iostate&, unsigned long&) const
0017284c 0000007c W std::num_get<wchar_t, std::istreambuf_iterator<wchar_t, std::char_traits<wchar_t> > >::do_get(std::istreambuf_iterator<wchar_t, std::char_traits<wchar_t> >, std::istreambuf_iterator<wchar_t, std::char_traits<wchar_t> >, std::ios_base&, std::_Ios_Iostate&, void*&) const
001728c8 00000a34 W std::istreambuf_iterator<wchar_t, std::char_traits<wchar_t> > std::num_get<wchar_t, std::istreambuf_iterator<wchar_t, std::char_traits<wchar_t> > >::_M_extract_int<long long>(std::istreambuf_iterator<wchar_t, std::char_traits<wchar_t> >, std::istreambuf_iterator<wchar_t, std::char_traits<wchar_t> >, std::ios_base&, std::_Ios_Iostate&, long long&) const
001732fc 00000048 W std::num_get<wchar_t, std::istreambuf_iterator<wchar_t, std::char_traits<wchar_t> > >::do_get(std::istreambuf_iterator<wchar_t, std::char_traits<wchar_t> >, std::istreambuf_iterator<wchar_t, std::char_traits<wchar_t> >, std::ios_base&, std::_Ios_Iostate&, long long&) const
00173344 00000af0 W std::istreambuf_iterator<wchar_t, std::char_traits<wchar_t> > std::num_get<wchar_t, std::istreambuf_iterator<wchar_t, std::char_traits<wchar_t> > >::_M_extract_int<unsigned long long>(std::istreambuf_iterator<wchar_t, std::char_traits<wchar_t> >, std::istreambuf_iterator<wchar_t, std::char_traits<wchar_t> >, std::ios_base&, std::_Ios_Iostate&, unsigned long long&) const
00173e34 00000048 W std::num_get<wchar_t, std::istreambuf_iterator<wchar_t, std::char_traits<wchar_t> > >::do_get(std::istreambuf_iterator<wchar_t, std::char_traits<wchar_t> >, std::istreambuf_iterator<wchar_t, std::char_traits<wchar_t> >, std::ios_base&, std::_Ios_Iostate&, unsigned long long&) const
00173e7c 000002f4 W std::time_get<wchar_t, std::istreambuf_iterator<wchar_t, std::char_traits<wchar_t> > >::do_get_year(std::istreambuf_iterator<wchar_t, std::char_traits<wchar_t> >, std::istreambuf_iterator<wchar_t, std::char_traits<wchar_t> >, std::ios_base&, std::_Ios_Iostate&, tm*) const
00174170 00000af0 W std::time_get<wchar_t, std::istreambuf_iterator<wchar_t, std::char_traits<wchar_t> > >::_M_extract_name(std::istreambuf_iterator<wchar_t, std::char_traits<wchar_t> >, std::istreambuf_iterator<wchar_t, std::char_traits<wchar_t> >, int&, wchar_t const**, unsigned int, std::ios_base&, std::_Ios_Iostate&) const
00174c60 000005b4 W std::time_get<wchar_t, std::istreambuf_iterator<wchar_t, std::char_traits<wchar_t> > >::_M_extract_wday_or_month(std::istreambuf_iterator<wchar_t, std::char_traits<wchar_t> >, std::istreambuf_iterator<wchar_t, std::char_traits<wchar_t> >, int&, wchar_t const**, unsigned int, std::ios_base&, std::_Ios_Iostate&) const
00175214 00000258 W std::time_get<wchar_t, std::istreambuf_iterator<wchar_t, std::char_traits<wchar_t> > >::do_get_weekday(std::istreambuf_iterator<wchar_t, std::char_traits<wchar_t> >, std::istreambuf_iterator<wchar_t, std::char_traits<wchar_t> >, std::ios_base&, std::_Ios_Iostate&, tm*) const
0017546c 000002d0 W std::time_get<wchar_t, std::istreambuf_iterator<wchar_t, std::char_traits<wchar_t> > >::do_get_monthname(std::istreambuf_iterator<wchar_t, std::char_traits<wchar_t> >, std::istreambuf_iterator<wchar_t, std::char_traits<wchar_t> >, std::ios_base&, std::_Ios_Iostate&, tm*) const
0017573c 000016e4 W std::time_get<wchar_t, std::istreambuf_iterator<wchar_t, std::char_traits<wchar_t> > >::_M_extract_via_format(std::istreambuf_iterator<wchar_t, std::char_traits<wchar_t> >, std::istreambuf_iterator<wchar_t, std::char_traits<wchar_t> >, std::ios_base&, std::_Ios_Iostate&, tm*, wchar_t const*, std::__time_get_state&) const
0017573c 000016e4 t std::time_get<wchar_t, std::istreambuf_iterator<wchar_t, std::char_traits<wchar_t> > >::_M_extract_via_format(std::istreambuf_iterator<wchar_t, std::char_traits<wchar_t> >, std::istreambuf_iterator<wchar_t, std::char_traits<wchar_t> >, std::ios_base&, std::_Ios_Iostate&, tm*, wchar_t const*, std::__time_get_state&) const [clone .localalias]
00176e20 000001d0 W std::time_get<wchar_t, std::istreambuf_iterator<wchar_t, std::char_traits<wchar_t> > >::do_get_time(std::istreambuf_iterator<wchar_t, std::char_traits<wchar_t> >, std::istreambuf_iterator<wchar_t, std::char_traits<wchar_t> >, std::ios_base&, std::_Ios_Iostate&, tm*) const
00176ff0 000001d0 W std::time_get<wchar_t, std::istreambuf_iterator<wchar_t, std::char_traits<wchar_t> > >::do_get_date(std::istreambuf_iterator<wchar_t, std::char_traits<wchar_t> >, std::istreambuf_iterator<wchar_t, std::char_traits<wchar_t> >, std::ios_base&, std::_Ios_Iostate&, tm*) const
001771c0 0000103c W std::istreambuf_iterator<wchar_t, std::char_traits<wchar_t> > std::money_get<wchar_t, std::istreambuf_iterator<wchar_t, std::char_traits<wchar_t> > >::_M_extract<true>(std::istreambuf_iterator<wchar_t, std::char_traits<wchar_t> >, std::istreambuf_iterator<wchar_t, std::char_traits<wchar_t> >, std::ios_base&, std::_Ios_Iostate&, std::string&) const
001781fc 0000103c W std::istreambuf_iterator<wchar_t, std::char_traits<wchar_t> > std::money_get<wchar_t, std::istreambuf_iterator<wchar_t, std::char_traits<wchar_t> > >::_M_extract<false>(std::istreambuf_iterator<wchar_t, std::char_traits<wchar_t> >, std::istreambuf_iterator<wchar_t, std::char_traits<wchar_t> >, std::ios_base&, std::_Ios_Iostate&, std::string&) const
00179238 000000fc W std::money_get<wchar_t, std::istreambuf_iterator<wchar_t, std::char_traits<wchar_t> > >::do_get(std::istreambuf_iterator<wchar_t, std::char_traits<wchar_t> >, std::istreambuf_iterator<wchar_t, std::char_traits<wchar_t> >, bool, std::ios_base&, std::_Ios_Iostate&, long double&) const
00179334 00000190 W std::money_get<wchar_t, std::istreambuf_iterator<wchar_t, std::char_traits<wchar_t> > >::do_get(std::istreambuf_iterator<wchar_t, std::char_traits<wchar_t> >, std::istreambuf_iterator<wchar_t, std::char_traits<wchar_t> >, bool, std::ios_base&, std::_Ios_Iostate&, std::basic_string<wchar_t, std::char_traits<wchar_t>, std::allocator<wchar_t> >&) const
001794c4 000000f4 t _GLOBAL__sub_I__ZNSt12ctype_bynameIwEC2ERKSsj
001795b8 0000005c W std::__cxx11::basic_string<wchar_t, std::char_traits<wchar_t>, std::allocator<wchar_t> >::_M_create(unsigned int&, unsigned int)
00179614 00000014 W std::__cxx11::basic_string<wchar_t, std::char_traits<wchar_t>, std::allocator<wchar_t> >::_M_dispose()
00179628 00000090 W std::__cxx11::basic_string<wchar_t, std::char_traits<wchar_t>, std::allocator<wchar_t> >::_M_construct(unsigned int, wchar_t)
001796b8 00000104 W std::__cxx11::basic_string<wchar_t, std::char_traits<wchar_t>, std::allocator<wchar_t> >::_M_mutate(unsigned int, unsigned int, wchar_t const*, unsigned int)
001797bc 0000009c W std::__cxx11::basic_string<wchar_t, std::char_traits<wchar_t>, std::allocator<wchar_t> >::reserve(unsigned int)
00179858 00000108 W std::__cxx11::basic_string<wchar_t, std::char_traits<wchar_t>, std::allocator<wchar_t> >::_M_replace_aux(unsigned int, unsigned int, unsigned int, wchar_t)
00179960 00000044 W std::__cxx11::basic_string<wchar_t, std::char_traits<wchar_t>, std::allocator<wchar_t> >::resize(unsigned int, wchar_t)
001799a4 00000144 W std::__cxx11::basic_string<wchar_t, std::char_traits<wchar_t>, std::allocator<wchar_t> >::_M_replace_cold(wchar_t*, unsigned int, wchar_t const*, unsigned int, unsigned int)
00179ae8 00000130 W std::__cxx11::basic_string<wchar_t, std::char_traits<wchar_t>, std::allocator<wchar_t> >::_M_replace(unsigned int, unsigned int, wchar_t const*, unsigned int)
00179c18 0000008c W std::__cxx11::basic_string<wchar_t, std::char_traits<wchar_t>, std::allocator<wchar_t> >::_M_append(wchar_t const*, unsigned int)
00179ca4 00000088 W std::__cxx11::basic_string<wchar_t, std::char_traits<wchar_t>, std::allocator<wchar_t> >::copy(wchar_t*, unsigned int, unsigned int) const
00179d2c 000000a8 W void std::__cxx11::basic_string<wchar_t, std::char_traits<wchar_t>, std::allocator<wchar_t> >::_M_construct<true>(wchar_t const*, unsigned int)
00179dd4 0000000c T std::bad_alloc::what() const
00179de0 00000020 T std::bad_alloc::~bad_alloc()
00179de0 00000020 T std::bad_alloc::~bad_alloc()
00179e00 0000002c T std::bad_alloc::~bad_alloc()
00179e2c 0000000c T std::bad_array_new_length::what() const
00179e38 00000020 T std::bad_array_new_length::~bad_array_new_length()
00179e38 00000020 T std::bad_array_new_length::~bad_array_new_length()
00179e58 0000002c T std::bad_array_new_length::~bad_array_new_length()
00179e84 0000000c T std::bad_cast::what() const
00179e90 00000020 T std::bad_cast::~bad_cast()
00179e90 00000020 T std::bad_cast::~bad_cast()
00179eb0 0000002c T std::bad_cast::~bad_cast()
00179edc 00000014 T __cxxabiv1::__class_type_info::__do_find_public_src(int, void const*, __cxxabiv1::__class_type_info const*, void const*) const
00179ef0 00000020 T __cxxabiv1::__class_type_info::~__class_type_info()
00179ef0 00000020 T __cxxabiv1::__class_type_info::~__class_type_info()
00179f10 0000002c T __cxxabiv1::__class_type_info::~__class_type_info()
00179f3c 00000084 T __cxxabiv1::__class_type_info::__do_dyncast(int, __cxxabiv1::__class_type_info::__sub_kind, __cxxabiv1::__class_type_info const*, void const*, __cxxabiv1::__class_type_info const*, void const*, __cxxabiv1::__class_type_info::__dyncast_result&) const
00179fc0 00000038 T __cxxabiv1::__class_type_info::__do_upcast(__cxxabiv1::__class_type_info const*, void const*, __cxxabiv1::__class_type_info::__upcast_result&) const
00179ff8 00000090 T __cxxabiv1::__class_type_info::__do_upcast(__cxxabiv1::__class_type_info const*, void**) const
0017a088 0000005c T __cxxabiv1::__class_type_info::__do_catch(std::type_info const*, void**, unsigned int) const
0017a0e4 00000004 T operator delete(void*, unsigned int)
0017a0e8 00000184 T __dynamic_cast
0017a26c 000000f4 t (anonymous namespace)::pool::free(void*) [clone .constprop.0]
0017a360 000000b8 t (anonymous namespace)::pool::allocate(unsigned int) [clone .constprop.0]
0017a418 00000044 T __cxa_allocate_exception
0017a45c 00000028 T __cxa_free_exception
0017a484 000001a0 t _GLOBAL__sub_I__ZN9__gnu_cxx9__freeresEv
0017a624 00000018 t _GLOBAL__sub_D__ZN9__gnu_cxx9__freeresEv
0017a63c T __cxa_end_cleanup
0017a64c 00000138 T __cxa_type_match
0017a784 000000b4 T __cxa_begin_cleanup
0017a838 000000b0 T __gnu_end_cleanup
0017a8e8 0000002c T __cxa_throw_bad_array_new_length
0017a914 00000070 t __cxxabiv1::__is_gxx_exception_class(char*)
0017a984 0000002c T __cxa_call_terminate
0017a9b0 0000014c T __cxa_call_unexpected
0017aafc 000000e0 T __cxa_begin_catch
0017abdc 000000e0 T __cxa_end_catch
0017acbc 00000018 T std::uncaught_exception()
0017acd4 00000004 T std::exception::~exception()
0017acd4 00000004 T std::exception::~exception()
0017acd8 00000004 T std::bad_exception::~bad_exception()
0017acd8 00000004 T std::bad_exception::~bad_exception()
0017acdc 0000000c T transaction clone for std::bad_exception::what() const
0017acdc 0000000c T std::bad_exception::what() const
0017ace8 00000020 T std::bad_exception::~bad_exception()
0017ad08 00000038 t eh_globals_dtor(void*)
0017ad40 00000038 T __cxa_get_globals_fast
0017ad78 00000090 T __cxa_get_globals
0017ae08 00000030 t _GLOBAL__sub_I__ZN17__eh_globals_init7_S_initE
0017ae38 00000034 t _GLOBAL__sub_D__ZN17__eh_globals_init7_S_initE
0017ae6c 00000150 t read_encoded_value_with_base(unsigned char, unsigned int, unsigned char const*, unsigned int*)
0017afbc 00000058 t base_of_encoded_value(unsigned char, _Unwind_Context*)
0017b014 000000f0 t parse_lsda_header(_Unwind_Context*, unsigned char const*, lsda_header_info*)
0017b104 0000074c T __gxx_personality_v0
0017b850 00000014 T __cxxabiv1::__terminate(void (*)())
0017b864 00000018 T std::terminate()
0017b87c 0000000c T __cxxabiv1::__unexpected(void (*)())
0017b888 00000018 T std::unexpected()
0017b8a0 00000014 T std::get_terminate()
0017b8b4 00000014 T std::get_unexpected()
0017b8c8 00000070 t __gxx_exception_cleanup(_Unwind_Reason_Code, _Unwind_Control_Block*)
0017b938 00000080 T __cxa_throw
0017b9b8 000000b0 T __cxa_rethrow
0017ba68 0000000c W __gnu_cxx::__concurrence_broadcast_error::what() const
0017ba74 0000000c W __gnu_cxx::__concurrence_wait_error::what() const
0017ba80 00000038 t (anonymous namespace)::init()
0017bab8 00000024 t (anonymous namespace)::init_static_cond()
0017badc 00000020 W __gnu_cxx::__concurrence_wait_error::~__concurrence_wait_error()
0017badc 00000020 W __gnu_cxx::__concurrence_wait_error::~__concurrence_wait_error()
0017bafc 0000002c W __gnu_cxx::__concurrence_wait_error::~__concurrence_wait_error()
0017bb28 00000020 W __gnu_cxx::__concurrence_broadcast_error::~__concurrence_broadcast_error()
0017bb28 00000020 W __gnu_cxx::__concurrence_broadcast_error::~__concurrence_broadcast_error()
0017bb48 0000002c W __gnu_cxx::__concurrence_broadcast_error::~__concurrence_broadcast_error()
0017bb74 0000002c W __gnu_cxx::__throw_concurrence_broadcast_error()
0017bba0 00000124 T __cxa_guard_acquire
0017bcc4 0000008c T __cxa_guard_release
0017bd50 00000014 T std::get_new_handler()
0017bd64 0000001c T operator new[](unsigned int, std::nothrow_t const&)
0017bd80 00000020 T __cxxabiv1::__si_class_type_info::~__si_class_type_info()
0017bd80 00000020 T __cxxabiv1::__si_class_type_info::~__si_class_type_info()
0017bda0 0000002c T __cxxabiv1::__si_class_type_info::~__si_class_type_info()
0017bdcc 0000006c T __cxxabiv1::__si_class_type_info::__do_find_public_src(int, void const*, __cxxabiv1::__class_type_info const*, void const*) const
0017be38 000000e4 T __cxxabiv1::__si_class_type_info::__do_dyncast(int, __cxxabiv1::__class_type_info::__sub_kind, __cxxabiv1::__class_type_info const*, void const*, __cxxabiv1::__class_type_info const*, void const*, __cxxabiv1::__class_type_info::__dyncast_result&) const
0017bf1c 00000044 T __cxxabiv1::__si_class_type_info::__do_upcast(__cxxabiv1::__class_type_info const*, void const*, __cxxabiv1::__class_type_info::__upcast_result&) const
0017bf60 00000004 T std::type_info::~type_info()
0017bf60 00000004 T std::type_info::~type_info()
0017bf64 00000008 T std::type_info::__is_pointer_p() const
0017bf64 00000008 T std::type_info::__is_function_p() const
0017bf6c 0000004c T std::type_info::__equal(std::type_info const&) const
0017bf6c 0000004c T std::type_info::operator==(std::type_info const&) const
0017bfb8 00000020 T __cxxabiv1::__vmi_class_type_info::~__vmi_class_type_info()
0017bfb8 00000020 T __cxxabiv1::__vmi_class_type_info::~__vmi_class_type_info()
0017bfd8 0000002c T __cxxabiv1::__vmi_class_type_info::~__vmi_class_type_info()
0017c004 000000cc T __cxxabiv1::__vmi_class_type_info::__do_find_public_src(int, void const*, __cxxabiv1::__class_type_info const*, void const*) const
0017c0d0 000006ac T __cxxabiv1::__vmi_class_type_info::__do_dyncast(int, __cxxabiv1::__class_type_info::__sub_kind, __cxxabiv1::__class_type_info const*, void const*, __cxxabiv1::__class_type_info const*, void const*, __cxxabiv1::__class_type_info::__dyncast_result&) const
0017c77c 00000264 t __cxxabiv1::__vmi_class_type_info::__do_upcast(__cxxabiv1::__class_type_info const*, void const*, __cxxabiv1::__class_type_info::__upcast_result&) const [clone .part.0]
0017c9e0 00000038 T __cxxabiv1::__vmi_class_type_info::__do_upcast(__cxxabiv1::__class_type_info const*, void const*, __cxxabiv1::__class_type_info::__upcast_result&) const
0017ca18 00000068 t std::(anonymous namespace)::__set_C_locale()
0017ca80 000000c4 T void std::__convert_to_v<float>(char const*, float&, std::_Ios_Iostate&, int* const&)
0017cb48 000000dc T void std::__convert_to_v<double>(char const*, double&, std::_Ios_Iostate&, int* const&)
0017cc28 000000d0 T void std::__convert_to_v<long double>(char const*, long double&, std::_Ios_Iostate&, int* const&)
0017ccf8 00000034 T std::locale::facet::_S_create_c_locale(int*&, char const*, int*)
0017cd2c 0000000c T std::locale::facet::_S_destroy_c_locale(int*&)
0017cd38 0000001c T std::codecvt<char, char, _mbstate_t>::do_in(_mbstate_t&, char const*, char const*, char const*&, char*, char*, char*&) const
0017cd38 0000001c T std::codecvt<char, char, _mbstate_t>::do_out(_mbstate_t&, char const*, char const*, char const*&, char*, char*, char*&) const
0017cd54 00000010 T std::codecvt<char, char, _mbstate_t>::do_unshift(_mbstate_t&, char*, char*, char*&) const
0017cd54 00000010 T std::codecvt<wchar_t, char, _mbstate_t>::do_unshift(_mbstate_t&, char*, char*, char*&) const
0017cd64 00000008 T std::codecvt<char, char, _mbstate_t>::do_encoding() const
0017cd64 00000008 T std::codecvt<char, char, _mbstate_t>::do_max_length() const
0017cd6c 00000008 T std::codecvt<char, char, _mbstate_t>::do_always_noconv() const
0017cd74 00000014 T std::codecvt<char, char, _mbstate_t>::do_length(_mbstate_t&, char const*, char const*, unsigned int) const
0017cd88 00000008 T std::codecvt<wchar_t, char, _mbstate_t>::do_always_noconv() const
0017cd90 00000048 T std::codecvt<char, char, _mbstate_t>::~codecvt()
0017cd90 00000048 T std::codecvt<char, char, _mbstate_t>::~codecvt()
0017cdd8 00000048 T std::codecvt<wchar_t, char, _mbstate_t>::~codecvt()
0017cdd8 00000048 T std::codecvt<wchar_t, char, _mbstate_t>::~codecvt()
0017ce20 0000005c T std::codecvt<char, char, _mbstate_t>::~codecvt()
0017ce7c 0000005c T std::codecvt<wchar_t, char, _mbstate_t>::~codecvt()
0017ced8 00000048 T std::codecvt<char, char, _mbstate_t>::codecvt(unsigned int)
0017ced8 00000048 T std::codecvt<char, char, _mbstate_t>::codecvt(unsigned int)
0017cf20 00000048 T std::codecvt<wchar_t, char, _mbstate_t>::codecvt(unsigned int)
0017cf20 00000048 T std::codecvt<wchar_t, char, _mbstate_t>::codecvt(unsigned int)
0017cf68 0000015c T std::codecvt<wchar_t, char, _mbstate_t>::do_out(_mbstate_t&, wchar_t const*, wchar_t const*, wchar_t const*&, char*, char*, char*&) const
0017d0c4 000000c0 T std::codecvt<wchar_t, char, _mbstate_t>::do_in(_mbstate_t&, char const*, char const*, char const*&, wchar_t*, wchar_t*, wchar_t*&) const
0017d184 00000028 T std::codecvt<wchar_t, char, _mbstate_t>::do_encoding() const
0017d1ac 0000001c T std::codecvt<wchar_t, char, _mbstate_t>::do_max_length() const
0017d1c8 000000a0 T std::codecvt<wchar_t, char, _mbstate_t>::do_length(_mbstate_t&, char const*, char const*, unsigned int) const
0017d268 00000020 T std::__cxx11::collate<char>::_M_compare(char const*, char const*) const
0017d288 00000010 T std::__cxx11::collate<char>::_M_transform(char*, char const*, unsigned int) const
0017d298 00000020 T std::__cxx11::collate<wchar_t>::_M_compare(wchar_t const*, wchar_t const*) const
0017d2b8 00000010 T std::__cxx11::collate<wchar_t>::_M_transform(wchar_t*, wchar_t const*, unsigned int) const
0017d2c8 00000020 T std::collate<char>::_M_compare(char const*, char const*) const
0017d2e8 00000010 T std::collate<char>::_M_transform(char*, char const*, unsigned int) const
0017d2f8 00000020 T std::collate<wchar_t>::_M_compare(wchar_t const*, wchar_t const*) const
0017d318 00000010 T std::collate<wchar_t>::_M_transform(wchar_t*, wchar_t const*, unsigned int) const
0017d328 00000048 T std::ios_base::_M_init()
0017d370 000000d8 t std::(anonymous namespace)::day_of_the_week(int, int, int)
0017d448 000000e4 T std::__num_base::_S_format_float(std::ios_base const&, char*, char)
0017d52c 000000e0 T std::__verify_grouping_impl(char const*, unsigned int, char const*, unsigned int)
0017d60c 0000000c T std::__verify_grouping(char const*, unsigned int, std::string const&)
0017d618 000006c8 T std::__time_get_state::_M_finalize_state(tm*)
0017dce0 000000cc T std::__cxx11::messages<char>::do_get(int, int, int, std::__cxx11::basic_string<char, std::char_traits<char>, std::allocator<char> > const&) const
0017ddac 000000c8 T std::__cxx11::messages<wchar_t>::do_get(int, int, int, std::__cxx11::basic_string<wchar_t, std::char_traits<wchar_t>, std::allocator<wchar_t> > const&) const
0017de74 00000088 T std::messages<char>::do_get(int, int, int, std::string const&) const
0017defc 00000088 T std::messages<wchar_t>::do_get(int, int, int, std::basic_string<wchar_t, std::char_traits<wchar_t>, std::allocator<wchar_t> > const&) const
0017df84 00000020 T std::__verify_grouping(char const*, unsigned int, std::__cxx11::basic_string<char, std::char_traits<char>, std::allocator<char> > const&)
0017dfa4 00000108 T std::__cxx11::moneypunct<char, true>::_M_initialize_moneypunct(int*, char const*)
0017e0ac 00000108 T std::__cxx11::moneypunct<char, false>::_M_initialize_moneypunct(int*, char const*)
0017e1b4 00000048 T std::__cxx11::moneypunct<char, true>::~moneypunct()
0017e1b4 00000048 T std::__cxx11::moneypunct<char, true>::~moneypunct()
0017e1fc 0000005c T std::__cxx11::moneypunct<char, true>::~moneypunct()
0017e258 00000048 T std::__cxx11::moneypunct<char, false>::~moneypunct()
0017e258 00000048 T std::__cxx11::moneypunct<char, false>::~moneypunct()
0017e2a0 0000005c T std::__cxx11::moneypunct<char, false>::~moneypunct()
0017e2fc 00000118 T std::__cxx11::moneypunct<wchar_t, true>::_M_initialize_moneypunct(int*, char const*)
0017e414 00000118 T std::__cxx11::moneypunct<wchar_t, false>::_M_initialize_moneypunct(int*, char const*)
0017e52c 00000048 T std::__cxx11::moneypunct<wchar_t, true>::~moneypunct()
0017e52c 00000048 T std::__cxx11::moneypunct<wchar_t, true>::~moneypunct()
0017e574 0000005c T std::__cxx11::moneypunct<wchar_t, true>::~moneypunct()
0017e5d0 00000048 T std::__cxx11::moneypunct<wchar_t, false>::~moneypunct()
0017e5d0 00000048 T std::__cxx11::moneypunct<wchar_t, false>::~moneypunct()
0017e618 0000005c T std::__cxx11::moneypunct<wchar_t, false>::~moneypunct()
0017e674 00000108 T std::moneypunct<char, true>::_M_initialize_moneypunct(int*, char const*)
0017e77c 00000108 T std::moneypunct<char, false>::_M_initialize_moneypunct(int*, char const*)
0017e884 00000078 T std::moneypunct<char, true>::~moneypunct()
0017e884 00000078 T std::moneypunct<char, true>::~moneypunct()
0017e8fc 00000028 T std::moneypunct<char, true>::~moneypunct()
0017e924 00000078 T std::moneypunct<char, false>::~moneypunct()
0017e924 00000078 T std::moneypunct<char, false>::~moneypunct()
0017e99c 00000028 T std::moneypunct<char, false>::~moneypunct()
0017e9c4 00000118 T std::moneypunct<wchar_t, true>::_M_initialize_moneypunct(int*, char const*)
0017eadc 00000118 T std::moneypunct<wchar_t, false>::_M_initialize_moneypunct(int*, char const*)
0017ebf4 00000078 T std::moneypunct<wchar_t, true>::~moneypunct()
0017ebf4 00000078 T std::moneypunct<wchar_t, true>::~moneypunct()
0017ec6c 00000028 T std::moneypunct<wchar_t, true>::~moneypunct()
0017ec94 00000078 T std::moneypunct<wchar_t, false>::~moneypunct()
0017ec94 00000078 T std::moneypunct<wchar_t, false>::~moneypunct()
0017ed0c 00000028 T std::moneypunct<wchar_t, false>::~moneypunct()
0017ed34 0000011c T std::__cxx11::numpunct<char>::_M_initialize_numpunct(int*)
0017ee50 00000048 T std::__cxx11::numpunct<char>::~numpunct()
0017ee50 00000048 T std::__cxx11::numpunct<char>::~numpunct()
0017ee98 0000005c T std::__cxx11::numpunct<char>::~numpunct()
0017eef4 00000104 T std::__cxx11::numpunct<wchar_t>::_M_initialize_numpunct(int*)
0017eff8 00000048 T std::__cxx11::numpunct<wchar_t>::~numpunct()
0017eff8 00000048 T std::__cxx11::numpunct<wchar_t>::~numpunct()
0017f040 0000005c T std::__cxx11::numpunct<wchar_t>::~numpunct()
0017f09c 0000011c T std::numpunct<char>::_M_initialize_numpunct(int*)
0017f151 N 
0017f151 N 
0017f151 N 
0017f151 N 
0017f151 N 
0017f151 N 
0017f151 N 
0017f151 N 
0017f151 N 
0017f151 N 
0017f151 N 
0017f151 N 
0017f151 N 
0017f151 N 
0017f151 N 
0017f151 N 
0017f151 N 
0017f151 N 
0017f151 N 
0017f151 N 
0017f151 N 
0017f151 N 
0017f151 N 
0017f151 N 
0017f151 N 
0017f151 N 
0017f151 N 
0017f151 N 
0017f151 N 
0017f151 N 
0017f151 N 
0017f151 W KoreanFFFEMemoryRule.cpp.e61a5246
0017f1b8 00000078 T std::numpunct<char>::~numpunct()
0017f1b8 00000078 T std::numpunct<char>::~numpunct()
0017f230 00000028 T std::numpunct<char>::~numpunct()
0017f258 00000104 T std::numpunct<wchar_t>::_M_initialize_numpunct(int*)
0017f35c 00000078 T std::numpunct<wchar_t>::~numpunct()
0017f35c 00000078 T std::numpunct<wchar_t>::~numpunct()
0017f3d4 00000028 T std::numpunct<wchar_t>::~numpunct()
0017f3fc 00000008 T std::logic_error::what() const
0017f3fc 00000008 T std::runtime_error::what() const
0017f404 00000078 T std::logic_error::~logic_error()
0017f404 00000078 T std::logic_error::~logic_error()
0017f47c 00000078 T std::runtime_error::~runtime_error()
0017f47c 00000078 T std::runtime_error::~runtime_error()
0017f4f4 00000080 T std::runtime_error::~runtime_error()
0017f574 00000078 T std::length_error::~length_error()
0017f574 00000078 T std::length_error::~length_error()
0017f5ec 00000078 T std::out_of_range::~out_of_range()
0017f5ec 00000078 T std::out_of_range::~out_of_range()
0017f664 00000080 T std::logic_error::~logic_error()
0017f6e4 00000080 T std::length_error::~length_error()
0017f764 00000080 T std::out_of_range::~out_of_range()
0017f7e4 00000098 T std::__timepunct<char>::_M_put(char*, unsigned int, char const*, tm const*) const
0017f87c 00000304 T std::__timepunct<char>::_M_initialize_timepunct(int*)
0017fb80 00000098 T std::__timepunct<wchar_t>::_M_put(wchar_t*, unsigned int, wchar_t const*, tm const*) const
0017fc18 00000304 T std::__timepunct<wchar_t>::_M_initialize_timepunct(int*)
0017ff1c 00000010 T std::__codecvt_utf8_base<char32_t>::do_unshift(_mbstate_t&, char*, char*, char*&) const
0017ff1c 00000010 T std::__codecvt_utf8_base<char16_t>::do_unshift(_mbstate_t&, char*, char*, char*&) const
0017ff1c 00000010 T std::__codecvt_utf8_base<wchar_t>::do_unshift(_mbstate_t&, char*, char*, char*&) const
0017ff1c 00000010 T std::__codecvt_utf16_base<char32_t>::do_unshift(_mbstate_t&, char*, char*, char*&) const
0017ff1c 00000010 T std::__codecvt_utf16_base<char16_t>::do_unshift(_mbstate_t&, char*, char*, char*&) const
0017ff1c 00000010 T std::__codecvt_utf16_base<wchar_t>::do_unshift(_mbstate_t&, char*, char*, char*&) const
0017ff1c 00000010 T std::__codecvt_utf8_utf16_base<char32_t>::do_unshift(_mbstate_t&, char*, char*, char*&) const
0017ff1c 00000010 T std::__codecvt_utf8_utf16_base<char16_t>::do_unshift(_mbstate_t&, char*, char*, char*&) const
0017ff1c 00000010 T std::__codecvt_utf8_utf16_base<wchar_t>::do_unshift(_mbstate_t&, char*, char*, char*&) const
0017ff1c 00000010 T std::codecvt<char32_t, char, _mbstate_t>::do_unshift(_mbstate_t&, char*, char*, char*&) const
0017ff1c 00000010 T std::codecvt<char16_t, char, _mbstate_t>::do_unshift(_mbstate_t&, char*, char*, char*&) const
0017ff2c 00000008 T std::__codecvt_utf8_base<char32_t>::do_encoding() const
0017ff2c 00000008 T std::__codecvt_utf8_base<char16_t>::do_encoding() const
0017ff2c 00000008 T std::__codecvt_utf8_base<wchar_t>::do_encoding() const
0017ff2c 00000008 T std::__codecvt_utf16_base<char32_t>::do_encoding() const
0017ff2c 00000008 T std::__codecvt_utf16_base<char16_t>::do_encoding() const
0017ff2c 00000008 T std::__codecvt_utf16_base<wchar_t>::do_encoding() const
0017ff2c 00000008 T std::__codecvt_utf8_utf16_base<char32_t>::do_encoding() const
0017ff2c 00000008 T std::__codecvt_utf8_utf16_base<char16_t>::do_encoding() const
0017ff2c 00000008 T std::__codecvt_utf8_utf16_base<wchar_t>::do_encoding() const
0017ff2c 00000008 T std::codecvt<char32_t, char8_t, _mbstate_t>::do_encoding() const
0017ff2c 00000008 T std::codecvt<char32_t, char, _mbstate_t>::do_encoding() const
0017ff2c 00000008 T std::codecvt<char16_t, char8_t, _mbstate_t>::do_encoding() const
0017ff2c 00000008 T std::codecvt<char16_t, char, _mbstate_t>::do_encoding() const
0017ff34 00000008 T std::__codecvt_utf8_base<char32_t>::do_always_noconv() const
0017ff34 00000008 T std::__codecvt_utf8_base<char16_t>::do_always_noconv() const
0017ff34 00000008 T std::__codecvt_utf8_base<wchar_t>::do_always_noconv() const
0017ff34 00000008 T std::__codecvt_utf16_base<char32_t>::do_always_noconv() const
0017ff34 00000008 T std::__codecvt_utf16_base<char16_t>::do_always_noconv() const
0017ff34 00000008 T std::__codecvt_utf16_base<wchar_t>::do_always_noconv() const
0017ff34 00000008 T std::__codecvt_utf8_utf16_base<char32_t>::do_always_noconv() const
0017ff34 00000008 T std::__codecvt_utf8_utf16_base<char16_t>::do_always_noconv() const
0017ff34 00000008 T std::__codecvt_utf8_utf16_base<wchar_t>::do_always_noconv() const
0017ff34 00000008 T std::codecvt<char32_t, char8_t, _mbstate_t>::do_always_noconv() const
0017ff34 00000008 T std::codecvt<char32_t, char, _mbstate_t>::do_always_noconv() const
0017ff34 00000008 T std::codecvt<char16_t, char8_t, _mbstate_t>::do_always_noconv() const
0017ff34 00000008 T std::codecvt<char16_t, char, _mbstate_t>::do_always_noconv() const
0017ff3c 00000008 T std::codecvt<char32_t, char8_t, _mbstate_t>::do_max_length() const
0017ff3c 00000008 T std::codecvt<char32_t, char, _mbstate_t>::do_max_length() const
0017ff3c 00000008 T std::codecvt<char16_t, char8_t, _mbstate_t>::do_max_length() const
0017ff3c 00000008 T std::codecvt<char16_t, char, _mbstate_t>::do_max_length() const
0017ff44 00000010 T std::codecvt<char32_t, char8_t, _mbstate_t>::do_unshift(_mbstate_t&, char8_t*, char8_t*, char8_t*&) const
0017ff44 00000010 T std::codecvt<char16_t, char8_t, _mbstate_t>::do_unshift(_mbstate_t&, char8_t*, char8_t*, char8_t*&) const
0017ff54 000001c0 t char32_t std::(anonymous namespace)::read_utf8_code_point<char>(std::(anonymous namespace)::range<char const, true>&, unsigned long)
00180114 000001c0 t char32_t std::(anonymous namespace)::read_utf8_code_point<char8_t>(std::(anonymous namespace)::range<char8_t const, true>&, unsigned long)
001802d4 00000020 T std::codecvt<char16_t, char, _mbstate_t>::~codecvt()
001802d4 00000020 T std::codecvt<char16_t, char, _mbstate_t>::~codecvt()
001802f4 00000020 T std::codecvt<char32_t, char, _mbstate_t>::~codecvt()
001802f4 00000020 T std::codecvt<char32_t, char, _mbstate_t>::~codecvt()
00180314 00000020 T std::codecvt<char16_t, char8_t, _mbstate_t>::~codecvt()
00180314 00000020 T std::codecvt<char16_t, char8_t, _mbstate_t>::~codecvt()
00180334 00000020 T std::codecvt<char32_t, char8_t, _mbstate_t>::~codecvt()
00180334 00000020 T std::codecvt<char32_t, char8_t, _mbstate_t>::~codecvt()
00180354 00000028 T std::codecvt<char16_t, char, _mbstate_t>::~codecvt()
0018037c 00000028 T std::codecvt<char32_t, char, _mbstate_t>::~codecvt()
001803a4 00000028 T std::codecvt<char16_t, char8_t, _mbstate_t>::~codecvt()
001803cc 00000028 T std::codecvt<char32_t, char8_t, _mbstate_t>::~codecvt()
001803f4 00000104 t bool std::(anonymous namespace)::write_utf8_code_point<char>(std::(anonymous namespace)::range<char, true>&, char32_t)
001804f8 00000104 t bool std::(anonymous namespace)::write_utf8_code_point<char8_t>(std::(anonymous namespace)::range<char8_t, true>&, char32_t) [clone .part.0]
001805fc 000000c8 t std::codecvt_base::result std::(anonymous namespace)::utf16_out<char16_t, char>(std::(anonymous namespace)::range<char16_t const, true>&, std::(anonymous namespace)::range<char, true>&, unsigned long, std::codecvt_mode, std::(anonymous namespace)::surrogates) [clone .part.0]
001806c4 00000060 T std::codecvt<char16_t, char, _mbstate_t>::do_out(_mbstate_t&, char16_t const*, char16_t const*, char16_t const*&, char*, char*, char*&) const
00180724 00000060 T std::codecvt<char32_t, char8_t, _mbstate_t>::do_length(_mbstate_t&, char8_t const*, char8_t const*, unsigned int) const
00180784 0000008c T std::codecvt<char32_t, char8_t, _mbstate_t>::do_in(_mbstate_t&, char8_t const*, char8_t const*, char8_t const*&, char32_t*, char32_t*, char32_t*&) const
00180810 0000009c T std::codecvt<char16_t, char8_t, _mbstate_t>::do_length(_mbstate_t&, char8_t const*, char8_t const*, unsigned int) const
001808ac 000000e4 T std::codecvt<char16_t, char8_t, _mbstate_t>::do_out(_mbstate_t&, char16_t const*, char16_t const*, char16_t const*&, char8_t*, char8_t*, char8_t*&) const
00180990 00000104 t std::codecvt_base::result std::(anonymous namespace)::utf16_in<char, char16_t>(std::(anonymous namespace)::range<char const, true>&, std::(anonymous namespace)::range<char16_t, true>&, unsigned long, std::codecvt_mode)
00180a94 00000060 T std::codecvt<char16_t, char, _mbstate_t>::do_in(_mbstate_t&, char const*, char const*, char const*&, char16_t*, char16_t*, char16_t*&) const
00180af4 000000b4 T std::codecvt<char32_t, char8_t, _mbstate_t>::do_out(_mbstate_t&, char32_t const*, char32_t const*, char32_t const*&, char8_t*, char8_t*, char8_t*&) const
00180ba8 00000098 T std::codecvt<char32_t, char, _mbstate_t>::do_out(_mbstate_t&, char32_t const*, char32_t const*, char32_t const*&, char*, char*, char*&) const
00180c40 000000e0 T std::codecvt<char16_t, char8_t, _mbstate_t>::do_in(_mbstate_t&, char8_t const*, char8_t const*, char8_t const*&, char16_t*, char16_t*, char16_t*&) const
00180d20 00000060 T std::codecvt<char32_t, char, _mbstate_t>::do_length(_mbstate_t&, char const*, char const*, unsigned int) const
00180d80 0000008c T std::codecvt<char32_t, char, _mbstate_t>::do_in(_mbstate_t&, char const*, char const*, char const*&, char32_t*, char32_t*, char32_t*&) const
00180e0c 0000009c T std::codecvt<char16_t, char, _mbstate_t>::do_length(_mbstate_t&, char const*, char const*, unsigned int) const
00180ea8 000006a4 T std::locale::_Impl::_M_init_extra(std::locale::facet**)
0018154c 000000dc T std::logic_error::logic_error(char const*)
0018154c 000000dc T std::logic_error::logic_error(char const*)
00181628 00000020 T std::length_error::length_error(char const*)
00181628 00000020 T std::length_error::length_error(char const*)
00181648 00000020 T std::out_of_range::out_of_range(char const*)
00181648 00000020 T std::out_of_range::out_of_range(char const*)
00181668 000000dc T std::runtime_error::runtime_error(char const*)
00181668 000000dc T std::runtime_error::runtime_error(char const*)
00181744 000000c4 T std::__cow_string::__cow_string(char const*, unsigned int)
00181744 000000c4 T std::__cow_string::__cow_string(char const*, unsigned int)
00181808 00000044 T std::ctype<char>::~ctype()
00181808 00000044 T std::ctype<char>::~ctype()
0018184c 00000034 T std::ctype<wchar_t>::~ctype()
0018184c 00000034 T std::ctype<wchar_t>::~ctype()
00181880 0000003c W std::ctype<char>::do_narrow(char const*, char const*, char, char*) const
001818bc 0000003c T std::ctype<wchar_t>::~ctype()
001818f8 0000004c T std::ctype<char>::~ctype()
00181944 00000094 T std::ctype<char>::_M_widen_init() const
001819d8 00000058 T std::ctype<wchar_t>::ctype(unsigned int)
001819d8 00000058 T std::ctype<wchar_t>::ctype(unsigned int)
00181a30 0000001c T std::ctype<char>::do_toupper(char) const
00181a4c 00000018 T std::ctype<char>::do_tolower(char) const
00181a64 00000080 T std::ctype<char>::ctype(char const*, bool, unsigned int)
00181a64 00000080 T std::ctype<char>::ctype(char const*, bool, unsigned int)
00181ae4 0000007c T std::ctype<char>::do_toupper(char*, char const*) const
00181b60 00000078 T std::ctype<char>::do_tolower(char*, char const*) const
00181bd8 00000060 T std::ctype<wchar_t>::do_is(char, wchar_t) const
00181c38 000000d4 T std::ctype<wchar_t>::_M_convert_to_wmask(char) const
00181d0c 00000008 T std::ctype<wchar_t>::do_toupper(wchar_t) const
00181d14 00000044 T std::ctype<wchar_t>::do_toupper(wchar_t*, wchar_t const*) const
00181d58 00000008 T std::ctype<wchar_t>::do_tolower(wchar_t) const
00181d60 00000044 T std::ctype<wchar_t>::do_tolower(wchar_t*, wchar_t const*) const
00181da4 00000088 T std::ctype<wchar_t>::do_is(wchar_t const*, wchar_t const*, char*) const
00181e2c 000000d8 T std::ctype<wchar_t>::do_scan_is(char, wchar_t const*, wchar_t const*) const
00181f04 000000d0 T std::ctype<wchar_t>::do_scan_not(char, wchar_t const*, wchar_t const*) const
00181fd4 0000000c T std::ctype<wchar_t>::do_widen(char) const
00181fe0 0000003c T std::ctype<wchar_t>::do_widen(char const*, char const*, wchar_t*) const
0018201c 00000040 T std::ctype<wchar_t>::do_narrow(wchar_t, char) const
0018205c 000000b4 T std::ctype<wchar_t>::do_narrow(wchar_t const*, wchar_t const*, char, char*) const
00182110 000000b0 T std::ctype<wchar_t>::_M_initialize_ctype()
001821c0 00000004 T std::ios_base::failure[abi:cxx11]::what() const
001821c4 00000020 T std::ios_base::failure[abi:cxx11]::~failure()
001821c4 00000020 T std::ios_base::failure[abi:cxx11]::~failure()
001821e4 00000028 T std::ios_base::failure[abi:cxx11]::~failure()
0018220c 00000020 T std::__iosfail_type_info::~__iosfail_type_info()
0018220c 00000020 T std::__iosfail_type_info::~__iosfail_type_info()
0018222c 00000028 T std::__iosfail_type_info::~__iosfail_type_info()
00182254 0000004c T std::__iosfail_type_info::__do_upcast(__cxxabiv1::__class_type_info const*, void**) const
001822a0 00000034 W std::__ios_failure::~__ios_failure()
001822a0 00000034 W std::__ios_failure::~__ios_failure()
001822d4 0000003c W std::__ios_failure::~__ios_failure()
00182310 00000094 T std::__throw_ios_failure(char const*)
001823a4 000000b0 T std::__throw_ios_failure(char const*, int)
00182454 0000000c W std::__cxx11::moneypunct<char, false>::do_decimal_point() const
00182460 0000000c W std::__cxx11::moneypunct<char, false>::do_thousands_sep() const
0018246c 0000000c W std::__cxx11::moneypunct<char, false>::do_frac_digits() const
00182478 00000014 W std::__cxx11::moneypunct<char, false>::do_pos_format() const
0018248c 00000014 W std::__cxx11::moneypunct<char, false>::do_neg_format() const
001824a0 0000000c W std::__cxx11::moneypunct<char, true>::do_decimal_point() const
001824ac 0000000c W std::__cxx11::moneypunct<char, true>::do_thousands_sep() const
001824b8 0000000c W std::__cxx11::moneypunct<char, true>::do_frac_digits() const
001824c4 00000014 W std::__cxx11::moneypunct<char, true>::do_pos_format() const
001824d8 00000014 W std::__cxx11::moneypunct<char, true>::do_neg_format() const
001824ec 0000000c W std::__cxx11::numpunct<char>::do_decimal_point() const
001824f8 0000000c W std::__cxx11::numpunct<char>::do_thousands_sep() const
00182504 00000008 W std::__cxx11::time_get<char, std::istreambuf_iterator<char, std::char_traits<char> > >::do_date_order() const
0018250c 00000008 W std::__cxx11::messages<char>::do_open(std::__cxx11::basic_string<char, std::char_traits<char>, std::allocator<char> > const&, std::locale const&) const
00182514 00000004 W std::__cxx11::messages<char>::do_close(int) const
00182518 00000020 W std::__cxx11::collate<char>::do_hash(char const*, char const*) const
00182538 00000020 W std::__cxx11::money_get<char, std::istreambuf_iterator<char, std::char_traits<char> > >::~money_get()
00182538 00000020 W std::__cxx11::money_get<char, std::istreambuf_iterator<char, std::char_traits<char> > >::~money_get()
00182558 00000028 W std::__cxx11::money_get<char, std::istreambuf_iterator<char, std::char_traits<char> > >::~money_get()
00182580 00000020 W std::__cxx11::money_put<char, std::ostreambuf_iterator<char, std::char_traits<char> > >::~money_put()
00182580 00000020 W std::__cxx11::money_put<char, std::ostreambuf_iterator<char, std::char_traits<char> > >::~money_put()
001825a0 00000028 W std::__cxx11::money_put<char, std::ostreambuf_iterator<char, std::char_traits<char> > >::~money_put()
001825c8 00000020 W std::__cxx11::time_get<char, std::istreambuf_iterator<char, std::char_traits<char> > >::~time_get()
001825c8 00000020 W std::__cxx11::time_get<char, std::istreambuf_iterator<char, std::char_traits<char> > >::~time_get()
001825e8 00000028 W std::__cxx11::time_get<char, std::istreambuf_iterator<char, std::char_traits<char> > >::~time_get()
00182610 00000028 W std::__cxx11::messages<char>::~messages()
00182610 00000028 W std::__cxx11::messages<char>::~messages()
00182638 0000001c W std::__cxx11::messages<char>::~messages()
00182654 00000028 W std::__cxx11::collate<char>::~collate()
00182654 00000028 W std::__cxx11::collate<char>::~collate()
0018267c 00000094 t void std::__cxx11::basic_string<char, std::char_traits<char>, std::allocator<char> >::_M_construct<char const*>(char const*, char const*, std::forward_iterator_tag) [clone .isra.0]
00182710 00000030 W std::__cxx11::collate<char>::~collate()
00182740 00000058 W std::__cxx11::moneypunct<char, false>::do_grouping() const
00182798 00000058 W std::__cxx11::moneypunct<char, false>::do_curr_symbol() const
001827f0 00000058 W std::__cxx11::moneypunct<char, false>::do_positive_sign() const
00182848 00000058 W std::__cxx11::moneypunct<char, false>::do_negative_sign() const
001828a0 00000058 W std::__cxx11::moneypunct<char, true>::do_grouping() const
001828f8 00000058 W std::__cxx11::moneypunct<char, true>::do_curr_symbol() const
00182950 00000058 W std::__cxx11::moneypunct<char, true>::do_positive_sign() const
001829a8 00000058 W std::__cxx11::moneypunct<char, true>::do_negative_sign() const
00182a00 00000058 W std::__cxx11::numpunct<char>::do_grouping() const
00182a58 00000058 W std::__cxx11::numpunct<char>::do_truename() const
00182ab0 00000058 W std::__cxx11::numpunct<char>::do_falsename() const
00182b08 000000f8 W std::__cxx11::collate<char>::do_compare(char const*, char const*, char const*, char const*) const
00182c00 000002c4 W std::__cxx11::collate<char>::do_transform(char const*, char const*) const
00182ec4 00001414 W std::istreambuf_iterator<char, std::char_traits<char> > std::__cxx11::money_get<char, std::istreambuf_iterator<char, std::char_traits<char> > >::_M_extract<true>(std::istreambuf_iterator<char, std::char_traits<char> >, std::istreambuf_iterator<char, std::char_traits<char> >, std::ios_base&, std::_Ios_Iostate&, std::__cxx11::basic_string<char, std::char_traits<char>, std::allocator<char> >&) const
001842d8 00001414 W std::istreambuf_iterator<char, std::char_traits<char> > std::__cxx11::money_get<char, std::istreambuf_iterator<char, std::char_traits<char> > >::_M_extract<false>(std::istreambuf_iterator<char, std::char_traits<char> >, std::istreambuf_iterator<char, std::char_traits<char> >, std::ios_base&, std::_Ios_Iostate&, std::__cxx11::basic_string<char, std::char_traits<char>, std::allocator<char> >&) const
001856ec 000000cc W std::__cxx11::money_get<char, std::istreambuf_iterator<char, std::char_traits<char> > >::do_get(std::istreambuf_iterator<char, std::char_traits<char> >, std::istreambuf_iterator<char, std::char_traits<char> >, bool, std::ios_base&, std::_Ios_Iostate&, long double&) const
001857b8 0000018c W std::__cxx11::money_get<char, std::istreambuf_iterator<char, std::char_traits<char> > >::do_get(std::istreambuf_iterator<char, std::char_traits<char> >, std::istreambuf_iterator<char, std::char_traits<char> >, bool, std::ios_base&, std::_Ios_Iostate&, std::__cxx11::basic_string<char, std::char_traits<char>, std::allocator<char> >&) const
00185944 0000074c W std::ostreambuf_iterator<char, std::char_traits<char> > std::__cxx11::money_put<char, std::ostreambuf_iterator<char, std::char_traits<char> > >::_M_insert<true>(std::ostreambuf_iterator<char, std::char_traits<char> >, std::ios_base&, char, std::__cxx11::basic_string<char, std::char_traits<char>, std::allocator<char> > const&) const
00186090 0000074c W std::ostreambuf_iterator<char, std::char_traits<char> > std::__cxx11::money_put<char, std::ostreambuf_iterator<char, std::char_traits<char> > >::_M_insert<false>(std::ostreambuf_iterator<char, std::char_traits<char> >, std::ios_base&, char, std::__cxx11::basic_string<char, std::char_traits<char>, std::allocator<char> > const&) const
001867dc 000001f0 W std::__cxx11::money_put<char, std::ostreambuf_iterator<char, std::char_traits<char> > >::do_put(std::ostreambuf_iterator<char, std::char_traits<char> >, bool, std::ios_base&, char, long double) const
001869cc 00000054 W std::__cxx11::money_put<char, std::ostreambuf_iterator<char, std::char_traits<char> > >::do_put(std::ostreambuf_iterator<char, std::char_traits<char> >, bool, std::ios_base&, char, std::__cxx11::basic_string<char, std::char_traits<char>, std::allocator<char> > const&) const
00186a20 000002b4 W std::__cxx11::time_get<char, std::istreambuf_iterator<char, std::char_traits<char> > >::_M_extract_num(std::istreambuf_iterator<char, std::char_traits<char> >, std::istreambuf_iterator<char, std::char_traits<char> >, int&, int, int, unsigned int, std::ios_base&, std::_Ios_Iostate&) const
00186cd4 00000918 W std::__cxx11::time_get<char, std::istreambuf_iterator<char, std::char_traits<char> > >::do_get_year(std::istreambuf_iterator<char, std::char_traits<char> >, std::istreambuf_iterator<char, std::char_traits<char> >, std::ios_base&, std::_Ios_Iostate&, tm*) const
001875ec 00000d90 W std::__cxx11::time_get<char, std::istreambuf_iterator<char, std::char_traits<char> > >::_M_extract_name(std::istreambuf_iterator<char, std::char_traits<char> >, std::istreambuf_iterator<char, std::char_traits<char> >, int&, char const**, unsigned int, std::ios_base&, std::_Ios_Iostate&) const
0018837c 000006bc W std::__cxx11::time_get<char, std::istreambuf_iterator<char, std::char_traits<char> > >::_M_extract_wday_or_month(std::istreambuf_iterator<char, std::char_traits<char> >, std::istreambuf_iterator<char, std::char_traits<char> >, int&, char const**, unsigned int, std::ios_base&, std::_Ios_Iostate&) const
00188a38 00000244 W std::__cxx11::time_get<char, std::istreambuf_iterator<char, std::char_traits<char> > >::do_get_weekday(std::istreambuf_iterator<char, std::char_traits<char> >, std::istreambuf_iterator<char, std::char_traits<char> >, std::ios_base&, std::_Ios_Iostate&, tm*) const
00188c7c 000002b4 W std::__cxx11::time_get<char, std::istreambuf_iterator<char, std::char_traits<char> > >::do_get_monthname(std::istreambuf_iterator<char, std::char_traits<char> >, std::istreambuf_iterator<char, std::char_traits<char> >, std::ios_base&, std::_Ios_Iostate&, tm*) const
00188f30 0000241c W std::__cxx11::time_get<char, std::istreambuf_iterator<char, std::char_traits<char> > >::_M_extract_via_format(std::istreambuf_iterator<char, std::char_traits<char> >, std::istreambuf_iterator<char, std::char_traits<char> >, std::ios_base&, std::_Ios_Iostate&, tm*, char const*, std::__time_get_state&) const
00188f30 0000241c t std::__cxx11::time_get<char, std::istreambuf_iterator<char, std::char_traits<char> > >::_M_extract_via_format(std::istreambuf_iterator<char, std::char_traits<char> >, std::istreambuf_iterator<char, std::char_traits<char> >, std::ios_base&, std::_Ios_Iostate&, tm*, char const*, std::__time_get_state&) const [clone .localalias]
0018b34c 000001b8 W std::__cxx11::time_get<char, std::istreambuf_iterator<char, std::char_traits<char> > >::do_get_time(std::istreambuf_iterator<char, std::char_traits<char> >, std::istreambuf_iterator<char, std::char_traits<char> >, std::ios_base&, std::_Ios_Iostate&, tm*) const
0018b504 000001b8 W std::__cxx11::time_get<char, std::istreambuf_iterator<char, std::char_traits<char> > >::do_get_date(std::istreambuf_iterator<char, std::char_traits<char> >, std::istreambuf_iterator<char, std::char_traits<char> >, std::ios_base&, std::_Ios_Iostate&, tm*) const
0018b6bc 000001f0 W std::__cxx11::time_get<char, std::istreambuf_iterator<char, std::char_traits<char> > >::do_get(std::istreambuf_iterator<char, std::char_traits<char> >, std::istreambuf_iterator<char, std::char_traits<char> >, std::ios_base&, std::_Ios_Iostate&, tm*, char, char) const
0018b8ac 0000003c W std::__cxx11::messages<char>::messages(unsigned int)
0018b8ac 0000003c W std::__cxx11::messages<char>::messages(unsigned int)
0018b8e8 000000a4 t _GLOBAL__sub_I__ZNSt12ctype_bynameIcEC2ERKNSt7__cxx1112basic_stringIcSt11char_traitsIcESaIcEEEj
0018b98c 00000030 T std::runtime_error::runtime_error(std::__cxx11::basic_string<char, std::char_traits<char>, std::allocator<char> > const&)
0018b98c 00000030 T std::runtime_error::runtime_error(std::__cxx11::basic_string<char, std::char_traits<char>, std::allocator<char> > const&)
0018b9bc 0000000c t (anonymous namespace)::io_error_category::name() const
0018b9c8 00000020 t (anonymous namespace)::io_error_category::~io_error_category()
0018b9c8 00000020 t (anonymous namespace)::io_error_category::~io_error_category()
0018b9e8 00000028 t (anonymous namespace)::io_error_category::~io_error_category()
0018ba10 00000084 t (anonymous namespace)::io_error_category::message[abi:cxx11](int) const
0018ba94 0000000c T std::iostream_category()
0018baa0 00000008 T std::ios_base::failure::what() const
0018baa8 00000078 T std::ios_base::failure::~failure()
0018baa8 00000078 T std::ios_base::failure::~failure()
0018bb20 00000080 T std::ios_base::failure::~failure()
0018bba0 000000b4 T std::ios_base::failure::failure(std::string const&)
0018bba0 000000b4 T std::ios_base::failure::failure(std::string const&)
0018bc54 00000114 T std::__construct_ios_failure(void*, char const*)
0018bd68 000000a0 T std::__destroy_ios_failure(void*)
0018be08 0000000c T std::__is_ios_failure_handler(__cxxabiv1::__class_type_info const*)
0018be18 00000264 T sinf
0018c080 00000258 T log
0018c2d8 000000b0 T sin
0018c388 00000024 t with_errno
0018c3ac 00000028 t xflow
0018c3d8 00000010 T __math_uflow
0018c3e8 00000010 T __math_oflow
0018c3f8 00000048 T __math_divzero
0018c440 0000001c T __math_invalid
0018c45c 00000014 T __math_check_uflow
0018c470 00000028 T __math_check_oflow
0018c498 00000310 T __ieee754_rem_pio2
0018c7a8 00000740 T pow
0018cee8 000008b8 T __kernel_rem_pio2
0018d7a0 00000140 T scalbn
0018d8e0 000000c0 T __kernel_sin
0018d9a0 000000a8 T cos
0018da48 00000024 t with_errnof
0018da6c 0000001c T __math_invalidf
0018da88 00000144 T floor
0018dbd0 0000025c T cosf
0018de30 00000150 T __kernel_cos
0018df80 00000014 T fabs
0018df94 0000002c T __aeabi_d2lz
0018df94 0000002c T __fixdfdi
0018dfc0 00000040 T __aeabi_d2ulz
0018dfc0 00000040 T __fixunsdfdi
0018e000 00000130 T __udivmoddi4
0018e130 00000018 t selfrel_offset31
0018e148 00000090 t search_EIT_table
0018e1d8 00000040 t __gnu_unwind_get_pr_addr
0018e218 00000110 t get_eit_entry
0018e328 00000088 t restore_non_core_regs
0018e3b0 00000014 t _Unwind_decode_typeinfo_ptr.constprop.0
0018e3c4 00000004 t _Unwind_DebugHook
0018e3c8 00000064 t unwind_phase2
0018e42c 0000013c t unwind_phase2_forced
0018e568 000000a4 T __gnu_Unwind_RaiseException
0018e60c 00000020 T __gnu_Unwind_ForcedUnwind
0018e62c 00000074 T __gnu_Unwind_Resume
0018e6a0 00000020 T __gnu_Unwind_Resume_or_Rethrow
0018e6c0 00000004 T _Unwind_Complete
0018e6c4 00000018 T _Unwind_DeleteException
0018e6dc 0000007c T _Unwind_VRS_Get
0018e758 0000002c t _Unwind_GetGR
0018e784 0000007c T _Unwind_VRS_Set
0018e800 0000002c t _Unwind_SetGR
0018e82c 000000c0 T __gnu_Unwind_Backtrace
0018e8ec 00000404 t __gnu_unwind_pr_common
0018ecf0 00000008 T __aeabi_unwind_cpp_pr0
0018ecf8 00000008 W __aeabi_unwind_cpp_pr1
0018ed00 00000008 W __aeabi_unwind_cpp_pr2
0018ed08 00000454 T _Unwind_VRS_Pop
0018f15c 00000064 t next_unwind_byte
0018f1c0 0000002c t _Unwind_GetGR.constprop.0
0018f1ec 00000004 t unwind_UCB_from_context
0018f1f0 0000046c T __gnu_unwind_execute
0018f65c 00000048 T __gnu_unwind_frame
0018f6a4 00000010 T _Unwind_GetRegionStart
0018f6b4 0000001c T _Unwind_GetLanguageSpecificData
0018f6d0 00000008 T _Unwind_GetDataRelBase
0018f6d8 00000008 T _Unwind_GetTextRelBase
0018f6e0 000000e4 T strncat
0018f7c4 00000028 T fstat
0018f7ec 00000024 T getenv
0018f810 00000078 T sscanf
0018f842 N 
0018f842 N 
0018f842 N 
0018f842 N 
0018f842 N 
0018f842 N 
0018f842 N 
0018f842 N 
0018f842 N 
0018f842 N 
0018f842 N 
0018f842 N 
0018f842 N 
0018f842 N 
0018f842 N 
0018f842 N 
0018f842 N 
0018f842 N 
0018f842 N 
0018f842 N 
0018f842 N 
0018f842 N 
0018f842 N 
0018f842 N 
0018f842 N 
0018f842 N 
0018f842 N 
0018f842 N 
0018f842 N 
0018f842 N 
0018f842 N 
0018f842 W KoreanFFFFHiComMemoryRule.cpp.91765c90
0018f888 00000128 T memcpy
0018f9b0 00000008 T wmemcpy
0018f9b8 00000008 T towupper
0018f9c0 0000008c T strlen
0018fa4c 00000078 T bsearch
0018fac4 00000140 t iso_year_adjust
0018fc04 000011d0 t __strftime.isra.0
00190dd4 00000038 T wcsftime
00190e0c 00000050 t get_arg
00190e5c 00002b88 T __ssvfscanf_r
001939e4 00000134 T _fopen_r
00193b18 00000028 T fopen
00193b40 00000060 t sulp
00193ba0 00001428 T _strtod_l
00194fc8 00000044 T _strtod_r
0019500c 00000048 T strtod
00195058 00000110 T strtof
00195168 0000002c T wcslen
00195194 00000028 T memalign
001951bc 00000264 t _strtoull_l.isra.0
00195420 00000038 T _strtoull_r
00195458 000000a0 T _wcrtomb_r
001954f8 000000a8 T wcrtomb
001955a0 000000f4 t rshift
00195694 000008b4 T __gethex
00195f48 00000044 T towctrans
00195f8c 000000c0 T fileno
0019604c 000001ec t _strtoul_l.isra.0
00196238 00000038 T _strtoul_r
00196270 0000003c T strtoul
001962ac 000000c4 T _mbrtowc_r
00196370 000000b8 T mbrtowc
00196428 00000140 T strchr
00196568 0000000c T __tz_lock
00196574 0000000c T __tz_unlock
00196580 000000d8 T memcmp
00196658 00000198 T _fgets_r
001967f0 00000030 T fgets
00196820 00000028 T calloc
00196848 00000034 T wcscpy
0019687c 000000f8 T __sccl
00196974 00000334 t validate_structure
00196ca8 000004d8 T mktime
00197180 0000016c T _memalign_r
001972ec 0000007c T btowc
00197368 0000000c T __errno
00197374 0000000c T labs
00197380 00000014 T abort
00197394 00000164 T __smakebuf_r
001974f8 00000090 T __swhatbuf_r
00197588 00000030 T lseek
001975b8 0000047c t _strtoll_l.isra.0
00197a34 00000038 T _strtoll_r
00197a6c 00000078 T __currentlocale
00197ae4 000007c8 T __loadlocale
001982ac 0000008c T __get_locale_env
00198338 00000358 T _setlocale_r
00198690 00000024 T __locale_mb_cur_max
001986b4 00000028 T setlocale
001986dc 000000e4 T memset
001987c0 00000030 T wmemchr
001987f0 000000d8 T _calloc_r
001988c8 0000022c T __sflush_r
00198af4 000000c4 T _fflush_r
00198bb8 00000044 T fflush
00198bfc 00000088 T _vsnprintf_r
00198c84 00000038 T vsnprintf
00198cbc 00000028 T realloc
00198ce4 00000258 T __tzcalc_limits
00198f3c 0000082c T _malloc_r
00199768 00000114 T _malloc_trim_r
0019987c 00000314 T _free_r
00199b90 00000294 T setvbuf
00199e24 00000050 t get_arg
00199e74 000000e4 T _sungetc_r
00199f58 0000006c T __ssrefill_r
00199fc4 000000b4 T _sfread_r
0019a078 000022c4 T __ssvfiscanf_r
0019c33c 0000001c t stdio_exit_handler
0019c358 0000005c t cleanup_stdio
0019c3b4 00000154 t global_stdio_init.part.0
0019c508 00000138 T __sfp
0019c640 0000005c T __sinit
0019c69c 0000000c T __sfp_lock_acquire
0019c6a8 0000000c T __sfp_lock_release
0019c6b4 00000384 t _strtol_l.part.0
0019ca38 0000006c T _strtol_r
0019caa4 00000074 T strtol
0019cb18 00000084 T __libc_init_array
0019cb9c 000000d4 T strncpy
0019cc70 0000001c T _fseek_r
0019cc8c 000001c8 T _wctype_r
0019ce54 00000020 T wctype
0019ce74 00000010 T _tzset_unlocked
0019ce84 000000c4 T swprintf
0019cf48 00000040 T malloc
0019cf88 00000020 T free
0019cfa8 000000e8 T memchr
0019d090 00000024 T wmemset
0019d0b4 00000004 T wcscoll
0019d0b8 00000030 T write
0019d0e8 00000058 T iswctype
0019d140 00000080 T wctob
0019d1c0 0000000c T __gettzinfo
0019d1cc 00000040 T mbstowcs
0019d20c 000000dc T _findenv_r
0019d2e8 00000018 T _getenv_r
0019d300 00000024 T _localeconv_r
0019d324 00000044 T __sread
0019d368 00000008 T __seofread
0019d370 00000068 T __swrite
0019d3d8 00000040 T __sseek
0019d418 00000008 T __sclose
0019d420 00000078 T strxfrm
0019d498 000001a8 T memmove
0019d640 000004f0 T _realloc_r
0019db30 0000000c T __malloc_lock
0019db3c 0000000c T __malloc_unlock
0019db48 00000588 T _fseeko_r
0019e0d0 00000148 T _fclose_r
0019e218 00000020 T fclose
0019e238 00000048 T time
0019e280 00000030 T read
0019e2b0 00000004 W __call_exitprocs
0019e2b4 00000030 T exit
0019e2e4 00000008 T towlower
0019e2ec 000005e0 t get_arg
0019e8d0 0000345c T _svfprintf_r
0019ff28 N 
0019ff28 N 
0019ff28 N 
0019ff28 N 
0019ff28 N 
0019ff28 N 
0019ff28 N 
0019ff28 N 
0019ff28 N 
0019ff28 N 
0019ff28 N 
0019ff28 N 
0019ff28 N 
0019ff28 N 
0019ff28 N 
0019ff28 N 
0019ff28 N 
0019ff28 N 
0019ff28 N 
0019ff28 N 
0019ff28 N 
0019ff28 N 
0019ff28 N 
0019ff28 N 
0019ff28 N 
0019ff28 N 
0019ff28 N 
0019ff28 N 
0019ff28 N 
0019ff28 N 
0019ff28 N 
0019ff28 W KoreanMDFFF0MemoryRule.cpp.0b5f551a
001a1d2c 000000b8 T __sflags
001a1de4 00000004 T wcsxfrm
001a1de8 00000028 T stat
001a1e10 0000002c T __ascii_wctomb
001a1e3c 000000f8 T __utf8_wctomb
001a1f34 00000088 T __sjis_wctomb
001a1fbc 000000b4 T __eucjp_wctomb
001a2070 000000c8 T __jis_wctomb
001a2138 00000048 T wcslcpy
001a2180 00000008 T iswlower
001a2188 0000003c T __libc_fini_array
001a21c4 0000003c T strnlen
001a2200 00000008 T iswblank
001a2208 000000d8 T strncmp
001a22e0 00000004 T strcoll
001a22e4 000000a0 T __xpg_strerror_r
001a2384 00000648 T _tzset_unlocked_r
001a29cc 00000020 T iswxdigit
001a29ec 00000008 T wmemmove
001a29f4 0000002c T wcscmp
001a2a20 00000008 T iswalnum
001a2a28 00000070 T __match
001a2a98 000002a8 T __hexnan
001a2d40 00000238 T towctrans_l
001a2f78 00000068 T sprintf
001a2fe0 00000010 T __set_ctype
001a2ff0 00000140 t iso_year_adjust
001a3130 00001118 t __strftime.isra.0
001a4248 00000038 T strftime
001a4280 00000038 t lflush
001a42b8 000001a8 T __srefill_r
001a4460 00000010 T nan
001a4470 0000000c T nanf
001a4480 00000088 T frexp
001a4508 000000bc T strcat
001a45c4 000001f0 T _wcstoul_l
001a47b4 00000054 T wcstoul
001a4808 000000dc T stpncpy
001a48e4 0000000c T __env_lock
001a48f0 0000000c T __env_unlock
001a48fc 0000005c T __assert_func
001a4958 00000008 T iswspace
001a4960 00000088 T _Balloc
001a49e8 0000001c T _Bfree
001a4a04 000000f4 T __multadd
001a4af8 0000010c T __s2b
001a4c04 00000080 T __hi0bits
001a4c84 000000f0 T __lo0bits
001a4d74 000000a4 T __i2b
001a4e18 00000230 T __multiply
001a5048 00000130 T __pow5mult
001a5178 00000138 T __lshift
001a52b0 00000058 T __mcmp
001a5308 00000218 T __mdiff
001a5520 00000068 T __ulp
001a5588 000000d4 T __b2d
001a565c 00000120 T __d2b
001a577c 00000078 T __ratio
001a57f4 0000008c T __copybits
001a5880 0000005c T __any_on
001a58dc 00000014 T iswdigit
001a58f0 0000000c T abs
001a58fc 00000070 T _fwalk_sglue
001a596c 00000044 T strlcpy
001a59b0 00000068 T strcasecmp
001a5a18 00000024 T div
001a5a3c 000005e0 t get_arg
001a601c 0000226c T _svfiprintf_r
001a8288 00000038 T iswalnum_l
001a82c0 000000b8 T __submore
001a8378 000000a4 T __ssprint_r
001a841c 00000044 T __ascii_mbtowc
001a8460 00000340 T __utf8_mbtowc
001a87a0 000000dc T __sjis_mbtowc
001a887c 00000150 T __eucjp_mbtowc
001a89cc 000001d8 T __jis_mbtowc
001a8ba4 0000003c T fiprintf
001a8be0 00000008 T iswprint
001a8be8 00000008 T iswcntrl
001a8bf0 00000094 T strncasecmp
001a8c84 00000008 T iswupper
001a8c8c 0000009c T _raise_r
001a8d28 00000020 T raise
001a8d48 00000410 T _strerror_r
001a9158 000000b8 T _mbstowcs_r
001a9210 000000f0 T strcpy
001a9300 00000008 T iswalpha
001a9308 00000008 T iswgraph
001a9310 00000090 T category
001a93a0 000001c0 t quorem
001a9560 00001420 T _dtoa_r
001aa980 00000044 T iswlower_l
001aa9c4 00000020 T iswblank_l
001aa9e8 00000288 t wcvt
001aac70 0000057c t get_arg.isra.0
001ab1f0 00003134 T _svfwprintf_r
001ae324 00000044 T iswupper_l
001ae368 00000028 T _wcsrtombs_r
001ae390 00000078 T siscanf
001ae408 00000008 T iswpunct
001ae410 00000038 T iswspace_l
001ae448 00000008 T _user_strerror
001ae450 0000012c T __ssputs_r
001ae57c 000000fc T _mbsnrtowcs_r
001ae678 000005e0 t get_arg
001aec58 000022f8 T _vfiprintf_r
001b0668 N 
001b0668 N 
001b0668 N 
001b0668 N 
001b0668 N 
001b0668 N 
001b0668 N 
001b0668 N 
001b0668 N 
001b0668 N 
001b0668 N 
001b0668 N 
001b0668 N 
001b0668 N 
001b0668 N 
001b0668 N 
001b0668 N 
001b0668 N 
001b0668 N 
001b0668 N 
001b0668 N 
001b0668 N 
001b0668 N 
001b0668 N 
001b0668 N 
001b0668 N 
001b0668 N 
001b0668 N 
001b0668 N 
001b0668 N 
001b0668 N 
001b0668 W KoreanMDFFF5MemoryRule.cpp.80605d6c
001b0f50 000000b4 t __sbprintf
001b1004 0000015c T _wcsnrtombs_l
001b1160 00000064 T _wcsnrtombs_r
001b11c4 000000a0 T sniprintf
001b1264 00000040 T mbrlen
001b12a4 00000018 T iswprint_l
001b12bc 00000024 T iswcntrl_l
001b12e0 00000024 T iswalpha_l
001b1304 00000024 T iswgraph_l
001b1328 00000020 T iswpunct_l
001b1348 00000030 T __sprint_r
001b1378 000000a4 T __sswprint_r
001b141c 00000140 T __swsetup_r
001b155c 000004a4 T __sfvwrite_r
001b1a00 000000a0 T snprintf
001b1aa0 00000034 T printf
001b1ad4 000000e0 T _puts_r
001b1bb4 00000020 T puts
001b1bd4 0000001c T tolower
001b1bf0 000005e0 t get_arg
001b21d0 00003554 T _vfprintf_r
001b5724 000000b4 t __sbprintf
001b57d8 00000020 T _exit
001b57f8 00000140 T chdir
001b5938 000001c8 T _concatenate_path
001b5b00 00000070 t __dirnext
001b5b70 00000114 T opendir
001b5c84 00000098 T closedir
001b5d1c 000000f8 T readdir_r
001b5e14 00000048 T readdir
001b5e5c 0000009c T _fstat_r
001b5ef8 00000014 T _getpid_r
001b5f0c 0000002c T __getreent
001b5f38 00000030 T _gettimeofday_r
001b5f68 000000a0 T __release_handle
001b6008 000000b0 T __alloc_handle
001b60b8 00000058 T __get_handle
001b6110 00000110 T _close_r
001b6220 00000008 t null_write
001b6228 00000018 T setDefaultDevice
001b6240 00000098 T FindDevice
001b62d8 00000024 T RemoveDevice
001b62fc 00000088 T AddDevice
001b6384 00000020 T GetDeviceOpTab
001b63a4 00000008 T _isatty_r
001b63ac 00000014 T _kill_r
001b63c0 00000094 T _lseek_r
001b6454 00000060 T pthread_mutex_lock
001b64b4 00000060 T pthread_mutex_unlock
001b6514 00000018 T pthread_cond_broadcast
001b652c 00000060 T pthread_cond_wait
001b658c 0000009c T pthread_once
001b6628 00000034 T pthread_key_create
001b665c 00000024 T pthread_setspecific
001b6680 00000024 T pthread_getspecific
001b66a4 00000024 T pthread_key_delete
001b66c8 000000c0 T _open_r
001b6788 00000094 T _read_r
001b681c 00000078 W _sbrk_r
001b6894 00000080 T _stat_r
001b6914 0000001c T __libc_lock_acquire
001b6930 0000001c T __libc_lock_release
001b694c 0000001c T __libc_lock_acquire_recursive
001b6968 0000001c T __libc_lock_release_recursive
001b6984 00000024 T __libc_cond_broadcast
001b69a8 00000024 T __libc_cond_wait
001b69cc 00000024 T __libc_cond_wait_recursive
001b69f0 00000094 T _write_r
001b6a84 00000048 T strrchr
001b6acc T _fini
001b70fc 00000040 r updateTexture(C3D_Tex&)::swizzle
001b713c 0000000c R _ZL13noise_periods.lto_priv.0
001b7148 000000e4 R _ZL12kVdpHCounter.lto_priv.0
001b722c 00000010 R _ZL7volumes.lto_priv.0
001b723c 00000400 r kCRC32_tab
001b763c 00000006 r s_min_table_sizes.5
001b7644 00000013 r s_length_dezigzag.4
001b7658 0000001f r s_length_extra.3
001b7678 0000003e r s_length_base.2
001b76b8 00000020 r s_dist_extra.1
001b76d8 00000040 r s_dist_base.0
001b7718 00000004 r k2bitTo5bit
001b771c 00000004 r k2bitTo6bit
001b7720 00000010 r k4bitTo5bit
001b7730 00000010 r k4bitTo6bit
001b7740 00000024 r vtable for SmsIOPorts
001b7764 00000024 r vtable for GameGearIOPorts
001b7788 00000030 r kSG1000_palette_888_normal
001b77b8 00000030 r kSG1000_palette_888_sg1000ii
001b77e8 00000030 r kSG1000_palette_888_sms
001b7818 0000004c R vtable for SG1000MemoryRule
001b7864 0000004c r vtable for CodemastersMemoryRule
001b78b0 0000004c R vtable for SegaMemoryRule
001b78fc 0000004c R vtable for RomOnlyMemoryRule
001b7948 0000004c R vtable for KoreanMemoryRule
001b7994 0000004c R vtable for KoreanMSXSMS8000MemoryRule
001b79e0 0000004c R vtable for KoreanSMS32KB2000MemoryRule
001b7a2c 0000004c R vtable for KoreanMSX32KB2000MemoryRule
001b7a78 0000004c R vtable for Korean2000XOR1FMemoryRule
001b7ac4 0000004c R vtable for KoreanMSX8KB0300MemoryRule
001b7b10 0000004c R vtable for Korean0000XORFFMemoryRule
001b7b5c 0000004c R vtable for KoreanFFFFHiComMemoryRule
001b7ba8 0000004c R vtable for KoreanFFFEMemoryRule
001b7bf4 0000004c R vtable for KoreanBFFCMemoryRule
001b7c40 0000004c R vtable for KoreanFFF3FFFCMemoryRule
001b7c8c 0000004c R vtable for KoreanMDFFF5MemoryRule
001b7cd8 0000004c R vtable for KoreanMDFFF0MemoryRule
001b7d24 0000004c R vtable for MSXMemoryRule
001b7d70 0000004c R vtable for JanggunMemoryRule
001b7dbc 0000004c R vtable for Multi4PAKAllActionMemoryRule
001b7e08 0000004c R vtable for JumboDahjeeMemoryRule
001b7e54 0000004c r vtable for Eeprom93C46MemoryRule
001b7ea0 0000004c r vtable for BootromMemoryRule
001b7eec 0000004c R vtable for IratahackMemoryRule
001b7f38 000015c0 r kGameDatabase
001b9a1c 00000084 r IratahackMemoryRule::kFlashSeqs
001b9aa0 00000100 r kOPCodeXYCBTStates
001b9ba0 00000100 r kOPCodeCBTStates
001b9ca0 00000100 r kOPCodeEDTStates
001b9da0 00000100 r kOPCodeXYTStates
001b9ea0 00000100 r kOPCodeTStates
001b9fa0 00000100 r kOPCodeTStatesBranched
001ba0a0 00000100 R _ZL15kZ80ParityTable.lto_priv.0
001ba0a0 00000100 R _ZL15kZ80ParityTable.lto_priv.1
001ba0a0 00000100 R _ZL15kZ80ParityTable.lto_priv.2
001ba1a0 00001000 r kOPCodeDAATable
001bb1b4 000000d2 r lfo_am_table
001bb288 000000e0 r eg_inc
001bb368 00000110 r eg_mul
001bb478 00000040 r lfo_pm_table
001bb4b8 00000200 R ksl_tab.lto_priv.0
001bb6b8 00000060 R eg_rate_select.lto_priv.0
001bb718 00000060 R eg_rate_shift.lto_priv.0
001bb7a4 00000010 r mul_tab
001bb7b4 00000040 r sl_tab
001bb7f4 00000098 r table
001bb88c 00000400 r s_crc_table.9
001bbc8c 00000008 r s_defaultTint.0
001bbce4 r .LC1
001bbfd0 r .LC11
001bbfd0 r .LC11
001bbfd0 r .LC16
001bbfd0 r .LC16
001bbfdc r .LC12
001bbfdc r .LC12
001bbfdc r .LC17
001bbfdc r .LC17
001bbfe4 r .LC13
001bbfe4 r .LC13
001bbfe4 r .LC18
001bbfe4 r .LC18
001bcf94 r .LC2
001bf968 R render2d_shbin
001bfaf4 00000004 r depthFmtSizes
001bfaf4 R render2d_shbin_end
001bfaf8 00000005 r colorFmtSizes
001bfb00 00000010 r CSWTCH.11
001bfb10 00000038 r CSWTCH.19
001bfd8c 00000080 r dotab_stdout
001bfe0c 00000018 r grayScale
001bfe24 00000006 r colorCube
001bfe2c 00000030 r colorTable
001bfe5c 00000080 r romFS_devoptab
001bfee8 00000011 r dsp_filename.0
001bff18 00000008 r morton_y.2
001bff20 00000008 r morton_x.3
001bff28 00000008 r s_sleepWakeEvents.4
001bff30 0000000c r serviceNameTable.5
001bff3c R default_font_bin
001c073c R default_font_bin_end
001c073c 00000030 r error_table
001c076c 00000080 r archive_devoptab
001c07ec 00000012 R typeinfo name for std::locale::facet
001c0800 00000008 R typeinfo for std::locale::facet
001c0808 00000027 V typeinfo name for __gnu_cxx::__concurrence_lock_error
001c0830 0000000c V typeinfo for __gnu_cxx::__concurrence_lock_error
001c083c 00000029 V typeinfo name for __gnu_cxx::__concurrence_unlock_error
001c0868 0000000c V typeinfo for __gnu_cxx::__concurrence_unlock_error
001c0874 00000014 V vtable for __gnu_cxx::__concurrence_lock_error
001c0888 00000014 V vtable for __gnu_cxx::__concurrence_unlock_error
001c089c 00000002 R std::locale::facet::_S_c_name
001c08a0 000001f0 r CSWTCH.14
001c0abc 00000020 r typeinfo for std::__facet_shims::(anonymous namespace)::numpunct_shim<char>
001c0adc 00000035 r typeinfo name for std::__facet_shims::(anonymous namespace)::numpunct_shim<char>
001c0b14 00000020 r typeinfo for std::__facet_shims::(anonymous namespace)::collate_shim<char>
001c0b34 00000034 r typeinfo name for std::__facet_shims::(anonymous namespace)::collate_shim<char>
001c0b68 00000020 r typeinfo for std::__facet_shims::(anonymous namespace)::moneypunct_shim<char, true>
001c0b88 0000003b r typeinfo name for std::__facet_shims::(anonymous namespace)::moneypunct_shim<char, true>
001c0bc4 00000020 r typeinfo for std::__facet_shims::(anonymous namespace)::moneypunct_shim<char, false>
001c0be4 0000003b r typeinfo name for std::__facet_shims::(anonymous namespace)::moneypunct_shim<char, false>
001c0c20 00000020 r typeinfo for std::__facet_shims::(anonymous namespace)::money_get_shim<char>
001c0c40 00000036 r typeinfo name for std::__facet_shims::(anonymous namespace)::money_get_shim<char>
001c0c78 00000020 r typeinfo for std::__facet_shims::(anonymous namespace)::money_put_shim<char>
001c0c98 00000036 r typeinfo name for std::__facet_shims::(anonymous namespace)::money_put_shim<char>
001c0cd0 00000020 r typeinfo for std::__facet_shims::(anonymous namespace)::messages_shim<char>
001c0cf0 00000035 r typeinfo name for std::__facet_shims::(anonymous namespace)::messages_shim<char>
001c0d28 00000020 r typeinfo for std::__facet_shims::(anonymous namespace)::numpunct_shim<wchar_t>
001c0d48 00000035 r typeinfo name for std::__facet_shims::(anonymous namespace)::numpunct_shim<wchar_t>
001c0d80 00000020 r typeinfo for std::__facet_shims::(anonymous namespace)::collate_shim<wchar_t>
001c0da0 00000034 r typeinfo name for std::__facet_shims::(anonymous namespace)::collate_shim<wchar_t>
001c0da4 N 
001c0da4 N 
001c0da4 N 
001c0da4 N 
001c0da4 N 
001c0da4 N 
001c0da4 N 
001c0da4 N 
001c0da4 N 
001c0da4 N 
001c0da4 N 
001c0da4 N 
001c0da4 N 
001c0da4 N 
001c0da4 N 
001c0da4 N 
001c0da4 N 
001c0da4 N 
001c0da4 N 
001c0da4 N 
001c0da4 N 
001c0da4 N 
001c0da4 N 
001c0da4 N 
001c0da4 N 
001c0da4 N 
001c0da4 N 
001c0da4 N 
001c0da4 N 
001c0da4 N 
001c0da4 N 
001c0da4 N 
001c0da4 W KoreanMSX32KB2000MemoryRule.cpp.ea454873
001c0dd4 00000020 r typeinfo for std::__facet_shims::(anonymous namespace)::moneypunct_shim<wchar_t, true>
001c0df4 0000003b r typeinfo name for std::__facet_shims::(anonymous namespace)::moneypunct_shim<wchar_t, true>
001c0e30 00000020 r typeinfo for std::__facet_shims::(anonymous namespace)::moneypunct_shim<wchar_t, false>
001c0e50 0000003b r typeinfo name for std::__facet_shims::(anonymous namespace)::moneypunct_shim<wchar_t, false>
001c0e8c 00000020 r typeinfo for std::__facet_shims::(anonymous namespace)::money_get_shim<wchar_t>
001c0eac 00000036 r typeinfo name for std::__facet_shims::(anonymous namespace)::money_get_shim<wchar_t>
001c0ee4 00000020 r typeinfo for std::__facet_shims::(anonymous namespace)::money_put_shim<wchar_t>
001c0f04 00000036 r typeinfo name for std::__facet_shims::(anonymous namespace)::money_put_shim<wchar_t>
001c0f3c 00000020 r typeinfo for std::__facet_shims::(anonymous namespace)::messages_shim<wchar_t>
001c0f5c 00000035 r typeinfo name for std::__facet_shims::(anonymous namespace)::messages_shim<wchar_t>
001c0f94 00000019 V typeinfo name for std::locale::facet::__shim
001c0fb0 00000008 V typeinfo for std::locale::facet::__shim
001c0fb8 00000020 r typeinfo for std::__facet_shims::(anonymous namespace)::time_get_shim<char>
001c0fd8 00000035 r typeinfo name for std::__facet_shims::(anonymous namespace)::time_get_shim<char>
001c1010 00000020 r typeinfo for std::__facet_shims::(anonymous namespace)::time_get_shim<wchar_t>
001c1030 00000035 r typeinfo name for std::__facet_shims::(anonymous namespace)::time_get_shim<wchar_t>
001c1068 00000024 r vtable for std::__facet_shims::(anonymous namespace)::numpunct_shim<char>
001c108c 0000001c r vtable for std::__facet_shims::(anonymous namespace)::collate_shim<char>
001c10a8 00000034 r vtable for std::__facet_shims::(anonymous namespace)::moneypunct_shim<char, true>
001c10dc 00000034 r vtable for std::__facet_shims::(anonymous namespace)::moneypunct_shim<char, false>
001c1110 00000018 r vtable for std::__facet_shims::(anonymous namespace)::money_get_shim<char>
001c1128 00000018 r vtable for std::__facet_shims::(anonymous namespace)::money_put_shim<char>
001c1140 0000001c r vtable for std::__facet_shims::(anonymous namespace)::messages_shim<char>
001c115c 00000024 r vtable for std::__facet_shims::(anonymous namespace)::numpunct_shim<wchar_t>
001c1180 0000001c r vtable for std::__facet_shims::(anonymous namespace)::collate_shim<wchar_t>
001c119c 00000034 r vtable for std::__facet_shims::(anonymous namespace)::moneypunct_shim<wchar_t, true>
001c11d0 00000034 r vtable for std::__facet_shims::(anonymous namespace)::moneypunct_shim<wchar_t, false>
001c1204 00000018 r vtable for std::__facet_shims::(anonymous namespace)::money_get_shim<wchar_t>
001c121c 00000018 r vtable for std::__facet_shims::(anonymous namespace)::money_put_shim<wchar_t>
001c1234 0000001c r vtable for std::__facet_shims::(anonymous namespace)::messages_shim<wchar_t>
001c1250 00000028 r vtable for std::__facet_shims::(anonymous namespace)::time_get_shim<char>
001c1278 00000028 r vtable for std::__facet_shims::(anonymous namespace)::time_get_shim<wchar_t>
001c12cc 00000020 r typeinfo for std::__facet_shims::(anonymous namespace)::numpunct_shim<char>
001c12ec 00000035 r typeinfo name for std::__facet_shims::(anonymous namespace)::numpunct_shim<char>
001c1324 00000020 r typeinfo for std::__facet_shims::(anonymous namespace)::collate_shim<char>
001c1344 00000034 r typeinfo name for std::__facet_shims::(anonymous namespace)::collate_shim<char>
001c1378 00000020 r typeinfo for std::__facet_shims::(anonymous namespace)::moneypunct_shim<char, true>
001c1398 0000003b r typeinfo name for std::__facet_shims::(anonymous namespace)::moneypunct_shim<char, true>
001c13d4 00000020 r typeinfo for std::__facet_shims::(anonymous namespace)::moneypunct_shim<char, false>
001c13f4 0000003b r typeinfo name for std::__facet_shims::(anonymous namespace)::moneypunct_shim<char, false>
001c1430 00000020 r typeinfo for std::__facet_shims::(anonymous namespace)::money_get_shim<char>
001c1450 00000036 r typeinfo name for std::__facet_shims::(anonymous namespace)::money_get_shim<char>
001c1488 00000020 r typeinfo for std::__facet_shims::(anonymous namespace)::money_put_shim<char>
001c14a8 00000036 r typeinfo name for std::__facet_shims::(anonymous namespace)::money_put_shim<char>
001c14e0 00000020 r typeinfo for std::__facet_shims::(anonymous namespace)::messages_shim<char>
001c1500 00000035 r typeinfo name for std::__facet_shims::(anonymous namespace)::messages_shim<char>
001c1538 00000020 r typeinfo for std::__facet_shims::(anonymous namespace)::numpunct_shim<wchar_t>
001c1558 00000035 r typeinfo name for std::__facet_shims::(anonymous namespace)::numpunct_shim<wchar_t>
001c1590 00000020 r typeinfo for std::__facet_shims::(anonymous namespace)::collate_shim<wchar_t>
001c15b0 00000034 r typeinfo name for std::__facet_shims::(anonymous namespace)::collate_shim<wchar_t>
001c15e4 00000020 r typeinfo for std::__facet_shims::(anonymous namespace)::moneypunct_shim<wchar_t, true>
001c1604 0000003b r typeinfo name for std::__facet_shims::(anonymous namespace)::moneypunct_shim<wchar_t, true>
001c1640 00000020 r typeinfo for std::__facet_shims::(anonymous namespace)::moneypunct_shim<wchar_t, false>
001c1660 0000003b r typeinfo name for std::__facet_shims::(anonymous namespace)::moneypunct_shim<wchar_t, false>
001c169c 00000020 r typeinfo for std::__facet_shims::(anonymous namespace)::money_get_shim<wchar_t>
001c16bc 00000036 r typeinfo name for std::__facet_shims::(anonymous namespace)::money_get_shim<wchar_t>
001c16f4 00000020 r typeinfo for std::__facet_shims::(anonymous namespace)::money_put_shim<wchar_t>
001c1714 00000036 r typeinfo name for std::__facet_shims::(anonymous namespace)::money_put_shim<wchar_t>
001c174c 00000020 r typeinfo for std::__facet_shims::(anonymous namespace)::messages_shim<wchar_t>
001c176c 00000035 r typeinfo name for std::__facet_shims::(anonymous namespace)::messages_shim<wchar_t>
001c17a4 00000020 r typeinfo for std::__facet_shims::(anonymous namespace)::time_get_shim<char>
001c17c4 00000035 r typeinfo name for std::__facet_shims::(anonymous namespace)::time_get_shim<char>
001c17fc 00000020 r typeinfo for std::__facet_shims::(anonymous namespace)::time_get_shim<wchar_t>
001c181c 00000035 r typeinfo name for std::__facet_shims::(anonymous namespace)::time_get_shim<wchar_t>
001c1854 00000024 r vtable for std::__facet_shims::(anonymous namespace)::numpunct_shim<char>
001c1878 0000001c r vtable for std::__facet_shims::(anonymous namespace)::collate_shim<char>
001c1894 00000034 r vtable for std::__facet_shims::(anonymous namespace)::moneypunct_shim<char, true>
001c18c8 00000034 r vtable for std::__facet_shims::(anonymous namespace)::moneypunct_shim<char, false>
001c18fc 00000018 r vtable for std::__facet_shims::(anonymous namespace)::money_get_shim<char>
001c1914 00000018 r vtable for std::__facet_shims::(anonymous namespace)::money_put_shim<char>
001c192c 0000001c r vtable for std::__facet_shims::(anonymous namespace)::messages_shim<char>
001c1948 00000024 r vtable for std::__facet_shims::(anonymous namespace)::numpunct_shim<wchar_t>
001c196c 0000001c r vtable for std::__facet_shims::(anonymous namespace)::collate_shim<wchar_t>
001c1988 00000034 r vtable for std::__facet_shims::(anonymous namespace)::moneypunct_shim<wchar_t, true>
001c19bc 00000034 r vtable for std::__facet_shims::(anonymous namespace)::moneypunct_shim<wchar_t, false>
001c19f0 00000018 r vtable for std::__facet_shims::(anonymous namespace)::money_get_shim<wchar_t>
001c1a08 00000018 r vtable for std::__facet_shims::(anonymous namespace)::money_put_shim<wchar_t>
001c1a20 0000001c r vtable for std::__facet_shims::(anonymous namespace)::messages_shim<wchar_t>
001c1a3c 0000002c r vtable for std::__facet_shims::(anonymous namespace)::time_get_shim<char>
001c1a68 0000002c r vtable for std::__facet_shims::(anonymous namespace)::time_get_shim<wchar_t>
001c1b5c 0000000d V typeinfo name for std::time_base
001c1b6c 00000008 V typeinfo for std::time_base
001c1b74 0000000f V typeinfo name for std::money_base
001c1b84 00000008 V typeinfo for std::money_base
001c1b8c 00000012 V typeinfo name for std::messages_base
001c1ba0 00000008 V typeinfo for std::messages_base
001c1ba8 00000018 V typeinfo name for std::__cxx11::collate<wchar_t>
001c1bc0 0000000c V typeinfo for std::__cxx11::collate<wchar_t>
001c1bcc 00000019 V typeinfo name for std::__cxx11::numpunct<wchar_t>
001c1be8 0000000c V typeinfo for std::__cxx11::numpunct<wchar_t>
001c1bf4 00000020 V typeinfo name for std::__cxx11::moneypunct<wchar_t, true>
001c1c14 00000020 V typeinfo for std::__cxx11::moneypunct<wchar_t, true>
001c1c34 00000020 V typeinfo name for std::__cxx11::moneypunct<wchar_t, false>
001c1c54 00000020 V typeinfo for std::__cxx11::moneypunct<wchar_t, false>
001c1c74 00000019 V typeinfo name for std::__cxx11::messages<wchar_t>
001c1c90 00000020 V typeinfo for std::__cxx11::messages<wchar_t>
001c1cb0 00000046 V typeinfo name for std::__cxx11::money_get<wchar_t, std::istreambuf_iterator<wchar_t, std::char_traits<wchar_t> > >
001c1cf8 0000000c V typeinfo for std::__cxx11::money_get<wchar_t, std::istreambuf_iterator<wchar_t, std::char_traits<wchar_t> > >
001c1d04 00000046 V typeinfo name for std::__cxx11::money_put<wchar_t, std::ostreambuf_iterator<wchar_t, std::char_traits<wchar_t> > >
001c1d4c 0000000c V typeinfo for std::__cxx11::money_put<wchar_t, std::ostreambuf_iterator<wchar_t, std::char_traits<wchar_t> > >
001c1d58 00000045 V typeinfo name for std::__cxx11::time_get<wchar_t, std::istreambuf_iterator<wchar_t, std::char_traits<wchar_t> > >
001c1da0 00000020 V typeinfo for std::__cxx11::time_get<wchar_t, std::istreambuf_iterator<wchar_t, std::char_traits<wchar_t> > >
001c1dc0 0000001c V vtable for std::__cxx11::collate<wchar_t>
001c1ddc 00000024 V vtable for std::__cxx11::numpunct<wchar_t>
001c1e00 00000034 V vtable for std::__cxx11::moneypunct<wchar_t, true>
001c1e34 00000034 V vtable for std::__cxx11::moneypunct<wchar_t, false>
001c1e68 0000001c V vtable for std::__cxx11::messages<wchar_t>
001c1e84 00000018 V vtable for std::__cxx11::money_get<wchar_t, std::istreambuf_iterator<wchar_t, std::char_traits<wchar_t> > >
001c1e9c 00000018 V vtable for std::__cxx11::money_put<wchar_t, std::ostreambuf_iterator<wchar_t, std::char_traits<wchar_t> > >
001c1eb4 0000002c V vtable for std::__cxx11::time_get<wchar_t, std::istreambuf_iterator<wchar_t, std::char_traits<wchar_t> > >
001c1ee0 00000027 V typeinfo name for std::basic_filebuf<char, std::char_traits<char> >
001c1f08 0000000c V typeinfo for std::basic_filebuf<char, std::char_traits<char> >
001c1f14 00000028 V typeinfo name for std::basic_ifstream<char, std::char_traits<char> >
001c1f3c 0000000c V typeinfo for std::basic_ifstream<char, std::char_traits<char> >
001c1f48 00000028 V typeinfo name for std::basic_ofstream<char, std::char_traits<char> >
001c1f70 0000000c V typeinfo for std::basic_ofstream<char, std::char_traits<char> >
001c1f7c 00000040 V vtable for std::basic_filebuf<char, std::char_traits<char> >
001c1fbc 00000028 V construction vtable for std::istream-in-std::basic_ifstream<char, std::char_traits<char> >
001c1fe4 00000010 V VTT for std::basic_ifstream<char, std::char_traits<char> >
001c1ff4 00000028 V vtable for std::basic_ifstream<char, std::char_traits<char> >
001c201c 00000028 V construction vtable for std::ostream-in-std::basic_ofstream<char, std::char_traits<char> >
001c2044 00000010 V VTT for std::basic_ofstream<char, std::char_traits<char> >
001c2054 00000028 V vtable for std::basic_ofstream<char, std::char_traits<char> >
001c207c 00000022 V typeinfo name for std::basic_ios<char, std::char_traits<char> >
001c20a0 0000000c V typeinfo for std::basic_ios<char, std::char_traits<char> >
001c20ac 00000010 V vtable for std::basic_ios<char, std::char_traits<char> >
001c20bc 0000000c R typeinfo name for std::ios_base
001c20c8 00000008 R typeinfo for std::ios_base
001c20d0 00000010 R vtable for std::ios_base
001c20e0 00000003 V typeinfo name for std::istream
001c20e4 00000018 V typeinfo for std::istream
001c21c4 00000011 V typeinfo name for std::codecvt_base
001c21d8 00000008 V typeinfo for std::codecvt_base
001c21e0 0000000f V typeinfo name for std::ctype_base
001c21f0 00000008 V typeinfo for std::ctype_base
001c21f8 0000000e V typeinfo name for std::collate<char>
001c2208 0000000c V typeinfo for std::collate<char>
001c2214 0000000f V typeinfo name for std::numpunct<char>
001c2224 0000000c V typeinfo for std::numpunct<char>
001c2230 0000003a V typeinfo name for std::num_get<char, std::istreambuf_iterator<char, std::char_traits<char> > >
001c226c 0000000c V typeinfo for std::num_get<char, std::istreambuf_iterator<char, std::char_traits<char> > >
001c2278 0000003a V typeinfo name for std::num_put<char, std::ostreambuf_iterator<char, std::char_traits<char> > >
001c22b4 0000000c V typeinfo for std::num_put<char, std::ostreambuf_iterator<char, std::char_traits<char> > >
001c22c0 00000019 V typeinfo name for std::__timepunct_cache<char>
001c22dc 0000000c V typeinfo for std::__timepunct_cache<char>
001c22e8 00000013 V typeinfo name for std::__timepunct<char>
001c22fc 0000000c V typeinfo for std::__timepunct<char>
001c2308 00000016 V typeinfo name for std::moneypunct<char, true>
001c2320 00000020 V typeinfo for std::moneypunct<char, true>
001c2340 00000016 V typeinfo name for std::moneypunct<char, false>
001c2358 00000020 V typeinfo for std::moneypunct<char, false>
001c2378 0000000f V typeinfo name for std::messages<char>
001c2388 00000020 V typeinfo for std::messages<char>
001c23a8 0000002c V typeinfo name for std::__codecvt_abstract_base<char, char, _mbstate_t>
001c23d4 00000020 V typeinfo for std::__codecvt_abstract_base<char, char, _mbstate_t>
001c23f4 0000003c V typeinfo name for std::money_get<char, std::istreambuf_iterator<char, std::char_traits<char> > >
001c2430 0000000c V typeinfo for std::money_get<char, std::istreambuf_iterator<char, std::char_traits<char> > >
001c243c 0000003c V typeinfo name for std::money_put<char, std::ostreambuf_iterator<char, std::char_traits<char> > >
001c2478 0000000c V typeinfo for std::money_put<char, std::ostreambuf_iterator<char, std::char_traits<char> > >
001c2484 0000003b V typeinfo name for std::time_put<char, std::ostreambuf_iterator<char, std::char_traits<char> > >
001c24c0 0000000c V typeinfo for std::time_put<char, std::ostreambuf_iterator<char, std::char_traits<char> > >
001c24cc 0000003b V typeinfo name for std::time_get<char, std::istreambuf_iterator<char, std::char_traits<char> > >
001c2508 00000020 V typeinfo for std::time_get<char, std::istreambuf_iterator<char, std::char_traits<char> > >
001c2528 0000001e V typeinfo name for std::__moneypunct_cache<char, false>
001c2548 0000000c V typeinfo for std::__moneypunct_cache<char, false>
001c2554 0000001e V typeinfo name for std::__moneypunct_cache<char, true>
001c2574 0000000c V typeinfo for std::__moneypunct_cache<char, true>
001c2580 00000018 V typeinfo name for std::__numpunct_cache<char>
001c2598 0000000c V typeinfo for std::__numpunct_cache<char>
001c25a4 0000001c V vtable for std::collate<char>
001c25c0 00000024 V vtable for std::numpunct<char>
001c25e4 0000003c V vtable for std::num_get<char, std::istreambuf_iterator<char, std::char_traits<char> > >
001c2620 00000030 V vtable for std::num_put<char, std::ostreambuf_iterator<char, std::char_traits<char> > >
001c2650 00000010 V vtable for std::__timepunct_cache<char>
001c2660 00000010 V vtable for std::__timepunct<char>
001c2670 00000034 V vtable for std::moneypunct<char, true>
001c26a4 00000034 V vtable for std::moneypunct<char, false>
001c26d8 0000001c V vtable for std::messages<char>
001c26f4 0000002c V vtable for std::__codecvt_abstract_base<char, char, _mbstate_t>
001c2720 00000018 V vtable for std::money_get<char, std::istreambuf_iterator<char, std::char_traits<char> > >
001c2738 00000018 V vtable for std::money_put<char, std::ostreambuf_iterator<char, std::char_traits<char> > >
001c2750 00000014 V vtable for std::time_put<char, std::ostreambuf_iterator<char, std::char_traits<char> > >
001c2764 00000028 V vtable for std::time_get<char, std::istreambuf_iterator<char, std::char_traits<char> > >
001c278c 00000010 V vtable for std::__moneypunct_cache<char, false>
001c279c 00000010 V vtable for std::__moneypunct_cache<char, true>
001c27ac 00000010 V vtable for std::__numpunct_cache<char>
001c27bc 00000088 R std::locale::_S_twinned_facets
001c2844 00000003 V typeinfo name for std::ostream
001c2848 00000018 V typeinfo for std::ostream
001c2860 00000029 V typeinfo name for std::basic_streambuf<char, std::char_traits<char> >
001c288c 00000008 V typeinfo for std::basic_streambuf<char, std::char_traits<char> >
001c2894 00000040 V vtable for std::basic_streambuf<char, std::char_traits<char> >
001c28d4 00000019 R typeinfo name for std::_V2::error_category
001c28f0 00000008 R typeinfo for std::_V2::error_category
001c28f8 00000011 R typeinfo name for std::system_error
001c290c 0000000c R typeinfo for std::system_error
001c2918 0000000c r typeinfo for (anonymous namespace)::generic_error_category
001c2924 0000002a r typeinfo name for (anonymous namespace)::generic_error_category
001c2950 00000014 R vtable for std::system_error
001c2964 00000028 r vtable for (anonymous namespace)::generic_error_category
001c2a54 0000000e V typeinfo name for std::collate<wchar_t>
001c2a64 0000000c V typeinfo for std::collate<wchar_t>
001c2a70 0000001d V typeinfo name for std::__ctype_abstract_base<wchar_t>
001c2a90 00000020 V typeinfo for std::__ctype_abstract_base<wchar_t>
001c2ab0 0000000f V typeinfo name for std::numpunct<wchar_t>
001c2ac0 0000000c V typeinfo for std::numpunct<wchar_t>
001c2acc 0000003a V typeinfo name for std::num_get<wchar_t, std::istreambuf_iterator<wchar_t, std::char_traits<wchar_t> > >
001c2b08 0000000c V typeinfo for std::num_get<wchar_t, std::istreambuf_iterator<wchar_t, std::char_traits<wchar_t> > >
001c2b14 0000003a V typeinfo name for std::num_put<wchar_t, std::ostreambuf_iterator<wchar_t, std::char_traits<wchar_t> > >
001c2b50 0000000c V typeinfo for std::num_put<wchar_t, std::ostreambuf_iterator<wchar_t, std::char_traits<wchar_t> > >
001c2b5c 00000019 V typeinfo name for std::__timepunct_cache<wchar_t>
001c2b78 0000000c V typeinfo for std::__timepunct_cache<wchar_t>
001c2b84 00000013 V typeinfo name for std::__timepunct<wchar_t>
001c2b98 0000000c V typeinfo for std::__timepunct<wchar_t>
001c2ba4 00000016 V typeinfo name for std::moneypunct<wchar_t, true>
001c2bbc 00000020 V typeinfo for std::moneypunct<wchar_t, true>
001c2bdc 00000016 V typeinfo name for std::moneypunct<wchar_t, false>
001c2bf4 00000020 V typeinfo for std::moneypunct<wchar_t, false>
001c2c14 0000000f V typeinfo name for std::messages<wchar_t>
001c2c24 00000020 V typeinfo for std::messages<wchar_t>
001c2c44 0000002c V typeinfo name for std::__codecvt_abstract_base<wchar_t, char, _mbstate_t>
001c2c70 00000020 V typeinfo for std::__codecvt_abstract_base<wchar_t, char, _mbstate_t>
001c2c90 0000003c V typeinfo name for std::money_get<wchar_t, std::istreambuf_iterator<wchar_t, std::char_traits<wchar_t> > >
001c2ccc 0000000c V typeinfo for std::money_get<wchar_t, std::istreambuf_iterator<wchar_t, std::char_traits<wchar_t> > >
001c2cd8 0000003c V typeinfo name for std::money_put<wchar_t, std::ostreambuf_iterator<wchar_t, std::char_traits<wchar_t> > >
001c2d14 0000000c V typeinfo for std::money_put<wchar_t, std::ostreambuf_iterator<wchar_t, std::char_traits<wchar_t> > >
001c2d20 0000003b V typeinfo name for std::time_put<wchar_t, std::ostreambuf_iterator<wchar_t, std::char_traits<wchar_t> > >
001c2d5c 0000000c V typeinfo for std::time_put<wchar_t, std::ostreambuf_iterator<wchar_t, std::char_traits<wchar_t> > >
001c2d68 0000003b V typeinfo name for std::time_get<wchar_t, std::istreambuf_iterator<wchar_t, std::char_traits<wchar_t> > >
001c2da4 00000020 V typeinfo for std::time_get<wchar_t, std::istreambuf_iterator<wchar_t, std::char_traits<wchar_t> > >
001c2dc4 0000001e V typeinfo name for std::__moneypunct_cache<wchar_t, false>
001c2de4 0000000c V typeinfo for std::__moneypunct_cache<wchar_t, false>
001c2df0 0000001e V typeinfo name for std::__moneypunct_cache<wchar_t, true>
001c2e10 0000000c V typeinfo for std::__moneypunct_cache<wchar_t, true>
001c2e1c 00000018 V typeinfo name for std::__numpunct_cache<wchar_t>
001c2e34 0000000c V typeinfo for std::__numpunct_cache<wchar_t>
001c2e40 0000001c V vtable for std::collate<wchar_t>
001c2e5c 00000040 V vtable for std::__ctype_abstract_base<wchar_t>
001c2e9c 00000024 V vtable for std::numpunct<wchar_t>
001c2ec0 0000003c V vtable for std::num_get<wchar_t, std::istreambuf_iterator<wchar_t, std::char_traits<wchar_t> > >
001c2efc 00000030 V vtable for std::num_put<wchar_t, std::ostreambuf_iterator<wchar_t, std::char_traits<wchar_t> > >
001c2f2c 00000010 V vtable for std::__timepunct_cache<wchar_t>
001c2f3c 00000010 V vtable for std::__timepunct<wchar_t>
001c2f4c 00000034 V vtable for std::moneypunct<wchar_t, true>
001c2f80 00000034 V vtable for std::moneypunct<wchar_t, false>
001c2fb4 0000001c V vtable for std::messages<wchar_t>
001c2fd0 0000002c V vtable for std::__codecvt_abstract_base<wchar_t, char, _mbstate_t>
001c2ffc 00000018 V vtable for std::money_get<wchar_t, std::istreambuf_iterator<wchar_t, std::char_traits<wchar_t> > >
001c3014 00000018 V vtable for std::money_put<wchar_t, std::ostreambuf_iterator<wchar_t, std::char_traits<wchar_t> > >
001c302c 00000014 V vtable for std::time_put<wchar_t, std::ostreambuf_iterator<wchar_t, std::char_traits<wchar_t> > >
001c3040 00000028 V vtable for std::time_get<wchar_t, std::istreambuf_iterator<wchar_t, std::char_traits<wchar_t> > >
001c3068 00000010 V vtable for std::__moneypunct_cache<wchar_t, false>
001c3078 00000010 V vtable for std::__moneypunct_cache<wchar_t, true>
001c3088 00000010 V vtable for std::__numpunct_cache<wchar_t>
001c3098 0000000d R typeinfo name for std::bad_alloc
001c30a8 0000000c R typeinfo for std::bad_alloc
001c30b4 00000014 R vtable for std::bad_alloc
001c30c8 00000019 R typeinfo name for std::bad_array_new_length
001c30e4 0000000c R typeinfo for std::bad_array_new_length
001c30f0 00000014 R vtable for std::bad_array_new_length
001c3104 0000000c R typeinfo name for std::bad_cast
001c3110 0000000c R typeinfo for std::bad_cast
001c311c 00000014 R vtable for std::bad_cast
001c3130 00000022 R typeinfo name for __cxxabiv1::__class_type_info
001c3154 0000000c R typeinfo for __cxxabiv1::__class_type_info
001c3160 0000002c R vtable for __cxxabiv1::__class_type_info
001c318c 0000000d R typeinfo name for std::exception
001c319c 00000008 R typeinfo for std::exception
001c31a4 00000012 R typeinfo name for std::bad_exception
001c31b8 0000000c R typeinfo for std::bad_exception
001c31c4 00000020 R typeinfo name for __cxxabiv1::__forced_unwind
001c31e4 00000008 R typeinfo for __cxxabiv1::__forced_unwind
001c31ec 00000024 R typeinfo name for __cxxabiv1::__foreign_exception
001c3210 00000008 R typeinfo for __cxxabiv1::__foreign_exception
001c3218 00000014 R vtable for std::bad_exception
001c3240 0000002c V typeinfo name for __gnu_cxx::__concurrence_broadcast_error
001c326c 0000000c V typeinfo for __gnu_cxx::__concurrence_broadcast_error
001c3278 00000027 V typeinfo name for __gnu_cxx::__concurrence_wait_error
001c32a0 0000000c V typeinfo for __gnu_cxx::__concurrence_wait_error
001c32ac 00000014 V vtable for __gnu_cxx::__concurrence_broadcast_error
001c32c0 00000014 V vtable for __gnu_cxx::__concurrence_wait_error
001c32d4 00000001 R std::nothrow
001c32d8 00000025 R typeinfo name for __cxxabiv1::__si_class_type_info
001c3300 0000000c R typeinfo for __cxxabiv1::__si_class_type_info
001c330c 0000002c R vtable for __cxxabiv1::__si_class_type_info
001c3338 0000000d R typeinfo name for std::type_info
001c3348 00000008 R typeinfo for std::type_info
001c3350 00000026 R typeinfo name for __cxxabiv1::__vmi_class_type_info
001c3378 0000000c R typeinfo for __cxxabiv1::__vmi_class_type_info
001c3384 0000002c R vtable for __cxxabiv1::__vmi_class_type_info
001c33b0 0000001b V typeinfo name for std::codecvt<char, char, _mbstate_t>
001c33cc 0000000c V typeinfo for std::codecvt<char, char, _mbstate_t>
001c33d8 0000001b V typeinfo name for std::codecvt<wchar_t, char, _mbstate_t>
001c33f4 0000000c V typeinfo for std::codecvt<wchar_t, char, _mbstate_t>
001c3400 0000002c V vtable for std::codecvt<char, char, _mbstate_t>
001c342c 0000002c V vtable for std::codecvt<wchar_t, char, _mbstate_t>
001c3458 00000034 r std::(anonymous namespace)::mon_yday
001c348c 00000004 R std::money_base::_S_default_pattern
001c3c18 00000010 R typeinfo name for std::logic_error
001c3c28 0000000c R typeinfo for std::logic_error
001c3c34 00000011 R typeinfo name for std::length_error
001c3c48 0000000c R typeinfo for std::length_error
001c3c54 00000011 R typeinfo name for std::out_of_range
001c3c68 0000000c R typeinfo for std::out_of_range
001c3c74 00000012 R typeinfo name for std::runtime_error
001c3c88 0000000c R typeinfo for std::runtime_error
001c3c94 00000014 R vtable for std::logic_error
001c3ca8 00000014 R vtable for std::length_error
001c3cbc 00000014 R vtable for std::out_of_range
001c3cd0 00000014 R vtable for std::runtime_error
001c3ce4 0000002d V typeinfo name for std::__codecvt_abstract_base<char16_t, char, _mbstate_t>
001c3d14 00000020 V typeinfo for std::__codecvt_abstract_base<char16_t, char, _mbstate_t>
001c3d34 0000001c V typeinfo name for std::codecvt<char16_t, char, _mbstate_t>
001c3d50 0000000c V typeinfo for std::codecvt<char16_t, char, _mbstate_t>
001c3d5c 0000002d V typeinfo name for std::__codecvt_abstract_base<char32_t, char, _mbstate_t>
001c3d8c 00000020 V typeinfo for std::__codecvt_abstract_base<char32_t, char, _mbstate_t>
001c3dac 0000001c V typeinfo name for std::codecvt<char32_t, char, _mbstate_t>
001c3dc8 0000000c V typeinfo for std::codecvt<char32_t, char, _mbstate_t>
001c3dd4 0000002e V typeinfo name for std::__codecvt_abstract_base<char16_t, char8_t, _mbstate_t>
001c3e04 00000020 V typeinfo for std::__codecvt_abstract_base<char16_t, char8_t, _mbstate_t>
001c3e24 0000001d V typeinfo name for std::codecvt<char16_t, char8_t, _mbstate_t>
001c3e44 0000000c V typeinfo for std::codecvt<char16_t, char8_t, _mbstate_t>
001c3e50 0000002e V typeinfo name for std::__codecvt_abstract_base<char32_t, char8_t, _mbstate_t>
001c3e80 00000020 V typeinfo for std::__codecvt_abstract_base<char32_t, char8_t, _mbstate_t>
001c3ea0 0000001d V typeinfo name for std::codecvt<char32_t, char8_t, _mbstate_t>
001c3ec0 0000000c V typeinfo for std::codecvt<char32_t, char8_t, _mbstate_t>
001c3ecc 0000002c V vtable for std::__codecvt_abstract_base<char16_t, char, _mbstate_t>
001c3ef8 0000002c V vtable for std::codecvt<char16_t, char, _mbstate_t>
001c3f24 0000002c V vtable for std::__codecvt_abstract_base<char32_t, char, _mbstate_t>
001c3f50 0000002c V vtable for std::codecvt<char32_t, char, _mbstate_t>
001c3f7c 0000002c V vtable for std::__codecvt_abstract_base<char16_t, char8_t, _mbstate_t>
001c3fa8 0000002c V vtable for std::codecvt<char16_t, char8_t, _mbstate_t>
001c3fd4 0000002c V vtable for std::__codecvt_abstract_base<char32_t, char8_t, _mbstate_t>
001c4000 0000002c V vtable for std::codecvt<char32_t, char8_t, _mbstate_t>
001c402c 0000000c V typeinfo name for std::ctype<char>
001c4038 00000020 V typeinfo for std::ctype<char>
001c4058 0000000c V typeinfo name for std::ctype<wchar_t>
001c4064 0000000c V typeinfo for std::ctype<wchar_t>
001c4070 00000030 V vtable for std::ctype<char>
001c40a0 00000040 V vtable for std::ctype<wchar_t>
001c4124 0000001d R typeinfo name for std::ios_base::failure[abi:cxx11]
001c4144 0000000c R typeinfo for std::ios_base::failure[abi:cxx11]
001c4150 00000012 V typeinfo name for std::__ios_failure
001c4164 0000000c V typeinfo for std::__ios_failure
001c4170 00000018 R typeinfo name for std::__iosfail_type_info
001c4188 00000018 R typeinfo for std::__iosfail_type_info
001c41a0 00000014 R vtable for std::ios_base::failure[abi:cxx11]
001c41b4 00000014 V vtable for std::__ios_failure
001c41c8 0000002c R vtable for std::__iosfail_type_info
001c42bc 00000018 V typeinfo name for std::__cxx11::collate<char>
001c42d4 0000000c V typeinfo for std::__cxx11::collate<char>
001c42e0 00000019 V typeinfo name for std::__cxx11::numpunct<char>
001c42fc 0000000c V typeinfo for std::__cxx11::numpunct<char>
001c4308 00000020 V typeinfo name for std::__cxx11::moneypunct<char, true>
001c4328 00000020 V typeinfo for std::__cxx11::moneypunct<char, true>
001c4348 00000020 V typeinfo name for std::__cxx11::moneypunct<char, false>
001c4368 00000020 V typeinfo for std::__cxx11::moneypunct<char, false>
001c4388 00000019 V typeinfo name for std::__cxx11::messages<char>
001c43a4 00000020 V typeinfo for std::__cxx11::messages<char>
001c43c4 00000046 V typeinfo name for std::__cxx11::money_get<char, std::istreambuf_iterator<char, std::char_traits<char> > >
001c440c 0000000c V typeinfo for std::__cxx11::money_get<char, std::istreambuf_iterator<char, std::char_traits<char> > >
001c4418 00000046 V typeinfo name for std::__cxx11::money_put<char, std::ostreambuf_iterator<char, std::char_traits<char> > >
001c4460 0000000c V typeinfo for std::__cxx11::money_put<char, std::ostreambuf_iterator<char, std::char_traits<char> > >
001c446c 00000045 V typeinfo name for std::__cxx11::time_get<char, std::istreambuf_iterator<char, std::char_traits<char> > >
001c44b4 00000020 V typeinfo for std::__cxx11::time_get<char, std::istreambuf_iterator<char, std::char_traits<char> > >
001c44d4 0000001c V vtable for std::__cxx11::collate<char>
001c44f0 00000024 V vtable for std::__cxx11::numpunct<char>
001c4514 00000034 V vtable for std::__cxx11::moneypunct<char, true>
001c4548 00000034 V vtable for std::__cxx11::moneypunct<char, false>
001c457c 0000001c V vtable for std::__cxx11::messages<char>
001c4598 00000018 V vtable for std::__cxx11::money_get<char, std::istreambuf_iterator<char, std::char_traits<char> > >
001c45b0 00000018 V vtable for std::__cxx11::money_put<char, std::ostreambuf_iterator<char, std::char_traits<char> > >
001c45c8 0000002c V vtable for std::__cxx11::time_get<char, std::istreambuf_iterator<char, std::char_traits<char> > >
001c45f4 0000000c r typeinfo for (anonymous namespace)::io_error_category
001c4600 00000025 r typeinfo name for (anonymous namespace)::io_error_category
001c4628 00000028 r vtable for (anonymous namespace)::io_error_category
001c4650 00000016 R typeinfo name for std::ios_base::failure
001c4668 0000000c R typeinfo for std::ios_base::failure
001c4674 00000014 R vtable for std::ios_base::failure
001c4688 00000080 r npio2_hw
001c4708 00000108 r two_over_pi
001c4810 00000040 r PIo2
001c4850 00000010 r init_jk
001c4860 00000060 R __inv_pio4
001c48c0 000000e0 R __sincosf_table
001c49a0 00000870 R __exp_data
001c5210 00001048 R __pow_log_data
001c6258 00001090 R __log_data
001c7500 00000022 r basefix.0
001c7584 00000014 r fpinan.0
001c7598 00000014 r fpi.1
001c75b0 00000028 r tinytens
001c75d8 00000100 R __hexdig
001c76d8 00000030 r _DAYS_BEFORE_MONTH
001c7708 00000030 r DAYS_IN_MONTH
001c7770 0000001c r categories
001c780c 00000022 r basefix.0
001c7848 000000fc R _C_time_locale
001c7a3c 00000010 r zeroes.0
001c7a4c 00000010 r blanks.1
001c7a5c 00000101 R _ctype_
001c7c0c 00000060 R __month_lengths
001c7c6c 0000000c r p05.0
001c7c78 00000028 R __mprec_bigtens
001c7ca0 000000c8 R __mprec_tens
001c7e54 00000010 r zeroes.0
001c7e64 00000010 r blanks.1
001c7e74 0000006c R __action_table
001c7ee0 0000006c R __state_table
001c7f4c 00000100 R __chclass
001c8084 00000048 r JIS_action_table
001c80cc 00000048 r JIS_state_table
001c81a4 000037f8 r categories
001cba70 00000040 r zeroes.0
001cbab0 00000040 r blanks.1
001cbbdc 00000010 r zeroes.0
001cbbec 00000010 r blanks.1
001cbce8 00000010 r zeroes.0
001cbcf8 00000010 r blanks.1
001cbd08 00000080 R dotab_stdnull
001cbd88 R __tdata_align
001cbd8c r __EH_FRAME_BEGIN__
001ce410 R __exidx_start
001cf6d0 R __exidx_end
001d0000 00000004 d previousGlassesEye
001d0004 00000008 d framerateCounter
001d000c 00000004 d framerate
001d0010 00000001 d firstConsoleInit.0
001d0014 00000004 D currentConsole
001d0018 00000048 D defaultConsole
001d0060 00000004 d queueLock
001d0064 00000004 d aptChainloadDeliverArgSize
001d0068 00000004 d kCount
001d006c 00000004 d kInterval
001d0070 00000004 d kDelay
001d0074 W __stacksize__
001d0078 00000004 d (anonymous namespace)::generic_category_instance
001d007c 00000004 D __cxxabiv1::__unexpected_handler
001d0080 00000004 D std::__num_base::_S_atoms_out
001d0084 00000004 D std::__num_base::_S_atoms_in
001d0088 00000004 D std::money_base::_S_atoms
001d008c 00000038 D std::__timepunct_cache<wchar_t>::_S_timezones
001d00c4 00000038 D std::__timepunct_cache<char>::_S_timezones
001d00fc 00000004 d (anonymous namespace)::io_category_instance
001d0100 00000004 D __cxxabiv1::__terminate_handler
001d0104 00000004 D _impure_ptr
001d0108 00000200 D _impure_data
001d0308 00000008 D _tzname
001d0310 00000254 D __global_locale
001d0564 00000020 D __default_locale
001d0584 00000004 D __malloc_sbrk_base
001d0588 00000004 D __malloc_trim_threshold
001d0590 00000408 D __malloc_av_
001d0998 0000000c D __sglue
001d09a8 00000058 d tzinfo
001d0a00 000007e0 d caseconv_table
001d11e0 00000004 D environ
001d11e4 00000400 d _current_working_directory
001d1470 N 
001d1470 N 
001d1470 N 
001d1470 N 
001d1470 N 
001d1470 N 
001d1470 N 
001d1470 N 
001d1470 N 
001d1470 N 
001d1470 N 
001d1470 N 
001d1470 N 
001d1470 N 
001d1470 N 
001d1470 N 
001d1470 N 
001d1470 N 
001d1470 N 
001d1470 N 
001d1470 N 
001d1470 N 
001d1470 N 
001d1470 N 
001d1470 N 
001d1470 N 
001d1470 N 
001d1470 N 
001d1470 N 
001d1470 N 
001d1470 N 
001d1470 W KoreanMSX8KB0300MemoryRule.cpp.fb964858
001d15e8 00001000 d handles
001d25e8 0000000c d __stderr_handle
001d25f4 0000000c d __stdout_handle
001d2600 0000000c d __stdin_handle
001d260c 0000008c D devoptab_list
001d2698 00000004 d defaultDevice
001d26a4 d _GLOBAL_OFFSET_TABLE_
001d26b0 d __frame_dummy_init_array_entry
001d26b0 D __init_array_start
001d26b0 B __preinit_array_end
001d26b0 B __preinit_array_start
001d26b0 D __tdata_lma
001d26b0 D __tdata_lma_end
001d26cc d __do_global_dtors_aux_fini_array_entry
001d26cc D __fini_array_start
001d26cc D __init_array_end
001d26d8 00000004 b frameBuffer
001d26d8 D __bss_start__
001d26d8 D __fini_array_end
001d26dc 00000004 b uploadBuffer
001d26e0 00000090 b gameTex
001d2770 00000001 b textureInitialized
001d2774 00000078 b gameSubTex
001d27ec 00000030 b gameImage
001d281c 00000001 b audioInitialized
001d2820 00000010 b audioBuffers
001d2830 00000060 b audioWave
001d2890 00000001 b stereoActive
001d2891 00000001 b display3DEnabled
001d2894 00000004 b audioIndex
001d2898 00000004 b videoTextureSlot
001d289c 00002000 B sin_tab.lto_priv.0
001d489c 00005800 B tl_tab.lto_priv.0
001da0a0 00001760 B ym2413.lto_priv.0
001db800 00000008 b output
001db808 00000004 b LFO_PM
001db80c 00000004 b LFO_AM
001db810 000005a8 B __C2Di_Context
001dbdb8 00000040 b s_projTop
001dbdf8 00000040 b s_projBot
001dbe38 00000004 b uLoc_mdlvMtx
001dbe3c 00000004 b uLoc_projMtx
001dbe40 b completed.1
001dbe44 b object.0
001dbe5c 0000000c b hookCookie
001dbe68 000002d0 B __C3D_Context
001dc138 00000004 b frameEndCbData
001dc13c 00000004 b frameEndCb
001dc140 00000008 b frameCounter
001dc148 00000001 b isTopStereo
001dc149 00000001 b needSwapBot
001dc14a 00000001 b needSwapTop
001dc14b 00000001 b measureGpuTime
001dc14c 00000001 b inSafeTransfer
001dc14d 00000001 b inFrame
001dc150 00000010 b cpuTime
001dc160 00000010 b gpuTime
001dc170 0000000c b linkedTarget
001dc17c 00000004 b lastTarget
001dc180 00000004 b firstTarget
001dc184 00000008 b C3Di_IVUnifEverDirty
001dc18c 000000c0 b C3Di_FVUnifEverDirty
001dc24c 00000018 b C3Di_ShaderFVecData
001dc264 00000002 B C3D_BoolUnifsDirty
001dc268 00000008 B C3D_IVUnifDirty
001dc270 000000c0 B C3D_FVUnifDirty
001dc330 00000004 B C3D_BoolUnifs
001dc334 00000020 B C3D_IVUnif
001dc354 00000c00 B C3D_FVUnif
001dcf58 00000008 b sLinearPool
001dcf60 0000000c b sAddrMap
001dcf70 00000008 b sVramPoolB
001dcf78 00000008 b sVramPoolA
001dcf80 0000000c b sAddrMap
001dcf8c 00000064 b escapeSeq
001dcff0 00000048 B currentCopy
001dd038 00000004 b screenAlloc
001dd03c 00000004 b screenFree
001dd040 00000002 b gfxIsDoubleBuf
001dd044 00000002 b gfxCurBuf
001dd046 00000001 b gfxIsVram
001dd047 00000001 b gfxTopMode
001dd048 00000002 b gfxFramebufferFormats
001dd04c 00000004 b gfxBottomFramebufferMaxSize
001dd050 00000004 b gfxTopFramebufferMaxSize
001dd058 00000008 b gfxBottomFramebuffers
001dd060 00000008 b gfxTopFramebuffers
001dd068 00000001 V __ctru_speedup
001dd06c 00000004 b romfs_mount_list
001dd070 00000004 V __romfs_path
001dd074 00000004 B gpuCmdBufOffset
001dd078 00000004 B gpuCmdBufSize
001dd07c 00000004 B gpuCmdBuf
001dd080 00000004 b boundQueue
001dd084 00000001 b shouldStop
001dd085 00000001 b isRunning
001dd086 00000001 b isActive
001dd088 00000004 b curQueue
001dd08c 00000004 b ndspRefCount
001dd090 00000048 b ndspMaster
001dd0d8 00000004 b ndspThread
001dd0dc 00000001 b ndspThreadRun
001dd0e0 00001080 b dspVar5Backup
001de160 00000004 b ndspMutex
001de164 00000008 b sleepEvent
001de16c 00000004 b dspSem
001de170 00000004 b irqEvent
001de174 00000008 b ndspHookCookie
001de17c 00000001 b componentFree
001de17e 00000002 b componentDataMask
001de180 00000002 b componentProgMask
001de184 00000004 b componentSize
001de188 00000004 b componentBin
001de18c 00000004 b frameCount
001de190 00000004 b droppedFrames
001de194 00000001 b bCancelReceived
001de195 00000001 b bSleeping
001de196 00000001 b bEnteringSleep
001de197 00000001 b bDspReady
001de198 00000080 B ndspVars
001de218 00000002 B ndspBufferId
001de21a 00000002 B ndspBufferCurId
001de21c 00000002 B ndspFrameId
001de220 00000c60 b ndspChn
001dee80 00000001 b flagValue.0
001dee81 00000001 b flagInit.1
001dee84 00000004 b serviceName.6
001dee88 00000001 b aptChainloadFlags
001dee89 00000001 b aptChainloadMediatype
001dee8c 00000020 b aptChainloadHmac
001deeac 00000300 b aptChainloadDeliverArg
001df1b0 00000008 b aptChainloadTid
001df1b8 00001000 b aptParameters
001e01b8 00000004 b aptFlags
001e01bc 00000001 b aptHomeButtonState
001e01c0 00000004 b aptMessageFuncData
001e01c4 00000004 b aptMessageFunc
001e01c8 0000000c b aptFirstHook
001e01d4 00000001 b aptEventHandlerThreadQuit
001e01d8 00000004 b aptEventHandlerThread
001e01dc 00000008 b aptSleepEvent
001e01e4 00000008 b aptReceiveEvent
001e01ec 00000008 b aptEvents
001e01f4 00000004 b aptLockHandle
001e01f8 00000004 b aptRefCount
001e01fc 00000004 b cfguRefCount
001e0200 00000004 b cfguHandle
001e0204 00000002 b dspSavedCompDataMask
001e0206 00000002 b dspSavedCompProgMask
001e0208 00000004 b dspSavedCompSize
001e020c 00000004 b dspSavedCompBin
001e0210 00000001 b dspSleeping
001e0211 00000001 b dspComponentLoaded
001e0214 00000008 b dspFirstHook
001e021c 00000004 b dspRefCount
001e0220 00000004 b dspHandle
001e0228 00000080 b fsExemptArchives
001e02a8 00000004 b fsuRefCount
001e02ac 00000004 b fsuHandle
001e02b0 00000007 b gspEventCbOneShot
001e02b8 0000001c b gspEventCbData
001e02d4 0000001c b gspEventCb
001e02f0 00000038 b gspEvents
001e0328 00000004 b gspLastEvent
001e032c 00000001 b gspRunEvents
001e0330 00000004 b gspEventThread
001e0334 00000004 b gspEvent
001e0338 00000001 b gspGpuRight
001e0339 00000001 b gspThreadId
001e033c 00000004 b gspSharedMem
001e0340 00000004 b gspSharedMemHandle
001e0344 00000004 b gspRefCount
001e0348 00000004 b gspGpuHandle
001e034c 00000001 b usingIrrst
001e0350 00000004 b hidRefCount
001e0354 00000006 b gRate
001e035c 00000006 b aVec
001e0364 00000004 b cPos
001e0368 00000004 b tPos
001e036c 00000004 b kRepeat
001e0370 00000004 b kUp
001e0374 00000004 b kDown
001e0378 00000004 b kHeld
001e037c 00000004 b kOld
001e0380 00000004 B hidSharedMem
001e0384 00000014 B hidEvents
001e0398 00000004 B hidMemHandle
001e039c 00000004 B hidHandle
001e03a0 00000004 b irrstRefCount
001e03a4 00000004 b csPos
001e03a8 00000004 b kHeld
001e03ac 00000004 B irrstSharedMem
001e03b0 00000004 B irrstEvent
001e03b4 00000004 B irrstMemHandle
001e03b8 00000004 B irrstHandle
001e03bc 00000004 b ptmSysmRefCount
001e03c0 00000004 b ptmSysmHandle
001e03c4 00000004 V __ctru_linear_heap_size
001e03c8 00000004 V __ctru_heap_size
001e03cc 00000004 B __ctru_linear_heap
001e03d0 00000004 B __ctru_heap
001e03d4 00000004 B __system_retAddr
001e03d8 00000004 B __system_argv
001e03dc 00000004 B __system_argc
001e03e0 b saved_stack
001e03e8 00000004 B __3dslink_host
001e03ec 00000004 b srvRefCount
001e03f0 00000004 b srvHandle
001e03f4 00000004 b arbiter
001e03f8 00000004 b currentAddr
001e03fc 00000004 b maxAddr
001e0400 00000004 b minAddr
001e0404 00000004 b srvPmHandle
001e0408 000005c0 b archive_devices
001e09c8 00000004 b archive_device_cwd
001e09cc 00000001 b archive_initialized
001e09d0 00000004 B std::locale::id::_S_refcount
001e09d4 00000004 B std::locale::facet::_S_once
001e09d8 00000004 B std::locale::facet::_S_c_locale
001e09dc 00000004 B std::locale::_S_once
001e09e0 00000004 B std::locale::_S_global
001e09e4 00000004 B std::locale::_S_classic
001e09e8 00000004 b guard variable for (anonymous namespace)::get_locale_cache_mutex()::locale_cache_mutex
001e09f0 00000010 b (anonymous namespace)::get_locale_cache_mutex()::locale_cache_mutex
001e0a00 00000010 V std::string::_Rep::_S_empty_rep_storage
001e0a10 00000010 V std::basic_string<wchar_t, std::char_traits<wchar_t>, std::allocator<wchar_t> >::_Rep::_S_empty_rep_storage
001e0a20 00000004 V guard variable for std::__cxx11::collate<wchar_t>::id
001e0a24 00000004 V guard variable for std::__cxx11::messages<wchar_t>::id
001e0a28 00000004 V guard variable for std::__cxx11::time_get<wchar_t, std::istreambuf_iterator<wchar_t, std::char_traits<wchar_t> > >::id
001e0a2c 00000004 V guard variable for std::__cxx11::numpunct<wchar_t>::id
001e0a30 00000004 V guard variable for std::__cxx11::moneypunct<wchar_t, true>::id
001e0a34 00000004 V guard variable for std::__cxx11::moneypunct<wchar_t, false>::id
001e0a38 00000004 V guard variable for std::__cxx11::money_put<wchar_t, std::ostreambuf_iterator<wchar_t, std::char_traits<wchar_t> > >::id
001e0a3c 00000004 V guard variable for std::__cxx11::money_get<wchar_t, std::istreambuf_iterator<wchar_t, std::char_traits<wchar_t> > >::id
001e0a40 00000004 V std::__cxx11::collate<wchar_t>::id
001e0a44 00000004 V std::__cxx11::messages<wchar_t>::id
001e0a48 00000004 V std::__cxx11::time_get<wchar_t, std::istreambuf_iterator<wchar_t, std::char_traits<wchar_t> > >::id
001e0a4c 00000004 V std::__cxx11::numpunct<wchar_t>::id
001e0a50 00000004 V std::__cxx11::moneypunct<wchar_t, true>::id
001e0a54 00000004 V std::__cxx11::moneypunct<wchar_t, false>::id
001e0a58 00000004 V std::__cxx11::money_put<wchar_t, std::ostreambuf_iterator<wchar_t, std::char_traits<wchar_t> > >::id
001e0a5c 00000004 V std::__cxx11::money_get<wchar_t, std::istreambuf_iterator<wchar_t, std::char_traits<wchar_t> > >::id
001e0a60 00000004 V guard variable for std::collate<char>::id
001e0a64 00000004 V guard variable for std::messages<char>::id
001e0a68 00000004 V guard variable for std::time_get<char, std::istreambuf_iterator<char, std::char_traits<char> > >::id
001e0a6c 00000004 V guard variable for std::time_put<char, std::ostreambuf_iterator<char, std::char_traits<char> > >::id
001e0a70 00000004 V guard variable for std::__timepunct<char>::id
001e0a74 00000004 V guard variable for std::numpunct<char>::id
001e0a78 00000004 V guard variable for std::moneypunct<char, true>::id
001e0a7c 00000004 V guard variable for std::moneypunct<char, false>::id
001e0a80 00000004 V guard variable for std::money_put<char, std::ostreambuf_iterator<char, std::char_traits<char> > >::id
001e0a84 00000004 V guard variable for std::money_get<char, std::istreambuf_iterator<char, std::char_traits<char> > >::id
001e0a88 00000004 V guard variable for std::num_put<char, std::ostreambuf_iterator<char, std::char_traits<char> > >::id
001e0a8c 00000004 V guard variable for std::num_get<char, std::istreambuf_iterator<char, std::char_traits<char> > >::id
001e0a90 00000004 V std::collate<char>::id
001e0a94 00000004 V std::messages<char>::id
001e0a98 00000004 V std::time_get<char, std::istreambuf_iterator<char, std::char_traits<char> > >::id
001e0a9c 00000004 V std::time_put<char, std::ostreambuf_iterator<char, std::char_traits<char> > >::id
001e0aa0 00000004 V std::__timepunct<char>::id
001e0aa4 00000004 V std::numpunct<char>::id
001e0aa8 00000004 V std::moneypunct<char, true>::id
001e0aac 00000004 V std::moneypunct<char, false>::id
001e0ab0 00000004 V std::money_put<char, std::ostreambuf_iterator<char, std::char_traits<char> > >::id
001e0ab4 00000004 V std::money_get<char, std::istreambuf_iterator<char, std::char_traits<char> > >::id
001e0ab8 00000004 V std::num_put<char, std::ostreambuf_iterator<char, std::char_traits<char> > >::id
001e0abc 00000004 V std::num_get<char, std::istreambuf_iterator<char, std::char_traits<char> > >::id
001e0ac0 000000c8 b (anonymous namespace)::timepunct_cache_w
001e0b88 00000070 b (anonymous namespace)::moneypunct_cache_wf
001e0bf8 00000070 b (anonymous namespace)::moneypunct_cache_wt
001e0c68 00000128 b (anonymous namespace)::numpunct_cache_w
001e0d90 000000c8 b (anonymous namespace)::timepunct_cache_c
001e0e58 00000044 b (anonymous namespace)::moneypunct_cache_cf
001e0e9c 00000044 b (anonymous namespace)::moneypunct_cache_ct
001e0ee0 00000068 b (anonymous namespace)::numpunct_cache_c
001e0f48 00000008 b (anonymous namespace)::codecvt_c32_c8
001e0f50 00000008 b (anonymous namespace)::codecvt_c16_c8
001e0f58 00000008 b (anonymous namespace)::codecvt_c32
001e0f60 00000008 b (anonymous namespace)::codecvt_c16
001e0f68 00000010 b (anonymous namespace)::messages_w
001e0f78 00000008 b (anonymous namespace)::time_put_w
001e0f80 00000008 b (anonymous namespace)::time_get_w
001e0f88 00000014 b (anonymous namespace)::timepunct_w
001e0f9c 00000008 b (anonymous namespace)::money_put_w
001e0fa4 00000008 b (anonymous namespace)::money_get_w
001e0fac 0000000c b (anonymous namespace)::moneypunct_wf
001e0fb8 0000000c b (anonymous namespace)::moneypunct_wt
001e0fc4 0000000c b (anonymous namespace)::codecvt_w
001e0fd0 00000008 b (anonymous namespace)::num_put_w
001e0fd8 00000008 b (anonymous namespace)::num_get_w
001e0fe0 0000000c b (anonymous namespace)::numpunct_w
001e0fec 0000000c b (anonymous namespace)::collate_w
001e0ff8 000004e0 b (anonymous namespace)::ctype_w
001e14d8 00000010 b (anonymous namespace)::messages_c
001e14e8 00000008 b (anonymous namespace)::time_put_c
001e14f0 00000008 b (anonymous namespace)::time_get_c
001e14f8 00000014 b (anonymous namespace)::timepunct_c
001e150c 00000008 b (anonymous namespace)::money_put_c
001e1514 00000008 b (anonymous namespace)::money_get_c
001e151c 0000000c b (anonymous namespace)::moneypunct_cf
001e1528 0000000c b (anonymous namespace)::moneypunct_ct
001e1534 0000000c b (anonymous namespace)::codecvt_c
001e1540 00000008 b (anonymous namespace)::num_put_c
001e1548 00000008 b (anonymous namespace)::num_get_c
001e1550 0000000c b (anonymous namespace)::numpunct_c
001e155c 0000000c b (anonymous namespace)::collate_c
001e1568 00000220 b (anonymous namespace)::ctype_c
001e1788 000000c0 b (anonymous namespace)::cache_vec
001e1848 000000c0 b (anonymous namespace)::facet_vec
001e1908 0000000c b (anonymous namespace)::name_c
001e1914 00000018 b (anonymous namespace)::name_vec
001e192c 00000004 b (anonymous namespace)::c_locale
001e1930 00000014 b (anonymous namespace)::c_locale_impl
001e1944 00000004 b guard variable for (anonymous namespace)::get_locale_mutex()::locale_mutex
001e1948 00000010 b (anonymous namespace)::get_locale_mutex()::locale_mutex
001e1958 00000004 V guard variable for std::collate<wchar_t>::id
001e195c 00000004 V guard variable for std::messages<wchar_t>::id
001e1960 00000004 V guard variable for std::time_get<wchar_t, std::istreambuf_iterator<wchar_t, std::char_traits<wchar_t> > >::id
001e1964 00000004 V guard variable for std::time_put<wchar_t, std::ostreambuf_iterator<wchar_t, std::char_traits<wchar_t> > >::id
001e1968 00000004 V guard variable for std::__timepunct<wchar_t>::id
001e196c 00000004 V guard variable for std::numpunct<wchar_t>::id
001e1970 00000004 V guard variable for std::moneypunct<wchar_t, true>::id
001e1974 00000004 V guard variable for std::moneypunct<wchar_t, false>::id
001e1978 00000004 V guard variable for std::money_put<wchar_t, std::ostreambuf_iterator<wchar_t, std::char_traits<wchar_t> > >::id
001e197c 00000004 V guard variable for std::money_get<wchar_t, std::istreambuf_iterator<wchar_t, std::char_traits<wchar_t> > >::id
001e1980 00000004 V guard variable for std::num_put<wchar_t, std::ostreambuf_iterator<wchar_t, std::char_traits<wchar_t> > >::id
001e1984 00000004 V guard variable for std::num_get<wchar_t, std::istreambuf_iterator<wchar_t, std::char_traits<wchar_t> > >::id
001e1988 00000004 V std::collate<wchar_t>::id
001e198c 00000004 V std::messages<wchar_t>::id
001e1990 00000004 V std::time_get<wchar_t, std::istreambuf_iterator<wchar_t, std::char_traits<wchar_t> > >::id
001e1994 00000004 V std::time_put<wchar_t, std::ostreambuf_iterator<wchar_t, std::char_traits<wchar_t> > >::id
001e1998 00000004 V std::__timepunct<wchar_t>::id
001e199c 00000004 V std::numpunct<wchar_t>::id
001e19a0 00000004 V std::moneypunct<wchar_t, true>::id
001e19a4 00000004 V std::moneypunct<wchar_t, false>::id
001e19a8 00000004 V std::money_put<wchar_t, std::ostreambuf_iterator<wchar_t, std::char_traits<wchar_t> > >::id
001e19ac 00000004 V std::money_get<wchar_t, std::istreambuf_iterator<wchar_t, std::char_traits<wchar_t> > >::id
001e19b0 00000004 V std::num_put<wchar_t, std::ostreambuf_iterator<wchar_t, std::char_traits<wchar_t> > >::id
001e19b4 00000004 V std::num_get<wchar_t, std::istreambuf_iterator<wchar_t, std::char_traits<wchar_t> > >::id
001e19b8 0000001c b (anonymous namespace)::emergency_pool
001e19d4 00000004 b init
001e19d8 00000001 B __eh_globals_init::_S_init
001e19dc 0000000c b (anonymous namespace)::eh_globals
001e19e8 00000004 b (anonymous namespace)::get_static_cond()::once
001e19f0 00000008 b (anonymous namespace)::fake_cond
001e19f8 00000004 b (anonymous namespace)::static_cond
001e19fc 00000004 b (anonymous namespace)::get_static_mutex()::once
001e1a00 00000010 b (anonymous namespace)::fake_mutex
001e1a10 00000004 b (anonymous namespace)::static_mutex
001e1a14 00000004 b (anonymous namespace)::__new_handler
001e1a18 00000004 B std::codecvt<wchar_t, char, _mbstate_t>::id
001e1a1c 00000004 B std::codecvt<char, char, _mbstate_t>::id
001e1a20 00000004 B std::codecvt<char32_t, char8_t, _mbstate_t>::id
001e1a24 00000004 B std::codecvt<char16_t, char8_t, _mbstate_t>::id
001e1a28 00000004 B std::codecvt<char32_t, char, _mbstate_t>::id
001e1a2c 00000004 B std::codecvt<char16_t, char, _mbstate_t>::id
001e1a30 00000010 b std::(anonymous namespace)::messages_w
001e1a40 00000008 b std::(anonymous namespace)::time_get_w
001e1a48 00000008 b std::(anonymous namespace)::money_put_w
001e1a50 00000008 b std::(anonymous namespace)::money_get_w
001e1a58 0000000c b std::(anonymous namespace)::moneypunct_wf
001e1a64 0000000c b std::(anonymous namespace)::moneypunct_wt
001e1a70 0000000c b std::(anonymous namespace)::numpunct_w
001e1a7c 0000000c b std::(anonymous namespace)::collate_w
001e1a88 00000010 b std::(anonymous namespace)::messages_c
001e1a98 00000008 b std::(anonymous namespace)::time_get_c
001e1aa0 00000008 b std::(anonymous namespace)::money_put_c
001e1aa8 00000008 b std::(anonymous namespace)::money_get_c
001e1ab0 0000000c b std::(anonymous namespace)::moneypunct_cf
001e1abc 0000000c b std::(anonymous namespace)::moneypunct_ct
001e1ac8 0000000c b std::(anonymous namespace)::numpunct_c
001e1ad4 0000000c b std::(anonymous namespace)::collate_c
001e1ae0 00000004 B std::ctype<wchar_t>::id
001e1ae4 00000004 B std::ctype<char>::id
001e1ae8 00000004 V guard variable for std::__cxx11::collate<char>::id
001e1aec 00000004 V guard variable for std::__cxx11::messages<char>::id
001e1af0 00000004 V guard variable for std::__cxx11::time_get<char, std::istreambuf_iterator<char, std::char_traits<char> > >::id
001e1af4 00000004 V guard variable for std::__cxx11::numpunct<char>::id
001e1af8 00000004 V guard variable for std::__cxx11::moneypunct<char, true>::id
001e1afc 00000004 V guard variable for std::__cxx11::moneypunct<char, false>::id
001e1b00 00000004 V guard variable for std::__cxx11::money_put<char, std::ostreambuf_iterator<char, std::char_traits<char> > >::id
001e1b04 00000004 V guard variable for std::__cxx11::money_get<char, std::istreambuf_iterator<char, std::char_traits<char> > >::id
001e1b08 00000004 V std::__cxx11::collate<char>::id
001e1b0c 00000004 V std::__cxx11::messages<char>::id
001e1b10 00000004 V std::__cxx11::time_get<char, std::istreambuf_iterator<char, std::char_traits<char> > >::id
001e1b14 00000004 V std::__cxx11::numpunct<char>::id
001e1b18 00000004 V std::__cxx11::moneypunct<char, true>::id
001e1b1c 00000004 V std::__cxx11::moneypunct<char, false>::id
001e1b20 00000004 V std::__cxx11::money_put<char, std::ostreambuf_iterator<char, std::char_traits<char> > >::id
001e1b24 00000004 V std::__cxx11::money_get<char, std::istreambuf_iterator<char, std::char_traits<char> > >::id
001e1b28 00000004 B _timezone
001e1b2c 00000004 B _daylight
001e1b30 00000004 b __tz_mutex
001e1b34 000000e0 b saved_categories.0
001e1b7a N 
001e1b7a N 
001e1b7a N 
001e1b7a N 
001e1b7a N 
001e1b7a N 
001e1b7a N 
001e1b7a N 
001e1b7a N 
001e1b7a N 
001e1b7a N 
001e1b7a N 
001e1b7a N 
001e1b7a N 
001e1b7a N 
001e1b7a N 
001e1b7a N 
001e1b7a N 
001e1b7a N 
001e1b7a N 
001e1b7a N 
001e1b7a N 
001e1b7a N 
001e1b7a N 
001e1b7a N 
001e1b7a N 
001e1b7a N 
001e1b7a N 
001e1b7a N 
001e1b7a N 
001e1b7a N 
001e1b7a N 
001e1b7a W KoreanMSXSMS8000MemoryRule.cpp.7e618b34
001e1c14 000000e0 b new_categories.1
001e1cf4 00000028 B __malloc_current_mallinfo
001e1d1c 00000004 B __malloc_max_total_mem
001e1d20 00000004 B __malloc_max_sbrked_mem
001e1d24 00000004 B __malloc_top_pad
001e1d28 0000000c b __sfp_recursive_mutex
001e1d38 00000168 B __sf
001e1ea0 00000004 B __stdio_exit_handler
001e1ea4 0000000c b __malloc_recursive_mutex
001e1eb0 00000004 b prev_tzenv
001e1eb4 0000000c b __tzname_dst
001e1ec0 0000000c b __tzname_std
001e1ecc 0000000c b __env_recursive_mutex
001e1ed8 00000004 b initial_env
001e1edc 00000400 b temp_cwd
001e22dc 00000004 b __hndl_lock
001e22e0 00000004 B fake_heap_start
001e22e4 00000004 B fake_heap_end
001e22e8 00000004 b __pthread_once_cv
001e22ec 00000004 b __pthread_once_lock
001e22f0 00000004 b heap_start.0
001e22f4 B __tls_start
001e2efc B __bss_end__
001e2efc A __end__
001e2efc B __tls_end
001f2275 N 
001f2275 N 
001f2275 N 
001f2275 N 
001f2275 N 
001f2275 N 
001f2275 N 
001f2275 N 
001f2275 N 
001f2275 N 
001f2275 N 
001f2275 N 
001f2275 N 
001f2275 N 
001f2275 N 
001f2275 N 
001f2275 N 
001f2275 N 
001f2275 N 
001f2275 N 
001f2275 N 
001f2275 N 
001f2275 N 
001f2275 N 
001f2275 N 
001f2275 N 
001f2275 N 
001f2275 N 
001f2275 N 
001f2275 N 
001f2275 N 
001f2275 N 
001f2275 W KoreanMemoryRule.cpp.14b9d825
00202930 N 
00202930 N 
00202930 N 
00202930 N 
00202930 N 
00202930 N 
00202930 N 
00202930 N 
00202930 N 
00202930 N 
00202930 N 
00202930 N 
00202930 N 
00202930 N 
00202930 N 
00202930 N 
00202930 N 
00202930 N 
00202930 N 
00202930 N 
00202930 N 
00202930 N 
00202930 N 
00202930 N 
00202930 N 
00202930 N 
00202930 N 
00202930 N 
00202930 N 
00202930 N 
00202930 N 
00202930 N 
00202930 W KoreanSMS32KB2000MemoryRule.cpp.4e9d4384
00212ffa N 
00212ffa N 
00212ffa N 
00212ffa N 
00212ffa N 
00212ffa N 
00212ffa N 
00212ffa N 
00212ffa N 
00212ffa N 
00212ffa N 
00212ffa N 
00212ffa N 
00212ffa N 
00212ffa N 
00212ffa N 
00212ffa N 
00212ffa N 
00212ffa N 
00212ffa N 
00212ffa N 
00212ffa N 
00212ffa N 
00212ffa N 
00212ffa N 
00212ffa N 
00212ffa N 
00212ffa N 
00212ffa N 
00212ffa N 
00212ffa N 
00212ffa N 
00212ffa W MSXMemoryRule.cpp.6bab9bc0
00223719 N 
00223719 N 
00223719 N 
00223719 N 
00223719 N 
00223719 N 
00223719 N 
00223719 N 
00223719 N 
00223719 N 
00223719 N 
00223719 N 
00223719 N 
00223719 N 
00223719 N 
00223719 N 
00223719 N 
00223719 N 
00223719 N 
00223719 N 
00223719 N 
00223719 N 
00223719 N 
00223719 N 
00223719 N 
00223719 N 
00223719 N 
00223719 N 
00223719 N 
00223719 N 
00223719 N 
00223719 N 
00223719 N 
00223719 N 
00223719 N 
00223719 N 
00223719 N 
00223719 N 
00223719 N 
00223719 N 
00223719 N 
00223719 N 
00223719 N 
00223719 N 
00223719 N 
00223719 N 
00223719 N 
00223719 N 
00223719 N 
00223719 N 
00223719 N 
00223719 N 
00223719 N 
00223719 N 
00223719 N 
00223719 N 
00223719 N 
00223719 N 
00223719 N 
00223719 N 
00223719 N 
00223719 N 
00223719 N 
00223719 N 
00223719 N 
00223719 N 
00223719 N 
00223719 N 
00223719 N 
00223719 N 
00223719 N 
00223719 N 
00223719 N 
00223719 N 
00223719 N 
00223719 N 
00223719 N 
00223719 N 
00223719 N 
00223719 N 
00223719 N 
00223719 N 
00223719 N 
00223719 N 
00223719 W Memory.cpp.d92cb99c
002389a3 N 
002389a3 N 
002389a3 N 
002389a3 N 
002389a3 N 
002389a3 N 
002389a3 N 
002389a3 N 
002389a3 N 
002389a3 N 
002389a3 N 
002389a3 N 
002389a3 N 
002389a3 N 
002389a3 N 
002389a3 N 
002389a3 N 
002389a3 N 
002389a3 N 
002389a3 N 
002389a3 N 
002389a3 N 
002389a3 N 
002389a3 N 
002389a3 N 
002389a3 N 
002389a3 N 
002389a3 N 
002389a3 N 
002389a3 N 
002389a3 N 
002389a3 N 
002389a3 N 
002389a3 N 
002389a3 N 
002389a3 W MemoryRule.cpp.cc101165
0023b794 N 
0023b794 N 
0023b794 N 
0023b794 N 
0023b794 N 
0023b794 N 
0023b794 N 
0023b794 N 
0023b794 N 
0023b794 N 
0023b794 N 
0023b794 N 
0023b794 N 
0023b794 N 
0023b794 N 
0023b794 N 
0023b794 N 
0023b794 N 
0023b794 N 
0023b794 N 
0023b794 N 
0023b794 N 
0023b794 N 
0023b794 N 
0023b794 N 
0023b794 N 
0023b794 N 
0023b794 N 
0023b794 N 
0023b794 N 
0023b794 N 
0023b794 N 
0023b794 W Multi4PAKAllActionMemoryRule.cpp.0709929c
0024be5e N 
0024be5e N 
0024be5e N 
0024be5e N 
0024be5e N 
0024be5e N 
0024be5e N 
0024be5e N 
0024be5e N 
0024be5e N 
0024be5e N 
0024be5e N 
0024be5e N 
0024be5e N 
0024be5e N 
0024be5e N 
0024be5e N 
0024be5e N 
0024be5e N 
0024be5e N 
0024be5e N 
0024be5e N 
0024be5e N 
0024be5e N 
0024be5e N 
0024be5e N 
0024be5e N 
0024be5e N 
0024be5e N 
0024be5e N 
0024be5e N 
0024be5e N 
0024be5e N 
0024be5e N 
0024be5e N 
0024be5e N 
0024be5e N 
0024be5e N 
0024be5e N 
0024be5e N 
0024be5e N 
0024be5e N 
0024be5e N 
0024be5e N 
0024be5e N 
0024be5e N 
0024be5e N 
0024be5e N 
0024be5e N 
0024be5e N 
0024be5e N 
0024be5e N 
0024be5e N 
0024be5e N 
0024be5e N 
0024be5e N 
0024be5e N 
0024be5e N 
0024be5e N 
0024be5e N 
0024be5e N 
0024be5e N 
0024be5e N 
0024be5e N 
0024be5e N 
0024be5e N 
0024be5e N 
0024be5e N 
0024be5e N 
0024be5e N 
0024be5e N 
0024be5e N 
0024be5e N 
0024be5e N 
0024be5e N 
0024be5e N 
0024be5e N 
0024be5e N 
0024be5e N 
0024be5e N 
0024be5e N 
0024be5e N 
0024be5e N 
0024be5e N 
0024be5e N 
0024be5e N 
0024be5e N 
0024be5e N 
0024be5e N 
0024be5e N 
0024be5e N 
0024be5e N 
0024be5e N 
0024be5e N 
0024be5e N 
0024be5e N 
0024be5e N 
0024be5e W Processor.cpp.f24f735f
0026339c N 
0026339c N 
0026339c N 
0026339c N 
0026339c N 
0026339c N 
0026339c N 
0026339c N 
0026339c N 
0026339c N 
0026339c N 
0026339c N 
0026339c N 
0026339c N 
0026339c N 
0026339c N 
0026339c N 
0026339c N 
0026339c N 
0026339c N 
0026339c N 
0026339c N 
0026339c N 
0026339c N 
0026339c N 
0026339c N 
0026339c N 
0026339c N 
0026339c W RomOnlyMemoryRule.cpp.a1d6e00a
002738dc N 
002738dc N 
002738dc N 
002738dc N 
002738dc N 
002738dc N 
002738dc N 
002738dc N 
002738dc N 
002738dc N 
002738dc N 
002738dc N 
002738dc N 
002738dc N 
002738dc N 
002738dc N 
002738dc N 
002738dc N 
002738dc N 
002738dc N 
002738dc N 
002738dc N 
002738dc N 
002738dc N 
002738dc N 
002738dc N 
002738dc N 
002738dc N 
002738dc N 
002738dc W SG1000MemoryRule.cpp.d8345f50
00283e2b N 
00283e2b N 
00283e2b N 
00283e2b N 
00283e2b N 
00283e2b N 
00283e2b N 
00283e2b N 
00283e2b N 
00283e2b N 
00283e2b N 
00283e2b N 
00283e2b N 
00283e2b N 
00283e2b N 
00283e2b N 
00283e2b N 
00283e2b N 
00283e2b N 
00283e2b N 
00283e2b N 
00283e2b N 
00283e2b N 
00283e2b N 
00283e2b N 
00283e2b N 
00283e2b N 
00283e2b N 
00283e2b N 
00283e2b N 
00283e2b N 
00283e2b N 
00283e2b N 
00283e2b N 
00283e2b N 
00283e2b N 
00283e2b N 
00283e2b N 
00283e2b N 
00283e2b W SegaMemoryRule.cpp.9e77c210
00295940 N 
00295940 N 
00295940 N 
00295940 N 
00295940 N 
00295940 N 
00295940 N 
00295940 N 
00295940 N 
00295940 N 
00295940 N 
00295940 N 
00295940 N 
00295940 N 
00295940 N 
00295940 N 
00295940 N 
00295940 N 
00295940 N 
00295940 N 
00295940 N 
00295940 N 
00295940 N 
00295940 N 
00295940 N 
00295940 N 
00295940 N 
00295940 N 
00295940 N 
00295940 N 
00295940 N 
00295940 N 
00295940 N 
00295940 N 
00295940 N 
00295940 W SmsIOPorts.cpp.87d47498
002ac8ef N 
002ac8ef N 
002ac8ef N 
002ac8ef N 
002ac8ef N 
002ac8ef N 
002ac8ef N 
002ac8ef N 
002ac8ef N 
002ac8ef N 
002ac8ef N 
002ac8ef N 
002ac8ef N 
002ac8ef N 
002ac8ef N 
002ac8ef N 
002ac8ef N 
002ac8ef N 
002ac8ef N 
002ac8ef N 
002ac8ef N 
002ac8ef N 
002ac8ef N 
002ac8ef N 
002ac8ef N 
002ac8ef N 
002ac8ef N 
002ac8ef N 
002ac8ef W TraceLogger.cpp.b214e434
002af015 N 
002af015 N 
002af015 N 
002af015 N 
002af015 N 
002af015 N 
002af015 N 
002af015 N 
002af015 N 
002af015 N 
002af015 N 
002af015 N 
002af015 N 
002af015 N 
002af015 N 
002af015 N 
002af015 N 
002af015 N 
002af015 N 
002af015 N 
002af015 N 
002af015 N 
002af015 N 
002af015 N 
002af015 N 
002af015 N 
002af015 N 
002af015 N 
002af015 N 
002af015 N 
002af015 N 
002af015 N 
002af015 N 
002af015 N 
002af015 N 
002af015 N 
002af015 N 
002af015 N 
002af015 N 
002af015 N 
002af015 N 
002af015 N 
002af015 N 
002af015 N 
002af015 N 
002af015 N 
002af015 N 
002af015 N 
002af015 N 
002af015 N 
002af015 N 
002af015 N 
002af015 N 
002af015 N 
002af015 N 
002af015 W VgmRecorder.cpp.79e9c34d
002b7fff N 
002b7fff N 
002b7fff N 
002b7fff N 
002b7fff N 
002b7fff N 
002b7fff N 
002b7fff N 
002b7fff N 
002b7fff N 
002b7fff N 
002b7fff N 
002b7fff N 
002b7fff N 
002b7fff N 
002b7fff N 
002b7fff N 
002b7fff N 
002b7fff N 
002b7fff N 
002b7fff N 
002b7fff N 
002b7fff N 
002b7fff N 
002b7fff N 
002b7fff N 
002b7fff N 
002b7fff N 
002b7fff N 
002b7fff N 
002b7fff N 
002b7fff N 
002b7fff N 
002b7fff N 
002b7fff N 
002b7fff N 
002b7fff N 
002b7fff N 
002b7fff N 
002b7fff N 
002b7fff N 
002b7fff N 
002b7fff N 
002b7fff N 
002b7fff N 
002b7fff N 
002b7fff N 
002b7fff N 
002b7fff N 
002b7fff N 
002b7fff N 
002b7fff N 
002b7fff N 
002b7fff N 
002b7fff N 
002b7fff N 
002b7fff N 
002b7fff N 
002b7fff N 
002b7fff N 
002b7fff N 
002b7fff N 
002b7fff N 
002b7fff N 
002b7fff N 
002b7fff N 
002b7fff N 
002b7fff N 
002b7fff N 
002b7fff W Video.cpp.4be9639b
002ca3e8 N 
002ca3e8 N 
002ca3e8 N 
002ca3e8 N 
002ca3e8 N 
002ca3e8 N 
002ca3e8 N 
002ca3e8 N 
002ca3e8 N 
002ca3e8 N 
002ca3e8 N 
002ca3e8 N 
002ca3e8 N 
002ca3e8 N 
002ca3e8 N 
002ca3e8 N 
002ca3e8 N 
002ca3e8 N 
002ca3e8 N 
002ca3e8 N 
002ca3e8 N 
002ca3e8 N 
002ca3e8 N 
002ca3e8 N 
002ca3e8 N 
002ca3e8 N 
002ca3e8 N 
002ca3e8 N 
002ca3e8 N 
002ca3e8 N 
002ca3e8 N 
002ca3e8 N 
002ca3e8 W YM2413.cpp.5e0adc60
002cce8d N 
002cce8d N 
002cce8d N 
002cce8d N 
002cce8d N 
002cce8d N 
002cce8d N 
002cce8d N 
002cce8d N 
002cce8d N 
002cce8d N 
002cce8d N 
002cce8d N 
002cce8d N 
002cce8d N 
002cce8d N 
002cce8d N 
002cce8d N 
002cce8d N 
002cce8d N 
002cce8d N 
002cce8d N 
002cce8d N 
002cce8d N 
002cce8d N 
002cce8d N 
002cce8d N 
002cce8d N 
002cce8d N 
002cce8d N 
002cce8d N 
002cce8d N 
002cce8d N 
002cce8d N 
002cce8d N 
002cce8d N 
002cce8d N 
002cce8d N 
002cce8d N 
002cce8d N 
002cce8d N 
002cce8d N 
002cce8d N 
002cce8d N 
002cce8d N 
002cce8d N 
002cce8d N 
002cce8d N 
002cce8d N 
002cce8d N 
002cce8d N 
002cce8d N 
002cce8d N 
002cce8d N 
002cce8d N 
002cce8d N 
002cce8d N 
002cce8d N 
002cce8d N 
002cce8d N 
002cce8d N 
002cce8d N 
002cce8d N 
002cce8d N 
002cce8d N 
002cce8d N 
002cce8d N 
002cce8d N 
002cce8d N 
002cce8d N 
002cce8d N 
002cce8d N 
002cce8d N 
002cce8d N 
002cce8d N 
002cce8d N 
002cce8d N 
002cce8d N 
002cce8d N 
002cce8d N 
002cce8d N 
002cce8d N 
002cce8d N 
002cce8d N 
002cce8d N 
002cce8d N 
002cce8d N 
002cce8d N 
002cce8d N 
002cce8d N 
002cce8d N 
002cce8d N 
002cce8d N 
002cce8d N 
002cce8d N 
002cce8d N 
002cce8d N 
002cce8d N 
002cce8d N 
002cce8d N 
002cce8d N 
002cce8d N 
002cce8d N 
002cce8d N 
002cce8d N 
002cce8d N 
002cce8d N 
002cce8d N 
002cce8d N 
002cce8d N 
002cce8d N 
002cce8d N 
002cce8d N 
002cce8d N 
002cce8d N 
002cce8d N 
002cce8d N 
002cce8d N 
002cce8d N 
002cce8d N 
002cce8d N 
002cce8d N 
002cce8d N 
002cce8d N 
002cce8d N 
002cce8d N 
002cce8d N 
002cce8d N 
002cce8d N 
002cce8d N 
002cce8d N 
002cce8d N 
002cce8d N 
002cce8d N 
002cce8d N 
002cce8d N 
002cce8d N 
002cce8d N 
002cce8d N 
002cce8d N 
002cce8d N 
002cce8d N 
002cce8d N 
002cce8d N 
002cce8d N 
002cce8d N 
002cce8d N 
002cce8d N 
002cce8d N 
002cce8d N 
002cce8d N 
002cce8d N 
002cce8d N 
002cce8d N 
002cce8d N 
002cce8d N 
002cce8d N 
002cce8d N 
002cce8d N 
002cce8d N 
002cce8d N 
002cce8d N 
002cce8d N 
002cce8d N 
002cce8d N 
002cce8d N 
002cce8d N 
002cce8d N 
002cce8d N 
002cce8d N 
002cce8d N 
002cce8d N 
002cce8d N 
002cce8d N 
002cce8d N 
002cce8d N 
002cce8d N 
002cce8d N 
002cce8d N 
002cce8d N 
002cce8d N 
002cce8d N 
002cce8d N 
002cce8d N 
002cce8d N 
002cce8d N 
002cce8d N 
002cce8d N 
002cce8d N 
002cce8d N 
002cce8d N 
002cce8d N 
002cce8d N 
002cce8d N 
002cce8d N 
002cce8d N 
002cce8d N 
002cce8d N 
002cce8d N 
002cce8d N 
002cce8d N 
002cce8d N 
002cce8d N 
002cce8d N 
002cce8d N 
002cce8d N 
002cce8d N 
002cce8d N 
002cce8d N 
002cce8d N 
002cce8d N 
002cce8d N 
002cce8d N 
002cce8d N 
002cce8d N 
002cce8d N 
002cce8d N 
002cce8d N 
002cce8d N 
002cce8d N 
002cce8d N 
002cce8d N 
002cce8d N 
002cce8d N 
002cce8d N 
002cce8d N 
002cce8d N 
002cce8d N 
002cce8d N 
002cce8d N 
002cce8d N 
002cce8d N 
002cce8d N 
002cce8d N 
002cce8d N 
002cce8d N 
002cce8d N 
002cce8d N 
002cce8d N 
002cce8d N 
002cce8d N 
002cce8d N 
002cce8d N 
002cce8d N 
002cce8d N 
002cce8d N 
002cce8d N 
002cce8d N 
002cce8d N 
002cce8d N 
002cce8d N 
002cce8d N 
002cce8d N 
002cce8d N 
002cce8d N 
002cce8d N 
002cce8d N 
002cce8d N 
002cce8d N 
002cce8d N 
002cce8d N 
002cce8d N 
002cce8d N 
002cce8d N 
002cce8d N 
002cce8d N 
002cce8d N 
002cce8d N 
002cce8d N 
002cce8d N 
002cce8d N 
002cce8d N 
002cce8d N 
002cce8d N 
002cce8d N 
002cce8d N 
002cce8d N 
002cce8d N 
002cce8d N 
002cce8d N 
002cce8d N 
002cce8d N 
002cce8d N 
002cce8d N 
002cce8d N 
002cce8d N 
002cce8d N 
002cce8d N 
002cce8d N 
002cce8d N 
002cce8d N 
002cce8d N 
002cce8d N 
002cce8d N 
002cce8d N 
002cce8d N 
002cce8d N 
002cce8d N 
002cce8d N 
002cce8d N 
002cce8d N 
002cce8d N 
002cce8d N 
002cce8d N 
002cce8d N 
002cce8d N 
002cce8d N 
002cce8d N 
002cce8d N 
002cce8d N 
002cce8d N 
002cce8d N 
002cce8d N 
002cce8d N 
002cce8d N 
002cce8d N 
002cce8d N 
002cce8d N 
002cce8d N 
002cce8d N 
002cce8d W opcodes.cpp.cfe9642c
002dfbb4 N 
002dfbb4 N 
002dfbb4 N 
002dfbb4 N 
002dfbb4 N 
002dfbb4 N 
002dfbb4 N 
002dfbb4 N 
002dfbb4 N 
002dfbb4 N 
002dfbb4 N 
002dfbb4 N 
002dfbb4 N 
002dfbb4 N 
002dfbb4 N 
002dfbb4 N 
002dfbb4 N 
002dfbb4 N 
002dfbb4 N 
002dfbb4 N 
002dfbb4 N 
002dfbb4 N 
002dfbb4 N 
002dfbb4 N 
002dfbb4 N 
002dfbb4 N 
002dfbb4 N 
002dfbb4 N 
002dfbb4 N 
002dfbb4 N 
002dfbb4 N 
002dfbb4 N 
002dfbb4 N 
002dfbb4 N 
002dfbb4 N 
002dfbb4 N 
002dfbb4 N 
002dfbb4 N 
002dfbb4 N 
002dfbb4 N 
002dfbb4 N 
002dfbb4 N 
002dfbb4 N 
002dfbb4 N 
002dfbb4 N 
002dfbb4 N 
002dfbb4 N 
002dfbb4 N 
002dfbb4 N 
002dfbb4 N 
002dfbb4 N 
002dfbb4 N 
002dfbb4 N 
002dfbb4 N 
002dfbb4 N 
002dfbb4 N 
002dfbb4 N 
002dfbb4 N 
002dfbb4 N 
002dfbb4 N 
002dfbb4 N 
002dfbb4 N 
002dfbb4 N 
002dfbb4 N 
002dfbb4 N 
002dfbb4 N 
002dfbb4 N 
002dfbb4 N 
002dfbb4 N 
002dfbb4 N 
002dfbb4 N 
002dfbb4 N 
002dfbb4 N 
002dfbb4 N 
002dfbb4 N 
002dfbb4 N 
002dfbb4 N 
002dfbb4 N 
002dfbb4 N 
002dfbb4 N 
002dfbb4 N 
002dfbb4 N 
002dfbb4 N 
002dfbb4 N 
002dfbb4 N 
002dfbb4 N 
002dfbb4 N 
002dfbb4 N 
002dfbb4 N 
002dfbb4 N 
002dfbb4 N 
002dfbb4 N 
002dfbb4 N 
002dfbb4 N 
002dfbb4 N 
002dfbb4 N 
002dfbb4 N 
002dfbb4 N 
002dfbb4 N 
002dfbb4 N 
002dfbb4 N 
002dfbb4 N 
002dfbb4 N 
002dfbb4 N 
002dfbb4 N 
002dfbb4 N 
002dfbb4 N 
002dfbb4 N 
002dfbb4 N 
002dfbb4 N 
002dfbb4 N 
002dfbb4 N 
002dfbb4 N 
002dfbb4 N 
002dfbb4 N 
002dfbb4 N 
002dfbb4 N 
002dfbb4 N 
002dfbb4 N 
002dfbb4 N 
002dfbb4 N 
002dfbb4 N 
002dfbb4 N 
002dfbb4 N 
002dfbb4 N 
002dfbb4 N 
002dfbb4 N 
002dfbb4 N 
002dfbb4 N 
002dfbb4 N 
002dfbb4 N 
002dfbb4 N 
002dfbb4 N 
002dfbb4 N 
002dfbb4 N 
002dfbb4 N 
002dfbb4 N 
002dfbb4 N 
002dfbb4 N 
002dfbb4 N 
002dfbb4 N 
002dfbb4 N 
002dfbb4 N 
002dfbb4 N 
002dfbb4 N 
002dfbb4 N 
002dfbb4 N 
002dfbb4 N 
002dfbb4 N 
002dfbb4 N 
002dfbb4 N 
002dfbb4 N 
002dfbb4 N 
002dfbb4 N 
002dfbb4 N 
002dfbb4 N 
002dfbb4 N 
002dfbb4 N 
002dfbb4 N 
002dfbb4 N 
002dfbb4 N 
002dfbb4 N 
002dfbb4 N 
002dfbb4 N 
002dfbb4 N 
002dfbb4 N 
002dfbb4 N 
002dfbb4 N 
002dfbb4 N 
002dfbb4 N 
002dfbb4 N 
002dfbb4 N 
002dfbb4 N 
002dfbb4 N 
002dfbb4 N 
002dfbb4 N 
002dfbb4 N 
002dfbb4 N 
002dfbb4 N 
002dfbb4 N 
002dfbb4 N 
002dfbb4 N 
002dfbb4 N 
002dfbb4 N 
002dfbb4 N 
002dfbb4 N 
002dfbb4 N 
002dfbb4 N 
002dfbb4 N 
002dfbb4 N 
002dfbb4 N 
002dfbb4 N 
002dfbb4 N 
002dfbb4 N 
002dfbb4 N 
002dfbb4 N 
002dfbb4 N 
002dfbb4 N 
002dfbb4 N 
002dfbb4 N 
002dfbb4 N 
002dfbb4 N 
002dfbb4 N 
002dfbb4 N 
002dfbb4 N 
002dfbb4 N 
002dfbb4 N 
002dfbb4 N 
002dfbb4 N 
002dfbb4 N 
002dfbb4 N 
002dfbb4 N 
002dfbb4 N 
002dfbb4 N 
002dfbb4 N 
002dfbb4 N 
002dfbb4 N 
002dfbb4 N 
002dfbb4 N 
002dfbb4 N 
002dfbb4 N 
002dfbb4 N 
002dfbb4 N 
002dfbb4 N 
002dfbb4 N 
002dfbb4 N 
002dfbb4 N 
002dfbb4 N 
002dfbb4 N 
002dfbb4 N 
002dfbb4 N 
002dfbb4 N 
002dfbb4 N 
002dfbb4 N 
002dfbb4 N 
002dfbb4 N 
002dfbb4 N 
002dfbb4 N 
002dfbb4 N 
002dfbb4 N 
002dfbb4 N 
002dfbb4 N 
002dfbb4 N 
002dfbb4 N 
002dfbb4 N 
002dfbb4 N 
002dfbb4 N 
002dfbb4 N 
002dfbb4 N 
002dfbb4 N 
002dfbb4 N 
002dfbb4 N 
002dfbb4 N 
002dfbb4 N 
002dfbb4 N 
002dfbb4 N 
002dfbb4 N 
002dfbb4 N 
002dfbb4 N 
002dfbb4 N 
002dfbb4 N 
002dfbb4 N 
002dfbb4 N 
002dfbb4 N 
002dfbb4 N 
002dfbb4 N 
002dfbb4 N 
002dfbb4 N 
002dfbb4 N 
002dfbb4 N 
002dfbb4 N 
002dfbb4 N 
002dfbb4 N 
002dfbb4 N 
002dfbb4 N 
002dfbb4 N 
002dfbb4 N 
002dfbb4 N 
002dfbb4 N 
002dfbb4 N 
002dfbb4 N 
002dfbb4 N 
002dfbb4 N 
002dfbb4 N 
002dfbb4 N 
002dfbb4 N 
002dfbb4 N 
002dfbb4 N 
002dfbb4 N 
002dfbb4 N 
002dfbb4 N 
002dfbb4 N 
002dfbb4 N 
002dfbb4 N 
002dfbb4 N 
002dfbb4 N 
002dfbb4 N 
002dfbb4 N 
002dfbb4 N 
002dfbb4 N 
002dfbb4 N 
002dfbb4 N 
002dfbb4 N 
002dfbb4 W opcodes_cb.cpp.3ed4c062
002f1ec5 N 
002f1ec5 N 
002f1ec5 N 
002f1ec5 N 
002f1ec5 N 
002f1ec5 N 
002f1ec5 N 
002f1ec5 N 
002f1ec5 N 
002f1ec5 N 
002f1ec5 N 
002f1ec5 N 
002f1ec5 N 
002f1ec5 N 
002f1ec5 N 
002f1ec5 N 
002f1ec5 N 
002f1ec5 N 
002f1ec5 N 
002f1ec5 N 
002f1ec5 N 
002f1ec5 N 
002f1ec5 N 
002f1ec5 N 
002f1ec5 N 
002f1ec5 N 
002f1ec5 N 
002f1ec5 N 
002f1ec5 N 
002f1ec5 N 
002f1ec5 N 
002f1ec5 N 
002f1ec5 N 
002f1ec5 N 
002f1ec5 N 
002f1ec5 N 
002f1ec5 N 
002f1ec5 N 
002f1ec5 N 
002f1ec5 N 
002f1ec5 N 
002f1ec5 N 
002f1ec5 N 
002f1ec5 N 
002f1ec5 N 
002f1ec5 N 
002f1ec5 N 
002f1ec5 N 
002f1ec5 N 
002f1ec5 N 
002f1ec5 N 
002f1ec5 N 
002f1ec5 N 
002f1ec5 N 
002f1ec5 N 
002f1ec5 N 
002f1ec5 N 
002f1ec5 N 
002f1ec5 N 
002f1ec5 N 
002f1ec5 N 
002f1ec5 N 
002f1ec5 N 
002f1ec5 N 
002f1ec5 N 
002f1ec5 N 
002f1ec5 N 
002f1ec5 N 
002f1ec5 N 
002f1ec5 N 
002f1ec5 N 
002f1ec5 N 
002f1ec5 N 
002f1ec5 N 
002f1ec5 N 
002f1ec5 N 
002f1ec5 N 
002f1ec5 N 
002f1ec5 N 
002f1ec5 N 
002f1ec5 N 
002f1ec5 N 
002f1ec5 N 
002f1ec5 N 
002f1ec5 N 
002f1ec5 N 
002f1ec5 N 
002f1ec5 N 
002f1ec5 N 
002f1ec5 N 
002f1ec5 N 
002f1ec5 N 
002f1ec5 N 
002f1ec5 N 
002f1ec5 N 
002f1ec5 N 
002f1ec5 N 
002f1ec5 N 
002f1ec5 N 
002f1ec5 N 
002f1ec5 N 
002f1ec5 N 
002f1ec5 N 
002f1ec5 N 
002f1ec5 N 
002f1ec5 N 
002f1ec5 N 
002f1ec5 N 
002f1ec5 N 
002f1ec5 N 
002f1ec5 N 
002f1ec5 N 
002f1ec5 N 
002f1ec5 N 
002f1ec5 N 
002f1ec5 N 
002f1ec5 N 
002f1ec5 N 
002f1ec5 N 
002f1ec5 N 
002f1ec5 N 
002f1ec5 N 
002f1ec5 N 
002f1ec5 W opcodes_ed.cpp.cf6e8d4a
00302e8e N 
00302e8e N 
00302e8e N 
00302e8e N 
00302e8e N 
00302e8e N 
00302e8e N 
00302e8e N 
00302e8e N 
00302e8e N 
00302e8e N 
00302e8e N 
00302e8e N 
00302e8e N 
00302e8e N 
00302e8e N 
00302e8e N 
00302e8e N 
00302e8e N 
00302e8e N 
00302e8e N 
00302e8e N 
00302e8e N 
00302e8e N 
00302e8e N 
00302e8e N 
00302e8e N 
00302e8e N 
00302e8e N 
00302e8e N 
00302e8e N 
00302e8e N 
00302e8e N 
00302e8e N 
00302e8e N 
00302e8e N 
00302e8e N 
00302e8e N 
00302e8e N 
00302e8e N 
00302e8e N 
00302e8e N 
00302e8e N 
00302e8e W Blip_Buffer.cpp.0c90d3cf
00305c2b N 
00305c2b N 
00305c2b N 
00305c2b N 
00305c2b N 
00305c2b N 
00305c2b N 
00305c2b N 
00305c2b N 
00305c2b N 
00305c2b N 
00305c2b N 
00305c2b N 
00305c2b N 
00305c2b N 
00305c2b N 
00305c2b N 
00305c2b N 
00305c2b N 
00305c2b N 
00305c2b N 
00305c2b N 
00305c2b N 
00305c2b N 
00305c2b N 
00305c2b N 
00305c2b N 
00305c2b N 
00305c2b N 
00305c2b N 
00305c2b N 
00305c2b N 
00305c2b N 
00305c2b N 
00305c2b N 
00305c2b N 
00305c2b N 
00305c2b N 
00305c2b N 
00305c2b N 
00305c2b N 
00305c2b N 
00305c2b N 
00305c2b N 
00305c2b N 
00305c2b N 
00305c2b N 
00305c2b N 
00305c2b W Sms_Apu.cpp.a53d4b2b
00309f3f N 
00309f3f N 
00309f3f N 
00309f3f N 
00309f3f N 
00309f3f N 
00309f3f N 
00309f3f N 
00309f3f N 
00309f3f N 
00309f3f N 
00309f3f N 
00309f3f N 
00309f3f N 
00309f3f N 
00309f3f N 
00309f3f N 
00309f3f N 
00309f3f N 
00309f3f N 
00309f3f N 
00309f3f N 
00309f3f N 
00309f3f N 
00309f3f N 
00309f3f N 
00309f3f N 
00309f3f N 
00309f3f N 
00309f3f N 
00309f3f W Stereo_Buffer.cpp.0550c8c8
0030cf2b N 
0030cf2b N 
0030cf2b N 
0030cf2b N 
0030cf2b N 
0030cf2b N 
0030cf2b N 
0030cf2b N 
0030cf2b N 
0030cf2b N 
0030cf2b N 
0030cf2b N 
0030cf2b N 
0030cf2b N 
0030cf2b N 
0030cf2b N 
0030cf2b N 
0030cf2b N 
0030cf2b N 
0030cf2b N 
0030cf2b N 
0030cf2b N 
0030cf2b N 
0030cf2b N 
0030cf2b N 
0030cf2b N 
0030cf2b N 
0030cf2b N 
0030cf2b N 
0030cf2b N 
0030cf2b N 
0030cf2b N 
0030cf2b N 
0030cf2b N 
0030cf2b N 
0030cf2b N 
0030cf2b N 
0030cf2b N 
0030cf2b N 
0030cf2b N 
0030cf2b N 
0030cf2b N 
0030cf2b N 
0030cf2b N 
0030cf2b N 
0030cf2b N 
0030cf2b N 
0030cf2b N 
0030cf2b W emu2413.c.efed8dac
0030dbe3 N 
0030dbe3 N 
0030dbe3 N 
0030dbe3 N 
0030dbe3 N 
0030dbe3 N 
0030dbe3 N 
0030dbe3 N 
0030dbe3 N 
0030dbe3 N 
0030dbe3 N 
0030dbe3 N 
0030dbe3 N 
0030dbe3 N 
0030dbe3 N 
0030dbe3 N 
0030dbe3 N 
0030dbe3 N 
0030dbe3 N 
0030dbe3 N 
0030dbe3 N 
0030dbe3 N 
0030dbe3 N 
0030dbe3 N 
0030dbe3 N 
0030dbe3 N 
0030dbe3 N 
0030dbe3 N 
0030dbe3 N 
0030dbe3 N 
0030dbe3 N 
0030dbe3 N 
0030dbe3 N 
0030dbe3 N 
0030dbe3 N 
0030dbe3 N 
0030dbe3 N 
0030dbe3 N 
0030dbe3 N 
0030dbe3 N 
0030dbe3 N 
0030dbe3 N 
0030dbe3 N 
0030dbe3 N 
0030dbe3 N 
0030dbe3 N 
0030dbe3 N 
0030dbe3 N 
0030dbe3 N 
0030dbe3 N 
0030dbe3 N 
0030dbe3 N 
0030dbe3 N 
0030dbe3 N 
0030dbe3 N 
0030dbe3 N 
0030dbe3 N 
0030dbe3 N 
0030dbe3 N 
0030dbe3 N 
0030dbe3 N 
0030dbe3 N 
0030dbe3 N 
0030dbe3 N 
0030dbe3 N 
0030dbe3 N 
0030dbe3 N 
0030dbe3 N 
0030dbe3 N 
0030dbe3 N 
0030dbe3 N 
0030dbe3 N 
0030dbe3 N 
0030dbe3 N 
0030dbe3 N 
0030dbe3 N 
0030dbe3 N 
0030dbe3 N 
0030dbe3 N 
0030dbe3 N 
0030dbe3 N 
0030dbe3 N 
0030dbe3 N 
0030dbe3 N 
0030dbe3 N 
0030dbe3 N 
0030dbe3 N 
0030dbe3 N 
0030dbe3 N 
0030dbe3 N 
0030dbe3 N 
0030dbe3 N 
0030dbe3 N 
0030dbe3 N 
0030dbe3 N 
0030dbe3 N 
0030dbe3 N 
0030dbe3 N 
0030dbe3 N 
0030dbe3 N 
0030dbe3 N 
0030dbe3 N 
0030dbe3 N 
0030dbe3 N 
0030dbe3 N 
0030dbe3 N 
0030dbe3 N 
0030dbe3 N 
0030dbe3 N 
0030dbe3 N 
0030dbe3 N 
0030dbe3 N 
0030dbe3 N 
0030dbe3 N 
0030dbe3 N 
0030dbe3 N 
0030dbe3 N 
0030dbe3 N 
0030dbe3 N 
0030dbe3 N 
0030dbe3 N 
0030dbe3 N 
0030dbe3 N 
0030dbe3 N 
0030dbe3 N 
0030dbe3 N 
0030dbe3 N 
0030dbe3 N 
0030dbe3 N 
0030dbe3 N 
0030dbe3 N 
0030dbe3 N 
0030dbe3 N 
0030dbe3 N 
0030dbe3 N 
0030dbe3 N 
0030dbe3 N 
0030dbe3 N 
0030dbe3 N 
0030dbe3 N 
0030dbe3 N 
0030dbe3 N 
0030dbe3 N 
0030dbe3 N 
0030dbe3 N 
0030dbe3 N 
0030dbe3 N 
0030dbe3 N 
0030dbe3 N 
0030dbe3 N 
0030dbe3 N 
0030dbe3 N 
0030dbe3 N 
0030dbe3 N 
0030dbe3 N 
0030dbe3 N 
0030dbe3 N 
0030dbe3 N 
0030dbe3 N 
0030dbe3 N 
0030dbe3 N 
0030dbe3 N 
0030dbe3 N 
0030dbe3 N 
0030dbe3 N 
0030dbe3 N 
0030dbe3 N 
0030dbe3 N 
0030dbe3 N 
0030dbe3 N 
0030dbe3 N 
0030dbe3 N 
0030dbe3 N 
0030dbe3 N 
0030dbe3 N 
0030dbe3 N 
0030dbe3 N 
0030dbe3 N 
0030dbe3 N 
0030dbe3 N 
0030dbe3 N 
0030dbe3 N 
0030dbe3 N 
0030dbe3 N 
0030dbe3 N 
0030dbe3 N 
0030dbe3 N 
0030dbe3 N 
0030dbe3 N 
0030dbe3 N 
0030dbe3 N 
0030dbe3 N 
0030dbe3 N 
0030dbe3 N 
0030dbe3 N 
0030dbe3 N 
0030dbe3 N 
0030dbe3 N 
0030dbe3 N 
0030dbe3 N 
0030dbe3 N 
0030dbe3 N 
0030dbe3 N 
0030dbe3 N 
0030dbe3 N 
0030dbe3 N 
0030dbe3 N 
0030dbe3 N 
0030dbe3 N 
0030dbe3 N 
0030dbe3 N 
0030dbe3 N 
0030dbe3 N 
0030dbe3 N 
0030dbe3 W miniz.c.2d59091d
